"Document Title",Authors,"Author Affiliations","Publication Title",Date Added To Xplore,"Publication Year","Volume","Issue","Start Page","End Page","Abstract","ISSN",ISBNs,"DOI",Funding Information,PDF Link,"Author Keywords","IEEE Terms","Mesh_Terms",Article Citation Count,Patent Citation Count,"Reference Count","License",Online Date,Issue Date,"Meeting Date","Publisher",Document Identifier
"Front Cover","",,IEEE Transactions on Nanotechnology,"13 Dec 2019","2019","18","","C1","C1","Presents the front cover for this issue of the publication.","1941-0085","","10.1109/TNANO.2019.2901416","","https://ieeexplore.ieee.org/stamp/stamp.jsp?arnumber=8932644","","","","","","","IEEE","13 Dec 2019","Dec. 2019","","IEEE","IEEE Journals"
"IEEE Transactions on Nanotechnology publication information","",,IEEE Transactions on Nanotechnology,"13 Dec 2019","2019","18","","C2","C2","Presents a listing of the editorial board, board of governors, current staff, committee members, and/or society editors for this issue of the publication.","1941-0085","","10.1109/TNANO.2019.2901418","","https://ieeexplore.ieee.org/stamp/stamp.jsp?arnumber=8932679","","","","","","","IEEE","13 Dec 2019","Dec. 2019","","IEEE","IEEE Journals"
"Table of Contents","",,IEEE Transactions on Nanotechnology,"16 Dec 2019","2019","18","","i","vii","Presents the table of contents for this issue of the publication.","1941-0085","","10.1109/TNANO.2019.2901420","","https://ieeexplore.ieee.org/stamp/stamp.jsp?arnumber=8933288","","","","","","","IEEE","16 Dec 2019","Dec. 2019","","IEEE","IEEE Journals"
"Perovskite Methylammonium Lead Trihalide Heterostructures: Progress and Challenges","A. M. Al-Amri; B. Cheng; J. -H. He","Computer, Electrical and Mathematical Sciences and Engineering Division, King Abdullah University of Science and Technology, Thuwal, Saudi Arabia; Computer, Electrical and Mathematical Sciences and Engineering Division, King Abdullah University of Science and Technology, Thuwal, Saudi Arabia; Computer, Electrical and Mathematical Sciences and Engineering Division, King Abdullah University of Science and Technology, Thuwal, Saudi Arabia",IEEE Transactions on Nanotechnology,"3 Jan 2019","2019","18","","1","12","The field of perovskite heterostructures (PHSs) has seen considerable progress in recent years. Particularly, these structures have attracted interest because of their remarkably efficient photovoltaic and optoelectronic properties. This paper reviews a wide range of potential applications of PHSs. The review begins by introducing and summarizing the fundamental theory of PHSs and pays special attention to their basic properties. The optical and electronic properties of PHSs are subsequently described in detail, with an emphasis on the approaches that were followed to discover these properties. The crystal structures of heterostructures are examined by observing representative studies of the perovskite crystal. Recent progress in research involving PHSs demonstrates the important role of the optoelectronic devices.","1941-0085","","10.1109/TNANO.2018.2872887","King Abdullah University of Science and Technology; King Abdulaziz City for Science and Technology; ","https://ieeexplore.ieee.org/stamp/stamp.jsp?arnumber=8481714","Defect engineering;methylammonium lead trihalide;optoelectronic;photovoltaic cell;perovskite heterostructure;surface engineering","Lead;Photovoltaic systems;Lattices;Crystals;Photovoltaic cells","","69","","121","IEEE","4 Oct 2018","2019","","IEEE","IEEE Journals"
"Multi-Layered TiO2 Nanotubes Array-Based Highly Sensitive Room-Temperature Vapor Sensors","P. Bindra; A. Hazra","Department of Electrical and Electronics Engineering, Birla Institute of Technology and Science Pilani, Pilani, India; Department of Electrical and Electronics Engineering, Birla Institute of Technology and Science Pilani, Pilani, India",IEEE Transactions on Nanotechnology,"3 Jan 2019","2019","18","","13","20","Single-, double-, and triple-layered TiO2 nanotubes (NTs) array were synthesized by using a voltage pulse-assisted anodic oxidation technique. Morphological and structural evolution of different NTs have been studied by field-emission scanning electron microscopy and X-ray diffraction spectroscopy. “Au/TiO2 NT layer(s)/Ti” types vertical structured sensors were fabricated and characterized at room temperature (300 K) toward multiple volatile organic compounds (VOCs) and high sensitivity was observed at low concentration (40-160 ppm) of VOCs. Response magnitude was increased with increase of number of layer(s) and found maximum of ~96% at 160 ppm of ethanol for triple-layered NTs. Efficient sensing was achieved for multi-layered TiO2 NTs due to the benefits of 1) incremental effective surface area and 2) Schottky barrier effect at interlayer junctions.","1941-0085","","10.1109/TNANO.2018.2876555","Early Carrier Research Grant(grant numbers:ECR/2015/000345); SERB, Government of India; ","https://ieeexplore.ieee.org/stamp/stamp.jsp?arnumber=8502936","TiO $_{2}$  Nanotubes;Multi-layered;Room temperature sensing;High sensitivity","Nanotubes;Temperature sensors;Sensor arrays;Sensor phenomena and characterization;Ethanol;Substrates","","11","","26","IEEE","23 Oct 2018","2019","","IEEE","IEEE Journals"
"Evolution From Single to Hybrid Nanogenerator: A Contemporary Review on Multimode Energy Harvesting for Self-Powered Electronics","A. A. Khan; A. Mahmud; D. Ban","Department of Electrical and Computer Engineering, University of Waterloo, ON, Canada; Department of Electrical and Computer Engineering, University of Waterloo, ON, Canada; Department of Electrical and Computer Engineering, University of Waterloo, Waterloo, ON, Canada",IEEE Transactions on Nanotechnology,"3 Jan 2019","2019","18","","21","36","Energy harvesting devices have strong potential to not only meet growing global energy demand but also support a wide range of self-powered electronics applications. Solar cells, electrochemical cells, piezoelectric/triboelectric/pyroelectric nanogenerators, and magnetoelectric energy harvesters are enabling technologies for converting solar, chemical, mechanical, thermal, and magnetic energy to electricity. Merging these harvesters to form hybrid energy cells can help optimize operation of self-powered systems, providing multimode energy harvesting capability that can leverage several energy sources either simultaneously or individually. Energy produced from these hybrid energy cells even can be stored in Li-ion batteries to power various personal electronics, sensors, and next generation technology for the Internet of Things. Ultimately, hybridization provides another degree of freedom in terms of more effective energy utility. This review presents the evolution of the hybrid energy cell concept and development, explores the fabrication approaches taken, and provides insights on the limitations of existing devices, steps toward performance optimization, and the enormous potential for these technologies to benefit myriad applications. Hybrid energy cells show higher output performance by providing better charging characteristics than individual energy harvester unit.","1941-0085","","10.1109/TNANO.2018.2876824","Natural Sciences and Engineering Research Council of Canada; Ontario Centre of Excellence; ","https://ieeexplore.ieee.org/stamp/stamp.jsp?arnumber=8506621","Hybrid nanogenerator;hybrid energy cell;piezoelectric nanogenerator (PENG);pyroelectric nanogenerator;solar cell;electrochemical cell;triboelectric nanogenerator (TENG);magnetoelectric energy harvester (ME)","Energy harvesting;Sensors;Hybrid power systems;Photovoltaic cells;Magnetoelectric effects;Electromagnetics;Electric potential","","63","","80","IEEE","24 Oct 2018","2019","","IEEE","IEEE Journals"
"The Stability of Exfolicated FeSe Nanosheets During in-air Device Fabrication Processes","R. Yang; W. Luo; S. Chi; D. Bonn; G. M. Xia","Department of Physics and Astronomy, University of British Columbia, Vancouver, Canada; Department of Materials Engineering, University of British Columbia, Vancouver, Canada; Department of Physics and Astronomy, University of British Columbia, Vancouver, Canada; Department of Physics and Astronomy, University of British Columbia, Vancouver, Canada; Department of Materials Engineering, University of British Columbia, Vancouver, Canada",IEEE Transactions on Nanotechnology,"4 Jan 2019","2019","18","","37","41","We studied the stability and superconductivity of FeSe nanosheets during an in-air device fabrication process. Methods were developed to improve the exfoliation yield and to maintain the superconductivity of FeSe. Raman spectroscopy, atomic force microscopy, optical microscopy, and time-of-flight-secondary-ion-mass-spectroscopy measurements show that FeSe nanosheets decayed in air. Precipitation of Se particles and the oxidation of iron likely occurred during the decay process. Transport measurements revealed that the superconductivity of FeSe disappeared during a conventional electron beam lithography process. Shadow mask evaporation and transfer onto pre-defined electrodes methods were shown to be effective in maintaining the superconductivity after the in-air device fabrication process. These methods developed provide a way of making high quality FeSe nano-devices.","1941-0085","","10.1109/TNANO.2018.2877524","University of British Columbia; Natural Sciences and Engineering Research Council of Canada; Canada Foundation for Innovation; Stewart Blusson Quantum Matter Institute at UBC; ","https://ieeexplore.ieee.org/stamp/stamp.jsp?arnumber=8513993","FeSe;layered materials;nanofabrication;Raman;superconductivity;stability","Superconducting transition temperature;Image color analysis;Temperature measurement;Fabrication;Optical imaging;Chemicals","","11","","20","IEEE","28 Oct 2018","2019","","IEEE","IEEE Journals"
"Plasmonic Mid-Infrared Wavelength Selector and Linear Logic Gates Based on Graphene Cylindrical Resonator","S. Asgari; N. Granpayeh; Z. G. Kashani","Center of Excellence in Electromagnetics, Faculty of Electrical Engineering, K.N. Toosi University of Technology, Tehran, Iran; Center of Excellence in Electromagnetics, Faculty of Electrical Engineering, K.N. Toosi University of Technology, Tehran, Iran; Center of Excellence in Electromagnetics, Faculty of Electrical Engineering, K.N. Toosi University of Technology, Tehran, Iran",IEEE Transactions on Nanotechnology,"3 Jan 2019","2019","18","","42","50","In this paper, we report the design, simulation, and some applications of a tunable graphene-based cylindrical resonator by analytical and numerical two-dimensional finite-difference time-domain methods. The base structure operates as a bandpass filter in the mid-infrared region. The tunability of the filter is achieved by changing the radius and/or the chemical potential of the graphene cylinder. Based on the proposed cylindrical resonator, a two-channel wavelength selector and some novel linear plasmonic logic gates are designed and proposed. The even- and the odd-order resonance modes are separated in the two-channel wavelength selector and are transmitted to the output graphene waveguides. Moreover, the plasmonic logic gates including XOR, XNOR, NAND, and NOT having the significant features such as linearity, compact size, and low loss are proposed. The analytical approach and the numerical simulations prove the excellent performance of the logic gates in comparison to the reported ones in the literature. The simulation results demonstrate that the maximum ON/OFF ratios for these plasmonic logic gates are 29.09, 28.78, 28.78, and 29.09 dB, respectively. The proposed functional ultra-compact nano-scale graphene-based structures offer potential basic blocks for mid-infrared optical computing and signal processing.","1941-0085","","10.1109/TNANO.2018.2875000","","https://ieeexplore.ieee.org/stamp/stamp.jsp?arnumber=8515247","Graphene based Structures;Cylindrical Resonator;Wavelength Selector;Plasmonic Logic Gates","Graphene;Logic gates;Optical resonators;Silicon compounds;Plasmons;Electromagnetic waveguides","","33","","81","IEEE","30 Oct 2018","2019","","IEEE","IEEE Journals"
"Development of a Thermally Aware-Compact Model With an Optimized Heat Sink for FinFETs","M. Jin; Y. J. Lee; M. Song; S. Y. Kim","Department of Semiconductor Science, Dongguk University, Seoul, South Korea; Qualcomm Corporate Research and Development, San Diego, CA, USA; Department of Semiconductor Science, Dongguk University, Seoul, South Korea; Department of Semiconductor Science, Dongguk University, Seoul, South Korea",IEEE Transactions on Nanotechnology,"3 Jan 2019","2019","18","","51","54","In this letter, we develop a compact thermal model that can predict changes in the threshold voltage and drain current because of the junction temperature, ΔJ, and its effect on a circuit performance by using circuit simulators. In addition, we propose a thermally aware layout methodology for FinFET-based digital circuits. Although heat sinks (called “via pillars”) are generally used for heat dissipation in FinFETs, these features increase the parasitic capacitance and power consumption. Therefore, we propose an optimized heat sink that is only on the critical node (showing high activity and drain-source voltage, VDS) and uses high metal stacks up to metal 5. With the optimization of this heat sink, we observe that the TJ of a 4-input NAND gate can be reduced about 3.2% while the oscillation frequency of an 11-stage ring oscillator can be increased about 12%, compared to conventional heat sinks.","1941-0085","","10.1109/TNANO.2018.2879501","Qualcomm Technology, Inc.; Ministry of Science and ICT, South Korea; Information Technology Research Center support program(grant numbers:IITP-2018-0-01421); Dongguk University; ","https://ieeexplore.ieee.org/stamp/stamp.jsp?arnumber=8529267","FinFET;heat sink;NAND gate;ring oscillator;thermal model","Metals;Heat sinks;Integrated circuit modeling;Layout;Logic gates;FinFETs;Power demand","","7","","7","IEEE","9 Nov 2018","2019","","IEEE","IEEE Journals"
"Impedance Variation on Lattice Misoriented Few-Layer Graphene Via Layer Decoupling","W. K. Kim; J. Oh; H. S. Yoon; S. J. Kim; J. Y. Park; J. Jung; S. Chan Jun","Yonsei University, Seoul, South Korea; Yonsei University, Seoul, South Korea; Yonsei University, Seoul, South Korea; Yonsei University, Seoul, South Korea; Yonsei University, Seoul, South Korea; University of Seoul, Seoul, South Korea; Yonsei University, Seoul, South Korea",IEEE Transactions on Nanotechnology,"3 Jan 2019","2019","18","","55","61","We demonstrate radio frequency (RF) transmission characteristics in a layer stacked manner. Generally, as the number of graphene layers increases, the impedance is reduced and the transmission efficiency of monolayer graphene becomes better than that of chemically synthesized monolayer graphene. Depending on the stacking method, graphene may or may not be well aligned between layers; however, this characteristic affects the RF transmission. Graphene extracted from graphite is well aligned with other layers; however, synthesized graphene is randomly stacked because it is transferred and the layers are not aligned. Scattering parameters and the measured impedance shows that graphene extracted from graphite exhibits better transmission characteristics in the case of single-layer graphene, whereas synthesized graphene shows better transmission characteristics in the case of multiple-layer graphene. We calculated the change in conductivity based on the matched angle between layers of graphene and found that the conductivity was higher when the matching was less, compared to when it was well-matched. These results are also reflected in the impedance extracted from the scattering parameters. It was found that different impedance patterns are formed in single-layer graphene and in multiple layers for multi-layer graphene with stacking methods. This is because the layers are decoupled when they are randomly stacked.","1941-0085","","10.1109/TNANO.2018.2878473","Nano-Material Technology Development Program through the National Research Foundation of Korea; Ministry of Science; ICT and Future Planning(grant numbers:NRF-2017M3A7B4041987); National Center for Optically Assisted Mechanical Systems(grant numbers:2015R1A5A1037668); Ministry of Education, Science and Technology (MEST); ","https://ieeexplore.ieee.org/stamp/stamp.jsp?arnumber=8532140","Decoupling;graphene layers;impedance;Lattice misorientation;nanoelectronics","Graphene;Impedance;Electrodes;Nonhomogeneous media;Radio frequency;Transmission line measurements;Scattering parameters","","5","","33","IEEE","11 Nov 2018","2019","","IEEE","IEEE Journals"
"Enhanced Two States Current in MOS-Gated MIS Separate Write/Read Storage Device by Oxide Soft Breakdown in Remote Gate","W. -C. Chen; C. -F. Yang; J. -G. Hwu","Department of Electrical Engineering, National Taiwan University, Taipei, Taiwan; Graduate Institute of Electronics Engineering and the Department of Electrical Engineering, National Taiwan University, Taipei, Taiwan; Graduate Institute of Electronics Engineering and the Department of Electrical Engineering, National Taiwan University, Taipei, Taiwan",IEEE Transactions on Nanotechnology,"3 Jan 2019","2019","18","","62","67","MOS-gated metal-insulator-semiconductor (MIS) separate write/read storage device is a new storage structure design. The device utilizes an MIS tunnel diode as a sensor to sense the fluctuation of the neighboring minority carriers controlled by a remote gate structure. Two current states can be read by the tunnel diode when the gate is in SET or RESET states. In this paper, the effect of gate oxide soft breakdown to the proposed device is studied. It is found that after gate oxide soft breakdown, the device exhibits improved two states current window and retention performance because of the stress-generated traps, e.g., a seven times larger two states current window. Also, the write voltage for the device reduces considerably after gate oxide soft breakdown, e.g., reduction of about 91% for SET and 36% for RESET process. The power consumption of the device is therefore reduced. Therefore, the gate oxide soft breakdown process can be regarded as a method to enhance the performance of MOS-gated MIS separate write/read storage device.","1941-0085","","10.1109/TNANO.2018.2880277","Ministry of Science and Technology, Taiwan(grant numbers:105-2221-E-002-180-MY3,106-2622-8- 002-001,106-2221-E-002-196-MY3); ","https://ieeexplore.ieee.org/stamp/stamp.jsp?arnumber=8535042","Energy saving;MIS tunnel diode;oxide soft breakdown;separate write/read storage device;two states current","Logic gates;Electric breakdown;Stress;Capacitance-voltage characteristics;Breakdown voltage;Dielectrics;Remote sensing","","2","","26","IEEE","14 Nov 2018","2019","","IEEE","IEEE Journals"
"A Resistive Random Access Memory Addon for the NCSU FreePDK 45 nm","E. Giacomin; P. -E. Gaillardon","Laboratory for NanoIntegrated Systems, Department of Electrical and Computer Engineering, the University of Utah, Salt Lake City, USA; Laboratory for NanoIntegrated Systems, Department of Electrical and Computer Engineering, the University of Utah, Salt Lake City, USA",IEEE Transactions on Nanotechnology,"3 Jan 2019","2019","18","","68","72","During the past few years, resistive random access memory (RRAM) have been widely studied for a large set of applications (neuromorphic computing, nonvolatile digital design, in-memory computation, etc.) due to its promising characteristics such as high-speed operations, nonvolatile retention, and low-power consumption. As a result, many SPICE RRAM models have been proposed to allow proper circuit-level simulations. However, physical design is a problem when it comes to full-custom RRAM-based layout and electronic design automation verification since no RRAM-based process design kits are publicly available. Consequently, evaluating the benefits and the metrics of RRAM-based systems at the circuit and chip levels in term of area is an issue. Indeed, many RRAM-based systems area results are based solely on the RRAM and transistor device count and not on the exact layout area, potentially leading to inaccurate results. In this paper, we propose an addon describing a CMOS compatible RRAM technology, for the NCSU FreePDK 45 nm. The addon comprises of the Stanford RRAM Verilog-A model, fitted on published experimental results as well as a set of design rule check and layout versus schematic rules for Calibre to ensure the correctness of the physical designs. We demonstrate the benefits of the proposed addon through three case studies to show that accurate RRAM-based systems area evaluations can be obtained at both circuit and chip levels.","1941-0085","","10.1109/TNANO.2018.2881109","United States-Israel Binational Science Foundation(grant numbers:2016016); University of Utah SEED(grant numbers:10044706); ","https://ieeexplore.ieee.org/stamp/stamp.jsp?arnumber=8540319","Circuit design;layout;process-design kit;resistive memory","Metals;Layout;Electrodes;Transistors;Random access memory;Nonvolatile memory;Switches","","8","","16","IEEE","18 Nov 2018","2019","","IEEE","IEEE Journals"
"Environmentally Friendly Functionalization of Porous Carbon Electrodes for Aqueous-Based Electrochemical Capacitors","R. Vicentini; W. G. Nunes; L. H. Costa; A. Pascon; L. M. da Silva; M. Baldan; H. Zanin","Advanced Energy Storage Division, Center for Innovation on New Energies, University of Campinas, Campinas, Campinas, Brazil; Advanced Energy Storage Division, Center for Innovation on New Energies, University of Campinas, Campinas, Campinas, Brazil; Advanced Energy Storage Division, Center for Innovation on New Energies, University of Campinas, Campinas, Campinas, Brazil; Advanced Energy Storage Division, Center for Innovation on New Energies, University of Campinas, Campinas, Campinas, Brazil; Department of Chemistry, Federal University of Jequitinhonha and Mucuri's Valley, Diamantina, Brazil; National Institute for Space Research, São José dos Campos, Brazil; Advanced Energy Storage Division, Center for Innovation on New Energies, University of Campinas, Campinas, Campinas, Brazil",IEEE Transactions on Nanotechnology,"3 Jan 2019","2019","18","","73","82","A green chemical method is reported for the synthesis and functionalization of high surface area carbon-based materials for applications as electrodes in short-term energy storage devices, such as supercapacitors. The proposed method is focused on sustainable chemistry and engineering. Our results evidenced an excellent performance of electrochemical capacitor devices with a high lifespan over a wide working voltage with low equivalent series resistance. Great enhancement of electrode wettability and charge transfer at the electrode/electrolyte interface using oxygenated surface functional groups was obtained using the present method. Actually, the present findings are quite promising thus encouraging further investigations of this green-functionalization method for all other carbon-based materials, such as graphene, carbon nanotubes, doped-diamond, and so on.","1941-0085","","10.1109/TNANO.2018.2878663","Brazilian funding agencies CNPq(grant numbers:301486/2016-6); FAPESP(grant numbers:2016/25082-8,2017/19222-4,2017/011958-1,2014/02163-7); CAPES(grant numbers:1740195); FAEPEX(grant numbers:2426/17); Fundação ao Amparo à Pesquisa do Estado de Minas Gerais – FAPEMIG(grant numbers:CEX-112-10); Secretaria de Estado de Ciência, Tecnologia e Ensino Superior de Minas Gerais - SECTES/MG; Conselho Nacional de Desenvolvimento Científico e Tecnológico – CNPq; ","https://ieeexplore.ieee.org/stamp/stamp.jsp?arnumber=8541131","Functionalization of carbon;green chemistry;high surface area carbon materials;simple and low-cost method;supercapacitor","Electrodes;Electrolytes;Surface impedance;Surface treatment;Graphene;Capacitors","","16","","48","IEEE","20 Nov 2018","2019","","IEEE","IEEE Journals"
"Atomic Force Microscopy in Probing Tumor Physics for Nanomedicine","M. Li; N. Xi; Y. Wang; L. Liu","Chinese Academy of Sciences, Institutes for Robotics and Intelligent Manufacturing, Shenyang, China; Department of Industrial and Manufacturing Systems Engineering, The University of Hong Kong, Hong Kong; Chinese Academy of Sciences, Institutes for Robotics and Intelligent Manufacturing, Shenyang, China; Chinese Academy of Sciences, Institutes for Robotics and Intelligent Manufacturing, Shenyang, China",IEEE Transactions on Nanotechnology,"3 Jan 2019","2019","18","","83","113","Investigating the physics in tumor development and progression has been recognized as a promising way to advance both basic cancer research and clinical cancer treatment. The advent of atomic force microscopy (AFM) provides an exciting multifunctional tool for investigating the physical properties of biological systems under aqueous conditions with unprecedented spatiotemporal resolution, opening new possibilities for nanomedicine in physical oncology. In this paper, the biomedical applications of AFM to investigate the physical sciences in oncology at single-cell, single-molecule, and tissue levels are systematically reviewed, taking lymphomas as an example. First, detecting the physics of cancers at multiple scales is summarized, along with antibody-based therapy for lymphomas. Next, the principles and methods of AFM imaging and measurements are summarized. After that, utilizing AFM to probe the physics of tumors is reviewed from several facets, including topographical imaging, mechanical measurement, molecular recognition, primary cell detection, and tissue characterization. In particular, the motivations and state-of-the-art overviews of each facet are presented. Finally, the current limitations and future directions of AFM assays for cancer investigations are discussed.","1941-0085","","10.1109/TNANO.2018.2882383","National Natural Science Foundation of China(grant numbers:61873258,61503372,U1613220,61433017); Youth Innovation Promotion Association CAS(grant numbers:2017243); CAS FEA International Partnership Program; ","https://ieeexplore.ieee.org/stamp/stamp.jsp?arnumber=8551277","Atomic force microscopy;physical oncology;nanomedicine;cell mechanics;molecular recognition;tissue characterization","Tumors;Cancer;Force;Imaging;Extracellular;Immune system","","32","","299","IEEE","28 Nov 2018","2019","","IEEE","IEEE Journals"
"Covered Source–Channel Tunnel Field-Effect Transistors With Trench Gate Structures","S. Woo; S. Kim","Department of Electrical Engineering, Korea University, Seoul, South Korea; Department of Electrical Engineering, Korea University, Seoul, South Korea",IEEE Transactions on Nanotechnology,"3 Jan 2019","2019","18","","114","118","We propose a new design for covered source–channel tunnel field-effect transistors (CSC-TFETs) with trench gate structures. The I–V characteristics, on/off current ratio, subthreshold swing, and band-to-band tunneling rate are analyzed using a commercial device simulator. Our proposed CSC-TFETs exhibit an on/off current ratio of approximately 1010, an on-current of approximately 10−5 A/μm at room temperature, and a subthreshold swing of less than 40 mV/decade. In addition, the on-current of the CSC-TFETs is ∼233 times that of conventional TFETs, demonstrating that the switching characteristics are superior to those of other silicon-based TFETs. Moreover, a CSC-TFET inverter is characterized by SPICE calibration and provides a high frequency of approximately 1 GHz at a supply voltage of 1.0 V.","1941-0085","","10.1109/TNANO.2018.2882859","National Research Foundation of Korea(grant numbers:NRF-2013R1A2A1A03070750,NRF-2015R1A2A1A15055437); Ministry of Trade, Industry and Energy (MOTIE, South Korea)(grant numbers:10067791); Brain Korea 21 Plus Project in 2018; Samsung Electronics; ","https://ieeexplore.ieee.org/stamp/stamp.jsp?arnumber=8554273","Tunnel field-effect transistors;TCAD simulation;SPICE model;covered source–channel TFET;trench gate","TFETs;Logic gates;Tunneling;Silicon;SPICE;Integrated circuit modeling","","17","","25","IEEE","30 Nov 2018","2019","","IEEE","IEEE Journals"
"Prediction of Adsorption Probability of Oxidizing and Reducing Species on 2-D Hybrid Junction of rGO-ZnO From First Principle Analysis","K. Ghosh; N. S. Mahapatra; H. Rahaman; P. Bhattacharyya","School of VLSI Technology, Indian Institute of Engineering Science and Technology, Shibpur, India; School of VLSI Technology, Indian Institute of Engineering Science and Technology, Shibpur, India; School of VLSI Technology, Indian Institute of Engineering Science and Technology, Shibpur, India; Nano Thin Films and Solid State Gas Sensor Devices Laboratory, Indian Institute of Engineering Science and Technology, Shibpur, India",IEEE Transactions on Nanotechnology,"3 Jan 2019","2019","18","","119","125","The target of this paper is to theoretically investigate the probability of gas (both oxidizing and reducing) adsorption on the van der Waals heterojunction formed between p-type reduced graphene oxide (rGO) and n-type two-dimensional monolayer of ZnO (2D-ZnO), using density functional theory-based first principle calculation employing Virtual Nanolab Atomistix Toolkit (v2016.4). Two types of heterostructures are considered, viz., heterostructure type-1, where hydroxyl group (sp2) is at the edge of the rGO and heterostructure type-2, where hydroxyl group (sp3) is perpendicular to the plane of rGO. Adsorption energy, charge transfer, and the distance of the nearest atom from the adsorbent are calculated for oxidizing (NO2 as the test case) and reducing (NH3 as the test case) species and compared with that of oxygen on rGO/2D-ZnO heterostructures as well as on its individual constituent (rGO nanoflakes and 2D-ZnO, separately). Like 2D-ZnO, heterostructure type-1 was also found to be selective towards NO2 with almost three times and five times higher adsorption energy than that of 2D-ZnO and rGO, respectively. On the other hand, it was found that charge distribution in the underlying 2D-ZnO of heterostructure type-2 remained almost unaltered even after gas adsorption and therefore lead to insignificant improvement compared to its 2D-ZnO counterpart.","1941-0085","","10.1109/TNANO.2018.2884171","MCIT, India; ","https://ieeexplore.ieee.org/stamp/stamp.jsp?arnumber=8566166","Van der Waals heterostructure;rGO-ZnO hybrid system;density functional theory;charge transfer;gas adsorption probability","Adsorption;Zinc oxide;II-VI semiconductor materials;Two dimensional displays;Charge transfer;Orbits;Sensors","","2","","36","IEEE","7 Dec 2018","2019","","IEEE","IEEE Journals"
"Enhancing the Photoresponse of p-NiO/n-ZnO Heterojunction Photodiodes Using Post ZnO Treatment","J. -D. Hwang; W. -M. Lin","Department of Electrophysics, National Chiayi University, Chiayi, Taiwan, R.O.C.; Department of Electrophysics, National Chiayi University, Chiayi, Taiwan, R.O.C.",IEEE Transactions on Nanotechnology,"3 Jan 2019","2019","18","","126","131","P-NiO/n-ZnO heterojunction photodiodes (HPDs) were fabricated using radio-frequency magnetron sputtering system. A post ZnO treatment was performed by annealing the ZnO film in an oxygen gas atmosphere at various temperatures (200- 500°C). As compared to the HPDs with as-deposited ZnO, the rectification ratio of the HPDs with 400-°C-treated ZnO increases greatly from 4.22 - 1.92 × 104. However, the rectification ratio drops to 114 for HPDs with 500-°C-treated ZnO due to the high temperature increase the defects in ZnO through thermal diffusion. The ideality factor decreases from 5.6 to 2.2 for the HPDs with asdeposited ZnO and 400-°C-treated ZnO, respectively, suggesting the defects of ZnO were reduced. This result caused the ultraviolet (360 nm)/visible (560 nm) rejection ratio increased from 3 to 347. With increasing treatment temperature, x-ray diffraction showed that the grain size increased from 8.60 nm to 12.96 nm, demonstrating the thermal energy improved the crystal structure of ZnO. x-ray photoelectron spectroscopy revealed that the amount of lattice oxygen (OL) in ZnO increased with treatment temperature due to the higher thermal energy. Conversely, the amounts of oxygen vacancies (OV ) and interstitial oxygen (Oi) defects decreased because the oxygen atoms compensated OV , and Oi diffused into lattice sites of ZnO. In contrast, a higher treatment temperature (500°C) leaded to an increase of OV owing to the thermal diffusion of oxygen atoms, thus degrading the photoresponse of HPDs. Band diagram elucidated the mechanisms of post-treated ZnO in enhancing the photoresponse of HPDs.","1941-0085","","10.1109/TNANO.2018.2884936","Ministry of Science and Technology of the Republic of China, Taiwan(grant numbers:MOST 105-2112-M-415-001-MY3); ","https://ieeexplore.ieee.org/stamp/stamp.jsp?arnumber=8571185","ZnO;NiO;heterojunction photodiodes;lattice oxygen;oxygen vacancies;interstitial oxygen;photoresponse","Zinc oxide;II-VI semiconductor materials;Heterojunctions;Atmosphere;Photonic band gap;Radio frequency;Optical device fabrication","","23","","54","IEEE","9 Dec 2018","2019","","IEEE","IEEE Journals"
"30-nm Contacted Gate Pitch Back-Gate Carbon Nanotube FETs for Sub-3-nm Nodes","T. Srimani; G. Hills; M. D. Bishop; M. M. Shulaker","Department of Electrical Engineering and Computer Science, Massachusetts Institute of Technology, Cambridge, MA, USA; Department of Electrical Engineering and Computer Science, Massachusetts Institute of Technology, Cambridge, MA, USA; Harvard-MIT Health Sciences and Technology, Cambridge, MA, USA; Department of Electrical Engineering and Computer Science, Massachusetts Institute of Technology, Cambridge, MA, USA",IEEE Transactions on Nanotechnology,"1 Jan 2019","2019","18","","132","138","Carbon nanotube FETs (CNFETs) promise significant energy efficiency benefits versus silicon for digital systems. While these projected benefits are for CNFETs with similar geometries as silicon FETs (e.g., top-gate FETs, with the FET gate on top of the channel), the majority of the demonstrated CNFETs leverage back-gate geometries due to ease of fabrication (i.e., the gate is fabricated before and underneath the FET channel). Although back-gate CNFETs have already been experimentally demonstrated, importantly, there lacks any rigorous analysis of their benefits for digital very-large-scale integrated (VLSI) circuits. Here, we rigorously quantify, for the first time, the benefits of back-gate geometries: both for enabling aggressive device scaling as well as VLSI circuit energy-delay product (EDP) benefits. The key contributions of this paper are: 1) first analysis of back-gate FET geometries for digital VLSI circuits, showing they enable >1.6× additional EDP benefit for CNFETs due to reduced parasitic capacitances (versus top-gate CNFETs), 2) our analysis shows that leveraging back-gate FETs enables aggressive FET scaling to sub-3-nm technology nodes, and 3) as a feasibility case study, we experimentally realize digital logic circuits that fit within the world's smallest contacted gate pitch to date (CGP, a key metric defining the area of an FET and consequently the technology node) of 30 nm.","1941-0085","","10.1109/TNANO.2018.2888640","DARPA ERI 3DSoC; National Science Foundation; ADI; ","https://ieeexplore.ieee.org/stamp/stamp.jsp?arnumber=8591963","Scaling;back-gate transistors;carbon nanotubes;VLSI;nanotechnology;energy efficiency","CNTFETs;Logic gates;Geometry;Very large scale integration;Capacitance;Metals","","23","1","44","IEEE","27 Dec 2018","2019","","IEEE","IEEE Journals"
"Investigation of the Nonaxisymmetric Bending Property of Pollen Tubes via a Rotary Nanorobotic System","W. Wan; Y. Liu; H. Lu; Y. Shen","Department of Mechanical and Biomedical Engineering, City University of Hong Kong, Hong Kong; Department of Mechanical and Biomedical Engineering, City University of Hong Kong, Hong Kong; Department of Mechanical and Biomedical Engineering, City University of Hong Kong, Hong Kong; City University of Hong Kong, Shenzhen Research Institute, Shenzhen, China",IEEE Transactions on Nanotechnology,"10 Jan 2019","2019","18","","139","143","Mechanical properties, such as flexural rigidity and elastic modulus, are important factors deciding how pollen tubes penetrate and navigate inside flowers' styles and finally into ovules. As the ratio of pollen tubes' length to diameter can be far more than several thousand, bending the pollen tubes is an effective method to measure their mechanical properties. However, current techniques, such as microfluidic system, can only bend pollen tubes from one fixed direction. With regard to pollen tubes' irregular shapes and non-uniform properties, the properties achieved from pollen tubes' one direction cannot reflect properties of other directions. Herein, this letter proposes a rotary nanorobotic system that can rotate pollen tubes and thus pollen tubes can be bent and measured from multidirection, instead of one fixed direction. Experiment results indicate that flexural rigidity of the pollen tubes vary as much as 15 times at different directions. This nanorobot-based characterization system could provide us the quantitative data from multidirection, which gives new opportunities for the in-depth understanding of the mechanism of pollen tube guidance inside pistil.","1941-0085","","10.1109/TNANO.2018.2863603","Early Career Scheme from the University Grants Committee (UGC) of Hong Kong(grant numbers:U21201314); Shenzhen (China) Basic Research Project(grant numbers:JCYJ20160329150236426); ","https://ieeexplore.ieee.org/stamp/stamp.jsp?arnumber=8425775","Nanorobotic system;nano manipulation;nano characterization;flexural rigidity;pollen tubes;multi-directional","Electron tubes;Force;Robot sensing systems;Young's modulus;Needles;Microscopy","","1","","21","IEEE","6 Aug 2018","2019","","IEEE","IEEE Journals"
"Automated Mechanical Exfoliation of MoS2 and MoTe2 Layers for Two-Dimensional Materials Applications","K. DiCamillo; S. Krylyuk; W. Shi; A. Davydov; M. Paranjape","Department of Physics, Georgetown University, Washington, DC, USA; Materials Science and Engineering Division, National Institute of Standards and Technology, Gaithersburg, MD, USA; Montgomery Blair High School, Silver Spring, MD, USA; Materials Science and Engineering Division, National Institute of Standards and Technology, Gaithersburg, MD, USA; Department of Physics, Georgetown University, Washington, DC, USA",IEEE Transactions on Nanotechnology,"10 Jan 2019","2019","18","","144","148","An automated technique is presented for mechanically exfoliating single-layer and few-layer transition metal dichalcogenides using controlled shear and normal forces imposed by a parallel plate rheometer. A thin sample that is removed from bulk MoS2 or MoTe2 is initially attached to the movable upper fixture of the rheometer using blue dicing tape while the lower base plate also has the same tape to capture and exfoliate samples when the two plates are brought into contact then separated. A step-and-repeat exfoliation process is initiated using a preprogrammed contact force and liftoff speed. It was determined that atomically thin films of these materials could be obtained reproducibly using this technique, achieving single-layer and few-layer thicknesses for engineering novel two-dimensional transistor devices for future electronic technologies. We show that varying the parameters of the rheometer program can improve the mechanical exfoliation process.","1941-0085","","10.1109/TNANO.2018.2868672","National Science Foundation(grant numbers:CHE-1429079); U.S. Department of Commerce; National Institute of Standards and Technology(grant numbers:70NANB18H155); ","https://ieeexplore.ieee.org/stamp/stamp.jsp?arnumber=8464095","Mechanical exfoliation;molybdenum disulfide;molybdenum ditelluride;two-dimensional materials;nanomaterials","Molybdenum;Sulfur;Substrates;Silicon;Force;Tools;Graphene","","36","","23","IEEE","12 Sep 2018","2019","","IEEE","IEEE Journals"
"Dendritic-Inspired Processing Enables Bio-Plausible STDP in Compound Binary Synapses","X. Wu; V. Saxena","Electrical and Computer Engineering Department, University of Idaho, Moscow, ID, USA; Electrical and Computer Engineering Department, University of Idaho, Moscow, ID, USA",IEEE Transactions on Nanotechnology,"10 Jan 2019","2019","18","","149","159","Brain-inspired learning mechanisms, e.g., spike timing dependent plasticity (STDP), enable agile, and fast on-the-fly adaptation capability in a spiking neural network. When incorporating emerging nanoscale resistive non-volatile memory (NVM) devices, with ultra-low power consumption and high-density integration capability, a spiking neural network hardware would result in several orders of magnitude reduction in energy consumption at a very small form factor and potentially herald autonomous learning machines. However, actual memory devices have shown to be intrinsically binary with stochastic switching, and thus impede the realization of ideal STDP with continuous analog values. In this paper, a dendritic-inspired processing architecture is proposed in addition to novel CMOS neuron circuits. The utilization of spike attenuations and delays transforms the traditionally undesired stochastic behavior of binary NVMs into a useful leverage that enables biologically-plausible STDP learning. As a result, this paper paves a pathway to adopt practical binary emerging NVM devices in brain-inspired neuromorphic computing.","1941-0085","","10.1109/TNANO.2018.2871680","National Science Foundation(grant numbers:EECS-1727447); ","https://ieeexplore.ieee.org/stamp/stamp.jsp?arnumber=8480880","Brain-inspired computing;crossbar;neuromorphic computing;machine learning;memristor;emerging non-volatile memory;RRAM;silicon neuron;spike-timing dependent plasticity (STDP);spiking neural network","Neurons;Synapses;Switches;Biological neural networks;Nonvolatile memory;Neuromorphics;Compounds","","12","","56","IEEE","3 Oct 2018","2019","","IEEE","IEEE Journals"
"Impact of Hydrothermally Grown ZnO Nanorods on External Quantum Efficiency of 32 × 32 Pixelated InGaN/GaN Micro-LED Array","I. Y. Hong; J. H. Lee; S. M. Cho; J. B. So; T. K. Kim; Y. -J. Cha; J. S. Kwak","Department of Printed Electronics Engineering, Sunchon National University, Jeonnam, South Korea; Department of Printed Electronics Engineering, Sunchon National University, Jeonnam, South Korea; Department of Printed Electronics Engineering, Sunchon National University, Jeonnam, South Korea; Department of Printed Electronics Engineering, Sunchon National University, Jeonnam, South Korea; Department of Printed Electronics Engineering, Sunchon National University, Jeonnam, South Korea; Department of Printed Electronics Engineering, Sunchon National University, Jeonnam, South Korea; Department of Printed Electronics Engineering, Sunchon National University, Jeonnam, South Korea",IEEE Transactions on Nanotechnology,"10 Jan 2019","2019","18","","160","166","We systematically examined the growth parameters of the hydrothermally grown ZnO nanorods and studied their effects on the external quantum efficiency of 32 × 32 pixelated InGaN/GaN microlight-emitting diodes (μ-LEDs). The growth temperature increased the growth rate of the hydrothermally grown ZnO nanorods in the c-axis direction but not in the a-axis direction. On the other hand, the concentration of reaction solution increased the growth rate in the c-axis direction as well as the lateral growth rate of ZnO nanorods. The pressure of autoclave reactor had little influence on ZnO growth. The external quantum efficiency and light output power of the 32 × 32 pixelated InGaN/GaN μ-LEDs with the hydrothermally grown ZnO nanorods on the sapphire substrate were enhanced by 16.4% and 16.0% at 83 A/cm2, respectively, compared to those of the μ-LEDs without the ZnO nanorods, which can be attributed to increased light extraction due to the ZnO nanorods.","1941-0085","","10.1109/TNANO.2018.2876467","Basic Science Research Program; National Research Foundation of Korea(grant numbers:NRF-2014R1A6A1030419,NRF-2018R1D1A3A03000779); Korea Evaluation Institute of Industrial Technology; Development of Core Technologies for Transportation Systems(grant numbers:10070201); ","https://ieeexplore.ieee.org/stamp/stamp.jsp?arnumber=8501954","ZnO nanorods;hydrothermal growth;micro-LED array;external quantum efficiency","Zinc oxide;II-VI semiconductor materials;Light emitting diodes;Substrates;Image quality;Gallium nitride;Nanoscale devices","","7","","38","IEEE","21 Oct 2018","2019","","IEEE","IEEE Journals"
"Fabrication of CNT-Based Planar Micro-Coils on Silicon Substrate","Z. Ali; K. Ghosh; S. Aditya; D. P. Poenar","School of Electronics and Electrical Engineering, Nanyang Technological University, Singapore; Institute of Nano Science & Technology, Mohali, India; School of Electronics and Electrical Engineering, Nanyang Technological University, Singapore; School of Electronics and Electrical Engineering, Nanyang Technological University, Singapore",IEEE Transactions on Nanotechnology,"10 Jan 2019","2019","18","","167","175","Micro-coils are the most popular inductor structures. It is desirable to have high aspect ratio (HAR) planar micro-coils where the “planar” structure ensures less fabrication process steps compared to their 3-D counterparts, and HAR ensures that a lesser area is occupied by the micro-coil as well as low resistance due to larger conductor cross section. Such HAR planar micro-coils are generally realized through electrochemical-deposition (ECD) of metals, generally copper, inside blind HAR trenches in a substrate. However, such an ECD process into HAR trenches is very challenging, resulting into voids and the process is required to be optimized for different aspect ratios, which makes it time consuming and complex. In this paper, we present a novel way of realizing planar micro-coils in silicon using carbon nanotubes (CNTs). The issue of poor electrical conduction between two adjacent CNT bundle is resolved through graphene-deposition and this allows the electrical conduction along the length of the micro-coil (in the plane of the coil), which is necessary for a planar micro-coil structure. Planar micro-coils of an aspect ratio (AR) 3:1 is realized using such graphenic-CNTs and their electrical characterization is reported here. DC and low-frequency electrical characterization of these coils are performed, which shows the micro-coils have a high inductance value compared to the other micro-coils reported in the literature. The process of obtaining such planar micro-coils, using the CNT-graphenic heterostructure reported here, is less complex compared to the conventionally used ECD of Cu, and unlike ECD of Cu inside trenches of different AR will not require any optimization.","1941-0085","","10.1109/TNANO.2018.2884970","Ministry of Education(grant numbers:MOE2010-T2-2-016 ARC4/11); office for space technology and industry (OSTIn), Singapore(grant numbers:S14-1126-NRF OSTIn-SRP); Department of Science and Technology; Nanomission Goverment of India(grant numbers:SR/NM/NS-91/2016(G)); ","https://ieeexplore.ieee.org/stamp/stamp.jsp?arnumber=8571161","CNT;micro-coil;high aspect ratio;graphene-deposition graphene-nanowalls","Silicon;Substrates;Three-dimensional displays;Fabrication;Copper;Plasmas;Inductors","","","","34","IEEE","9 Dec 2018","2019","","IEEE","IEEE Journals"
"On the Carrier Transport for InGaN/GaN Core-Shell Nanorod Green Light-Emitting Diodes","J. Kou; S. -W. Huang Chen; J. Che; H. Shao; C. Chu; K. Tian; Y. Zhang; W. Bi; Z. -H. Zhang; H. -C. Kuo","State Key Laboratory of Reliability and Intelligence of Electrical Equipment, School of Electronics and Information Engineering, Hebei University of Technology, Tianjin, China; Department of Photonics and Institute of Electro-Optical Engineering, National Chiao Tung University, Hsinchu, Taiwan, R.O.C.; State Key Laboratory of Reliability and Intelligence of Electrical Equipment, School of Electronics and Information Engineering, Hebei University of Technology, Tianjin, China; State Key Laboratory of Reliability and Intelligence of Electrical Equipment, School of Electronics and Information Engineering, Hebei University of Technology, Tianjin, China; State Key Laboratory of Reliability and Intelligence of Electrical Equipment, School of Electronics and Information Engineering, Hebei University of Technology, Tianjin, China; State Key Laboratory of Reliability and Intelligence of Electrical Equipment, School of Electronics and Information Engineering, Hebei University of Technology, Tianjin, China; State Key Laboratory of Reliability and Intelligence of Electrical Equipment, School of Electronics and Information Engineering, Hebei University of Technology, Tianjin, China; State Key Laboratory of Reliability and Intelligence of Electrical Equipment, School of Electronics and Information Engineering, Hebei University of Technology, Tianjin, China; State Key Laboratory of Reliability and Intelligence of Electrical Equipment, School of Electronics and Information Engineering, Hebei University of Technology, Tianjin, China; Department of Photonics and Institute of Electro-Optical Engineering, National Chiao Tung University, Hsinchu, Taiwan, R.O.C.",IEEE Transactions on Nanotechnology,"6 Jan 2019","2019","18","","176","182","In this paper, we model and investigate the carrier transport for the core-shell nanorod (NR) structured green light-emitting diodes (LEDs) for which the InGaN/GaN multiple quantum wells are grown on the nonpolar surface of the NR. Our results show the absence of polarization fields in the m-plane quantum wells for the core-shell NR LEDs, which manifest the flat energy band condition, the improved electron injection efficiency, and the high electron-hole wave functions overlap for the quantum wells, leading to the high radiative recombination rate and the enhanced quantum efficiency. We further find that the quantum efficiency is also affected by the vertical charge injection for the core-shell NR LEDs. The vertical charge injection is more sensitive to the doping concentration and the thickness of the p-GaN layer than of the n-GaN layer. Moreover, the increase of the NR height also leads to the nonuniform vertical charge injection.","1941-0085","","10.1109/TNANO.2018.2879817","National Natural Science Foundation of China(grant numbers:51502074); Natural Science Foundation of Hebei Province(grant numbers:F2017202052); Natural Science Foundation of Tianjin City(grant numbers:16JCYBJC16200); Program for Top 100 Innovative Talents in Colleges; Universities of Hebei Province(grant numbers:SLRC2017032); Program for 100 Talent Plan of Hebei Province(grant numbers:E2016100010); ","https://ieeexplore.ieee.org/stamp/stamp.jsp?arnumber=8532136","GaN;nanorod light-emitting diodes (NR LEDs);charge transport;vertical charge injection;external quantum efficiency (EQE)","Light emitting diodes;Quantum well devices;Wide band gap semiconductors;Charge coupled devices;Gallium nitride;Indium compounds;III-V semiconductor materials","","6","","29","IEEE","11 Nov 2018","2019","","IEEE","IEEE Journals"
"Resistive Switching Memory Architecture Based on Polarity Controllable Selectors","A. Levisse; P. -E. Gaillardon; B. Giraud; I. O'Connor; J. -P. Noel; M. Moreau; J. -M. Portal","Embedded Systems Laboratory, Swiss Federal Institute of Technology Lausanne (EPFL), Lausanne, Switzerland; Department of Electrical and Computer Engineering, University of Utah, Salt Lake City, UT, USA; CEA, LETI, MINATEC Campus, Grenoble, France; University of Lyon, Lyon Institute of Nanotechnology, École Centrale de Lyon, Lyon, France; CEA, LETI, MINATEC Campus, Grenoble, France; Aix-Marseille Université, Université de Toulon, CNRS, IM2NP, Marseille, France; Aix-Marseille Université, Université de Toulon, CNRS, IM2NP, Marseille, France",IEEE Transactions on Nanotechnology,"6 Jan 2019","2019","18","","183","194","With the continuous scaling of CMOS technology, integrating an embedded high-density non-volatile memory appears to be more and more costly and technologically challenging. Beyond floating-gate memory technologies, bipolar resistive random access memories (RRAM) appear to be one of the most promising technologies. However, when organized in 1 or 2-transistor 1-RRAM (1T1R, 2T1R) architectures, they suffer from large bitcell area, degraded performance, and reliability issue during reset operation. The association of multiple-independent-gate polarity controllable transistors (PCT) with RRAM overcomes these drawbacks while providing a dense structure. In this paper, we present two innovative PCT-based bitcells and propose an extensive study of their functionality, physical design considerations, and performances in read and write operations compared to CMOS-based 1T1R and 2T1R bitcells. The proposed bitcells outperform the performances of 1T1R and 2T1R bitcells in reset (5× to 105× speed improvement) and are competitive in term of area (1.35× to 2.6× area reduction versus 2T1R) and avoid gate overdrive (1.2 V versus more than 2 V in 1T1R bitcells), thus reducing selector reliability concerns. We also propose an innovative programming strategy that takes advantage of the PCT polarity control and enables 500× improvement in reset performance. Finally, the proposed bitcells perform 15%-67% faster than CMOS bitcells in read.","1941-0085","","10.1109/TNANO.2018.2887140","ERC Consolidator Grant COMPUSAPIEN(grant numbers:725657); European project ECSEL-PANACHE; United States-Israel Binational Science Foundation(grant numbers:2016016); ","https://ieeexplore.ieee.org/stamp/stamp.jsp?arnumber=8585408","Embedded memory;bipolar RRAM;OxRAM;polarity controllable transistors;SiNWFET;1T1R;2T1R","Logic gates;Transistors;Switches;Nonvolatile memory;Programming;Semiconductor device modeling;CMOS technology","","9","","41","IEEE","21 Dec 2018","2019","","IEEE","IEEE Journals"
"Harmonic Circuit Self-Assembly in cTAM Models","Y. Yan; M. Garzon; R. Deaton","Data Science Institute, Columbia University, New York, NY, USA; Department of Computer Science, The University of Memphis, Memphis, TN, USA; Department of Electrical and Computer Engineering, The University of Memphis, Memphis, TN, USA",IEEE Transactions on Nanotechnology,"6 Jan 2019","2019","18","","195","199","We explore algorithmic self-assembly models for nanomanufacturing of electronic circuits akin to models for DNA self-assembly. Growth is controlled by thresholding of the energy required for attachments of new components to a growing assembly. We introduce two new families of such systems in one dimension (1D) and 2D, the so-called harmonic self-assemblers that generalize the new circuit tile assembly model (cTAM), and answer fundamental questions about the size and energy distribution of the assembly sequences and their steady state. As an application, we fully resolve the 1D electric circuit ladders.","1941-0085","","10.1109/TNANO.2018.2888577","","https://ieeexplore.ieee.org/stamp/stamp.jsp?arnumber=8587121","Nanomanufacturing models;nanoelectronics;self-assembly;circuit tile assembly model (cTAM);resistive electric circuits;toeplitz matrices;continued fractions;matrix Möbius transform","Self-assembly;Integrated circuit modeling;Harmonic analysis;DNA;Two dimensional displays;Resistance;Electric potential","","7","","7","IEEE","23 Dec 2018","2019","","IEEE","IEEE Journals"
"Graphene Based Far-Infrared Junction Circulator","A. Dolatabady; N. Granpayeh","Center of Excellence in Electromagnetics, Faculty of Electrical Engineering, K. N. Toosi University of Technology, Tehran, Iran; Center of Excellence in Electromagnetics, Faculty of Electrical Engineering, K. N. Toosi University of Technology, Tehran, Iran",IEEE Transactions on Nanotechnology,"20 Jan 2019","2019","18","","200","207","In this paper, a simple far-infrared circulator based on non-reciprocal features by graphene is proposed and investigated. Non-reciprocal feature of the component is provided via magneto-optical characteristics of graphene layer imposed by a perpendicular external magnetic bias field. The structure is analyzed through an electromagnetic approach and simulated numerically by the finite element method. The isolation between the incident and isolated ports is calculated to be 15.2 dB under moderate value of magnetic flux density bias of 0.3 Tesla in the designed operating frequency. The tunable characteristic of graphene chemical potential is exploited to provide tunable circulator. An improvement in performance of the circulator is realized utilizing a double arrangement of symmetric graphene layers and also, patterned graphene layer instead of the uniform ones. The device can be employed in various subwavelength photonic systems.","1941-0085","","10.1109/TNANO.2018.2889522","","https://ieeexplore.ieee.org/stamp/stamp.jsp?arnumber=8600761","Far-infrared spectra;graphene based structures;junction circulator;non-reciprocal components;patterned graphene","Graphene;Circulators;Resonant frequency;Magnetic flux;Plasmons;Electromagnetic waveguides;Cavity resonators","","6","","49","IEEE","3 Jan 2019","2019","","IEEE","IEEE Journals"
"Femtosecond Laser Inscribed Sapphire Fiber Bragg Grating for High Temperature and Strain Sensing","Q. Guo; Y. -S. Yu; Z. -M. Zheng; C. Chen; P. -L. Wang; Z. -N. Tian; Y. Zhao; X. -Y. Ming; Q. -D. Chen; H. Yang; H. -B. Sun","State Key Laboratory of Integrated Optoelectronics, College of Electronic Science and Engineering, Jilin University, Changchun, China; State Key Laboratory of Integrated Optoelectronics, College of Electronic Science and Engineering, Jilin University, Changchun, China; Changchun Institute of Optics, Fine Mechanics and Physics, Chinese Academy of Sciences, Changchun, China; Changchun Institute of Optics, Fine Mechanics and Physics, Chinese Academy of Sciences, Changchun, China; State Key Laboratory of Integrated Optoelectronics, College of Electronic Science and Engineering, Jilin University, Changchun, China; State Key Laboratory of Integrated Optoelectronics, College of Electronic Science and Engineering, Jilin University, Changchun, China; State Key Laboratory of Integrated Optoelectronics, College of Electronic Science and Engineering, Jilin University, Changchun, China; State Key Laboratory of Integrated Optoelectronics, College of Electronic Science and Engineering, Jilin University, Changchun, China; State Key Laboratory of Integrated Optoelectronics, College of Electronic Science and Engineering, Jilin University, Changchun, China; State Key Laboratory of Integrated Optoelectronics, College of Electronic Science and Engineering, Jilin University, Changchun, China; State Key Laboratory of Integrated Optoelectronics, College of Electronic Science and Engineering, Jilin University, Changchun, China",IEEE Transactions on Nanotechnology,"31 Jan 2019","2019","18","","208","211","In this letter, a sapphire fiber Bragg grating (SFBG) is fabricated by a femtosecond laser line-by-line scanning method. A third-order fiber Bragg grating is obtained in a single crystal sapphire fiber with a diameter of 60 μm. Compared to the SFBG written by a point-by-point method, the SFBG written by the line-by-line method has a higher reflectivity and grating with about 15% reflectivity is achieved when the track length is about 40 μm. The temperature sensing characteristics of this SFBG from a room temperature to 1600 °C are studied, and the temperature sensitivity of SFBG is 34.96 pm/°C from 1000 °C to 1600 °C. The strain characteristics are also tested at the temperature of 26 °C, 500 °C, 1000 °C, and 1600 °C, and the strain sensitivities are 1.42, 1.42, 1.44, and 1.45 pm/με, respectively. These characteristics show that this SFBG has potential applications in a harsh environment structural health monitoring.","1941-0085","","10.1109/TNANO.2018.2888536","National Key Research and Development Program of China under Grants and National Natural Science Foundation of China(grant numbers:2017YFB1104300,91860140,61590930,61435005,51335008); ","https://ieeexplore.ieee.org/stamp/stamp.jsp?arnumber=8604006","Sapphire fiber Bragg grating;femtosecond laser;line-by-line scanning;structural health monitoring","Temperature sensors;Fiber gratings;Optical fiber couplers;Strain;Optical fiber sensors","","60","","25","IEEE","6 Jan 2019","2019","","IEEE","IEEE Journals"
"Equivalent RLC Ladder Circuit for Scattering by Graphene-Coated Nanospheres","S. Hayati Raad; Z. Atlasbaf","Department of Electrical and Computer Engineering, Tarbiat Modares University, Tehran, Iran; Department of Electrical and Computer Engineering, Tarbiat Modares University, Tehran, Iran",IEEE Transactions on Nanotechnology,"8 Feb 2019","2019","18","","212","219","In this paper, an equivalent RLC ladder circuit is derived for a graphene-coated nanosphere. Using this model, it is feasible to tune the resonance frequency of graphene surface plasmons by means of closed-form formulas. To this end, the spherical Bessel and Hankel functions of the modified Mie-Lorenz coefficients are expanded in terms of polynomials and then they are expressed as simple continued fraction forms from which the parameters of the equivalent circuit are derived. It is observed that due to the presence of graphene complex surface conductivity, the impedance of each circuit element is complex, and the real part represents a positive- or negative-valued resistor and the imaginary part modeling an inductor or capacitor. The emergence of the negative resistor which results in the field enhancement is discussed in detail.","1941-0085","","10.1109/TNANO.2019.2893350","","https://ieeexplore.ieee.org/stamp/stamp.jsp?arnumber=8621604","Graphene;sphere;Mie's theory;equivalent circuit;surface plasmons;negative resistor;field enhancement","Graphene;Equivalent circuits;RLC circuits;Integrated circuit modeling;Scattering;Nanoparticles;Conductivity","","16","","25","IEEE","22 Jan 2019","2019","","IEEE","IEEE Journals"
"High Quantum Yield Colloidal Semiconducting Nanoplatelets and High Color Purity Nanoplatelet QLED","Y. Yang; C. Zhang; X. Qu; W. Zhang; M. Marus; B. Xu; K. Wang; X. W. Sun","Guangdong University Key Lab for Advanced Quantum Dot Displays and Lighting, Shenzhen Key Lab for Advanced Quantum Dot Displays and Lighting, and Department of Electrical & Electronic Engineering, Southern University of Science and Technology, Shenzhen, Guangdong, China; Guangdong University Key Lab for Advanced Quantum Dot Displays and Lighting, Shenzhen Key Lab for Advanced Quantum Dot Displays and Lighting, and Department of Electrical & Electronic Engineering, Southern University of Science and Technology, Shenzhen, Guangdong, China; Guangdong University Key Lab for Advanced Quantum Dot Displays and Lighting, Shenzhen Key Lab for Advanced Quantum Dot Displays and Lighting, and Department of Electrical & Electronic Engineering, Southern University of Science and Technology, Shenzhen, Guangdong, China; Guangdong University Key Lab for Advanced Quantum Dot Displays and Lighting, Shenzhen Key Lab for Advanced Quantum Dot Displays and Lighting, and Department of Electrical & Electronic Engineering, Southern University of Science and Technology, Shenzhen, Guangdong, China; Guangdong University Key Lab for Advanced Quantum Dot Displays and Lighting, Shenzhen Key Lab for Advanced Quantum Dot Displays and Lighting, and Department of Electrical & Electronic Engineering, Southern University of Science and Technology, Shenzhen, Guangdong, China; Guangdong University Key Lab for Advanced Quantum Dot Displays and Lighting, Shenzhen Key Lab for Advanced Quantum Dot Displays and Lighting, and Department of Electrical & Electronic Engineering, Southern University of Science and Technology, Shenzhen, Guangdong, China; Guangdong University Key Lab for Advanced Quantum Dot Displays and Lighting, Shenzhen Key Lab for Advanced Quantum Dot Displays and Lighting, and Department of Electrical & Electronic Engineering, Southern University of Science and Technology, Shenzhen, Guangdong, China; Guangdong University Key Lab for Advanced Quantum Dot Displays and Lighting, Shenzhen Key Lab for Advanced Quantum Dot Displays and Lighting, and Department of Electrical & Electronic Engineering, Southern University of Science and Technology, Shenzhen, Guangdong, China",IEEE Transactions on Nanotechnology,"8 Feb 2019","2019","18","","220","225","Recently, colloidal semiconductor nanoplatelets (NPLs) have drawn attention due to their quasi-two-dimensional quantum well structure with extremely narrow photoluminescence. However, the quantum yield of NPLs reported so far is still low compared to the traditional semiconductor quantum dots. In this paper, we demonstrate a method of synthesizing CdSe/CdS core/crown NPLs with well-controlled layer thickness [four-monolayer (4-ML)] and aspect ratio, and hence efficiently enhance their photoluminescence quantum yield to ∼47% and 72% for the core and core/crown NPLs, respectively. With these NPLs, we further fabricated the 4-ML NPL QLED device emitting at 516 nm with super color purity (linewidth of 10 nm), which is good enough to achieve a wide color gamut larger than Rec. 2020.","1941-0085","","10.1109/TNANO.2019.2891242","National Key Research and Development Program of China administrated by the Ministry of Science and Technology of China(grant numbers:2016YFB0401702); National Natural Science Foundation of China(grant numbers:61674074,61405089); Shenzhen Peacock Team Project(grant numbers:KQTD2016030111203005); Shenzhen Key Laboratory of Advanced quantum Dot Displays and Lighting(grant numbers:ZDSYS201707281632549); Shenzhen Innovation Project(grant numbers:JCYJ20160301113356947); Distinguished Young Scholar of National Natural Science Foundation of Guangdong(grant numbers:2017B030306010); Southern University of Science and Technology; ","https://ieeexplore.ieee.org/stamp/stamp.jsp?arnumber=8611288","Semiconductor nanoplatelets;photoluminescence quantum yield;color gamut;aspect ratio;QLED","Photoluminescence;II-VI semiconductor materials;Cadmium compounds;Color;Quantum dots;Absorption","","17","","26","IEEE","13 Jan 2019","2019","","IEEE","IEEE Journals"
"Photonic Nanojet Sub-Diffraction Nano-Fabrication With in situ Super-Resolution Imaging","Y. Wen; H. Yu; W. Zhao; F. Wang; X. Wang; L. Liu; W. J. Li","University of Chinese Academy of Sciences, Beijing, China; University of Chinese Academy of Sciences, Beijing, China; University of Chinese Academy of Sciences, Beijing, China; Department of Chemistry, Stanford University, Stanford, CA, USA; University of Chinese Academy of Sciences, Beijing, China; University of Chinese Academy of Sciences, Beijing, China; Shenyang Institute of Automation, Chinese Academy of Sciences, Shenyang, China",IEEE Transactions on Nanotechnology,"20 Feb 2019","2019","18","","226","233","In this paper, we report a system that uses a microsphere to induce a photonic nanojet to directly write on a sample surface with sub-diffraction limit resolution, while simultaneously observing the writing processing in situ. Because of diffraction limit, sub-wavelength laser processing resolution has been difficult to achieve. Recently, we have shown that a microsphere-induced photonics nanojet could be used to create an optical light spot size beyond the diffraction limits, i.e., the diameter of the light spot could be reduced to −200 nm or smaller. This capability could allow a laser (with significant reduction in input power) to pattern nano-scale structures on various substrate materials through the use of microspheres. Many researchers have attempted to use this photonic nanojet (PNJ) based technique to process sub-diffraction limit patterns on all types of materials. However, applying this method to process features at precise locations is very difficult, because the technique requires that a sample being “cut” by the PNJ be observed by a common optical microscope, which cannot resolve features smaller than the optical diffraction limit. This disadvantage limits the applicability of this novel method to nano-scale processing; for example, in trimming resistors in an integrated circuit chip, many circuit components on the chip are much smaller than 200 nm, and not being able to see features beyond the diffraction limit will inadvertently destroy many components while PNJ is used to trim resistive elements. We will show in this paper that processing resolution better than 200 nm is achievable using our laser-based photonic nanojet method, whereas a simultaneous imaging resolution of less than λ/2 could be obtained. Therefore, the method presented in this paper has potential applications in processing sub-diffraction features and bio-specimens in real time with optical information feedback.","1941-0085","","10.1109/TNANO.2019.2896220","National Natural Science Foundation of China(grant numbers:61433017,61503258,61727811,61803323); RGC(grant numbers:51461165501,N_CityU132/14); National Natural Science Foundation of China(grant numbers:51461165501,N_CityU132/14); Hong Kong Research Grants Council(grant numbers:11205415); Center for Advanced Study, University of Illinois at Urbana-Champaign; FEA; Beijing Institute of Technology(grant numbers:2016IRS08); ","https://ieeexplore.ieee.org/stamp/stamp.jsp?arnumber=8635501","Photonic Nanojet;nano-scale processing;laser processing;super-resolution imaging","Image resolution;Photonics;Surface emitting lasers;Optical imaging;Optical surface waves","","25","","38","IEEE","5 Feb 2019","2019","","IEEE","IEEE Journals"
"Impact of Sb Composition on Strain Profile of GaAs1-xSbx Capped InAs Quantum Dots","J. S. Krishna; D. Panda; S. Chakrabarti","Indian Institute of Technology Bombay, Mumbai, India; Indian Institute of Technology Bombay, Mumbai, India; Indian Institute of Technology Bombay, Mumbai, India",IEEE Transactions on Nanotechnology,"22 Feb 2019","2019","18","","234","239","A detail theoretical investigation on strain distribution of InAs quantum dot (QD) capped with GaAs1-xSbx has been carried out. The transition from type-I to type-II with varying Sb composition has been observed and demonstrated in terms of energy band profile and electron-hole probability density function. The effect of Sb composition on hydrostatic and biaxial strain and its outcome on optical properties has been analyzed in this study. The overall strain distribution was found to be minimum in QD heterostructures with Sb > 14%, which would improve carrier confinement and result in longer wavelength emission. The study of strain profile inside QD heterostructures would facilitate the researchers toward optimized designing of strain-coupled QD based devices, which could be utilized in infrared photodetector and quantum communication applications.","1941-0085","","10.1109/TNANO.2019.2897709","DST Nanomisson(grant numbers:SR/NM/NS-1178/2015 (G)); SERB-DST, India(grant numbers:SB/S3/EECE/0103/2014); Indian Space Research Organization(grant numbers:09SUBH001); ","https://ieeexplore.ieee.org/stamp/stamp.jsp?arnumber=8638833","Biaxial;hydrostatic;probability density;quantum dots;strain","Strain;Quantum dots;Charge carrier processes;Photodetectors;Lattices;Photonic band gap;Quantum dot lasers","","12","","24","IEEE","10 Feb 2019","2019","","IEEE","IEEE Journals"
"Opportunities and Challenges in Designing and Utilizing Vertical Nanowire FET (V-NWFET) Standard Cells for Beyond 5 nm","T. Song","Kyungpook National University, Daegu, Daegu, KR",IEEE Transactions on Nanotechnology,"22 Feb 2019","2019","18","","240","251","Nanowire field-effect transistors (NWFETs) are known to become the emerging transistor type for better performance and low power for future technology nodes beyond 7 nm. Their unique structures allow the transistors to be designed horizontally or vertically, leading to a smaller form factor. However, it is not well studied on how much improvements NWFETs can achieve, especially when vertical FETs (V-NWFETs) are invoked in designs. In this paper, we investigate the advantages that NWFETs provide to standard cell designs. We propose an interconnect structure and a design methodology that optimize design metrics such as area, wirelength, and capacitance of V-NWFET standard cells. Then, we perform comparisons on these design metrics to standard cells between FinFET, horizontal NWFET (H-NWFET), and V-NWFET. This study shows that H-NWFETs achieve significant capacitance reduction compared to the conventional FinFETs (–30.1%). In addition, V-NWFETs achieve even more capacitance reduction (−50.0%), and significant reduction in area (−22.5%) and wirelength (−14.4%) compared to FinFETs. This is possible because (1) fin-to-metal coupling consists of a significant portion in total capacitance and NWFETs contribute to the large reduction of this capacitance and (2) standard cells using V-NWFETs reduce significant area and wirelength compared to conventional FinFET standard cells. However, careful design and proper interconnect structure are required to fully exploit the design advantages.","1941-0085","","10.1109/TNANO.2019.2896362","","https://ieeexplore.ieee.org/stamp/stamp.jsp?arnumber=8642525","Nanowire FET (NWFET);standard cells;parasitics;design automation","FinFETs;Logic gates;Standards;Parasitic capacitance;Layout","","39","","49","IEEE","14 Feb 2019","2019","","IEEE","IEEE Journals"
"Renewable DNA Hairpin-Based Logic Circuits","A. Eshra; S. Shah; T. Song; J. Reif","Department of Computer Science and Engineering, Faculty of Electronic Engineering, Menoufia University, Menouf, Egypt; Department of Electrical and Computer Engineering, Duke University, Durham, NC, USA; Department of Computer Science, Duke University, Durham, NC, USA; Department of Computer Science, Duke University, Durham, NC, USA",IEEE Transactions on Nanotechnology,"6 Mar 2019","2019","18","","252","259","Developing intelligent molecular systems for the desired functions is a significant current research topic in the field of nanoscience. Several materials have been explored to construct interesting systems, such as molecular motors, molecular walkers, and Boolean logic circuits. Deoxyribonucleic acid (DNA) is one of the most widely used materials as the Watson–Crick base pairing makes it a versatile substrate. A significant achievement in DNA nanoscience has been the construction of large-scale logic circuits. However, most of the prior works have focused on developing the single-use DNA logic circuits. These single-use circuits can perform robust computations. However, the computing material, such as gate strands, cannot be reused to achieve the same (or a different) computation again. Such reusable behavior is essential for applications, such as feedback and sequential logic computation. In this paper, we propose a novel design strategy for building renewable DNA logic circuits. First, we propose a renewable DNA hairpin-based motif and, then, use this motif to implement a Boolean logic gate. Such renewable circuits make the overall sample preparation convenient and straightforward. We believe that our work will serve as a seed for the development of renewable intelligent molecular systems.","1941-0085","","10.1109/TNANO.2019.2896189","Missions & Cultural Representation Sector, Ministry of Higher Education, Egypt; NSF(grant numbers:CCF1617791); ","https://ieeexplore.ieee.org/stamp/stamp.jsp?arnumber=8642913","Renewable DNA computing;DNA hairpin;Boolean logic;DNA nanotechnology;toehold-mediated strand-displacement","Logic gates;DNA;Computer architecture;Logic circuits;Computer science;Substrates;Buildings","","37","","43","IEEE","15 Feb 2019","2019","","IEEE","IEEE Journals"
"Reading Contrast of Phase-Change Electrical Probe Memory in Multiple Bit Array","L. Wang; C. -H. Yang; J. Wen; B. -S. Xiong","School of Information Engineering, Nanchang HangKong University, Nanchang, P. R. China; School of Information Engineering, Nanchang HangKong University, Nanchang, P. R. China; School of Information Engineering, Nanchang HangKong University, Nanchang, P. R. China; School of Information Engineering, Nanchang HangKong University, Nanchang, P. R. China",IEEE Transactions on Nanotechnology,"18 Mar 2019","2019","18","","260","269","Reading contrast of phase-change electrical probe memory is investigated using a newly developed electrical switching model that accurately mimics the threshold switching of the phase-change media. Multiple bit array in either crystalline or amorphous phase is introduced into the model to take into account the influence of the readout cross-talk arising from inter-bit and inter-track interferences. Based on this configuration, the reading contrast is calculated by properly tailoring the electrical and geometrical properties of the capping, phase-change, and bottom layers as well as varying the length of the bit and track pitch. We found that the reading contrast can be significantly enhanced using an ultra-thin phase-change layer sandwiched by an ultra-thin capping layer with an intermediate electrical conductivity, and a relatively thick bottom layer with ultra-high electrical conductivity, as well as maintaining the length of the bit and track pitches similar to the size of the electrical probe. An optimized media stack that is also experimentally achievable from the state-of-the-art film deposition technologies is proposed, enabling a reading contrast of 0.85 for crystalline bit array and of 0.68 for amorphous bit array, close to those induced from isolated bit configuration immune to readout cross-talk. In order to thoroughly eliminate the adverse effect caused by readout cross-talk, the concept of patterned probe phase-change memory is introduced and its practicality for further alleviating the reading contrast is briefly discussed.","1941-0085","","10.1109/TNANO.2019.2901779","Foundation of Jiangxi Education Department(grant numbers:GJJ170598); National Natural Science Foundation of China(grant numbers:61866027); Foundation of Jiangxi Education Department(grant numbers:GJJ180516); Foundation of Shanghai Aeronautical Innovation(grant numbers:SAST2017-106); National Natural Science Foundation of China(grant numbers:61866027); ","https://ieeexplore.ieee.org/stamp/stamp.jsp?arnumber=8657998","Reading contrast;readout cross-talk;phase-change electrical probe memories;Ge2Sb2Te5;multiple bit array;patterned probe phase-change memories","Probes;Phase change memory;Media;Conductivity;Chalcogenides;Phased arrays;Switching circuits","","5","","35","IEEE","4 Mar 2019","2019","","IEEE","IEEE Journals"
"X3D: Heterogeneous Monolithic 3D Integration of “X” (Arbitrary) Nanowires: Silicon, III–V, and Carbon Nanotubes","P. S. Kanhaiya; Y. Stein; W. Lu; J. A. del Alamo; M. M. Shulaker","Department of Electrical Engineering and Computer Science, Massachusetts Institute of Technology, Cambridge, MA, USA; Analog Devices Inc., Norwood, MA, USA; Department of Electrical Engineering and Computer Science, Massachusetts Institute of Technology, Cambridge, MA, USA; Department of Electrical Engineering and Computer Science, Massachusetts Institute of Technology, Cambridge, MA, USA; Department of Electrical Engineering and Computer Science, Massachusetts Institute of Technology, Cambridge, MA, USA",IEEE Transactions on Nanotechnology,"14 Mar 2019","2019","18","","270","273","We experimentally demonstrate a new paradigm for monolithic three-dimensional (3D) integration: X3D, which enables a wide range of semiconductors - including silicon (Si), III-V, and nanotechnologies such as carbon nanotubes (CNTs) - to be heterogeneously integrated together in monolithic 3D integrated systems. Such flexible heterogeneous integration has potential for a wide range of applications, as each layer of monolithic X3D integrated circuits (ICs) can be customized for specific functionality (e.g., wide-bandgap III-V-based circuits for power management, CNT field-effect transistors (CNFETs) for energy-efficient computing, and tailored materials for custom sensors or imagers). As a case study, we experimentally demonstrate monolithic X3D ICs with five vertical circuit layers heterogeneously integrating three different semiconductors: Si junctionless nanowire field-effect transistors (JNFETs), III-V JNFETs, and CNFETs (also junctionless). The layers of monolithic X3D IC are, from bottom-to-top: Si p-JNFETs, n-CNFETs, Si n-JNFETs, p-CNFETs, and III-V n-JNFETs. Each layer is fabricated using an identical process flow for ease of integration. Importantly, we show that circuits fabricated on each vertical layer are agnostic to subsequent monolithic X3D processing, experimentally demonstrating ability to interleave these “X” (arbitrary) semiconductors in arbitrary vertical ordering. As a final demonstration, we fabricate complementary digital logic circuits comprising different technologies that span multiple vertical circuit layers. This work demonstrates a new paradigm for ICs, allowing for flexible and customizable electronic systems.","1941-0085","","10.1109/TNANO.2019.2902114","Analog Devices Inc., (ADI); National Science Foundation(grant numbers:CNS-1657303); DARPA(grant numbers:W909MY-16-0001); ","https://ieeexplore.ieee.org/stamp/stamp.jsp?arnumber=8660670","Monolithic 3D;junctionless transistors;heterogeneous integration;nanowires","X3D;Silicon;Integrated circuits;Substrates;Field effect transistors;Fabrication","","8","","29","IEEE","5 Mar 2019","2019","","IEEE","IEEE Journals"
"Design and Simulation of Improved Swing and Ambipolar Effect for Tunnel FET by Band Engineering Using Metal Silicide at Drain Side","S. -C. Teng; Y. -S. Su; Y. -H. Wu","Department of Engineering and System Science, National Tsing Hua University, Hsinchu, Taiwan; Department of Engineering and System Science, National Tsing Hua University, Hsinchu, Taiwan; Department of Engineering and System Science, National Tsing Hua University, Hsinchu, Taiwan",IEEE Transactions on Nanotechnology,"15 Mar 2019","2019","18","","274","278","A new n-tunnel field effect transistor (TFET) structure that replaces traditional semiconductor material at drain with metal silicide was proposed to enhance device performance while simplifying process. From the TCAD simulation results, by employing metal silicide with an appropriate work function (WF) of 4.25 eV, based on simulation results, the proposed p-i-m TFET is superior to the traditional p-i-n structure by exhibiting suppressed ambipolar effect and much improved off-state current by a factor of 276 due, respectively, to reduced band-to-band tunneling and lower Shockley-Read-Hall recombination rate. In addition, enhanced on-state and off-state current ratio (ION/IOFF) by 2 orders and improved subthreshold swing with comparable on-state drive current are also achieved. More importantly, the idea of p-i-m structure is feasible from the viewpoint of process integration since metal silicide with the WF is a fab-friendly material such as TaSix and TiSix, and the variation of metal WF up to 0.1 eV is also allowed to keep the advantage of IOFF over the p-i-n TFET. The p-i-m TFET is very suitable to implement green electronics with higher performance at lower cost.","1941-0085","","10.1109/TNANO.2019.2902251","Ministry of Science and Technology, Taiwan(grant numbers:MOST 105-2221-E-007-106-MY3); ","https://ieeexplore.ieee.org/stamp/stamp.jsp?arnumber=8661786","P-I-N;P-I-M;TFET;ambipolar effect;subthreshold swing;metal work function;SRH recombination","TFETs;Metals;PIN photodiodes;Tunneling;Performance evaluation;Doping;Radiative recombination","","19","","3","IEEE","6 Mar 2019","2019","","IEEE","IEEE Journals"
"Dispersed Silver Nanowires Enhance Radiofrequency Heating","X. Liu; H. -J. Chen; R. Xu; J. Yu","Anhui Key Laboratory of Optoelectric Materials Science and Technology, College of Physics and Electronic Information, Anhui Normal University, Wuhu, China; State Key Laboratory of Optoelectronic Materials and Technologies, School of Electronics and Information Technology, Sun Yat-Sen University, Guangzhou, China; School of Electronic Engineering, Beijing University of Posts and Telecommunications, Beijing, China; School of Electronic Engineering, Beijing University of Posts and Telecommunications, Beijing, China",IEEE Transactions on Nanotechnology,"21 Mar 2019","2019","18","","279","286","Radiofrequency ablation has been intensively investigated for non-invasive cancer treatment. To enhance the specificity and efficacy of the traditional invasive radiofrequency ablation technique, we used silver nanowires as radiofrequency receptors to enhance local heating effect. The silver nanowires were prepared by a conventional polyol method, and then dispersed in the specially designed solvent formula of ISOPAR-H with assistant surfactants. Silver nanoparticles and non-dispersed silver nanowires were also prepared to serve as references. It was found that silver nanoparticles could hardly increase the radiofrequency heating, and that non-dispersed silver nanowires exhibited an interesting non-uniform enhancement of the radiofrequency heating. In comparison, significant enhancement of radiofrequency heating was observed when dispersed silver nanowires were radiated by a 13.56 MHz electromagnetic field. In addition, size dependent effects have also been investigated. An in vitro study using Hela cells was also conducted to find that radiofrequency illumination was lethal to silver nanowires incubated cancer cells. Such effects promise a bright future for applications of nanoparticle-mediated radiofrequency thermotherapy to cancer treatment.","1941-0085","","10.1109/TNANO.2019.2903109","National Natural Science Foundation of China(grant numbers:61871003); Youth Teacher Training Program of Sun Yat-Sen University(grant numbers:18lgpy18); ","https://ieeexplore.ieee.org/stamp/stamp.jsp?arnumber=8664447","Silver nanowires;radiofrequency heating;dispersant;cancer treatment;nanoparticles","Radio frequency;Heating systems;Optical fiber dispersion;Nanoparticles;Nanowires;Cancer;Temperature sensors","","4","","36","IEEE","10 Mar 2019","2019","","IEEE","IEEE Journals"
"Graphene Nanoribbon Based Complementary Logic Gates and Circuits","Y. Jiang; N. C. Laurenciu; H. Wang; S. D. Cotofana","Department of Quantum and Computer Engineering, Faculty of Electrical Engineering, Mathematics and Computer Science, Delft University of Technology, Delft, The Netherlands; Department of Quantum and Computer Engineering, Faculty of Electrical Engineering, Mathematics and Computer Science, Delft University of Technology, Delft, The Netherlands; Department of Quantum and Computer Engineering, Faculty of Electrical Engineering, Mathematics and Computer Science, Delft University of Technology, Delft, The Netherlands; Department of Quantum and Computer Engineering, Faculty of Electrical Engineering, Mathematics and Computer Science, Delft University of Technology, Delft, The Netherlands",IEEE Transactions on Nanotechnology,"21 Mar 2019","2019","18","","287","298","As CMOS feature size is reaching atomic dimensions, unjustifiable static power, reliability, and economic implications are exacerbating, thereby prompting for conducting research on new materials, devices, and/or computation paradigms. Within this context, graphene nanoribbons (GNRs), owing to graphene's excellent electronic properties, may serve as basic structures for carbon-based nanoelectronics. In this paper, we make use of the fact that GNR behavior can be modulated via top/back gate contacts to mimic a given functionality and combine complementary GNRs for constructing Boolean gates. We first introduce a generic gate structure composed of a pull-up GNR performing the gate Boolean function and a pull-down GNR performing its complement. Then, we seek GNR dimensions and gate topologies required for the design of 1-, 2-, and 3-input graphene-based Boolean gates, validate the proposed gates by means of SPICE simulation, which makes use of a non-equilibrium Green's function Landauer formalism based Verilog-A model to calculate GNR conductance, and evaluate their performance with respect to propagation delay, power consumption, and active area footprint. Simulation results indicate that, when compared with 7 nm FinFET CMOS counterparts, the proposed gates exhibit $\text{6}\times$ to 2 orders of magnitude smaller propagation delay, 2 to 3 orders of magnitude lower power consumption, and necessitate 2 orders of magnitude smaller active area footprint. We further present full adder (FA) and SRAM cell GNR designs, as they are currently fundamental components for the construction of any computation system. For an effective FA implementation, we introduce a 3-input MAJORITY gate, which apart of being able to directly compute FA's carry-out is an essential element in the implementation of error correcting codes codecs, which outperforms the CMOS equivalent carry-out calculation circuit by 2 and 3 orders of magnitude in terms of delay and power consumption, respectively, while requiring 2 orders of magnitude less area. The proposed FA exhibits $\text{6.2}\times$ smaller delay, 3 orders of magnitude less power consumption, while requiring 2 orders of magnitude less area, when compared with the 7 nm FinFET CMOS counterpart. However, because of the effective carry-out circuitry, a GNR-based $n$-bit ripple carry adder, whose performance is linear in the carry-out path, will be $\text{108}\times$ faster than an equivalent CMOS implementation. The GNR-based SRAM cell provides a slightly better resilience to dc-noise characteristics, while performance-wise has a $\text{3.6}\times$ smaller delay, consumes 2 orders of magnitude less power, and requires 1 order of magnitude less area than the CMOS equivalent. These results clearly indicate that the proposed GNR-based approach is opening a promising avenue toward future competitive carbon-based nanoelectronics.","1941-0085","","10.1109/TNANO.2019.2903480","","https://ieeexplore.ieee.org/stamp/stamp.jsp?arnumber=8666174","Graphene;GNR;Graphene-based Boolean Gates;Carbon-Nanoelectronics","Logic gates;Graphene;Topology;Power demand;Delays;Geometry","","51","","35","IEEE","12 Mar 2019","2019","","IEEE","IEEE Journals"
"Hiding Messages Based on DNA Sequence and Recombinant DNA Technique","Y. Wang; Q. Han; G. Cui; J. Sun","School of Electrical and Information Engineering, Zhengzhou University of Light Industry, Zhengzhou, China; State Grid Shanghai Cable Company, Shanghai, China; School of Electrical and Information Engineering, Zhengzhou University of Light Industry, Zhengzhou, China; School of Electrical and Information Engineering, Zhengzhou University of Light Industry, Zhengzhou, China",IEEE Transactions on Nanotechnology,"27 Mar 2019","2019","18","","299","307","Data hiding unnoticeably conceals message to prevent such message from being leaked to the existing media so as to ensure the confidentiality of the relevant information, which plays an important role in DNA cryptography. A data hiding model based on DNA sequence and recombinant DNA technique has been proposed to transmit information securely. According to the proposed model, a message can be hidden on a DNA sequence by using a single mapping rule table, and further concealed in DNA plasmid by recombinant DNA technique. The recombined DNA can be concealed in organisms and screened by selectable markers. This single mapping mechanism can improve the embedding capacity. The way to hide message in organisms is more flexible than that in micro-point of DNA. The relevant experimental results and security analysis show that the cracking probability of the model is negligible, which can ensure the security of information.","1941-0085","","10.1109/TNANO.2019.2904842","National Key R and D Program of China for International S and T Cooperation Projects(grant numbers:2017YFE0103900); National Natural Science Foundation of China(grant numbers:U1804262); State Key Program of National Natural Science of China(grant numbers:61632002); National Natural Science of China(grant numbers:61603348,61775198,61603347,61572446); Science and Technology Innovation Talents Henan Province(grant numbers:174200510012); ","https://ieeexplore.ieee.org/stamp/stamp.jsp?arnumber=8671487","Data hiding;single mapping rule table;recombinant DNA technique;security analysis","DNA;Encryption;Organisms;Amino acids","","25","","32","IEEE","19 Mar 2019","2019","","IEEE","IEEE Journals"
"Modified Solid State Dewetting of Plasmonic Pt NPs by Using In-Pt Bi-Layer System: Improvement on the Surface Morphology and LSPR Properties of Pt NPs","P. Pandey; M. Sui; S. Kunwar; S. Pandit; J. Lee","Department of Electronic Engineering, College of Electronics and Information, Kwangwoon University, Seoul, South Korea; Department of Electronic Engineering, College of Electronics and Information, Kwangwoon University, Seoul, South Korea; Department of Electronic Engineering, College of Electronics and Information, Kwangwoon University, Seoul, South Korea; Department of Electronic Engineering, College of Electronics and Information, Kwangwoon University, Seoul, South Korea; Department of Electronic Engineering, College of Electronics and Information, Kwangwoon University, Seoul, South Korea",IEEE Transactions on Nanotechnology,"27 Mar 2019","2019","18","","308","314","The solid state dewetting (SSD) is a useful synthesis technique to fabricate arrays of metallic nanostructures with the diverse size, density, and inter-particle spacing utilizing the solid-state diffusion of atoms below the melting point of elements. However, this technique is limited when the elements utilized possess very low diffusivity such as platinum (Pt), generally yielding poor surface morphologies even at high annealing temperature of 800 °C. In this paper, a clever approach of Pt NP fabrication is demonstrated based on the utilization of sacrificial In layer on sapphire (0001), namely, the modified SSD of In/Pt bilayer system. This approach offers much improved control on the surface morphology of Pt NPs and improved LSPR response. Upon annealing, In atoms can inter-mix with the Pt atoms, consequently yielding the In-Pt alloy and thus can significantly enhance the overall dewetting by increasing the diffusivity. The result is well defined surface morphology of Pt NPs with an improved control at much lower temperature. Subsequently, the desorption of In atoms from the NP matrix occurs through the sublimation, generating nearly pure Pt NPs. These plasmonic Pt NPs exhibit strong absorption bands at the visible region due to the dipolar resonance with the relatively small NPs and along with the gradually improved NP uniformity, the width of extinction peak gradually becomes narrower. The larger Pt NPs demonstrate a slightly broader extinction band in the visible wavelength with the multipolar resonance mode. The significant improvement in the configuration and uniformity of Pt NPs are coherently discussed with the enhanced diffusion, sublimation, Rayleigh-like instability, energy minimization, and equilibrium configuration. The conventional limitation of SDD with the low diffusivity elements can be simply overcome by introducing an intermediate layer with the low surface energy and melting point, which can significantly enhance the dewetting of target system.","1941-0085","","10.1109/TNANO.2019.2904587","National Research Foundation of Korea(grant numbers:NRF-2016R1A1A1A05005009,NRF-2018R1A6A1A03025242); Kwangwoon University; ","https://ieeexplore.ieee.org/stamp/stamp.jsp?arnumber=8668696","Pt NPs;localized surface plasmon resonance;solid state dewetting;in sublimation;In-Pt bilayers","Nanostructures;Annealing;Surface morphology;Atomic layer deposition;Optical surface waves;Morphology;Metals","","8","","34","IEEE","17 Mar 2019","2019","","IEEE","IEEE Journals"
"Nanoscale Multiparametric Imaging of Peptide-Assembled Nanofibrillar Hydrogels by Atomic Force Microscopy","M. Li; N. Xi; Y. Wang; L. Liu","Institutes for Robotics and Intelligent Manufacturing, Chinese Academy of Sciences, Shenyang, China; Department of Industrial and Manufacturing Systems Engineering, The University of Hong Kong, Hong Kong; Institutes for Robotics and Intelligent Manufacturing, Chinese Academy of Sciences, Shenyang, China; Institutes for Robotics and Intelligent Manufacturing, Chinese Academy of Sciences, Shenyang, China",IEEE Transactions on Nanotechnology,"27 Mar 2019","2019","18","","315","328","Peptide-assembled hydrogels have emerged as a promising biomaterial for tissue engineering due to their controllable structures as well as biocompatible and biodegradable characteristics. However, the detailed situations of nanofibrillar mechanics during the formation of peptide-assembled hydrogels remain poorly understood. The advent of atomic force microscopy (AFM) provides a powerful tool for nanoscale characterizations and measurements of native biomaterials without pretreatments. In this paper, AFM peak force tapping multiparametric imaging was utilized to investigate the morphology and mechanics of individual nanofibrils during the gelation and degradation process of peptide-assembly hydrogels. Nanofibrillar hydrogels were fabricated by the self-assembly reactions of phenylalanine peptide molecules. AFM topography imaging distinctly visualized the diverse assembly behaviors of peptide-formed nanofibrils during the gelation and degradation of hydrogels, which were significantly correlated with the changes of nanofibrillar mechanics (Young's modulus, adhesion force, deformation, and persistence length) revealed by AFM mechanical imaging. The research provides a novel idea for nanoscale imaging and mechanical analysis of nanofibrillar behaviors in peptide-assembled hydrogels, which will have potential impacts on the characterization and design of supramolecular biomaterials.","1941-0085","","10.1109/TNANO.2019.2904583","National Natural Science Foundation of China(grant numbers:61873258,61503372,U1613220); ","https://ieeexplore.ieee.org/stamp/stamp.jsp?arnumber=8668704","Atomic force microscopy;peak force tapping;multiparametric imaging;peptide self-assembly;nanofibrillar hydrogels","Force;Imaging;Self-assembly;Peptides;Electron tubes;Degradation","","11","","82","IEEE","17 Mar 2019","2019","","IEEE","IEEE Journals"
"Subthreshold Characteristic Analysis and Models for Tri-Gate SOI MOSFETs Using Substrate Bias Induced Effects","D. Gola; B. Singh; P. K. Tiwari","Department of Electrical Engineering, Indian Institute of Technology Patna, Patna, India; Department of Electronics and Communication Engineering, Govind Ballabh Pant Institute of Engineering and Technology, Pauri, India; Department of Electrical Engineering, Indian Institute of Technology Patna, Patna, India",IEEE Transactions on Nanotechnology,"3 Apr 2019","2019","18","","329","335","This paper proposes the substrate bias voltage dependent subthreshold models of channel potential, threshold voltage, current, drain induced barrier lowering, and subthreshold swing for tri-gate silicon-on-insulator (SOI) MOSFETs (TG-MOSFETs). The substrate induced surface potential effect has also been included in the derived models. A quasi-three-dimensional (3-D) approach has been used to derive the minimum of channel potential, which is later used to derive models of threshold voltage, current, drain induced barrier lowering, and swing. The analytical results of TG-SOI MOSFET have been compared with the simulation results obtained from the Visual TCAD, a 3-D device simulator from Cogenda Pvt. Ltd.","1941-0085","","10.1109/TNANO.2019.2906567","Defense Research and Development Organization, Ministry of Defense, Government of India(grant numbers:CC/TM/ERIPR/GIA/1516/020); ","https://ieeexplore.ieee.org/stamp/stamp.jsp?arnumber=8675773","Subthreshold current;substrate bias;silicon-on-insulator MOSFETs;drain induced barrier lowering;subthreshold swing","Substrates;Electric potential;MOSFET;Logic gates;Mathematical model;Subthreshold current","","19","","28","IEEE","27 Mar 2019","2019","","IEEE","IEEE Journals"
"Enzymatic Urea Sensor Based on Graphene Oxide/Titanium Dioxide Films Modified by Urease-Magnetic Beads","J. -C. Chou; C. -Y. Wu; Y. -H. Liao; C. -H. Lai; S. -J. Yan; Y. -X. Wu; S. -H. Lin","Graduate School of Electronic Engineering, National Yunlin University of Science and Technology, Douliou, Taiwan; Graduate School of Electronic Engineering, National Yunlin University of Science and Technology, Douliou, Taiwan; Department of Information and Electronic Commerce Management, TransWorld University, Douliou, Taiwan; Graduate School of Electronic Engineering, National Yunlin University of Science and Technology, Douliou, Taiwan; Graduate School of Electronic Engineering, National Yunlin University of Science and Technology, Douliou, Taiwan; Graduate School of Electronic Engineering, National Yunlin University of Science and Technology, Douliou, Taiwan; Graduate School of Electronic Engineering, National Yunlin University of Science and Technology, Douliou, Taiwan",IEEE Transactions on Nanotechnology,"11 Apr 2019","2019","18","","336","344","In this paper, we proposed an enzymatic urea sensor using urease-magnetic beads (MBs) modified graphene oxide (GO)/titanium dioxide (TiO2) composite layers. The urea sensor was prepared by screen-printing technology and radio frequency sputtering. TiO2 sensing film was deposited onto polyethylene terephthalate substrate, which serves as an efficient matrix for immobilization of urease. Preparation of GO/TiO2 films was completed after GO being deposited onto the TiO2 film. Moreover, the characterization and sensing properties of the urea sensor were performed by energy dispersive spectrometer, scanning electron microscope, atomic force microscopy, electrochemical impedance spectroscopy, and voltage-time measurement system. The results indicated that the GO/TiO2 urea sensor enhances its performance of average sensitivity, response time, and drift rate after modifying the sensing membrane though MBs.","1941-0085","","10.1109/TNANO.2019.2907225","Ministry of Science and Technology of the People's Republic of China(grant numbers:MOST 105-2221-E-224-049,MOST 106-2221-E-224-047,MOST 107-2221-E-224-030); ","https://ieeexplore.ieee.org/stamp/stamp.jsp?arnumber=8677290","Enzymatic biosensor;urea detection;flexible substrate;Graphene oxide (GO);magnetic beads (MBs)","Films;Biosensors;Graphene;Surface treatment;Substrates;Voltage measurement","","15","","37","IEEE","29 Mar 2019","2019","","IEEE","IEEE Journals"
"Practical Mobility Estimations for Transistors With 1-D Channels Based on the Landauer–Büttiker Equation","A. Pacheco-Sanchez; M. Claus","Chair for Electron Devices and Integrated Circuits, Technische Universität Dresden, Dresden, Germany; Chair for Electron Devices and Integrated Circuits and the Center for Advancing Electronics Dresden, Technische Universität Dresden, Dresden, Germany",IEEE Transactions on Nanotechnology,"11 Apr 2019","2019","18","","345","350","Practical mobility expressions are derived for transistors with one-dimensional (1-D) semiconductors in the channel, such as carbon nanotubes (CNTs) based on the 1-D Landauer-Büttiker equation covering the ballistic as well as the non-ballistic transport regime. By decomposing the impact of serial resistances capturing the voltage drops across the metal-CNT interfaces and the supply lines as well as the impact associated with the quantum resistance, definitions for the mobility have been derived allowing a meaningful evaluation of the semiconductor material. The definitions involve measurable quantities in contrast to previous publications with hidden quantities and they are applied to synthetic and experimental data of single-tube CNT field-effect transistors of different channel lengths, Schottky barrier heights, diameters, and doping. Peak extracted mobility values agree with results from a physics-based diameter-dependent mobility model. The length-independent channel mobility obtained in this work is a useful parameter for technology evaluation, especially for short channel devices.","1941-0085","","10.1109/TNANO.2019.2907466","Center for Advancing Electronics Dresden(grant numbers:SCHR 695/6,CL384/2); ","https://ieeexplore.ieee.org/stamp/stamp.jsp?arnumber=8678690","Length-independent mobility;1D channel;CNTFET","Logic gates;CNTFETs;Scattering;Resistance;Semiconductor device measurement;Contacts","","2","","30","IEEE","31 Mar 2019","2019","","IEEE","IEEE Journals"
"Study on the Effects of the Machining Parameters on the Fabrication of Nanoscale Pits Using the Dynamic Plowing Lithography Approach","Y. He; Y. Yan; J. Wang; Y. Geng; B. Xue; X. Zhao","Key Laboratory of Micro-Systems and Micro-Structures Manufacturing of Ministry of Education and the Center for Precision Engineering, Harbin Institute of Technology, Harbin, China; Key Laboratory of Micro-Systems and Micro-Structures Manufacturing of Ministry of Education and the Center for Precision Engineering, Harbin Institute of Technology, Harbin, China; Key Laboratory of Micro-Systems and Micro-Structures Manufacturing of Ministry of Education and the Center for Precision Engineering, Harbin Institute of Technology, Harbin, China; Key Laboratory of Micro-Systems and Micro-Structures Manufacturing of Ministry of Education and the Center for Precision Engineering, Harbin Institute of Technology, Harbin, China; Key Laboratory of Micro-Systems and Micro-Structures Manufacturing of Ministry of Education and the Center for Precision Engineering, Harbin Institute of Technology, Harbin, China; Key Laboratory of Micro-Systems and Micro-Structures Manufacturing of Ministry of Education and the Center for Precision Engineering, Harbin Institute of Technology, Harbin, China",IEEE Transactions on Nanotechnology,"22 Apr 2019","2019","18","","351","357","The dynamic plowing lithography approach is employed to fabricate nanoscale pits on polymer thin films with a high throughput based on a commercial atomic force microscope (AFM) in this study. The effects of the drive amplitude ratio and the molecular weight on the fabrication of the nanoscale pits are investigated first on the poly(methyl methacrylate) (PMMA) thin films. In particular, the critical value for the transformation of the grooves to the pits and the ratio of the experimental distance between the adjacent two pits and the calculation distance between adjacent penetrations of the AFM probe are assessed. Results show that the drive amplitude ratio and the molecular weight have little influence on the machining outcomes. The critical value is evaluated as around 100 μm/s, and the ratio described above is varied in the range of 60–80 times. As a contrast, the polycarbonate and polystyrene thin films are selected. The corresponding critical value can be evaluated as 20–30 μm/s, which is much smaller than that obtained on the PMMA thin film. The possible reason can be explained as the change of the surface elastic modulus. While the ratio of the pits distance is almost in the same range with the results given for the PMMA thin film. Furthermore, a lower drive frequency is also chosen to scratch on the polymer surface. However, only nanogrooves can be created even the scratching velocity reaches to 1000 μm/s. In this case, the machined depth of the nanogrooves is varied with the scratching velocity in the whole range of scratching velocity. Finally, 8-bit ASCII code could be obtained with the arrays of the pits with eight columns for the meaning of figures or symbols.","1941-0085","","10.1109/TNANO.2019.2904336","National Natural Science Foundation of China(grant numbers:51675134,51705104); National Natural Science Foundation of China(grant numbers:51521003); Ministry of Education(grant numbers:2017KM005); Fundamental Research Funds for the Central Universities(grant numbers:NSRIF. 2018 35); ","https://ieeexplore.ieee.org/stamp/stamp.jsp?arnumber=8668692","AFM;dynamic plowing lithography (DPL);nano-scale pit;polymer","Nanoscale devices;Polymers;Fabrication;Lithography;Surface treatment;Films;Throughput","","8","","27","IEEE","17 Mar 2019","2019","","IEEE","IEEE Journals"
"Optical and Piezoelectric Properties of Strained Orthorhombic PdS2","S. Deng; M. Tao; J. Mei; M. Li; Y. Zhang; L. Li","School of Logistic Engineering, Wuhan University of Technology, Wuhan, China; School of Logistic Engineering, Wuhan University of Technology, Wuhan, China; School of Logistic Engineering, Wuhan University of Technology, Wuhan, China; Department of Physics, Wuhan University of Technology, Wuhan, China; School of Physics, University of Electronic Science and Technology, Chengdu, China; Systems and Process Engineering Centre, College of Engineering, Swansea University, Swansea, U.K.",IEEE Transactions on Nanotechnology,"16 Apr 2019","2019","18","","358","364","We investigate optical and piezoelectric properties of the orthorhombic PdS2 under symmetrical biaxial tensile strains with various magnitudes. The ab initio simulation results found that the peaks of the refractive index, extinction coefficient, absorption coefficient, and reflectivity of the orthorhombic PdS2 red-shift with the tensile strains. Specifically, we discover that the absorption coefficient of the strained orthorhombic PdS2 (4.01 × 105 /cm -5.52 × 105 /cm) is much higher than traditional optoelectronics, piezoelectric, and piezophototronic materials such as Si, Ge, GaInAs, ZnO, and monolayer MoS2 demonstrating much wider absorption spectrum (670-1033 nm). Moreover, the piezoelectric constant of the orthorhombic PdS2 is calculated from 0% to 8% tensile strains. Simulation results show the orthorhombic PdS2 with 4% tensile strain has a strong piezoelectric effect (1.33 C/m2), which is 100-5000 times higher than other deformation magnitudes. The results indicate that the orthorhombic PdS2 will have potential application in piezophotonic and piezoelectric devices.","1941-0085","","10.1109/TNANO.2019.2908221","China Scholarship Council; ","https://ieeexplore.ieee.org/stamp/stamp.jsp?arnumber=8681734","Optical property;piezoelectric property;PdS2;mechanical strain","Tensile strain;Refractive index;Absorption;Dielectric constant;Reflectivity;Extinction coefficients","","6","","43","IEEE","4 Apr 2019","2019","","IEEE","IEEE Journals"
"Effects of Optical Resonance on the Performance of Metal (Pd, Au)/CdSe Quantum Dots (QDs)/ZnO QDs Optical Cavity Based Spectrum Selective Photodiodes","H. Kumar; Y. Kumar; B. Mukherjee; G. Rawat; C. Kumar; B. N. Pal; S. Jit","Department of Electronics Engineering, Jaypee Institute of Information Technology-Noida, Noida, India; Department of Electronics Engineering, Jaypee Institute of Information Technology-Noida, Noida, India; Department of Metallurgical Engineering, Indian Institute of Technology (Banaras Hindu University, Varanasi, India; Department of Electronics Engineering, Jaypee Institute of Information Technology-Noida, Noida, India; Department of Electronics Engineering, Indian Institute of Technology (Banaras Hindu University), Varanasi, India; School of Material Science and Technology, Indian Institute of Technology (Banaras Hindu University), Varanasi, India; Department of Electronics Engineering, Indian Institute of Technology (Banaras Hindu University), Varanasi, India",IEEE Transactions on Nanotechnology,"16 Apr 2019","2019","18","","365","373","In this paper, we have reported the effect of optical resonance on the spectrum selectivity, external quantum efficiency (EQE), and time response of Metal (Pd, Au)/CdSe quantum dots (QDs)/ZnO QDs optical cavity based Schottky photodiodes on the ITO coated glass substrates. The CdSe QDs layer acts as the active layer while the ZnO QDs layer act as the electron transport layer (ETL) as well as a filter layer. The optical illumination is coupled into the device through the substrate side to enhance the optical absorption in the active layer due to multiple reflections from both metal (Pd, Au)/ CdSe QDs and CdSe QDs/ZnO QDs interfaces. The measured photoresponse over the 350-650 nm gives ~61 nm (190 nm), 2.21% (0.87%), and 17.15 ms (28.9 ms) values for the full width at half maximum (FWHM), EQE, and response time of Pd (Au)/CdSe QDs based Schottky photodiodes, respectively. The improvements in the spectrum selectivity, EQE, and response time due to the change in the Schottky electrode from Au to Pd are attributed to higher reflection characteristic of the Pd/CdSe QDs interface than that of the Au/CdSe QDs interface which are duly justified by measured results and theoretical models presented in this paper. An improved responsivity with reduced FWHM obtained by merely replacing the Au by Pd is possibly reported for the first time for the spectrum selective photodetectors.","1941-0085","","10.1109/TNANO.2019.2907529","","https://ieeexplore.ieee.org/stamp/stamp.jsp?arnumber=8678695","Solution-processed;CdSe QDs;spectrum selective photodetector;Schottky diode;quantum dots","II-VI semiconductor materials;Cadmium compounds;Photodiodes;Optical filters;Gold;Zinc oxide","","16","","27","IEEE","31 Mar 2019","2019","","IEEE","IEEE Journals"
"Robustness to Voltage Noise With Ring Oscillator Clocks","L. Machado; A. Roca; J. Cortadella","Universitat Politecnica de Catalunya, Barcelona, Catalunya, ES; Universitat Politecnica de Catalunya, Barcelona, Catalunya, ES; Universitat Politecnica de Catalunya, Barcelona, Catalunya, ES",IEEE Transactions on Nanotechnology,"16 Apr 2019","2019","18","","374","384","Voltage noise is the main source of dynamic variability in integrated circuits and a major concern for the design of power delivery networks (PDNs). Lower supply voltages were made possible with technology scaling, but power density was also increased. Consequently, power integrity became a key factor in the design of reliable high performance circuits. Ring oscillators clocks (ROCs) have been proposed as an alternative to mitigate the negative effects of voltage noise. However, the effectiveness highly depends on the design parameters of the PDN, power consumption patterns, and spatial locality of the ROC within the clock domain. This paper analyzes the impact of the PDN parameters and ROC location on the voltage noise and the robustness achieved by using ROCs. The capability of reacting instantaneously to large voltage droops makes ROCs an attractive solution, which also allows to relax the constraints required for the PDN design. The experiments show that up to 83% of the margins for voltage noise and up to 27% of the total leakage power can be reduced by using ROCs. In addition, PDN simplifications are possible, with fewer power interconnections or package decoupling capacitors of lower quality. Tolerance to voltage noise and related benefits can be increased with multiple ROCs.","1941-0085","","10.1109/TNANO.2019.2908946","CNPq; Conselho Nacional de Desenvolvimento Científico e Tecnológico—Brasil; Spanish Ministry for Economy and Competitiveness and the European Union(grant numbers:TIN2017-86727-C2-1-R); Generalitat de Catalunya(grant numbers:2017 SGR 786); ","https://ieeexplore.ieee.org/stamp/stamp.jsp?arnumber=8684773","Ring oscillators;voltage noise;adaptive clocking;power delivery network;multiple clock domains","Clocks;Delays;Phase locked loops;Ring oscillators;Impedance;System-on-chip","","1","","25","IEEE","9 Apr 2019","2019","","IEEE","IEEE Journals"
"Investigation of PBTI Degradation in Nanosheet nFETs With HfO2 Gate Dielectric by 3D-KMC Method","W. Chen; L. Cai; Y. Li; K. Wang; X. Zhang; X. Liu; G. Du","Institute of Microelectronics, Peking University, Beijing, China; Institute of Microelectronics, Peking University, Beijing, China; Institute of Microelectronics, Peking University, Beijing, China; Institute of Microelectronics, Peking University, Beijing, China; Institute of Microelectronics, Peking University, Beijing, China; Institute of Microelectronics, Peking University, Beijing, China; Institute of Microelectronics, Peking University, Beijing, China",IEEE Transactions on Nanotechnology,"22 Apr 2019","2019","18","","385","391","Stacked nanosheet transistor (NST) has been regarded as a promising candidate to enable scaling beyond FinFET for the sub-5 nm technology node due to the superior performance. However, reliability optimization from the physical perspective, which is essential for the guideline of NST cell design, still remains unclear. In this paper, we investigate positive bias temperature instability (PBTI) degradation in the ultra-scaled n-type NST with HfO2 gate dielectric by three-dimensional-kinetic Monte Carlo method considering multiple microscopic mechanisms. Gate voltage bias and temperature dependent PBTI characteristics are presented. Furthermore, the impacts of width (Wsh) and height (Hsh), key design parameters for NST, on PBTI degradation and threshold voltage shift (ΔVth) variation are evaluated. The results show that with the larger Wsh/Hsh, PBTI becomes severer but suffers less variation and the high temperature enlarges ΔVth variation. In the case of same device perimeter, PBTI is more sensitive to the narrow Hsh side.","1941-0085","","10.1109/TNANO.2019.2909951","National High-Tech R&D Program (863 Program)(grant numbers:2015AA016501); National Natural Science Foundation of China(grant numbers:2016YFA0202101,61674008,61421005); ","https://ieeexplore.ieee.org/stamp/stamp.jsp?arnumber=8691706","Nanosheet;3D-KMC;positive bias temperature instability (PBTI);threshold voltage shift;variation;HfO $_{2}$  gate dielectric;multi-trap","Logic gates;Dielectrics;Stress;Degradation;Hafnium compounds;Temperature;Reliability","","2","","31","IEEE","14 Apr 2019","2019","","IEEE","IEEE Journals"
"Analysis of Silicon Racetrack Modulator Employing Coupling Modulation via Active MMI Coupler","S. Pal; S. Gupta","Department of Electrical Engineering, Indian Institute of Technology Patna, Patna, India; Department of Electrical Engineering, Indian Institute of Technology Patna, Patna, India",IEEE Transactions on Nanotechnology,"26 Apr 2019","2019","18","","392","400","In this paper, we propose and analyze the performance of a high-speed racetrack resonator (RTR)-based intensity modulator, which uses coupling coefficient modulation. The proposed modulator is realizable on the standard 220-nm silicon-on-insulator platform. The intensity modulation is achieved by modulating the coupling coefficient between the RTR and the access waveguide using a lateral p-i-n-diode-based active multimode interference (MMI) coupler. The coupling coefficient modulation has been achieved by creating a small perturbation in the refractive index profile inside the active MMI coupler. Theoretical analysis of the proposed modulator using the first-order perturbation theory and time-dependent dynamic model is presented. Analysis and simulation showed that the proposed modulator offers minimum 15.1 dB of static extinction ratio (ER) and ~5.4 dB of dynamic ER at 32 Gb/s data rate. It has been shown that the modulator can be designed for both 0.8 and 1.6 nm free spectral range and the required driving voltage is ~1.3 V. Both transient analysis and the small-signal model of the proposed modulator verify the maximum operating speed up to 32 Gb/s. Also, our analysis predicts that the power dissipation for the proposed modulator at 32 Gb/s is approximately 2.97 mW and thus, the energy dissipation per bit is ~86 fJ.","1941-0085","","10.1109/TNANO.2019.2909147","Ministry of Human Resource Development; ","https://ieeexplore.ieee.org/stamp/stamp.jsp?arnumber=8685712","Racetrack resonator;lateral PIN diode;coupling modulation;plasma dispersion effect;MMI","Modulation;Couplers;Couplings;Optical waveguides;Optical resonators;Optical coupling;Silicon","","2","","32","IEEE","11 Apr 2019","2019","","IEEE","IEEE Journals"
"Numerical Simulation and Parametric Study of Carbon Deposition During Graphene Growth in PECVD System","M. Kumar; S. Khanna; N. Gupta; R. Gupta; S. C. Sharma","Department of Applied Physics, Delhi Technological University, Delhi, India; Department of Applied Physics, Delhi Technological University, Delhi, India; Department of Applied Physics, Delhi Technological University, Delhi, India; Department of Applied Physics, Delhi Technological University, Delhi, India; Department of Applied Physics, Delhi Technological University, Delhi, India",IEEE Transactions on Nanotechnology,"1 May 2019","2019","18","","401","411","The aim of the present work is to understand the carbon deposition during graphene growth in plasma enhanced chemical vapor deposition system containing Ar/C2H2/H2 gas mixture and to optimize the process parameters for the enhanced growth of graphene. In this regard, many numerical simulations have been carried out using two-dimensional axis-symmetrical inductively coupled plasma module in COMSOL multi physics 5.2a simulation software. From the simulation outcomes, it is found that the electron density, electron energy density, electric potential, and collisional power losses decrease with an increase in temperature. The number densities of various dominant ions were found to decrease and number densities of dominant neutrals were found to increase with an increase in temperature. During the carbon deposition, the formation of non-uniform horizontal graphene layer has been observed along the substrate and vertically oriented graphene sheet has been observed at the edges of the substrate. It is found that the thickness of horizontal graphene along the substrate and height of vertical graphene at the edges of the substrate increases with an increase in gas temperature. Moreover, the reduction in the carbon deposition on the substrate (growth of parallel graphene) and enhanced growth of vertical graphene sheet have been observed on applying substrate biasing. Our numerical simulation results are in good agreement with existing experimental observations and confirms the adequacy of the computational and simulation approach.","1941-0085","","10.1109/TNANO.2019.2910173","","https://ieeexplore.ieee.org/stamp/stamp.jsp?arnumber=8691699","COMSOL;graphene;ICP;PECVD;substrate biasing;temperature;vertically oriented graphene","Substrates;Graphene;Plasma temperature;Mathematical model;Coils","","3","","39","IEEE","14 Apr 2019","2019","","IEEE","IEEE Journals"
"Baseline Drift Improvement Through Investigating a Novel Ag Doped SnO2/ZnO Nanocomposite for Selective Ethanol Detection","A. Beniwal; S. Kumar; Sunny","Department of Electronics and Communication Engineering, Indian Institute of Information Technology, Allahabad, India; Department of Electronics and Communication Engineering, Indian Institute of Information Technology, Allahabad, India; Department of Electronics and Communication Engineering, Indian Institute of Information Technology, Allahabad, India",IEEE Transactions on Nanotechnology,"1 May 2019","2019","18","","412","420","The present work investigates the baseline resistance stability with a novel Ag doped SnO2/ZnO nanocomposite for ethanol detection. A facile and cost effective sol-gel spin coating technique was used to fabricate a progression series of gas sensors using Ag (2%wt.) doping in each SnO2/ZnO composites viz. SnO2 (100% wt.)/ZnO (0%wt.), SnO2 (95%wt.)/ZnO (5%wt.), SnO2 (75% wt.)/ZnO (25%wt.), and SnO2 (50%wt.)/ZnO (50%wt.) compositions. Sol-gel spin coated samples were characterized by X-ray diffraction, energy-dispersive X-ray spectroscopy, and scanning electron microscopy to investigate the structural, elements composition, and morphological analysis, respectively. High resolution transmission electron microscopy was used for obtaining the detailed structural information of the nanocomposite. The ethanol sensing properties of the fabricated sensors were investigated in order to analyze the baseline stability along with observing the minimum (Tmin) and optimum (Topt) temperature of operation. Observed tradeoff between the % response and baseline stability improvement is explained on the basis of crystallite size and agglomeration of interwoven nanograins in the structure. Analyte sensing results revealed that Ag doped SnO2 (50%wt.)/ZnO (50%wt.) composite exhibited maximum baseline resistance stability along with appreciable % response, high selectivity and appreciable response/recovery time towards ethanol detection at low operating temperature.","1941-0085","","10.1109/TNANO.2019.2912497","Indian Institute of Information Technology-Allahabad(grant numbers:GRN-IIIT-A/DR); ","https://ieeexplore.ieee.org/stamp/stamp.jsp?arnumber=8700620","Baseline stability;ethanol sensor;metal oxides;nanocomposite;response;selectivity","Thermal stability;Stability analysis;Temperature sensors;Ethanol;Resistance;Zinc oxide","","10","","62","IEEE","26 Apr 2019","2019","","IEEE","IEEE Journals"
"Thermoelectric Cooling Read for Resolving Read Disturb With Inrush Current Issue in OTS-PRAM","H. K. Park; T. H. Choi; H. K. Ahn; S. -O. Jung","Samsung Electronics Co., Ltd., Yongin-si, Korea; Samsung Electronics Co., Ltd., Yongin-si, Korea; School of Electrical and Electronic Engineering, Yonsei University, Seoul, Korea; School of Electrical and Electronic Engineering, Yonsei University, Seoul, Korea",IEEE Transactions on Nanotechnology,"1 May 2019","2019","18","","421","431","Phase change random access memory with ovonic threshold switch (OTS-PRAM) has been recently highlighted as an alternative to dynamic random access memory to meet the demand for memory capacity expansion in multicore processing. However, read disturb with inrush current (RDI) occurs owing to the snapback phenomenon caused by the threshold switching of the OTS selector in the OTS-PRAM cell, which should be resolved for realizing the practical use of OTS-PRAM. In this study, the RDI is analyzed in detail for the first time. Based on this analysis, a novel thermoelectric cooling read technique (TCR) that utilizes the thermoelectric effect in the storage material of the OTS-PRAM is proposed for effectively resolving the RDI issue. The proposed TCR is verified using the Sentaurus TCAD simulator, and a core structure with the proposed TCR is evaluated. HSPICE simulation results with a memory industry-compatible 0.25-μm core circuit design rule for 20-nm PRAM technology show that the proposed TCR has a power gain of 67%, system performance improvement of 13.9%, and slight area overhead of 3% as compared to the SET-back write technique, which was the most promising technique for resolving the RDI issue until now.","1941-0085","","10.1109/TNANO.2019.2910846","","https://ieeexplore.ieee.org/stamp/stamp.jsp?arnumber=8693910","Inrush current;OTS-PRAM;ovonic threshold switch;phase change memory;read disturb;thermoelectric effect","Surges;Switches;Random access memory;Resistance;Sensors;Threshold voltage;Multicore processing","","10","","37","IEEE","18 Apr 2019","2019","","IEEE","IEEE Journals"
"Identification of the Frequency- and Voltage-Dependent Dielectric Characterization of Metal-Zn/PVA-Semiconductor Structures","S. O. Tan","Electronics and Automation Department, Karabuk University, Karabük, Turkey",IEEE Transactions on Nanotechnology,"3 May 2019","2019","18","","432","436","Admittance measuring methods were applied for the dielectric characterization of a fabricated metal-semiconductor structure, which has a 150-nm polymer interlayer doped with Zn. The components of complex electric modulus and dielectric constant, loss tangent, and the ac electric conductivity parameters of this structure were calculated at room temperature. Distinct frequencies and applied biases lead to extreme changes in all acquired parameters. This alteration was seen as an increment in dielectric constant and loss tangent in view of surface states presence and dipole polarizations. The frequency increment also leads to an increase in electric modulus related with the dielectric relaxation of the polarizations and dipoles. In addition to these results, comparing with a 50-nm interlayered structure, the increment in the thickness of the interlayer increases the dielectric constant and electric modulus and reveals capacitor properties of the structure.","1941-0085","","10.1109/TNANO.2019.2912026","","https://ieeexplore.ieee.org/stamp/stamp.jsp?arnumber=8698457","Nano-structures;dielectric properties;interlayer;polymer;frequency dependence","Polymers;Conductivity;Dielectric constant;Zinc;Dielectric losses","","16","","33","IEEE","24 Apr 2019","2019","","IEEE","IEEE Journals"
"A Silicon-Based Hybrid Plasmonic Waveguide for Nano-Scale Optical Confinement and Long Range Propagation","J. Wang; Y. -X. Guo; B. -H. Huang; S. -P. Gao; Y. -S. Xia","Faculty of Electrical Engineering and Computer Science, Ningbo University, Ningbo, P. R. China; Department of Electrical and Computer Engineering, National University of Singapore, Singapore, Singapore; Department of Electrical and Computer Engineering, National University of Singapore, Singapore, Singapore; Department of Electrical and Computer Engineering, National University of Singapore, Singapore, Singapore; Faculty of Electrical Engineering and Computer Science, Ningbo University, Ningbo, P. R. China",IEEE Transactions on Nanotechnology,"3 May 2019","2019","18","","437","444","A silicon-based hybrid plasmonic waveguide for nano-scale optical confinement and long range propagation at λ = 1.55 μm has been proposed in this paper. This structure is based on a silicon-on-insulator rib and its top is with a metal cap. Through introducing a ridge on the top of the silicon layer, it can improve the performance of the confinement and the loss significantly. Further parameter studies are carried out by using finite element method (FEM) and the numerical results show that this design has lower loss (propagation length over 200 μm) and better confinement (effective mode area below 0.05) as compared with the traditional hybrid ones. Additionally, further extension and discussion of the width restriction and fabrication error are also taken into account for real application in the last part of this paper. Our design may serve as a potential choice for various nano-photonic components, especially for plasmonic waveguide design.","1941-0085","","10.1109/TNANO.2019.2911333","National Natural Science Foundation of China(grant numbers:61671257,61631012); National Research Foundation; Prime Minister's Office Singapore(grant numbers:NRF-CRP17-2017-08); K. C. Wong Magna Fund in Ningbo University; ","https://ieeexplore.ieee.org/stamp/stamp.jsp?arnumber=8694949","Nano-photonics;surface plasmon polariton;hybrid plasmonic waveguide;propagation length","Silicon;Optical waveguides;Metals;Plasmons;Waveguide discontinuities;Propagation losses;Indexes","","32","","27","IEEE","22 Apr 2019","2019","","IEEE","IEEE Journals"
"Deriving a Lumped Element Surface Impedance Model for Periodic Arrays of Graphene Micro-Rings","M. S. A. Naeini; M. Maddahali; A. Bakhtafrouz","Department of Electrical and Computer Engineering, Isfahan University of Technology, Isfahan, Iran; Department of Electrical and Computer Engineering, Isfahan University of Technology, Isfahan, Iran; Department of Electrical and Computer Engineering, Isfahan University of Technology, Isfahan, Iran",IEEE Transactions on Nanotechnology,"3 May 2019","2019","18","","445","452","In this paper, a lumped element circuit model for a periodic array of Graphene rings is derived using analytical procedures. The computations are in the subwavelength regime and under normal incidence. It is shown that the model is also valuable for a single Graphene ring. The methodology includes solving the surface current integral equation for the rings by designing an eigenvalue problem. The absorption spectrum of proposed model is compared with full-wave simulations to verify the model accuracy. Furthermore, inspection of the simulation results for different Fermi energies and unit cell dimensions, helped us examine the validity of analytical formulas. This model opens up the way to control the structure performance and refine it in favor of our requirements for different applications.","1941-0085","","10.1109/TNANO.2019.2911961","","https://ieeexplore.ieee.org/stamp/stamp.jsp?arnumber=8698442","Graphene rings;equivalent circuit model;periodic arrays","Graphene;Eigenvalues and eigenfunctions;Integrated circuit modeling;Mathematical model;Optical surface waves;Conductivity;Absorption","","14","","27","IEEE","24 Apr 2019","2019","","IEEE","IEEE Journals"
"Electric-Field Inputs for Molecular Quantum-Dot Cellular Automata Circuits","E. Blair","Department of Electrical and Computer Engineering, Baylor University, Waco, TX, USA",IEEE Transactions on Nanotechnology,"8 May 2019","2019","18","","453","460","Quantum-dot cellular automata (QCA) is a low-power, non-von-Neumann, general-purpose paradigm for classical computing using transistor-free logic. An elementary QCA device called a “cell” is made from a system of coupled quantum dots with a few mobile charges. The cell's charge configuration encodes a bit, and quantum charge tunneling within a cell enables device switching. Arrays of cells networked locally via the electrostatic field form QCA circuits, which mix logic, memory and device interconnections. A molecular QCA implementation promises ultra-high device densities, high switching speeds, and room-temperature operation. We propose a novel approach to the technical challenge of transducing bits from larger conventional devices to nanoscale QCA molecules. This signal transduction begins with lithographically formed electrodes placed on the device plane. A voltage applied across these electrodes establishes an in-plane electric field, which selects a bit packet on a large QCA input circuit. A typical QCA binary wire may be used to transmit a smaller bit packet of size more suitable for processing from this input to other QCA circuitry. In contrast to previous concepts for bit inputs to molecular QCA, this approach requires neither special QCA cells with fixed states nor nanoelectrodes that establish fields with single-electron specificity. A brief overview of the QCA paradigm is given. Proof-of-principle simulation results are shown, demonstrating the input concept in circuits made from two-dot QCA cells. Importantly, this concept for bit inputs to molecular QCA may enable solutions to or provide insights into other challenges to the realization of molecular QCA, such as the demonstration of molecular device switching, the read-out of molecular QCA states, and the layout of molecular QCA circuits.","1941-0085","","10.1109/TNANO.2019.2910823","Baylor University; ","https://ieeexplore.ieee.org/stamp/stamp.jsp?arnumber=8693662","Computers and information processing;molecular computing;bit write-in;input circuits","Quantum dots;Electrodes;Electrostatics;Switches;Couplings;Tunneling;Wires","","30","","34","IEEE","17 Apr 2019","2019","","IEEE","IEEE Journals"
"Fabrication and Electrochemical Impedance Analysis of Dye-Sensitized Solar Cells With Titanium Dioxide Compact Layer and Graphene Oxide Dye Absorption Layer","J. -C. Chou; C. -C. Lu; Y. -H. Liao; C. -H. Lai; Y. -H. Nien; C. -H. Kuo; C. -C. Ko","Graduate School of Electronic Engineering, National Yunlin University of Science and Technology, Douliou, Taiwan, R.O.C.; Department of Electronic Engineering, National Yunlin University of Science and Technology, Douliou, Taiwan, R.O.C.; Department of Information and Electronic Commerce Management, TransWorld University, Yunlin, Taiwan, R.O.C.; Graduate School of Electronic Engineering, National Yunlin University of Science and Technology, Douliou, Taiwan, R.O.C.; Graduate School of Chemical and Materials Engineering, National Yunlin University of Science and Technology, Douliou, Taiwan, R.O.C.; Graduate School of Electronic Engineering, National Yunlin University of Science and Technology, Douliou, Taiwan, R.O.C.; Graduate School of Electronic Engineering, National Yunlin University of Science and Technology, Douliou, Taiwan, R.O.C.",IEEE Transactions on Nanotechnology,"14 May 2019","2019","18","","461","466","Two different structures of titanium dioxide (TiO2) photoelectrode were fabricated to test for possible improvements in the photovoltaic properties of dye-sensitized solar cells (DSSCs). In the first layer, a TiO2 compact layer was deposited by radio frequency sputtering. It was able to transmit abundantly and showed excellent electron transport. The second layer of TiO2 photoelectrode was the dye absorption layer, which was composed of TiO2+graphene oxide (GO). The high specific surface area of GO increased the adsorption of dye molecules. The photovoltaic conversion efficiency (η), charge transport properties of the DSSC with a compact layer and a dye absorption layer were measured using electrochemical impedance spectroscopy. Experiment results showed η of the DSSC with a compact layer and a dye absorption layer achieved 3.15% because the electron transportation of DSSC had been enhanced by a compact layer and a dye absorption layer.","1941-0085","","10.1109/TNANO.2019.2913537","Ministry of Science and Technology, Republic of China(grant numbers:MOST 104-2221-E-224-030,MOST 105-2221-E-224-049,MOST 107-2221-E-224-030); ","https://ieeexplore.ieee.org/stamp/stamp.jsp?arnumber=8705005","Dye-sensitized solar cell;compact layer;radio frequency sputtering;graphene oxide;electrochemical impedance spectroscopy","Absorption;Photovoltaic cells;Photovoltaic systems;Powders;Annealing;Graphene","","14","","24","IEEE","2 May 2019","2019","","IEEE","IEEE Journals"
"Thermally Assisted Magneto Resistance and Spin-Filtration in Single Layer MoS2","S. Choudhary; S. Singla","National Institute of Technology, Kurukshetra, India; National Institute of Technology, Kurukshetra, India",IEEE Transactions on Nanotechnology,"14 May 2019","2019","18","","467","472","We investigate the dependence of spin polarized transport properties on temperature in single-layer ferromagnetic molybdenum disulfide (MoS2). The density functional theory alongside the nonequilibrium Green's function formulation is utilized for spin polarized transport calculations. The spin dependent transmission spectrum and current are computed to clarify the impact of temperature on spin filtration and spin Seebeck effect. A high estimation of spin polarization efficiency of nearly ~100% is accomplished at small range of values of temperature difference. Large temperature distinction between left electrode (TL) and right electrode (TR) results in small spin polarization efficiency. The results suggest a thermal giant magneto-resistance (MR) of ~2.16 × 103%, which advances with advancement in temperature gradient/difference (ΔT) among left and right electrode, MR additionally relies upon TL. The magnificent attributes, for example, high magnetoresistance and near perfect spin polarization suggests the potential of MoS2 material in applications based on spin caloritronics.","1941-0085","","10.1109/TNANO.2019.2911324","","https://ieeexplore.ieee.org/stamp/stamp.jsp?arnumber=8694966","Spin caloritronics;spin polarization efficiency;single layer MoS $_{2}$ ;magneto resistance (MR)","Electrodes;Molybdenum;Sulfur;Temperature dependence;Thermoelectricity;Temperature;Magnetic domains","","3","","35","IEEE","22 Apr 2019","2019","","IEEE","IEEE Journals"
"Spintronic Processing Unit Within Voltage-Gated Spin Hall Effect MRAMs","H. Zhang; W. Kang; B. Wu; P. Ouyang; E. Deng; Y. Zhang; W. Zhao","Fert Beijing Research Institute, Beijing Advanced Innovation Center for Big Data and Brain Computing, and School of Microelectronics, Beihang University, Beijing, China; Fert Beijing Research Institute, Beijing Advanced Innovation Center for Big Data and Brain Computing, and School of Microelectronics, Beihang University, Beijing, China; Fert Beijing Research Institute, Beijing Advanced Innovation Center for Big Data and Brain Computing, and School of Microelectronics, Beihang University, Beijing, China; Fert Beijing Research Institute, Beijing Advanced Innovation Center for Big Data and Brain Computing, and School of Microelectronics, Beihang University, Beijing, China; Fert Beijing Research Institute, Beijing Advanced Innovation Center for Big Data and Brain Computing, and School of Microelectronics, Beihang University, Beijing, China; Fert Beijing Research Institute, Beijing Advanced Innovation Center for Big Data and Brain Computing, and School of Microelectronics, Beihang University, Beijing, China; Fert Beijing Research Institute, Beijing Advanced Innovation Center for Big Data and Brain Computing, and School of Microelectronics, Beihang University, Beijing, China",IEEE Transactions on Nanotechnology,"14 May 2019","2019","18","","473","483","Realization of the unity of processing and storage in the same chip/die has initialized a promising research direction of processing-in-memory (PIM), attempting to address the “memory wall” challenge in typical von-Neumann computing architectures. Nevertheless, there still exist many issues, which require an efficient implementation of PIM. In this paper, we propose a novel PIM paradigm and architecture to support a spintronic processing unit (SPU), within voltage-gated spin Hall effect driven MRAMs. Different from previous studies, the data initially stored in the memory units are treated as logic input operands and the logic output results are in situ stored in the memory units themselves. More importantly, the proposed SPU works just like a typical memory, and all the logic functions are achieved through regular memory-like read/write operations. Besides, a 1-b full adder based on different array structures (including typical array and crossbar array) is implemented and the possibility of block parallel is discussed. Furthermore, we propose a novel reconfigure architecture, which efficiently translates logical tasks into concrete regular memory-like read/write operations, to support the SPU. Under the 40 nm process technology node, the proposed 1-b full adder can achieve ~20.00 ns/b (~8.33 ns/b) and ~63.8 fJ/b (~77.35 fJ/b) based on the typical array (crossbar array) structure.","1941-0085","","10.1109/TNANO.2019.2914009","National Natural Science Foundation of China(grant numbers:61871008,61501013,61571023); National Key Technology Program of China(grant numbers:2017ZX01032101); International Mobility Project(grant numbers:B16001,2015DFE12880); ","https://ieeexplore.ieee.org/stamp/stamp.jsp?arnumber=8706951","Spintronic processing unit (SPU);voltage-gated Spin Hall Effect MRAMs;processing-in-memory (PIM);non-von-Neumann computing architectures","Logic functions;Switches;Computer architecture;Resistance;Magnetic tunneling;Spintronics;Hall effect","","26","","43","IEEE","6 May 2019","2019","","IEEE","IEEE Journals"
"The Flexible Urea Biosensor Using Magnetic Nanoparticles","J. -C. Chou; C. -Y. Wu; P. -Y. Kuo; C. -H. Lai; Y. -H. Nien; Y. -X. Wu; S. -H. Lin; Y. -H. Liao","Graduate School of Electronic Engineering, National Yunlin University of Science and Technology, Douliou, R.O.C.; Graduate School of Electronic Engineering, National Yunlin University of Science and Technology, Douliou, R.O.C.; Graduate School of Electronic Engineering, National Yunlin University of Science and Technology, Douliou, R.O.C.; Graduate School of Electronic Engineering, National Yunlin University of Science and Technology, Douliou, R.O.C.; Graduate School of Chemical and Materials Engineering, National Yunlin University of Science and Technology, Douliou, R.O.C.; Graduate School of Electronic Engineering, National Yunlin University of Science and Technology, Douliou, R.O.C.; Graduate School of Electronic Engineering, National Yunlin University of Science and Technology, Douliou, R.O.C.; Department of Information and Electronic Commerce Management, TransWorld University, Douliou, R.O.C.",IEEE Transactions on Nanotechnology,"15 May 2019","2019","18","","484","490","A flexible urea sensor based on urease-magnetic beads (MBs) and graphene oxide (GO) has been synthesized on nickel oxide (NiO) as matrix. The flexible urea sensor was constructed by sputtering technology and screen-printing technology. A sequential titrating of GO and MBs over the surface on NiO film was adopted for the sensor preparation by the covalent binding with urease. The electrochemical impedance, response time, and drift effect of the urea sensor based on MBs, GO, and NiO were recorded using electrochemical impedance spectroscopy and voltage-time measurement system.","1941-0085","","10.1109/TNANO.2019.2895137","Ministry of Science and Technology, Republic of China(grant numbers:MOST 106-2221-E-224-047,MOST 107-2221-E-224-030); ","https://ieeexplore.ieee.org/stamp/stamp.jsp?arnumber=8630737","Magnetic beads (MBs);graphene oxide (GO);nickel oxide (NiO);urea detection;flexible substrate","Surface morphology;Substrates;Biosensors;Graphene;Rough surfaces;Surface roughness","","25","","39","IEEE","31 Jan 2019","2019","","IEEE","IEEE Journals"
"Oxide Thin Film Transistor With a Novel Gate Insulator Stack to Suppress Photo-Excited Charge Injection","J. H. Kim; J. Chang; S. Kim; B. -G. Park","Inter-University Semiconductor Research Center, Department of Electrical Engineering and the Department of Computer Engineering, Seoul National University, Seoul, South Korea; Inter-University Semiconductor Research Center, Department of Electrical Engineering and the Department of Computer Engineering, Seoul National University, Seoul, South Korea; Department of Electrical and Computer Engineering, Ajou University, Suwon, South Korea; Inter-University Semiconductor Research Center, Department of Electrical Engineering and the Department of Computer Engineering, Seoul National University, Seoul, South Korea",IEEE Transactions on Nanotechnology,"15 May 2019","2019","18","","491","493","In this paper, a tri-layer gate insulator stack (SiO2-SiNx-SiO2) is proposed for reducing a photo-excited charge injection in thin film transistors (TFTs). Since the bottom SiO2 layer in contact with the gate electrode has a conduction band offset (ΔEC) of 1.1 eV and a valence band offset (ΔEV) of 2.4 eV larger than the SiNx, it is expected that the photo-excited charge injection into SiNx trap states is reduced in a certain range. In order to verify this phenomenon, the TFTs with the proposed structure are fabricated and characterized. The measured result shows that the threshold voltage (VT) shift induced by a photo-exited charge injection is remarkably reduced up to 75% with the use of the proposed tri-layer insulator stack.","1941-0085","","10.1109/TNANO.2019.2915170","Brain Korea 21 Plus Project; NRF of Korea; Ministry of Education(grant numbers:2017R1D1A1B03034352); MOTIE/KSRC(grant numbers:10044842,10080575); Ministry of Science and ICT, South Korea; Information Technology Research Center support program(grant numbers:IITP-2019-2016-0-00309); Institute for Information and Communications Technology Planning and Evaluation; IC Design Education Center, South Korea; ","https://ieeexplore.ieee.org/stamp/stamp.jsp?arnumber=8713570","Photo-injection blocking layer;photo-excited charge injection;oxide thin film transistor;bias illumination stress","Logic gates;Insulators;Stress;Thin film transistors;Metals;Leakage currents;Electrodes","","2","","15","IEEE","13 May 2019","2019","","IEEE","IEEE Journals"
"Scalable Synthesis of Highly Conductive Graphene-Based Thin Film for Supercapacitor Application","A. K. Sharma; S. Yadav; S. Sharma; R. Sharma","Department of Electronics and Communication Engineering, Malaviya National Institute of Technology, Jaipur, India; Materials Research Centre, Malaviya National Institute of Technology, Jaipur, India; Department of Chemistry, Rajasthan University, Jaipur, India; Department of Electronics and Communication Engineering, Malaviya National Institute of Technology, Jaipur, India",IEEE Transactions on Nanotechnology,"16 May 2019","2019","18","","494","501","This paper reports the direct fabrication of ultrathin and conductive thin films of multiwalled carbon nanotube (MWCNT), reduced graphene oxide(r-GO) and r-GO/MWCNT on insulating substrates by dip coating followed by chemical vapour deposition (CVD). The obtained films exhibit conductivity of 136S/cm, 132 S/cm, and 51.2 S/cm respectively. The CVD process not only reduced the GO film, but it also bridges the voids between the individual MWCNT and/or r-GO flakes. The electrochemical performance of MWCNT, r-GO, and r-GO/MWCNT thin films as active supercapacitor electrodes is also evaluated using cyclic voltammetry. The calculated specific capacitance was found to be ≈74 F/g, 65 F/g, and 48 F/g, respectively. The electrochemical performance indicates that these electrodes have large specific capacitance and can be used for several advanced energy storage applications.","1941-0085","","10.1109/TNANO.2019.2915243","","https://ieeexplore.ieee.org/stamp/stamp.jsp?arnumber=8714009","Chemical vapour deposition;graphene;multi-walled carbon nanotube;supercapacitor;thin film","Substrates;Graphene;Films;Conductivity;Resistance;Temperature measurement","","6","","39","IEEE","14 May 2019","2019","","IEEE","IEEE Journals"
"Time Dependent Morphological Evolution of Hydrothermally Derived MnO2 Nanostructures and Corresponding Methanol Vapor Sensing Performance","S. Ghosal; P. Bhattacharyya","School of VLSI Technology, Indian Institute of Engineering Science and Technology, Shibpur, Howrah, India; Nano Thin Films and Solid State Gas Sensor Devices Laboratory, Department of Electronics and Telecommunication Engineering, Indian Institute of Engineering Science and Technology, Shibpur, Howrah, India",IEEE Transactions on Nanotechnology,"17 May 2019","2019","18","","502","508","In this paper, different MnO2 nanostructures were grown employing hydrothermal route by varying the deposition time and corresponding alcohol vapor sensing performance were duly performed. Four types of hierarchical MnO2 nanostructures, viz. three-dimensional (3-D) nanoflowers (comprising of 2-D nanosheets), 3-D nanoflowers (comprising of a combination of 1-D nanorods and 2-D nanosheets), 3-D nanourchin (comprising of 1-D nanorods), and 3-D nanourchin (comprising of 1-D nanotubes) were grown for the deposition time of 3h, 6h, 9h, and 12h, respectively. The nanoforms were characterized using field emission scanning electron microscopy and transmission electron microscopy. These nanostructures were employed as the sensing layer for detecting alcohol vapors, as the test species, in the concentration range of 10-400 ppm. The best sensing performance was offered by the fourth one, due to the synergistic hybridization of 1-D nanotubes which are distributed over 3-D space, facilitating the target species adsorption and diffusion in all possible directions and enabling the interaction of the same with both the inner and the outer wall of the tubes. On the contrary, the mixed nanoheterostructure offered the best response magnitude with relatively poor transient kinetics than that of nanotubes based nanourchin structure.","1941-0085","","10.1109/TNANO.2019.2915197","Ministry of Electronics and Information technology; ","https://ieeexplore.ieee.org/stamp/stamp.jsp?arnumber=8715424","MnO2;hydrothermal growth;time variations;different nanostructures;alcohol vapor sensing","Sensors;Two dimensional displays;Three-dimensional displays;Ions;Nanotubes;Lattices","","5","","52","IEEE","15 May 2019","2019","","IEEE","IEEE Journals"
"Optimization of Protein–Protein Interaction Measurements for Drug Discovery Using AFM Force Spectroscopy","Y. Yang; B. Zeng; Z. Sun; A. M. Esfahani; J. Hou; N. -D. Jiao; L. Liu; L. Chen; M. D. Basson; L. Dong; R. Yang; N. Xi","Department of Biomedical Engineering, Michigan State University, East Lansing, MI, USA; Department of Biomedical Sciences, University of North Dakota, Grand Forks, ND, USA; Department of Electrical and Computer Engineering, Michigan State University, East Lansing, USA; Department of Mechanical and Materials Engineering, University of Nebraska Lincoln, USA; School of Information and Control Engineering, Shenyang Jianzhu University, Shenyang, China; State Key Laboratory of Robotics, Shenyang Institute of Automation, Chinese Academy of Sciences, Shenyang, China; State Key Laboratory of Robotics, Shenyang Institute of Automation, Chinese Academy of Sciences, Shenyang, China; Department of Electrical and Computer Engineering, Michigan State University, East Lansing, USA; Department of Biomedical Sciences, University of North Dakota, Grand Forks, ND, USA; Department of Electrical and Computer Engineering, Michigan State University, East Lansing, USA; Department of Mechanical and Materials Engineering, University of Nebraska Lincoln, USA; Department of Electrical and Computer Engineering, Michigan State University, East Lansing, USA",IEEE Transactions on Nanotechnology,"21 May 2019","2019","18","","509","517","Increasingly targeted in drug discovery, protein-protein interactions challenge current high throughput screening technologies in the pharmaceutical industry. Developing an effective and efficient method for screening small molecules or compounds is critical to accelerate the discovery of ligands for enzymes, receptors, and other pharmaceutical targets. Here, we report developments of methods to increase the signal-to-noise ratio for screening protein-protein interactions using atomic force microscopy (AFM) force spectroscopy. We have demonstrated the effectiveness of these developments on detecting the binding process between focal adhesion kinases with protein kinase B (Akt1), which is a target for potential cancer drugs. These developments include optimized probe and substrate functionalization processes and redesigned probe-substrate contact regimes. Furthermore, a statistical-based data processing method was developed to enhance the contrast of the experimental data. Collectively, these results demonstrate the potential of the AFM force spectroscopy in automating drug screening with high throughput.","1941-0085","","10.1109/TNANO.2019.2915507","Nebraska Center for Integrated Biomolecular Communication (NIH National Institutes of General Medical Sciences(grant numbers:P20 GM113126); Nebraska Center for Nanomedicine(grant numbers:P30 GM127200); National Science Foundation(grant numbers:1826135); ","https://ieeexplore.ieee.org/stamp/stamp.jsp?arnumber=8714052","Bionanotechnology;nanosensors;force spectroscopy;atomic force microscopy;protein-protein interactions","Proteins;Force;Substrates;Drugs;Spectroscopy;Probes;Protein engineering","","7","","67","IEEE","14 May 2019","2019","","IEEE","IEEE Journals"
"Hardware Acceleration Implementation of Sparse Coding Algorithm With Spintronic Devices","D. Zhang; Y. Hou; L. Zeng; W. Zhao","School of Electronic and Information Engineering, School of Microelectronics, Fert Beijing Institute, Beijing Advanced Innovation Center for Big Data and Brain Computing, Beihang University, Beijing, China; School of Electronic and Information Engineering, School of Microelectronics, Fert Beijing Institute, Beijing Advanced Innovation Center for Big Data and Brain Computing, Beihang University, Beijing, China; School of Microelectronics, Fert Beijing Institute, Beijing Advanced Innovation Center for Big Data and Brain Computing, Beihang University, Beijing, China; School of Microelectronics, Fert Beijing Institute, Beijing Advanced Innovation Center for Big Data and Brain Computing, Beihang University, Beijing, China",IEEE Transactions on Nanotechnology,"23 May 2019","2019","18","","518","531","Sparse coding provides a powerful means to perform feature extraction on high-dimensional data and recently has attracted broad interest for applications. However, it still suffers from a big challenge to realize real-time energy-efficient feature extraction with conventional CPUs/GPUs owing to its highly intensive computation. Benefitting from the non-volatility, low power, high speed, great scalability, and good compatibility with CMOS technology, spintronic devices, such as magnetic tunnel junction and domain wall motion (DWM) device, have been explored for applications, ranging from memory, logic, to neuromorphic computing. In this paper, we explore the possibility of hardware acceleration implementation of the sparse coding algorithm with spintronic devices by a series of design optimizations across the algorithm, architecture, circuit, and device. First, one sparse coding algorithm is selected well suited for parallelization and hardware acceleration. Then, a DWM-based compound spintronic device (CSD) is engineered and modeled, which is envisioned to achieve multiple conductance states. Sequentially, a parallel architecture is presented based on a dense cross-point array of the proposed DWM-based CSD, which can be envisioned to accelerate the selected sparse coding algorithm with a designed dedicated periphery read and write circuit owing to its massively parallel read and write operation. Experimental results show that the selected sparse coding algorithm can be accelerated by 1400× with the proposed parallel architecture in comparison with software implementation. Moreover, its energy dissipation is eight orders of magnitude smaller than that with software implementation. Additionally, an artificial neural circuit (ANC) with the proposed DWM-based CSD is also presented, which can achieve a multi-step transfer function. By using the proposed DWM-based CSD as a single synapse and the proposed ANC as one neuron, a fully forward-connected artificial neural network is constructed to classify the learned feature vectors, and the recognition error rate can reach 7.25%.","1941-0085","","10.1109/TNANO.2019.2916149","National Postdoctoral Program for Innovation Talents(grant numbers:BX20180028); China Postdoctoral Science Foundation(grant numbers:2018M641153); National Science Foundation of China projects(grant numbers:61571023,11201020); International Collaboration(grant numbers:B16001); National Key Technology Program of China(grant numbers:2017ZX01032101); Special Foundation of Beijing Municipal Science and Technology Commission(grant numbers:Z161100000216149); ","https://ieeexplore.ieee.org/stamp/stamp.jsp?arnumber=8716712","Sparse coding;MTJ;DWM;hardware acceleration;neuromorphic computing;parallelization;multiple conductance states;cross-point array;artificial neural network (ANN)","Encoding;Spintronics;Feature extraction;Dictionaries;Hardware acceleration;Neuromorphics","","18","","54","IEEE","16 May 2019","2019","","IEEE","IEEE Journals"
"Back-End Integrable On-Chip MIM Decoupling Capacitors Featuring High Capacitance With Ultra-Low Leakage Current by Nitrogen-Incorporated HfZrOx","K. -Y. Chen; T. -C. Chen; R. -W. Kao; Y. -X. Lin; K. -Y. Hsieh; Y. -H. Wu","Department of Engineering and System Science, National Tsing Hua University, Hsinchu, Taiwan; Department of Engineering and System Science, National Tsing Hua University, Hsinchu, Taiwan; Department of Engineering and System Science, National Tsing Hua University, Hsinchu, Taiwan; Department of Engineering and System Science, National Tsing Hua University, Hsinchu, Taiwan; Department of Engineering and System Science, National Tsing Hua University, Hsinchu, Taiwan; Department of Engineering and System Science, National Tsing Hua University, Hsinchu, Taiwan",IEEE Transactions on Nanotechnology,"23 May 2019","2019","18","","532","535","HfZrOx (HZO) crystallized in orthorhombic phase formed by plasma-enhanced atomic layer deposition (ALD) deposition and subsequent 400 °C annealing with TiN capping layer was employed as the dielectric for on-chip metal-insulator-metal (MIM) decoupling capacitors. With appropriate NH3 plasma treatment on HZO/TiN interface and bulk HZO to respectively, suppress interfacial scavenging effect and passivate defects pertinent to oxygen vacancies, enhanced k value of 28.9, high capacitance of 23.3 fF/μm2 and low leakage of 0.16 fA/μm2 at 1 V, 25 °C are achieved. With the plasma treatment, the improved interfacial and bulk quality that are confirmed by transmission electron microscopy and electron energy loss spectroscopy also lead to more desirable reliability of 10-year lifetime at 125 °C. The MIM capacitor technology exhibits performance that is notably advantageous over other high k dielectrics. More importantly, HfO2, ZrO2 and NH3 plasma treatment are all fab-friendly processes, with proper process integration, it is possible to further push the limit of their capabilities to realize decoupling capacitors eligible for sub-7 nm technology.","1941-0085","","10.1109/TNANO.2019.2915815","Ministry of Science and Technology, Taiwan(grant numbers:MOST 105-2221-E-007-106-MY3); ","https://ieeexplore.ieee.org/stamp/stamp.jsp?arnumber=8715817","HZO;orthorhombic phase;MIM decoupling capacitors;NH $_{3}$  plasma;capacitance;leakage;reliability","Plasmas;Capacitors;Capacitance;Hafnium compounds;MIM capacitors;Leakage currents","","8","","22","IEEE","15 May 2019","2019","","IEEE","IEEE Journals"
"Stacked Gated Nanofluidic Logic Gate Membrane","S. Kim; E. I. Ozalp; J. A. Weldon","Department of Electrical and Computer Engineering, Carnegie Mellon University, Pittsburgh, USA; Department of Electrical and Computer Engineering, Carnegie Mellon University, Pittsburgh, USA; Department of Electrical Engineering, University of Hawai‘i at Manoa, Honolulu, USA",IEEE Transactions on Nanotechnology,"31 May 2019","2019","18","","536","541","The objective of this work is to model and experimentally verify the molecular transport of charged molecules in a novel AND nanofluidic logic gate. Two nanoporous membranes with gate-insulator layers were placed between two reservoirs with asymmetric target molecule concentrations, controlled by independent electrical gates at both openings. When the dimension of the fluidic channel is comparable to the thickness of the electrical double layer, the potential generated by gating becomes significant, which allows control of diffusive transport of charged molecules through the nanochannel modulated by electrostatic repulsion and attraction. The simulation and experimental results using two independent gates show that the stacked gate structure implemented a nanofluidic AND logic gate for the charged molecular transport.","1941-0085","","10.1109/TNANO.2019.2917276","Samsung Scholarship; ","https://ieeexplore.ieee.org/stamp/stamp.jsp?arnumber=8720240","Nanofluidics;nanofabrication;nanoporous materials","Logic gates;Electrodes;Surface charging;Electric potential;Biomembranes;Mathematical model;Reservoirs","","3","","25","IEEE","22 May 2019","2019","","IEEE","IEEE Journals"
"Quasi-Two-Dimensional Hyperbolic Metamaterial for Mid-Infrared Wave Multiple Collimations","X. Liu; L. Peng; J. Ma; B. Shi; X. Jiang; S. -m. Li","Guangxi Key Laboratory of Wireless Wideband Communication and Signal Processing, Guilin University of Electronic Technology, Guilin, China; Guangxi Key Laboratory of Wireless Wideband Communication and Signal Processing, Guilin University of Electronic Technology, Guilin, China; Science and Technology on Special System Simulation Laboratory, Beijing Simulation Center, Beijing, China; Science and Technology on Special System Simulation Laboratory, Beijing Simulation Center, Beijing, China; Guangxi Key Laboratory of Wireless Wideband Communication and Signal Processing, Guilin University of Electronic Technology, Guilin, China; School of Computer Science and Communication Engineering, Guangxi University of Science and Technology, Liuzhou, China",IEEE Transactions on Nanotechnology,"10 Jun 2019","2019","18","","542","552","Electromagnetic (EM) wave collimation and energy harvesting are key technologies to usher a new epoch of EM applications. In this paper, a novel structure for mid-infrared wave collimation has been proposed in the scope of hyperbolic metamaterials (HMM), i.e., designing a k-space diagram as hyperbolic dispersion. The proposed HMM is a thin slab of quasi-two-dimensional (2-D) structure and is composed of alternately arranged dielectric and graphene multilayers. The quasi-2-D structure has a triangle shape on the xy-plane. Compared to the traditional metal-dielectric multilayer model, this research use graphene as replacement of the metal for mid-infrared wave collimation, which the losses are relatively low and the permittivity can be tuned through applying voltage gating. In addition, the field distribution diagrams and power density charts explicitly illustrate the performance of wave collimation. Theory and physical mechanisms of the proposed design are discussed. Research also found that the proposed structure can be utilized to generate multiple beams, and the ultimate collimations direction can be regulated.","1941-0085","","10.1109/TNANO.2019.2917045","National Natural Science Foundation of China(grant numbers:61661011,61761012); GUET Excellent Graduate Thesis Program(grant numbers:17YJPYSS06); ","https://ieeexplore.ieee.org/stamp/stamp.jsp?arnumber=8721265","Collimation;graphene;hyperbolic metamaterials","Graphene;Permittivity;Hidden Markov models;Dispersion;Metamaterials;Nonhomogeneous media","","2","","45","IEEE","23 May 2019","2019","","IEEE","IEEE Journals"
"Fabrication of Dye-Sensitized Solar Cells Using Zinc Oxide Nanorod-Modified Titanium Dioxide Photoanode","J. -C. Chou; C. -C. Ko; P. -Y. Kuo; C. -H. Lai; Y. -H. Nien; J. -X. Chang","Graduate School of Electronic Engineering and Graduate School of Chemical and Materials Engineering, National Yunlin University of Science and Technology, Douliou, R.O.C.; Graduate School of Electronic Engineering and Graduate School of Chemical and Materials Engineering, National Yunlin University of Science and Technology, Douliou, R.O.C.; Graduate School of Electronic Engineering and Graduate School of Chemical and Materials Engineering, National Yunlin University of Science and Technology, Douliou, R.O.C.; Graduate School of Electronic Engineering and Graduate School of Chemical and Materials Engineering, National Yunlin University of Science and Technology, Douliou, R.O.C.; Graduate School of Chemical and Materials Engineering, National Yunlin University of Science and Technology, Douliou, R.O.C.; Graduate School of Electronic Engineering and Graduate School of Chemical and Materials Engineering, National Yunlin University of Science and Technology, Douliou, R.O.C.",IEEE Transactions on Nanotechnology,"31 May 2019","2019","18","","553","561","This study fabricated a novel dye-sensitized solar cell with ZnO nanorod-modified TiO2 photoanode. Aluminum-doped zinc oxide was sputtered onto a fluorine doped tin oxide glass to generate a seed crystal layer. Hydrothermal synthesis was used to prepare zinc oxide (ZnO) nanorods, which were sprayed with titanium dioxide (TiO2) to form a photoanode. This new structure increased dye absorption in the photoanode. Current situation was determined by ultraviolet-visible spectroscopy. An increase in the ZnO film's ability to absorb dye increased the cell's short circuit current density, raising the photovoltaic conversion efficiency from 3.71% to 4.87%. The dye-sensitized solar cell module was testsed, 2 in series and 2 in parallel, and a stability analysis was performed.","1941-0085","","10.1109/TNANO.2019.2915367","Ministry of Science and Technology, Republic of China(grant numbers:MOST 107-2221-E-224-030,MOST 106-2221-E-224-047); ","https://ieeexplore.ieee.org/stamp/stamp.jsp?arnumber=8713479","Dye-sensitized solar cell (DSSC);zinc oxide (ZnO) nanorods;Al-doped ZnO (AZO);hydrothermal synthesis","Zinc oxide;II-VI semiconductor materials;Photovoltaic systems;Photovoltaic cells;Sputtering;Nanobioscience","","9","","39","IEEE","13 May 2019","2019","","IEEE","IEEE Journals"
"Self-Assembly of 2-D Resistive Electric Grids","Y. Yan; M. Garzon; R. Deaton","College of Mathematics and Statistics, Shenzhen University, Shenzhen, China; Department of Computer Science, The University of Memphis, Memphis, USA; Department of Electrical and Computer Engineering, The University of Memphis, Memphis, USA",IEEE Transactions on Nanotechnology,"31 May 2019","2019","18","","562","566","A new algorithmic model (cTAM) of self-assembly of electronic resistive circuits akin to models for DNA self-assembly has been recently introduced and a complete characterization of their shape and properties has been given for one-dimensional electric ladders. Growth is controlled by thresholding of the energy required for attachments of new components to a growing assembly. In this sequel, we characterize an analogous family of two-dimensional resistive circuit grids self-assemblable in the cTAM model. These circuits have remained unresolved for some time in full generality. Fundamental questions concerning the size, shape, and energy distribution of the assembly sequences and their steady-state in large scales are addressed in full.","1941-0085","","10.1109/TNANO.2019.2917142","","https://ieeexplore.ieee.org/stamp/stamp.jsp?arnumber=8719014","Nanoelectronics;self-assembly;circuit Tile Assembly Model (cTAM);resistive electric circuits;block toeplitz matrices;Matrix Möbius Transformations","Self-assembly;Two dimensional displays;Integrated circuit modeling;Electric potential;Resistors;Biological system modeling;Mathematical model","","6","","9","IEEE","21 May 2019","2019","","IEEE","IEEE Journals"
"Design, Simulation and Performance Analysis of JLTFET Biosensor for High Sensitivity","G. Wadhwa; B. Raj","Nanoelectronic Research Lab, Department of Electronics and Communication Engineering, National Institute of Technology Jalandhar, Jalandhar, India; Nanoelectronic Research Lab, Department of Electronics and Communication Engineering, National Institute of Technology Jalandhar, Jalandhar, India",IEEE Transactions on Nanotechnology,"4 Jun 2019","2019","18","","567","574","In this paper, the symmetrical design of a double gate dielectric modulated junctionless tunnel field-effect transistor (DG-DM-JLTFET)-based structure is proposed and investigated and for the first time to inspect label-free recognition of biological molecules like uricase, protein, biotin, aminopropyl-triethoxysilane, etc. The point when biological molecules get immobilized in nanocavity area, the variation in the drain current, subthreshold slope, and ION/IOFF ratio has been used as the detecting parameters to recognize the sensitivity of the DG-DM-JLTFET for biomolecule recognition by using TCAD simulation. A cavity is designed by etching a layer from the substrate, at the side of the gate electrode. A dual metal gate structure is framed by utilizing two unique metal entryway anodes to decrease short channel effects of DG-DM-JLTFET. An examination is exhibited to show the effect of fill-in factor of biological molecules on drain current of DG-DM-JLTFET device. The existence of biological molecules in a small region inside the nanocavity area above the tunneling junction results in the variation of the electrical properties of the device. This brings about high sensitivity in terms of drain current, subthreshold slope, and ION/IOFF ratio. The proposed device structure gives perceptible outcomes for both (neutral and charged) types of biological molecules.","1941-0085","","10.1109/TNANO.2019.2918192","","https://ieeexplore.ieee.org/stamp/stamp.jsp?arnumber=8725941","Dielectric modulation;relative permittivity;junctionless tunnel field-effect transistor (JLTFET);biosensor;biomolecule/analyte;cavity length;sensitivity","Nanobioscience;Logic gates;Cavity resonators;Permittivity;Biosensors;Sensitivity","","130","","28","IEEE","29 May 2019","2019","","IEEE","IEEE Journals"
"Efficient One-Step Decodable Limited Magnitude Error Correcting Codes for Multilevel Cell Main Memories","A. Das; N. A. Touba","Department of Electrical and Computer Engineering, University of Texas, Austin, USA; Department of Electrical and Computer Engineering, University of Texas, Austin, USA",IEEE Transactions on Nanotechnology,"4 Jun 2019","2019","18","","575","583","As technology scales further, dynamic random-access memory (DRAM) scaling faces numerous challenges. Emerging non-volatile main memories (e.g., phase change memories) provide an attractive solution to the challenges faced by DRAM scaling due to their high density and low cost. But phase change memories suffer from the problem of resistance drifts, which are of limited magnitude and causes read reliability degradation. For single error correction, Hamming codes and beyond single-error correction, Orthogonal Latin Square codes have been used due to their one-step decoding procedure. But with the limited magnitude error model, these codes are inefficient since they incur considerable redundancy. This paper proposes a new systematic limited magnitude error correcting non-binary Hamming code for a single-error correction specifically to address limited magnitude errors in multilevel cell memories storing multiple bits per cell. For memory architectures involving multiple error correction, a new decimal arithmetic based Orthogonal Latin Square code is also proposed. A general construction methodology is presented to correct errors of limited magnitude and is compared to existing schemes addressing limited magnitude errors in phase change memories. For non-binary Hamming codes, it is shown that the proposed codes provide better latency and complexity compared to existing limited magnitude error correcting non-binary Hamming codes as well as better redundancy compared to the symbol extended version of binary Hamming codes. The proposed limited magnitude Orthogonal Latin Square codes are shown to achieve better redundancy and better area compared to existing schemes with the tradeoff of slight increase in decoding and encoding latency.","1941-0085","","10.1109/TNANO.2019.2917139","National Science Foundation(grant numbers:CCF-1617665); ","https://ieeexplore.ieee.org/stamp/stamp.jsp?arnumber=8719023","Error correction codes;limited magnitude errors;multilevel cell;main memory;phase change memory","Parity check codes;Error correction codes;Resistance;Decoding;Redundancy;Phase change materials;Microprocessors","","10","","12","IEEE","21 May 2019","2019","","IEEE","IEEE Journals"
"Proposal and Analysis of Mixed CNT Bundle for Sub-Threshold Interconnects","A. Singh; R. Dhiman","Department of Electronics and Communication Engineering, National Institute of Technology, Hamirpur, India; Department of Electronics and Communication Engineering, National Institute of Technology, Hamirpur, India",IEEE Transactions on Nanotechnology,"6 Jun 2019","2019","18","","584","588","We report, for the first time, mixed CNT bundle (MCB) as prospective interconnect in the sub-threshold regime. MCBs with spatial and random distribution of single- and multi-walled CNTs of non-identical diameters are proposed. An analytic model to compute sub-threshold crosstalk delay in coupled MCB interconnects is introduced. Using the proposed model, the impact of interconnect length on the delay performance and transfer gain for coupled MCB interconnects is studied. It is observed that sub-threshold MCB interconnects demonstrate improved crosstalk delay and higher cutoff frequency in comparison to the MWCNT and copper counterparts. The proposed model efficiently computes the performance of sub-threshold MCB interconnect system with less than 3% average error.","1941-0085","","10.1109/TNANO.2019.2919445","Science and Engineering Research Board; Department of Science and Technology(grant numbers:YSS/2015/001122/ES); ","https://ieeexplore.ieee.org/stamp/stamp.jsp?arnumber=8730537","Carbon nanotube (CNT);crosstalk;equivalent single conductor (ESC);mixed carbon nanotube bundle (MCB);sub-threshold;very large-scale integration (VLSI)","Integrated circuit interconnections;Delays;Crosstalk;Resistance;Capacitance;Analytical models;Semiconductor device modeling","","17","","13","IEEE","4 Jun 2019","2019","","IEEE","IEEE Journals"
"Designing Partially Reversible Field-Coupled Nanocomputing Circuits","J. F. Chaves; M. A. Ribeiro; F. S. Torres; O. P. V. Neto","Department of Computing, Federal Center of Technological Education of Minas Gerais, Belo Horizonte, Brazil; Department of Computer Science, Universidade Federal de Minas Gerais, Belo Horizonte, Brazil; Cyber-Physical Systems, DFKI GmbH, Bremen, Germany; Department of Computer Science, Universidade Federal de Minas Gerais, Belo Horizonte, Brazil",IEEE Transactions on Nanotechnology,"10 Jun 2019","2019","18","","589","597","Energy scalability of future digital systems is bounded by fundamental thermodynamic limits. Even worse, emerging technologies and process improvements, without reversible techniques, cannot solve this problem. Approaches such as field-coupled nanocomputing allow computations near the fundamental energy limits. However, there is a demand for strategies that avoid information losses within logic gates, consequently improving energy efficiency. For that end, we propose a novel way to reduce such losses by embedding fan-outs in logic gates, making them partially reversible. Simulation results for state-of-the-art benchmarks indicate an average reduction of the fundamental energy limit by 44% without affecting the delay. If delay is not the main concern, the average reduction reaches even 77%. To the best of our knowledge, this paper presents the first post-synthesis strategy to reduce fundamental energy limits for field-coupled nanocomputing circuits by means of logic network changes.","1941-0085","","10.1109/TNANO.2019.2918057","Brazilian National Council for Scientific and Technological Development; Foundation for Support of Research of the State of Minas Gerais, Brazil; Coordination for the Improvement of Higher Education Personnel, Brazil(grant numbers:001); ","https://ieeexplore.ieee.org/stamp/stamp.jsp?arnumber=8723304","Reversible computing;nanocomputing;energy efficiency;low power","Logic gates;Entropy;Energy dissipation;Delays;Quantum dots;Energy loss;Scalability","","7","","37","IEEE","27 May 2019","2019","","IEEE","IEEE Journals"
"A Variation-Aware Ternary Spin-Hall Assisted STT-RAM Based on Hybrid MTJ/GAA-CNTFET Logic","F. Razi; M. H. Moaiyeri; R. Rajaei; S. Mohammadi","School of Electrical and Computer Engineering, College of Engineering, University of Tehran, Tehran, Iran; Faculty of Electrical Engineering, Shahid Beheshti University, Tehran, Iran; Faculty of Electrical Engineering, Shahid Beheshti University, Tehran, Iran; School of Electrical and Computer Engineering, College of Engineering, University of Tehran, Tehran, Iran",IEEE Transactions on Nanotechnology,"19 Jun 2019","2019","18","","598","605","Magnetic random access memory is a promising solution to keep up with the trend of memory sizing. On the other hand, the multiple-valued logic has been considered as a promising solution for some important challenges of the binary integrated circuits. In this paper, a novel ternary magnetic RAM (TMRAM) based on sub-10 nm gate-all-around carbon nanotube transistor (GAA-CNTFET) is proposed. The proposed TMRAM cell utilizes magnetic tunnel junction (MTJs) to provide non-volatility and spin-hall assisted spin-transfer torque method to reduce the write energy. Moreover, GAA-CNTFETs provide ternary operation and enhance the cell performance and efficiency. The read and write circuitry of the proposed magnetic memory cell contains no sense amplifier and bistable feedback, which makes it invulnerable to radiations effects. The efficiency of the proposed TMRAM cell becomes more apparent in the TMRAM block structures due to the reduction in the number of transistors. The proposed approach is simulated using HSPICE and its performance is evaluated in presence of variations in the critical process parameters of MTJ and GAA-CNTFET by Monte-Carlo simulations. The results indicate the correct and efficient operation of the proposed design even in the presence of different process variations.","1941-0085","","10.1109/TNANO.2019.2918198","","https://ieeexplore.ieee.org/stamp/stamp.jsp?arnumber=8725930","Spintronics;magnetic tunnel junction (MTJ);gate-all-around CNTFET;ternary logic;magnetic RAM","Magnetic tunneling;CNTFETs;Magnetic circuits;Random access memory;Magnetic separation;Logic gates","","57","","37","IEEE","29 May 2019","2019","","IEEE","IEEE Journals"
"Analytical Study of Bundled MWCNT and Edged MLGNR Interconnects: Impact on Propagation Delay and Area","V. R. Kumbhare; P. P. Paltani; C. Venkataiah; M. K. Majumder","Department of Electronics and Communication Engineering, Dr. Shyama Prasad Mukherjee International Institute of Information Technology, Naya Raipur, Atal Nagar, India; Department of Electronics and Communication Engineering, Dr. Shyama Prasad Mukherjee International Institute of Information Technology, Naya Raipur, Atal Nagar, India; Department of Electronics and Communication Engineering, Rajeev Gandhi Memorial College of Engineering and Technology, Nandyal, India; Department of Electronics and Communication Engineering, Dr. Shyama Prasad Mukherjee International Institute of Information Technology, Naya Raipur, Atal Nagar, India",IEEE Transactions on Nanotechnology,"19 Jun 2019","2019","18","","606","610","This research letter presents an accurate and efficient model for rough-edged multi-layered graphene nanoribbon (MLGNR) and multi-walled carbon nanotube (MWCNT) bundled interconnects. To address the impact of delay and area, an analytical finite-difference time-domain and real-time simulation based approach are considered. In order to obtain the propagation delay, an equivalent single conductor (ESC) model is accurately presented by simplifying a multi-conductor transmission line (MTL) of bundled MWCNT and MLGNR interconnects. The proposed equivalent ESC model is in good agreement to the MTL with an average deviation of 4.6% only. In order to validate the proposed model, the equivalent resistance, inductance, and capacitance values are compared with standard experimental results. It is observed that the model expression possesses a good agreement with experimental data with an average error of below 9.93%. Using the ESC-based driver-interconnect-load setup, an approximate number of MWCNTs in a densely packed bundle is obtained for a rough-edged MLGNR at 22 nm technology to obtain an equivalent delay. In order to acquire the equivalent propagation delay, a fewer number of MWCNTs in a bundle can provide similar performance as of MLGNR for below 200 μm interconnect length. Furthermore, the number of MWCNTs significantly increases for longer interconnects. Therefore, on an average, an edged MLGNR requires 97.98% lesser area compared to the bundled MWCNT for global interconnects. Hence, a rough-edged MLGNR can be treated as a most desired interconnect material as compared to MWCNT bundle for the future interconnect technology.","1941-0085","","10.1109/TNANO.2019.2920679","","https://ieeexplore.ieee.org/stamp/stamp.jsp?arnumber=8734024","Propagation delay;finite-difference time-domain (FDTD);multi-conductor transmission line (MTL);multi-walled carbon nanotube (MWCNT);multi-layered graphene nanoribbon (MLGNR)","Resistance;Delays;Quantum capacitance;Finite difference methods;Time-domain analysis;Inductance","","36","","15","IEEE","10 Jun 2019","2019","","IEEE","IEEE Journals"
"Independent Component Analysis Using RRAMs","M. E. Fouda; E. Neftci; A. Eltawil; F. Kurdahi","Department of Electrical Engineering and Computer Science, University of California—Irvine, Irvine, USA; Department of Cognitive Sciences, University of California—Irvine, Irvine, USA; Department of Electrical Engineering and Computer Science, University of California—Irvine, Irvine, USA; Department of Electrical Engineering and Computer Science, University of California—Irvine, Irvine, USA",IEEE Transactions on Nanotechnology,"26 Jun 2019","2019","18","","611","615","Resistive random-access memories (RRAM)s are considered a promising candidate for neuromorphic circuits and systems. In this letter, we investigate using $TiO_2$ RRAMs to solve blind source separation problem through independent component analysis (ICA) for the first time. ICA has numerous uses including feature extraction. We deploy a local, unsupervised learning algorithm (error-gated Hebbian rule) to extract the independent components. The online evaluation of the weights during the training is studied taking into consideration the asymmetric nonlinear weight update behavior. The effects of the device variability are considered in the results. Finally, an example of de-mixing two Laplacian signals is given to demonstrate the efficacy of the approach.","1941-0085","","10.1109/TNANO.2018.2880734","National Science Foundation(grant numbers:1640081); Nanoelectronics Research Corporation; Extremely Energy Efficient Collective Electronics, an SRC-NRI Nanoelectronics Research Initiative(grant numbers:2698.003); ","https://ieeexplore.ieee.org/stamp/stamp.jsp?arnumber=8541124","RRAMs;memristor;ICA;unsupervised learning;brain-inspired learning","Programming;Switches;Heuristic algorithms;Independent component analysis;Feature extraction;Training;Hardware","","13","","15","IEEE","20 Nov 2018","2019","","IEEE","IEEE Journals"
"Corrections to “Carbohydrate-Functionalized Nanobiosensor for Rapid Extraction of Pathogenic Bacteria Directly From Complex Liquids With Quick Detection Using Cyclic Voltammetry”","L. L. Matta; J. Harrison; G. S. Deol; E. C. Alocilja","Biosystems and Agricultural Engineering, Michigan State University, East Lansing, USA; Michigan State University, East Lansing, MI, USA; Biosystems and Agricultural Engineering, Michigan State University, East Lansing, USA; Biosystems and Agricultural Engineering, Michigan State University, East Lansing, USA",IEEE Transactions on Nanotechnology,"27 Jun 2019","2019","18","","616","616","Presents corrections to the paper, “Carbohydrate-functionalized nanobiosensor for rapid extraction of pathogenic bacteria directly from complex liquids with quick detection using cyclic voltammetry,” (Matta, L., et al), IEEE Trans. Nanotechnol., vol. 17, no. 5, pp. 1006–1013, Sep. 2018.","1941-0085","","10.1109/TNANO.2019.2912343","","https://ieeexplore.ieee.org/stamp/stamp.jsp?arnumber=8747550","","Nanoparticles;Biosensors;Plastics;Microorganisms;Magnetic liquids;Dairy products","","","","1","IEEE","27 Jun 2019","2019","","IEEE","IEEE Journals"
"Design of a Novel Plasmonic Splitter With Variable Transmissions and Selectable Channels","Y. Ye; Y. Xie; T. Song; Y. Wang; J. Chai; B. Liu; Y. Liu","College of Electronics and Information Engineering, Southwest University, Chongqing, China; Chongqing Key Laboratory of Nonlinear Circuits and Intelligent Information Processing, National Joint Engineering Laboratory of Intelligent Transmission and Control Technology, College of Electronics and Information Engineering, Southwest University, Chongqing, China; College of Electronics and Information Engineering, Southwest University, Chongqing, China; College of Electronics and Information Engineering, Southwest University, Chongqing, China; College of Electronics and Information Engineering, Southwest University, Chongqing, China; College of Electronics and Information Engineering, Southwest University, Chongqing, China; School of Optoelectronic Information, University of Electronic Science and Technology of Chengdu, Sichuan, China",IEEE Transactions on Nanotechnology,"27 Jun 2019","2019","18","","617","625","A novel plasmonic power splitter with variable transmissions and selectable channels is presented using hexagonal resonator with inserted silver ellipse. Rotating the silver ellipse to different angles will break the symmetry of structure and change the propagation path of surface plasmon polaritons. The finite-difference time-domain simulation results reveal that the variable transmissions and selectable channels are achieved by rotating the inserted ellipse. Besides elliptical core, other components such as rectangular and triangular core are investigated in detail. It proves that the selection of channels and variable transmissions can be realized when the structural asymmetry is introduced into the hexagonal resonator by rotating the inserted asymmetric core. Furthermore, comparing the simulation results of three different structures, it is found that the power splitter with elliptical core has larger transmission when the output ports is selected and it is easier to adjust the transmission according to the requirements since its error range of rotation angle is larger than the others. Therefore, the power splitter with elliptical core is more suitable for realizing variable transmissions and selectable channels. The proposed device can realize the dynamic control of optical signals with the compact and simple structure. It may potentially be applied in on-chip signal routing and optical networks-on-chip.","1941-0085","","10.1109/TNANO.2019.2923467","Natural Science Foundation of Chongqing City(grant numbers:cstc2016jcyjA0581); China Postdoctoral Science Foundation(grant numbers:2016M590875); Fundamental Research Funds for the Central Universities(grant numbers:XDJK2018B012); ","https://ieeexplore.ieee.org/stamp/stamp.jsp?arnumber=8744487","Power splitter;surface plasmon polaritons;selectable channels;variable transmissions","Optical waveguides;Optical resonators;Resonant frequency;Silver","","21","","28","IEEE","24 Jun 2019","2019","","IEEE","IEEE Journals"
"Performance Enhancement of Thin Film Solar Cell Using Two-Dimensional Plasmonic Grating in Rear Electrode","A. Pahuja; M. S. Parihar; D. K. V","Department of Electronics and Communication Engineering, Design and Manufacturing, PDPM Indian Institute of Information Technology, Jabalpur, India; Department of Electronics and Communication Engineering, Design and Manufacturing, PDPM Indian Institute of Information Technology, Jabalpur, India; Department of Electronics and Communication Engineering, Design and Manufacturing, PDPM Indian Institute of Information Technology, Jabalpur, India",IEEE Transactions on Nanotechnology,"1 Jul 2019","2019","18","","626","634","An effective scheme is proposed and investigated to improve the performance of thin film solar cells using a two-dimensional (2-D) plasmonic grating structure at the rear electrode or back metal contact. The proposed light trapping scheme replaces the conventional flat rear electrode by a corrugated electrode with a square mesh of periodic grooves forming a 2-D plasmonic grating. The grating surface diffracts the light and increases the path for reflected light. Further, the energy of surface plasmons excited inside the grooves gets coupled to the absorber layer. An efficient light trapping scheme and surface plasmons resonance conjointly increase the absorption in the absorber layer of solar cell, which results as enhanced efficiency. Maximum contribution of light path enhancement and surface plasmons is achieved by optimizing the periodicity, width, and depth of the grooves. The proposed design is compared with the conventional simple solar cell as well as with the solar cell having the rear electrode with 1-D plasmonic grating structure to demonstrate the effectiveness of the scheme. Finally, the optimized design is proposed which exhibits 92% absorption, 43% enhanced light path and more than 200% increase in the short circuit current as well as conversion efficiency.","1941-0085","","10.1109/TNANO.2019.2924053","","https://ieeexplore.ieee.org/stamp/stamp.jsp?arnumber=8746780","Plasmonic grating;diffraction;surface plasmon resonance;finite difference time domain (FDTD) method;thin film solar cell (TFSC)","Photovoltaic cells;Gratings;Electrodes;Diffraction;Diffraction gratings;Surface plasmons","","17","","26","IEEE","26 Jun 2019","2019","","IEEE","IEEE Journals"
"Memristive Logic in Crossbar Memory Arrays: Variability-Aware Design for Higher Reliability","M. Escudero; I. Vourkas; A. Rubio; F. Moll","Department of Electronic Engineering, Universidad Politécnica de Cataluña, Barcelona, Spain; Department of Electronic Engineering, Universidad Técnica Federico Santa María, Valparaíso, Chile; Department of Electronic Engineering, Universidad Politécnica de Cataluña, Barcelona, Spain; Department of Electronic Engineering, Universidad Politécnica de Cataluña, Barcelona, Spain",IEEE Transactions on Nanotechnology,"2 Jul 2019","2019","18","","635","646","The advent of the first TiO2-based memristor in 2008 revived the scientific interest both from academia and industry for this device technology and has so far led to several emerging applications including logic and in-memory computing. Several memristive logic families have been proposed in the current quest for energy-efficient future computing systems. However, the limited device endurance and variability (both cycle-to-cycle and device-to-device) are important parameters to be considered in the assessment of logic operations. In this work, we used an accurate physics-based model of a bipolar memristor (supporting parasitics of the device structure and variability of switching voltages and resistance states) and demonstrate that performance of memristor-based in-memory computations can de degraded owing to both variability and state drift impact, if such features are not properly considered in the design flow. Inspired on pseudo-NMOS ratioed logic and based upon a previous CMOS-like logic scheme, we propose a crossbar-compatible memristive ratioed logic style which is tolerant to device variability and does not affect device endurance as computations do not involve conditional switching of memristors. Using the Cadence Virtuoso suite, we compare this logic scheme with MAGIC and CNIMP approaches, focusing on the universal NOR gate and more complex logic functions.","1941-0085","","10.1109/TNANO.2019.2923731","Chilean research Grants CONICYT FONDECYT INICIACION(grant numbers:11180706); CONICYT BASAL(grant numbers:FB0008); Spanish MINECO and ERDF(grant numbers:TEC2016-75151-C3-2-R); ","https://ieeexplore.ieee.org/stamp/stamp.jsp?arnumber=8745694","Memristor;MAGIC;CNIMP;IMPLY;ratioed logic;in-memory computing;resistive switching;crossbar array","Memristors;Logic gates;Logic arrays;Switches;Performance evaluation;Resistance;Transistors","","27","","34","IEEE","25 Jun 2019","2019","","IEEE","IEEE Journals"
"A Modeling Methodology for Resistive RAM Based on Stanford-PKU Model With Extended Multilevel Capability","J. Reuben; D. Fey; C. Wenger","Chair of Computer Science 3—Computer Architecture, Friedrich-Alexander-University Erlangen-Nürnberg, Erlangen, Germany; Chair of Computer Science 3—Computer Architecture, Friedrich-Alexander-University Erlangen-Nürnberg, Erlangen, Germany; IHP—Leibniz-Institut für innovative Mikroelektronik, Frankfurt (Oder), Germany",IEEE Transactions on Nanotechnology,"2 Jul 2019","2019","18","","647","656","Modeling of resistive RAMs (RRAMs) is a herculean task due to its non-linearity. While the exigent need for a model has motivated research groups to formulate realistic models, the diversity in RRAMs' characteristics has created a gap between model developers and model users. This paper bridges the gap by proposing an algorithm by which the parameters of a model are tuned to specific RRAMs. To this end, a physics-based compact model was chosen due to its flexibility, and the proposed algorithm was used to exactly fit the model to different RRAMs, which differed greatly in their material composition and switching behavior. Furthermore, the model was extended to simulate multiple low resistance states (LRS), which is a vital focus of research to increase memory density in RRAMs. The ability of the model to simulate the switching from a high resistance state to multiple LRS was verified by measurements on 1T-1R cells.","1941-0085","","10.1109/TNANO.2019.2922838","Deutsche Forschungsgemeinschaft (DFG)—Integrierte Memristor-Basierte Rechner-Architekturen (IMBRA)(grant numbers:389549790); ","https://ieeexplore.ieee.org/stamp/stamp.jsp?arnumber=8741201","RRAM;physics-based models;multilevel modeling;SET/RESET process;Stanford model;memristor;resistive switching;1T-1R","Integrated circuit modeling;Switches;Mathematical model;Resistance;Computational modeling;Adaptation models;Logic gates","","69","","29","IEEE","19 Jun 2019","2019","","IEEE","IEEE Journals"
"Reducing Hibernation Energy and Degradation in Bipolar ReRAM-Based Non-Volatile Processors","M. Biglari; T. Lieske; D. Fey","Chair of Computer Architecture, Friedrich-Alexander-University Erlangen-Nürnberg (FAU), Erlangen, Germany; Chair of Computer Architecture, Friedrich-Alexander-University Erlangen-Nürnberg (FAU), Erlangen, Germany; Chair of Computer Architecture, Friedrich-Alexander-University Erlangen-Nürnberg (FAU), Erlangen, Germany",IEEE Transactions on Nanotechnology,"10 Jul 2019","2019","18","","657","669","ReRAM-based Non-Volatile Flip-Flops (NVFFs) enable instant hibernation and zero-leakage sleep modes that are highly desired in energy harvesting and frequently-off Non-Volatile Processors (NVPs). However, their high store energy demand and rapid degradation due to excess electrical stress and unnecessary writes during store time remain open challenges for the deployment of ReRAM-based NVP. To address these concerns, this paper presents two energy-efficient and low-degradation bipolar ReRAM-based NVFFs, Hypnos, and Morpheus. In Hypnos, we reduce the ReRAM electrical stress during set operation while keeping the introduced area overhead at a minimum. In Morpheus, a write-termination circuit reduces the store energy demand and excess electrical stress even further at the cost of an affordable area overhead. Both NVFFs feature run-time tunable resistive states to enable the online adjustment of their tradeoff among endurance, retention, energy demand, and restore success rate. Experimental results demonstrate the enhanced energy efficiency and endurance properties of the proposed NVFFs. We further develop NVPs based on Hypnos and Morpheus and investigate the performance of the resulting NVPs in terms of effective processing frequency, hibernation energy, and degradation in a case study on battery-less and battery-powered Internet-of-Things (IoT) devices. In particular, we show that Hypnos's stress reduction mechanism reduces the NVP's set degradation by 78 %, whereas Morpheus's write-termination mechanism alleviates the remaining NVP degradation by 66% (set) and 88 % (reset).","1941-0085","","10.1109/TNANO.2019.2922363","German Academic Exchange Service (DAAD); ","https://ieeexplore.ieee.org/stamp/stamp.jsp?arnumber=8738988","Non-volatile flip-flop;non-volatile processor;ReRAM;hibernation energy;endurance;degradation","Computer architecture;Microprocessors;Stress;Degradation;Programming;Latches;Program processors","","5","","48","IEEE","18 Jun 2019","2019","","IEEE","IEEE Journals"
"Implication of Hydrogenation in Tuning the Magnetoresistance of Graphene-Based Magnetic Junction","S. Choudhary; S. Khandate","National Institute of Technology, Kurukshetra, India; National Institute of Technology, Kurukshetra, India",IEEE Transactions on Nanotechnology,"15 Jul 2019","2019","18","","670","675","Hydrogenation is suggested as a preferred method for opening bandgap (BG) in graphene for use in spintronic devices. Magnetoresistance (MR) in graphene is found to increase with hydrogenation, which is in contrast to MR obtained through other methods and in pristine graphene. Hydrogenation also results in higher spin filtration (SF) with increase in bandgap in comparison to their values obtained through other methods. Bandgap opening of around ~5.96 eV in graphene is obtained with hydrogenation. Results suggest that MR in hydrogenated structure is larger than the MR of pristine graphene. MR values of ~99% are observed with hydrogenation in comparison to ~90% MR in pristine structure (without hydrogenation). Spin-injection efficiency which is also a measure of spin-filtration is observed to be higher in hydrogenated graphene at around ~90%-100% in comparison to ~80%-90% in the pristine structure.","1941-0085","","10.1109/TNANO.2019.2925271","TEQIP-2 World Bank; SMDP C2SD MeiTY Govt of India(grant numbers:SMDP C2SD); ","https://ieeexplore.ieee.org/stamp/stamp.jsp?arnumber=8753717","Graphene;hydrogenation;half-metallic ferromagnetic (HMF);magneto-resistance (MR) ratio;spin efficiency","Graphene;Magnetic tunneling;Photonic band gap;Electrodes;Junctions;Spintronics;Scattering","","3","","25","IEEE","2 Jul 2019","2019","","IEEE","IEEE Journals"
"Effect of Annealing on the Structural and Electrical Properties of GLAD Synthesized Vertical Aligned WO3 Nanowire","R. Rajkumari; N. K. Singh","Semiconductor Devices Group, Department of Electronics and Communication Engineering, National Institute of Technology Nagaland, Dimapur, India; Semiconductor Devices Group, Department of Electronics and Communication Engineering, National Institute of Technology Nagaland, Dimapur, India",IEEE Transactions on Nanotechnology,"18 Jul 2019","2019","18","","676","683","This paper reports the fabrication of catalyst-free vertically aligned tungsten oxide (WO3) nanowire (NW) on Si substrate through glancing angle deposition technique incorporated in an electron beam evaporation system. The fabricated samples were annealed at 500 °C to study the effect on the structural properties. The average crystallite size increased from 67.51 to 76.24 nm after annealing. Also, the lattice strain and dislocation density were found to be decreased at 500 °C. A significant improvement on the surface morphology was observed for the annealed sample. Au electrode was used to fabricate the Au/WO3 NWs/Si structure and the electrical parameters were measured for both the as deposited and annealed sample. The annealed sample showed higher sensitivity toward the light by surface adsorption-desorption process as compared to as deposited WO3 NW. The responsivity, external quantum efficiency, and detectivity of the as deposited sample were 9.66 A/W, 3.33 × 103%, and 5.94 × 1012, respectively, which significantly enhanced to 50.95 A/W, 1.75 × 104%, and 1.05 × 1013 Jones, respectively, after annealing at a bias of 3 V. The rise time and fall time were calculated to be 1.33 and 0.94 s, respectively, at 3 V applied bias voltage, which is superior to the state of art of WO3-based photodetectors. Thus, the fabricated sample can be a potential candidate for photodetector application.","1941-0085","","10.1109/TNANO.2019.2927367","NIT Nagaland; ","https://ieeexplore.ieee.org/stamp/stamp.jsp?arnumber=8763929","GLAD;WO $_{3}$  nanowire;annealing;photodetector","Annealing;Photodetectors;Substrates;Surface treatment;Strain;Surface morphology;Lattices","","21","","56","IEEE","15 Jul 2019","2019","","IEEE","IEEE Journals"
"Design, Theory, and Circuit Model of Wideband, Tunable and Polarization-Insensitive Terahertz Absorber Based on Graphene","M. Nejat; N. Nozhat","Electrical Engineering Department, Shiraz University of Technology, Shiraz, Iran; Electrical Engineering Department, Shiraz University of Technology, Shiraz, Iran",IEEE Transactions on Nanotechnology,"18 Jul 2019","2019","18","","684","690","We present a wideband tunable absorber which is insensitive to polarization in terahertz region. This absorber is composed of dielectric and graphene sheet layers with crossover elliptical dielectric cylinders on top of the structure. Graphene plasmon resonances are used to achieve wideband absorption with relative bandwidth of 68% for the absorption above 90% in THz regime. Thanks to the symmetric design, the structure is polarization-insensitive. Furthermore, the absorber has a good performance for wide angle of the incident waves. Also, the equivalent circuit model of the absorber is derived and the results are in good agreement with the simulation ones. The presented method for broadening the absorption spectrum and the technique of equivalent circuit model derivation can be used for related structures which have many applications in similar devices.","1941-0085","","10.1109/TNANO.2019.2925964","","https://ieeexplore.ieee.org/stamp/stamp.jsp?arnumber=8758468","Terahertz absorber;Graphene;Circuit model;Wideband;Plasmonic","Graphene;Absorption;Dielectrics;Wideband;Plasmons;Ground penetrating radar;Integrated circuit modeling","","48","","38","IEEE","9 Jul 2019","2019","","IEEE","IEEE Journals"
"Design and Implementation of Configuration Memory SEU-Tolerant Viterbi Decoders in SRAM-Based FPGAs","Z. Gao; J. Zhu; R. Han; Z. Xu; A. Ullah; P. Reviriego","Tianjin University, Tianjin, China; Tianjin University, Tianjin, China; Tianjin University, Tianjin, China; Beijing Information Science and Technology University, Beijing, China; Sir Syed CASE Institutek of Technology, Islamabad, Pakistan; Universidad Carlos III de Madrid, Leganés, Spain",IEEE Transactions on Nanotechnology,"23 Jul 2019","2019","18","","691","699","A Viterbi decoder is used in many communication receivers to efficiently decode the received signal that has been convolutional encoded in the transmitter. This decoding corrects errors that occur due to noise and other imperfections in the channel and is key to achieve a low bit error rate. If the decoder is implemented on a SRAM-based field-programmable gate array (SRAM-FPGA), the radiation-induced soft errors can affect the operation of the Viterbi decoder by corrupting the configuration memory, which can change the circuit functionality and will not be corrected unless the FPGA is reconfigured. This makes the protection of Viterbi decoders implemented on SRAM-based FPGAs an important issue. In this paper, first, fault injection experiments are conducted to study the effects of soft errors on the configuration memory of an SRAM-FPGA implemented Viterbi decoder. Then, an efficient protection technique is proposed and evaluated showing that it can provide an efficient protection with a lower resource usage than the traditional triple modular redundancy approach.","1941-0085","","10.1109/TNANO.2019.2925872","National Natural Science Foundation of China(grant numbers:61501321,61620106001); Tianjin Science and Technology Committee(grant numbers:17ZXRGGX00160); TEXEO Project(grant numbers:TEC2016-80339-R); Spanish Ministry of Economy and Competitivity; ","https://ieeexplore.ieee.org/stamp/stamp.jsp?arnumber=8758450","Viterbi decoding;FPGA;fault tolerance;single event upset;duplication with comparison","Decoding;Viterbi algorithm;Measurement;Convolutional codes;Random access memory;Field programmable gate arrays;Single event upsets","","19","","31","IEEE","9 Jul 2019","2019","","IEEE","IEEE Journals"
"Simulation Investigation of the Diffusion Enhancement Effects in FinFET With Graded Fin Width","M. Zhang; Y. Guo; J. Chen; J. Zhang; Y. Tong","College of Electronic and Optical Engineering, College of Microelectronics and the National and Local Joint Engineering Laboratory of RF Integration and Micro-Assembly Technology, Nanjing University of Posts and Telecommunications, Nanjing, China; College of Electronic and Optical Engineering, College of Microelectronics and the National and Local Joint Engineering Laboratory of RF Integration and Micro-Assembly Technology, Nanjing University of Posts and Telecommunications, Nanjing, China; College of Electronic and Optical Engineering, College of Microelectronics and the National and Local Joint Engineering Laboratory of RF Integration and Micro-Assembly Technology, Nanjing University of Posts and Telecommunications, Nanjing, China; College of Electronic and Optical Engineering, College of Microelectronics and the National and Local Joint Engineering Laboratory of RF Integration and Micro-Assembly Technology, Nanjing University of Posts and Telecommunications, Nanjing, China; College of Electronic and Optical Engineering, College of Microelectronics and the National and Local Joint Engineering Laboratory of RF Integration and Micro-Assembly Technology, Nanjing University of Posts and Telecommunications, Nanjing, China",IEEE Transactions on Nanotechnology,"24 Jul 2019","2019","18","","700","703","FinFET shows superior gate control capability but suffers degradation in current driving capability. In this letter, we demonstrate the significant diffusion enhancement effects in FinFET with graded fin width. The FinFET with graded fin width, named diffusion enhancement FinFET (DE FinFET), is expected to improve the current driving capability. The three-dimensional numerical simulations and a simple theoretical modeling are implemented to explore the physical mechanism of the diffusion enhancement effects. Compared to the conventional FinFET, the DE FinFET improves the gm by 37% and increases the Ion by 33%. Moreover, the DE FinFET also presents 46% enhancement in gm2/Id and 35% rise in ft. Thus, the DE FinFET exhibits promising potential in the analog/RF regime.","1941-0085","","10.1109/TNANO.2019.2927763","National Natural Science Foundation of China(grant numbers:61574081,61704084); Natural Science Foundation of Jiangsu Province(grant numbers:17KJB510042); Graduate students research innovation program of Jiangsu Province(grant numbers:46106CX18029); ","https://ieeexplore.ieee.org/stamp/stamp.jsp?arnumber=8764589","Diffusion enhancement;FinFET;graded fin width;current driving capability","FinFETs;Current density;Logic gates;Ions;Electric fields;Silicon;Degradation","","4","","22","IEEE","16 Jul 2019","2019","","IEEE","IEEE Journals"
"Mask Technique for Fast and Efficient Training of Binary Resistive Crossbar Arrays","M. E. Fouda; S. Lee; J. Lee; A. Eltawil; F. Kurdahi","Department of EECS, University of California–Irvine, Irvine, USA; School of ECE, Ulsan National Institute of Science and Technology, Ulsan, South Korea; School of ECE, Ulsan National Institute of Science and Technology, Ulsan, South Korea; Department of EECS, University of California–Irvine, Irvine, USA; Department of EECS, University of California–Irvine, Irvine, USA",IEEE Transactions on Nanotechnology,"25 Jul 2019","2019","18","","704","716","Resistive crossbar arrays, despite their advantages such as parallel processing, low power, and high density, suffer from the sneak path problem created by IR voltage drops. The crossbar non-idealities considerably degrade the accuracy of matrix multiplication operation, which is the cornerstone of hardware accelerated neural networks. In this paper, we propose a novel technique to capture the sneak path problem to enable off-chip learning and weight transfer. The proposed technique can be easily integrated into any neural network training framework. Performance results show a significant improvement after retraining the network with the proposed mask technique. Two mask solutions have been proposed and studied to capture the sneak path problem in resistive crossbar arrays. Both mask solutions were successfully able to achieve classification accuracy close to the baseline accuracy. The tradeoffs between the two solutions are discussed and compared in terms of accuracy, power, and area.","1941-0085","","10.1109/TNANO.2019.2927493","National Science Foundation(grant numbers:1710746); National Research Foundation of Korea; Ministry of Science, ICT and Future Planning(grant numbers:2016M3A7B4909668); Basic Science Research Program through NRF; Ministry of Education(grant numbers:NRF-2017R1D1A1B03033591); Free Innovative Research Fund(grant numbers:1.170067.01); ","https://ieeexplore.ieee.org/stamp/stamp.jsp?arnumber=8763919","RRAMs;memristors;neural networks;mask;binary;BNNs;neuromorphic hardware;sneak path;IR drop","Wires;Resistance;Neurons;Capacitance;Biological neural networks;Training;Hardware","","40","","30","IEEE","15 Jul 2019","2019","","IEEE","IEEE Journals"
"Performance and Aging Aware Resource Allocation for Concurrent GPU Applications Under Process Variation","Z. -G. Tasoulas; I. Anagnostopoulos","Department of Electrical and Computer Engineering, Southern Illinois University, Carbondale, IL, USA; Department of Electrical and Computer Engineering, Southern Illinois University, Carbondale, IL, USA",IEEE Transactions on Nanotechnology,"25 Jul 2019","2019","18","","717","727","Platform heterogeneity prevails as a solution to the throughput and computational challenges imposed by parallel applications and technology scaling. Number-crunching or computationally intensive applications can achieve high performance when executed on a GPU. Although time multitasking is broadly available for GPUs, spatial multitaskingis not extensively explored. Randomly pairing concurrent applications and equally dividing resources among them can lead to poor performance and high divergence in the aging of the computational components. Low performance results from inefficient utilization of the available hardware, while unbalanced aging increases the probability of system failure. Additionally, process variation intensifies the effects on aging. In this paper, we present a methodology to efficiently allocate streaming multiprocessors for concurrent GPU applications. This paper considers process variation and takes actions both at the application and the kernel level. Experimental results show up to 23% and 14% higher throughput, compared to an aging aware and a performance/aging aware approach, respectively, while the relative delay deviation is reduced up to 5.9× and 4.9×, respectively.","1941-0085","","10.1109/TNANO.2019.2928268","","https://ieeexplore.ieee.org/stamp/stamp.jsp?arnumber=8765598","GPU;streaming multiprocessor;aging;throughput;process variation;spatial multitasking","Aging;Graphics processing units;Throughput;Kernel;Negative bias temperature instability;Thermal variables control;Delays","","6","","46","IEEE","17 Jul 2019","2019","","IEEE","IEEE Journals"
"Ligand Exchange Functionalization of CIS Quantum Dots for CIS/ZnO Film Heterojunctions","Y. Zheng; B. Sadeghimakki; J. A. L. Brunning; S. Sivoththaman","Department of Electrical and Computer Engineering, University of Waterloo, Waterloo, Canada; Department of Electrical and Computer Engineering, University of Waterloo, Waterloo, Canada; Department of Electrical and Computer Engineering, University of Waterloo, Waterloo, Canada; Department of Electrical and Computer Engineering, University of Waterloo, Waterloo, Canada",IEEE Transactions on Nanotechnology,"25 Jul 2019","2019","18","","728","733","Colloidal quantum dots (QD) are rapidly making their way into several optoelectronic applications. While Cd- and Pb-based QDs are promising for high-performance devices, toxicity remains a concern. In this regard, Cu-In-S (CIS) QDs provide an alternative option for scalable, commercial production. A low-temperature, high-throughput process was used to synthesize CIS QDs with 1-dodecanethiol (DDT) ligands. While QD synthesis with a DDT ligand is facile, there are drawbacks when it comes to device implementation and interfacing with electron transport films such as ZnO. A ligand exchange process was employed to replace the DDT ligands in the as-synthesized QDs with 3-mercaptopropionic acid (MPA); owing to the short and bifunctional nature of the MPA molecules, this process improved the surface adhesion and carrier transport to ZnO. I-V measurements on planar structures showed the significance of ligand exchange in CIS QDs for heterojunction device implementation.","1941-0085","","10.1109/TNANO.2019.2927951","","https://ieeexplore.ieee.org/stamp/stamp.jsp?arnumber=8764585","Quantum dots;copper indium sulfide;ligand exchange;colloidal solution;photodetectors","II-VI semiconductor materials;Zinc oxide;Absorption;Sediments;Methanol;Quantum dots;Surface treatment","","4","","41","IEEE","16 Jul 2019","2019","","IEEE","IEEE Journals"
"Digital Metasurface Based on Graphene: An Application to Beam Steering in Terahertz Plasmonic Antennas","S. E. Hosseininejad; K. Rouhi; M. Neshat; A. Cabellos-Aparicio; S. Abadal; E. Alarcón","School of Electrical and Computer Engineering, University of Tehran, Tehran, Iran; School of Electrical Engineering, Iran University of Science and Technology, Tehran, Iran; School of Electrical and Computer Engineering, University of Tehran, Tehran, Iran; NaNoNetworking Center in Catalonia (N3Cat), Universitat Politècnica de Catalunya, Barcelona, Spain; NaNoNetworking Center in Catalonia (N3Cat), Universitat Politècnica de Catalunya, Barcelona, Spain; NaNoNetworking Center in Catalonia (N3Cat), Universitat Politècnica de Catalunya, Barcelona, Spain",IEEE Transactions on Nanotechnology,"26 Jul 2019","2019","18","","734","746","Metasurfaces, the two-dimensional counterpart of metamaterials, have caught great attention thanks to their powerful capabilities on manipulation of electromagnetic waves. Recent times have seen the emergence of a variety of metasurfaces exhibiting not only countless functionalities, but also a reconfigurable response. Additionally, digital or coding metasurfaces have revolutionized the field by describing the device as a matrix of discrete building block states, thus drawing clear parallelisms with information theory and opening new ways to model, compose, and (re)program advanced metasurfaces. This paper joins the reconfigurable and digital approaches, and presents a metasurface that leverages the tunability of graphene to perform beam steering at terahertz frequencies. A comprehensive design methodology is presented encompassing technological, unit cell design, digital metamaterial synthesis, and programmability aspects. By setting up and dynamically adjusting a phase gradient along the metasurface plane, the resulting device achieves beam steering at all practical directions. The proposed design is studied through analytical models and validated numerically, showing beam widths and steering errors well below 10° and 5% in most cases. Finally, design guidelines are extracted through a scalability analysis involving the metasurface size and number of unit cell states.","1941-0085","","10.1109/TNANO.2019.2923727","Iran's National Elites Foundation; Spanish Ministry of Economía y Competitividad(grant numbers:PCIN-2015-012); ICREA under the ICREA Academia programme; ","https://ieeexplore.ieee.org/stamp/stamp.jsp?arnumber=8745693","Beam steering;digital metasurfaces;graphene;plasmonics;terahertz frequencies","Graphene;Beam steering;Encoding;Metamaterials;Design methodology;Tuning","","120","","64","IEEE","25 Jun 2019","2019","","IEEE","IEEE Journals"
"Fabrication and Charge Deduction Based Sensitivity Analysis of GaN MOS-HEMT Device for Glucose, MIG, C-erbB-2, KIM-1, and PSA Detection","A. Varghese; C. Periasamy; L. Bhargava","Department of Electronics and Communication Engineering, Malaviya National Institute of Technology, Jaipur, India; Department of Electronics and Communication Engineering, Malaviya National Institute of Technology, Jaipur, India; Department of Electronics and Communication Engineering, Malaviya National Institute of Technology, Jaipur, India",IEEE Transactions on Nanotechnology,"26 Jul 2019","2019","18","","747","755","This paper presents the applicability of a high-resolution AlGaN/AlN/GaN metal oxide semiconductor-high electron mobility transistor (MOS-HEMT) for multiple bio detection and analysis of its sensitivity through a charge deduction based approach. The biomarkers of interest chosen in this paper include c-erbB-2, the breast cancer biomarker whose detection from saliva has been modeled. In this approach, the effective gate bias deduced through the model is applied to the fabricated device. High sensitivity of 0.054 mA/μgmL-1, about nine times higher than the existing/conventional device, is attained here due to the modification of device epi design and use of MOS-gate. Similarly equivalent gate bias/interface charge has been deduced for other biomarkers such as prostate specific antigen, kidney injury molecule, monokine induced by interferon gamma, and glucose oxidase Enzyme, and effective sensitivities of 0.91 mA/μgmL-1, 0.254 mA/μgmL-1, 0.48 mA/ngmL-1, and 2.06 mA/mmolL-1, respectively, have been attained. The aim of the paper is developing an analytical model to analyze the sensitivity of the fabricated MOS-HEMT device with Al2O3 as gate dielectric (using on wafer testing) before the real packaging or sample introduction to ensure the device usability as a sensor for a dedicated detection. The methodology used here has been validated by comparison of the device sensitivity with real-time pH detection sensitivity. The device showcases high sensitivity of 1.83 mA/pH. The comparison of sensitivity with existing systems proves that the fabricated device overpowers the existing systems with huge marginal increase in sensitivities attained.","1941-0085","","10.1109/TNANO.2019.2928308","DST-SERB(grant numbers:YSS/2015/000174); Young Faculty Research Fellowship under Visvesvaraya PhD Scheme(grant numbers:PhDMLA-4(17)/2014); ","https://ieeexplore.ieee.org/stamp/stamp.jsp?arnumber=8766110","AlGaN/GaN HEMT;biosensor;c-erbB-2;glucose;KIM;MIG;multi-detection;PSA","Logic gates;Sensitivity;HEMTs;Sensors;Gallium nitride;Biological system modeling;Fabrication","","53","","36","IEEE","18 Jul 2019","2019","","IEEE","IEEE Journals"
"Ultra-Low Power Pulse-Triggered CNTFET-Based Flip-Flop","A. Karimi; A. Rezai; M. M. Hajhashemkhani","ACECR Institute of Higher Education, Isfahan, Iran; ACECR Institute of Higher Education, Isfahan, Iran; ACECR Institute of Higher Education, Isfahan, Iran",IEEE Transactions on Nanotechnology,"30 Jul 2019","2019","18","","756","761","Reducing the power consumption and scaling the devices are the important concerns of today's electronics. Flip-Flop (FF) is one of the basic elements in electronic devices. Thus, the performance of the electronic devices is improved by improving these qualities in the FFs. In this paper, a novel pulse-triggered CNTFET-based D-Flip-Flop structure is proposed. This structure utilizes signal feed through technique to reduce the “0” to “1” transition, which requires only one CNTFET. Moreover, the discharging path is optimized to reduce the delay time for “1” to “0” transition by using only two CNTFETs. The novel structure is simulated in Hspice using Stanford model. The output results prove that the performance of the proposed structure is improved greatly in terms of power consumption, D-to-Q delay, the power-delay product, and the number of required transistors in comparison with other pulse-triggered Flip-Flop structures.","1941-0085","","10.1109/TNANO.2019.2929233","","https://ieeexplore.ieee.org/stamp/stamp.jsp?arnumber=8768336","Flip-flops;CNTFET;PDP;nanotechnology;pulse triggered;low power design;signal feed through technique","CNTFETs;Flip-flops;Power demand;Delays;Feeds;FinFETs","","26","","35","IEEE","22 Jul 2019","2019","","IEEE","IEEE Journals"
"Fully Analytical Compact Model for the I–V Characteristics of Large Radius Junctionless Nanowire FETs","R. Ragi; M. A. Romero","Department of Electrical and Computer Engineering, EESC-USP, São Carlos, University of Sao Paulo, Brazil; Department of Electrical and Computer Engineering, EESC-USP, São Carlos, University of Sao Paulo, Brazil",IEEE Transactions on Nanotechnology,"5 Aug 2019","2019","18","","762","769","In this paper, we developed an analytical model for the I-V characteristics of junctionless nanowire FETs (JLNWFETs) in which the radius of the nanowire is large enough to allow quantum confinement effects to be neglected. The model is valid for all bias regimes, subthreshold, depletion and accumulation, and it is fully analytical, do not requiring the numerical solution of integrals or transcendental equations. Our compact model is validated in comparison to available results in the literature, with agreement equivalent to much more complex approaches.","1941-0085","","10.1109/TNANO.2019.2926041","Brazilian Research Council (CNPq)(grant numbers:303708/2017-4); ","https://ieeexplore.ieee.org/stamp/stamp.jsp?arnumber=8758876","nanowire;analytical modeling;junctionless transistors;FETs;compact model","Logic gates;Numerical models;Analytical models;Mathematical model;Transistors;Threshold voltage;Nanoscale devices","","5","","13","IEEE","10 Jul 2019","2019","","IEEE","IEEE Journals"
"Probing Lead Ion Contamination in Aqueous Solution Through Bio-Inspired Surface Modification of Gold Nanoparticles on D-Shaped Fiber","B. S. Boruah; R. Biswas","Applied Optics and Photonics Laboratory, Department of Physics, Tezpur University, Tezpur, India; Applied Optics and Photonics Laboratory, Department of Physics, Tezpur University, Tezpur, India",IEEE Transactions on Nanotechnology,"5 Aug 2019","2019","18","","770","775","A key challenge for detection circuits is the capability of rapidly quantifying target molecules with lower level of limit of detection. An additional obstacle in this direction is also the ease of fabrication of sensing probes. In such cases, D-shaped optical fiber probe can be utilized to shrink the footprint as well as provide ample scope of surface modification of the sensing surface. The detection of D-shaped fiber probe functionalized by chitosan modified gold nanoparticle is comprehensively and procedurally investigated and demonstrated toward detection of lead ions. Through adoption of a very inexpensive intensity interrogation approach, the scheme renders limit of detection of 2 ppb, with a remarkable linearity of ~0.98 within a range 1-20 ppb. Even in presence of interfering ions, the scheme provides brilliant selectivity toward lead, suggesting the potential for this scheme in integrated photonic architectures.","1941-0085","","10.1109/TNANO.2019.2929058","","https://ieeexplore.ieee.org/stamp/stamp.jsp?arnumber=8768348","Intensity modulation;light sources;optical fiber devices;optical fibers;optical sensors","Probes;Ions;Lead;Optical fiber sensors;Optical fibers;Gold","","13","","39","IEEE","22 Jul 2019","2019","","IEEE","IEEE Journals"
"Highly Flexible and Mechanically Robust Ultrathin Au Grid as Electrodes for Flexible Organic Light-Emitting Devices","F. -S. Yi; Y. -G. Bi; X. -L. Zhang; D. Yin; Y. -F. Liu; J. Feng; H. -B. Sun","State Key Lab of Integrated Optoelectronics, College of Electronic Science and Engineering, Jilin University, Changchun, China; State Key Lab of Integrated Optoelectronics, College of Electronic Science and Engineering, Jilin University, Changchun, China; State Key Lab of Integrated Optoelectronics, College of Electronic Science and Engineering, Jilin University, Changchun, China; State Key Lab of Integrated Optoelectronics, College of Electronic Science and Engineering, Jilin University, Changchun, China; State Key Lab of Integrated Optoelectronics, College of Electronic Science and Engineering, Jilin University, Changchun, China; State Key Lab of Integrated Optoelectronics, College of Electronic Science and Engineering, Jilin University, Changchun, China; State Key Lab of Precision Measurement Technology and Instruments, Department of Precision Instrument, Tsinghua University, Beijing, China",IEEE Transactions on Nanotechnology,"7 Aug 2019","2019","18","","776","780","We report a highly flexible ultrathin Au grid with high mechanical robustness as transparent electrode for flexible organic light-emitting devices (OLEDs). The grids are introduced to an ultrathin Au film to improve its optical transmittance and mechanical performance. With the line width of 15 μm and the gap width of 30 μm, the optimal ultrathin Au grid presents a desirable transmittance of 88.7% at 550 nm and a sheet resistance of 36 Ω/sq. Owing to the reduced tensile stress by the ultrathin grid patterns, the flexible ultrathin Au grid exhibits extraordinary mechanical stability with maintained conductivity after 48 000 bending cycles under a bending radius of 1 mm. Flexible OLEDs with high flexibility and mechanical robustness have been obtained using the ultrathin Au grid as the transparent anode by maintaining 92% initial efficiency after 4200 bending cycles. Moreover, flexible OLEDs exhibit a significantly improved current efficiency in comparison to the devices based on the continuous Au or traditional ITO anode.","1941-0085","","10.1109/TNANO.2019.2928689","National Key Research and Development Program of China and National Natural Science Foundation of China (NSFC)(grant numbers:2017YFB0404500,61705075,61825402,61675085,61605056); China Postdoctoral Science Foundation(grant numbers:2016M600230); ","https://ieeexplore.ieee.org/stamp/stamp.jsp?arnumber=8767036","Ultrathin Au grid film;flexible transparent electrodes;mechanical robustness;flexible organic light-emitting devices","Gold;Organic light emitting diodes;Anodes;Indium tin oxide;Substrates;Optical films","","6","","51","IEEE","19 Jul 2019","2019","","IEEE","IEEE Journals"
"Enhanced Optoelectronic Properties of Bilayer Graphene/HgCdTe-Based Single- and Dual-Junction Photodetectors in Long Infrared Regime","S. Bansal; A. Das; P. Jain; K. Prakash; K. Sharma; N. Kumar; N. Sardana; N. Gupta; S. Kumar; A. K. Singh","Department of Electronics and Communication Engineering, Punjab Engineering College, Chandigarh, India; University of Calcutta, Kolkata, India; Department of Electronics and Communication Engineering, Punjab Engineering College, Chandigarh, India; Department of Electronics and Communication Engineering, Punjab Engineering College, Chandigarh, India; Department of Electronics and Communication Engineering, Punjab Engineering College, Chandigarh, India; Department of Applied Sciences, Punjab Engineering College, Chandigarh, India; Department of Metallurgical and Materials Engineering, Indian Institute of Technology Ropar, Rupnagar, India; Department of Electronics and Communication Engineering, Punjab Engineering College, Chandigarh, India; Department of Applied Sciences, Punjab Engineering College, Chandigarh, India; Department of Electronics and Communication Engineering, Punjab Engineering College, Chandigarh, India",IEEE Transactions on Nanotechnology,"7 Aug 2019","2019","18","","781","789","We present novel p+-bilayer graphene (BLG) and mercury cadmium telluride (MCT)-based single- and dual-junction photodetectors, namely, p+-BLG/n--MCT and p+-BLG/n--MCT/n+-MCT, operating in long infrared regime. The optoelectronic characterizations utilizing Silvaco Atlas TCAD are validated by analytical modeling. All the devices demonstrate self-powered mode operation and exhibit more than 106 times enhancement in photocurrent density. The dual-heterojunction photodetector demonstrates rapid photocurrent switching with the rise and fall time of ~0.05 and ~0.013 ps, respectively, than that of single-heterojunction-based photodetectors. The highest external quantum efficiency (QEext), external photocurrent responsivity, and lowest noise equivalent power of 85.8%, 7.33 A/W, and 4.72 × 10-20 W, respectively, are found for the dual-heterojunction photodetector with a wavelength of 10.6 μm at 77 K. Such optimum photodetection performance is attributed to the presence of a huge amount of electric field (180 kV/cm) at n--n+ heterojunction, which accelerates the photogenerated electrons resulting in effective photocurrent. It is further demonstrated that the temperature-dependent QEext with values >100% is due to the carrier multiplication effect in BLG.","1941-0085","","10.1109/TNANO.2019.2931814","","https://ieeexplore.ieee.org/stamp/stamp.jsp?arnumber=8788465","Bilayer graphene;HgCdTe;heterojunction;infrared;photodetector;quantum efficiency","Photodetectors;Photonic band gap;Heterojunctions;Graphene;Dark current;Tunneling;Performance evaluation","","72","","57","IEEE","5 Aug 2019","2019","","IEEE","IEEE Journals"
"Anodic Niobia Column-like 3-D Nanostructures for Semiconductor Devices","A. Pligovka; A. Lazavenka; G. Gorokh","Research and Development Laboratory 4.10 “Nanotechnologies”, Belarusian State University of Informatics and Radioelectronics, Minsk, Republic of Belarus; Research and Development Laboratory 4.10 “Nanotechnologies”, Belarusian State University of Informatics and Radioelectronics, Minsk, Republic of Belarus; Research and Development Laboratory 4.10 “Nanotechnologies”, Belarusian State University of Informatics and Radioelectronics, Minsk, Republic of Belarus",IEEE Transactions on Nanotechnology,"8 Aug 2019","2019","18","","790","797","Two types of anodic niobia (niobium oxide) column-like three-dimensional (3-D) nanostructures were synthesized by anodization in 0.4 mol·dm-3 oxalic acid aqueous solution at 37 V, reanodizing in 1% citric acid aqueous solution up to 300 and 450 V, and chemical etching of magnetron sputter-deposited Al/Nb metal layers. The dependence of the synthesized niobia column-like 3-D nanostructures' morphological properties on formation conditions were defined by scanning electron microscopy. The niobia column-like 3-D nanostructures' electrophysical characteristics were investigated in two measurement schemes. Aluminum layers of 500-nm thickness were used as contact pads. The current-voltage characteristic (I-V) has nonlinear and nonsymmetrical character. The nonsymmetrical I-V reached ~10 V. The breakdown voltages were 80 and 125 V, self-heating begins at voltage direct connection 33 and 60 V, initial resistance at 23 °C was 60 and 120 kΩ, specific resistance to the height of the columns was 87 and 116 Ω·nm-1, and the calculated temperature coefficient of resistance in the range 20-105 °C appeared to be negative and rather low, -1.39·10-2 and -1.28·10-2 K-1, for the niobia column-like 3-D nanostructures reanodized at 300 and 450 V, respectively.","1941-0085","","10.1109/TNANO.2019.2930901","Mobility Scheme for Targeted People-to-People-Contacts(grant numbers:R-ZUFm-39628); ","https://ieeexplore.ieee.org/stamp/stamp.jsp?arnumber=8782150","Porous anodic alumina;niobia (niobium oxide);anodizing;3-dimensional nanostructure;semiconductor","Niobium;Nanostructures;Semiconductor device measurement;Silicon;Resistance;Aluminum","","18","","34","IEEE","30 Jul 2019","2019","","IEEE","IEEE Journals"
"The Behavior Analysis of Magnetoresistive Tunnel Junction Devices in State Space","A. Gholipour; R. Rajaei","Department of Electrical Engineering, Shahid Beheshti University G. C., Tehran, Iran; Department of Electrical Engineering, Shahid Beheshti University G. C., Tehran, Iran",IEEE Transactions on Nanotechnology,"8 Aug 2019","2019","18","","798","805","The behavior of magnetoresistive tunnel junction (MTJ) devices in the electronic (digital) circuits is governed by several differential equations. The LLG equation determines the dynamic of the magnetic polarization vector which ultimately affects the (anti)parallel resistance of MTJs. This vector differential equation is decomposed into two scalar differential equations. In the proposed method, the differential equations are expressed in the state space and the corresponding well-developed theories are applied. In fact, the device is considered as a multi-input multi-output control system and the qualitative solutions are presented. The state diagram gives an insight into the device behavior. It can provide additional information about the device performance and can be considered as a complementary technique of other available analysis approaches. With this ability, the designer can engineer the MTJ devices for their optimum performance in the circuit. Using this theory, we also suggested a power and performance improving approach for the spin transfer torque MTJ-based logic circuits. To show the efficiencies offered by the proposed method, a STT-MRAM cell and an array are designed and it is shown that better specifications can be achieved in terms of switching time and power dissipation. The reliability issues are also investigated and we show that the proposed power/performance improvement approach can effectively consider the reliability concerns.","1941-0085","","10.1109/TNANO.2019.2931313","University of Shahid Beheshti G. C.(grant numbers:SAD/600/1295); ","https://ieeexplore.ieee.org/stamp/stamp.jsp?arnumber=8784417","Magnetic tunnel junction (MTJ);Landau-Lifshitz-Gilbert (LLG) differential equation;state space;magnetic random access memory (MRAM)","Differential equations;Magnetic tunneling;Magnetization;Mathematical model;Performance evaluation;Switches;Trajectory","","1","","24","IEEE","1 Aug 2019","2019","","IEEE","IEEE Journals"
"FL-RuNS: A High-Performance and Runtime Reconfigurable Fault-Tolerant Routing Scheme for Partially Connected Three-Dimensional Networks on Chip","A. Coelho; A. Charif; N. -E. Zergainoh; R. Velazco","TIMA Laboratory, University Grenoble Alpes, Grenoble, France; Computing and Design Environment Laboratory, CEA LIST, Gif-sur-Yvette, France; TIMA Laboratory, University Grenoble Alpes, Grenoble, France; TIMA Laboratory, University Grenoble Alpes, Grenoble, France",IEEE Transactions on Nanotechnology,"12 Aug 2019","2019","18","","806","818","Three-dimensional networks on chip (3D-NoCs) have been proposed as an enormously scalable solution to address communication problems in modern systems on chip. Through-silicon via (TSV) is usually adopted as a viable technology enabling vertical connection among NoC layers. However, TSV-based architectures typically exhibit high vulnerability to transient and permanent faults caused by aging effects, thermal violations, manufacturing issues, or even transient fault sources. Therefore, TSV-based architectures call for robust routing schemes capable of sustaining operation under unpredictable failure patterns. In this paper, we introduce FL-RuNS, a fault-tolerant routing scheme for achieving 100% packet delivery under an unconstrained set of runtime and permanent vertical link failures. The proposed scheme uses the concept of vertical link announcement to inform nodes in the network of the health condition of vertical links. This mechanism is able to dynamically and progressively reconfigure the entire network without any packet loss. FL-RuNS requires a very low number of asymmetric virtual channels to achieve both deadlock freedom and reachability. Also, FL-RuNS introduces one-flit-dedicated virtual channels, which are used as an escape buffer in case of TSVs failures. The experimental results have confirmed that FL-RuNS shows better reliability when compared to the recently proposed fault-tolerant routing algorithm. Furthermore, the hardware synthesis performed using a commercial 28-nm technology library shows a reasonable area and power overhead with respect to the non-fault-tolerant baseline.","1941-0085","","10.1109/TNANO.2019.2931271","","https://ieeexplore.ieee.org/stamp/stamp.jsp?arnumber=8782834","Fault-tolerant routing algorithm;3D Networks-On-Chip;Through-Silicon Vias;partially connected 3D-NoC","Routing;Through-silicon vias;Elevators;Fault tolerance;Fault tolerant systems;Runtime;System recovery","","11","","30","IEEE","31 Jul 2019","2019","","IEEE","IEEE Journals"
"An Improved Particle Filter With a Novel Hybrid Proposal Distribution for Quantitative Analysis of Gold Immunochromatographic Strips","N. Zeng; Z. Wang; H. Zhang; K. -E. Kim; Y. Li; X. Liu","Department of Instrumental and Electrical Engineering, Xiamen University, Fujian, China; Department of Computer Science, Brunel University London, Uxbridge, U.K.; Department of Instrumental and Electrical Engineering, Xiamen University, Fujian, China; Department of Computer Science, Korea Advanced Institute of Science and Technology, Daejeon, South Korea; Fujian Key Laboratory of Medical Instrumentation and Pharmaceutical Technology, Fuzhou, China; Department of Computer Science, Brunel University London, Uxbridge, U.K.",IEEE Transactions on Nanotechnology,"13 Aug 2019","2019","18","","819","829","In this paper, a novel statistical pattern recognition method is proposed for accurately segmenting test and control lines from the gold immunochromatographic strip (GICS) images for the benefits of quantitative analysis. A new dynamic state-space model is established, based on which the segmentation task of test and control lines is transformed into a state estimation problem. Especially, the transition equation is utilized to describe the relationship between contour points on the upper and the lower boundaries of test and control lines, and a new observation equation is developed by combining the contrast of between-class variance and the uniformity measure. Then, an innovative particle filter (PF) with a hybrid proposal distribution, namely, deep-belief-network-based particle filter (DBN-PF) is put forward, where the deep belief network (DBN) provides an initial recognition result in the hybrid proposal distribution, and the particle swarm optimization algorithm moves particles to regions of high likelihood. The performance of proposed DBN-PF method is comprehensively evaluated on not only an artificial dataset but also the GICS images in terms of several indices as compared to the PF and DBN methods. It is demonstrated via experiment results that the proposed approach is effective in quantitative analysis of GICS.","1941-0085","","10.1109/TNANO.2019.2932271","UK-China Industry Academia Partnership Programme(grant numbers:UK-CIAPP-276); Korea Foundation for Advanced Studies; National Natural Science Foundation of China(grant numbers:61873148,61403319,61773124); International Science and Technology Cooperation Project of Fujian Province of China(grant numbers:2019I0003); Fundamental Research Funds for the Central Universities in China(grant numbers:20720190009); Fujian Provincial Key Laboratory of Eco-Industrial Green Technology of China; ","https://ieeexplore.ieee.org/stamp/stamp.jsp?arnumber=8789681","Gold immunochromatographic strip;particle filter;proposal distribution;deep belief network;dynamical model;image segmentation;particle swarm optimization algorithm;Monte Carlo","Image segmentation;Mathematical model;Proposals;Heuristic algorithms;Particle swarm optimization;Immune system;Strips","","147","","45","IEEE","6 Aug 2019","2019","","IEEE","IEEE Journals"
"Complex Absorbing Potential Formalism Accounting for Open Boundary Conditions Within the Wigner Transport Equation","L. Schulz; D. Schulz","Chair of High Frequency Techniques, Technische Universität Dortmund, Dortmund, Germany; Chair of High Frequency Techniques, Technische Universität Dortmund, Dortmund, Germany",IEEE Transactions on Nanotechnology,"14 Aug 2019","2019","18","","830","838","For the derivation of the Wigner Transport Equation an infinite computational domain is presumed. As a consequence, when considering a bounded computational domain as it is the case for numerical device modeling, several difficulties arise based on this assumption. Due to the inadequate inclusion of the boundary terms, the Wigner function inherently suffers from an artificial interference pattern. To address this aspect, a complex absorbing potential formalism, which is originally utilized for the numerical solution of the Schrödinger equation, is developed for the application onto the Wigner Transport Equation. As a result, the drift operator includes an additional term accounting for the finiteness of the computational domain reflecting open boundary conditions. The approach is discussed by means of a simple structured resonant tunneling diode and utilizing conventional finite difference schemes for a numerical solution of the Wigner Transport Equation. Additionally, the results are compared with a reference solution obtained by the Quantum Transmitting Boundary Method.","1941-0085","","10.1109/TNANO.2019.2933307","German Research Funding Association Deutsche Forschungsgemeinschaft(grant numbers:1016/8-1); ","https://ieeexplore.ieee.org/stamp/stamp.jsp?arnumber=8794705","Liouville-von-neumann-equation;wigner transport equation;computational nanotechnology;resonant tunneling devices;quantum transmitting boundary method;open boundary conditions;complex absorbing potential","Mathematical model;Boundary conditions;Resonant tunneling devices;Fourier transforms;Quantum computing;Charge carrier density;Logic gates","","20","","25","IEEE","12 Aug 2019","2019","","IEEE","IEEE Journals"
"Millimeter-Wave Faraday Rotation From Ferromagnetic Nanowires","N. Parsa; M. R. Gasper; B. C. Amacher; R. C. Toonen","Department of Electrical and Computer Engineering, University of Akron, Akron, USA; Department of Electrical and Computer Engineering, University of Akron, Akron, USA; Department of Electrical and Computer Engineering, University of Akron, Akron, USA; Department of Electrical and Computer Engineering, University of Akron, Akron, USA",IEEE Transactions on Nanotechnology,"20 Aug 2019","2019","18","","839","844","Nickel nanowires embedded in track-etched polycarbonate membrane filters have been used to impart Faraday rotation on millimeter wave signals with frequencies of 61.25 GHz. A customized apparatus for measuring Faraday rotation was designed and built using quasi-optical components. Initial experiments were performed to ensure that the non-reciprocal polarization rotation, attributed to the Faraday effect, had direct proportionality to the strength of a static magnetic field applied in the direction of the millimeter wave propagation. Experiments were also performed to rule out the possibility of measuring reciprocal polarization rotation due to birefringence and to calculate the Faraday rotation angle in these artificial ferrites. A Verdet constant was extracted from experimental data and found to have a relatively high value of approximately 25.5 × 103 rad·T-1·m-1.","1941-0085","","10.1109/TNANO.2018.2874956","National Science Foundation(grant numbers:1509754); Firestone Research Initiative Award; ","https://ieeexplore.ieee.org/stamp/stamp.jsp?arnumber=8495027","Nickel nanowires;faraday rotation;millimeter waves;quasi-optical components","Faraday effect;Horn antennas;Nanowires;Lenses;Nickel;Antenna measurements;Rotation measurement","","3","","9","IEEE","17 Oct 2018","2019","","IEEE","IEEE Journals"
"Carbon Nanotube CMOS Analog Circuitry","R. Ho; C. Lau; G. Hills; M. M. Shulaker","Department of Electrical Engineering and Computer Science, Massachusetts Institute of Technology, Cambridge, USA; Department of Electrical Engineering and Computer Science, Massachusetts Institute of Technology, Cambridge, USA; Department of Electrical Engineering and Computer Science, Massachusetts Institute of Technology, Cambridge, USA; Department of Electrical Engineering and Computer Science, Massachusetts Institute of Technology, Cambridge, USA",IEEE Transactions on Nanotechnology,"20 Aug 2019","2019","18","","845","848","Carbon nanotube (CNT) field-effect transistors (CNFETs) promise significant energy efficiency benefits versus today's silicon-based FETs. Yet despite this promise, complementary (CMOS) CNFET analog circuitry has never been experimentally demonstrated. Here we show the first reported demonstration of full CNFET CMOS analog circuits. For characterization, we fabricate analog building block circuits: multiple instances of two-stage op-amps. These CNFET CMOS op-amps achieve gain >700 (maximum derivative of output voltage with respect to differential input voltage), operate at a scaled sub-500 mV supply voltage, achieve high linearity (even when operating at these scaled voltages), and are robust over time (minimal drift over >10 000 cycled measurements over 12 h). Additionally, we demonstrate a front-end analog subsystem that integrates a CNFET-based breath sensor with an analog sensor interface circuit (transimpedance amplifier followed by a voltage follower to convert resistance change of the chemoresistive CNFET sensor into a buffered output voltage). These experimental demonstrations are the first reports of the CNFET CMOS analog functionality that is essential for a future CNT CMOS technology.","1941-0085","","10.1109/TNANO.2019.2902739","Analog Devices; Defense Advanced Research Projects Agency; National Science Foundation(grant numbers:CNS-1657303); Air Force National Laboratory(grant numbers:FA9452-17-C-0487); Brookhaven National Laboratory(grant numbers:DE-SC0012704); ","https://ieeexplore.ieee.org/stamp/stamp.jsp?arnumber=8663631","Carbon nanotubes;CNFETs;analog;CMOS","CNTFETs;Voltage measurement;MOS devices;Current measurement;Analog circuits;Linearity;Gas detectors","","49","","25","IEEE","8 Mar 2019","2019","","IEEE","IEEE Journals"
"A Test Pattern Generation Technique for Approximate Circuits Based on an ILP-Formulated Pattern Selection Procedure","M. Traiola; A. Virazel; P. Girard; M. Barbareschi; A. Bosio","Laboratory of Informatics, Robotics and Microelectronics of Montpellier, University of Montpellier/CNRS, Montpellier, France; Laboratory of Informatics, Robotics and Microelectronics of Montpellier, University of Montpellier/CNRS, Montpellier, France; Laboratory of Informatics, Robotics and Microelectronics of Montpellier, University of Montpellier/CNRS, Montpellier, France; Department of Electrical Engineering and Information Technology, University of Naples, Naples, Italy; Lyon Institute of Nanotechnology, Ecole Centrale de Lyon, Lyon, France",IEEE Transactions on Nanotechnology,"22 Aug 2019","2019","18","","849","857","Intrinsic resiliency of many today's applications opens new design opportunities. Some computation accuracy loss within the so-called resilient kernels does not affect the global quality of results. This has led the scientific community to introduce the approximate computing paradigm that exploits such a concept to boost computing system performances. By applying approximation to different layers, it is possible to design more efficient systems-in terms of energy, area, and performance-at the cost of a slight accuracy loss. In particular, at hardware level, this led to approximate integrated circuits. From the test perspective, this particular class of integrated circuits leads to new challenges. On the other hand, it also offers the opportunity of relaxing test constraints at the cost of a careful selection of so-called approximation-redundant faults. Such faults are classified as tolerable because of the slight introduced error. It follows that improvements in yield and test-cost reduction can be achieved. Nevertheless, conventional automatic test pattern generation (ATPG) algorithms, when not aware of the introduced approximation, generate test vectors covering approximation-redundant faults, thus reducing the yield gain. In this work, we show experimental evidence of such problem and present a novel ATPG technique to deal with it. Then, we extensively evaluate the proposed technique, and show that we are able to achieve an average yield improvement ranging from 19% up to 36% - compared to conventional ATPG-in terms of approximation-redundant fault coverage reduction. In some cases, the improvement can reach up to 100%.","1941-0085","","10.1109/TNANO.2019.2923040","","https://ieeexplore.ieee.org/stamp/stamp.jsp?arnumber=8748211","Approximate computing;ATPG;fault simulation;testing","Circuit faults;Measurement;Integrated circuits;Resilience;Hardware;Test pattern generators","","18","","32","IEEE","27 Jun 2019","2019","","IEEE","IEEE Journals"
"Non-Equilibrium Green's Function Based Circuit Models for Coherent Spin Devices","K. Y. Camsari; S. Ganguly; D. Datta; S. Datta","School of Electrical and Computer Engineering, Purdue University, West Lafayette, IN, USA; Department of Electrical and Computer Engineering, University of Virginia, Charlottesville, USA; GLOBALFOUNDRIES, Bangalore, India; School of Electrical and Computer Engineering, Purdue University, West Lafayette, IN, USA",IEEE Transactions on Nanotechnology,"22 Aug 2019","2019","18","","858","865","With recent developments in spintronics, it is now possible to envision “spin-driven” devices with magnets and interconnects that require a new class of transport models using generalized Fermi functions and currents, each with four components: one for charge and three for spin. The corresponding impedance elements are not pure numbers but $\text{4}\times \text{4}$ matrices. Starting from the Non-Equilibrium Green's Function formalism in the elastic, phase-coherent transport regime, we develop spin generalized Landauer-Büttiker formulas involving such $\text{4}\times \text{4}$ conductances, for multi-terminal devices in the presence of normal-metal leads. In addition to usual “terminal” conductances describing currents at the contacts, we provide “spin-transfer torque” conductances describing the spin currents absorbed by ferromagnetic regions inside the conductor, specifying both of these currents in terms of Fermi functions at the terminals. We derive universal sum rules and reciprocity relations that would be obeyed by such matrix conductances. Finally, we apply our formulation to two example Hamiltonians describing the Rashba and the Hanle effect in two-dimensional. Our results allow the use of pure quantum transport models as building blocks in constructing circuit models for complex spintronic and nano-magnetic structures and devices for simulation in SPICE-like simulators.","1941-0085","","10.1109/TNANO.2018.2889443","C-SPIN; One of six centers of STARnet; Semiconductor Research Corporation program; MARCO and DARPA; National Science Foundation through the NCN-NEEDS Program(grant numbers:1227020-EEC); ","https://ieeexplore.ieee.org/stamp/stamp.jsp?arnumber=8599138","","Mathematical model;Integrated circuit modeling;Conductors;Green's function methods;Spintronics;Analytical models;Quantum mechanics","","3","","47","IEEE","1 Jan 2019","2019","","IEEE","IEEE Journals"
"Reliability Enhancements in Memristive Neural Network Architectures","K. P. Gnawali; B. R. Paudel; S. N. Mozaffari; S. Tragoudas","Department of Electrical and Computer Engineering, Southern Illinois University, Carbondale, USA; Department of Electrical and Computer Engineering, Southern Illinois University, Carbondale, USA; Nvidia Corporation, Santa Clara, CA, USA; Department of Electrical and Computer Engineering, Southern Illinois University, Carbondale, USA",IEEE Transactions on Nanotechnology,"23 Aug 2019","2019","18","","866","878","Memristive Crossbar Arrays (MCAs) are widely used in designing fast and compact neuromorphic systems. However, such systems require on-chip implementation of the backpropagation algorithm to accommodate process variations. This paper proposes a low hardware overhead on-chip implementation of the backpropagation algorithm that utilizes effectively the very dense MCAs. On-chip learning using the proposed architecture increases the reliability of the neuromorphic system in the presence of process variations in the neural component. The second contribution of this paper is an architectural enhancement to cope with another reliability consideration, namely the aging transistors in the MCA. Experimental results show the impact of reliability enhancement.","1941-0085","","10.1109/TNANO.2019.2933806","NSF I/UCRC for Embedded Systems at SIUC(grant numbers:1361847); ","https://ieeexplore.ieee.org/stamp/stamp.jsp?arnumber=8796399","Stochastic Gradient Descent;Learning algorithm;Neuromorphic Computing;Memristive Crossbar Array;Non-Volatile Memory;Transistor Aging","Computer architecture;Neurons;Microprocessors;Biological neural networks;Memristors;Multi-layer neural network;System-on-chip","","12","","47","IEEE","13 Aug 2019","2019","","IEEE","IEEE Journals"
"Thermoelectric Graphene Nano-Constrictions as Detectors of Microwave Signals","M. R. Gasper; R. C. Toonen; N. C. Varaljay; R. R. Romanofsky; F. A. Miranda","Department of Electrical and Computer Engineering, University of Akron, Akron, OH, USA; Department of Electrical and Computer Engineering, University of Akron, Akron, OH, USA; Space Environment Test Branch, NASA Glenn Research Center, Cleveland, OH, USA; Communications and Intelligent Systems Division, NASA Glenn Research Center, Cleveland, OH, USA; Communications and Intelligent Systems Division, NASA Glenn Research Center, Cleveland, OH, USA",IEEE Transactions on Nanotechnology,"26 Aug 2019","2019","18","","879","884","Microwave power detectors were realized using nano-constrictions fabricated from commercially-available monolayer graphene, synthesized by means of chemical vapor deposition. The graphene nano-constrictions (GNCs) were fabricated so as to shunt the inner discs to the concentric outer annuli of micrometer-scale Corbino disc test structures. The test structure was fabricated on a layer of electrically-insulating silicon dioxide situated on an electrically-conductive, doped silicon substrate. The substrate was used as a gate for controlling the Fermi level in the nano-constriction. Probe station measurements were conducted on a detector with nano-constriction dimensions of 500 nanometers in width and 5 micrometers in length. The annulus of this device was electrically grounded and held in thermal equilibrium with chassis of the probe station. Measurements obtained with a vector network analyzer provided the reflection coefficient of the detector. Using a test signal frequency of 433.92 MHz, microwave power detection characterizations, which accounted for signal reflection, revealed a peak detection sensitivity of 60.25 mV/mW. The gate voltage dependence of the power detection sensitivity was found to be strongly correlated with that of the Mott formula used for calculating the Seebeck coefficient of graphene. This observation suggests that localized microwave heating of the inner disc, relative to the temperature of the outer annulus, establishes a thermal gradient across the nano-constriction and results in a thermoelectric response that is proportional to the power level of the incident microwave signal.","1941-0085","","10.1109/TNANO.2019.2935414","2017 and 2018 NASA Glenn Research Center Faculty Fellowship Program Award; 2018 NASA Glenn Research Center Student Internship; Associate Editor SINMDC2018Portland; ","https://ieeexplore.ieee.org/stamp/stamp.jsp?arnumber=8807373","Graphene;photodetectors;thermoelectric;microwave measurements;Corbino disc;lithography;electron beam lithography;Mott formula;Seebeck coefficient","Graphene;Voltage measurement;Detectors;Logic gates;Microwave measurement;Sensitivity;Resists","","3","","23","IEEE","20 Aug 2019","2019","","IEEE","IEEE Journals"
"PARC: A Novel Design Methodology for Power Analysis Resilient Circuits Using Spintronics","A. Roohi; R. F. DeMara","Department of Electrical and Computer Engineering, University of Central Florida, Orlando, USA; Department of Electrical and Computer Engineering, University of Central Florida, Orlando, USA",IEEE Transactions on Nanotechnology,"27 Aug 2019","2019","18","","885","889","A prevalent class of side-channel attacks relies on Differential Power Analysis (DPA) methods, which monitor power traces during cryptographic processing to discover secret keys. Reconfigurability via Polymorphic Gate Modules (PGMs) offers an approach to obscure DPA information by dynamically rearranging the operation of constituent sub-circuits, albeit at the cost of increased area and power consumption. Thus, we develop the Power Analysis-Resilient Circuit (PARC) design methodology to instantiate the use of spin-based devices as an extension to conventional Register Transfer Language (RTL) specifications. PARC replaces a specific portion of the circuit to maximize a new Effectiveness of Design (EoD) metric, which quantifies DPA impact versus its performance overhead. To validate functionality, PARC is applied to various benchmark circuits including ISCAS-89, MCNC, and ITC-99. EoD results indicate that PARC significantly increases the number of power traces that an adversary would need to use in order to extract power information but incurs a low cost to the functional circuit itself.","1941-0085","","10.1109/TNANO.2019.2934887","","https://ieeexplore.ieee.org/stamp/stamp.jsp?arnumber=8805258","Magnetic tunnel junction (MTJ);spin-Hall effect;polymorphic logic;power analysis attack;power masking unit","Logic gates;Hardware design languages;Benchmark testing;Design methodology;Cryptography;Power demand;Computer architecture","","11","","16","IEEE","19 Aug 2019","2019","","IEEE","IEEE Journals"
"A Functional Study of a Bilayer Graphene Nanoribbon FET With Four Different Gate Insulators","H. Shamloo; A. Nazari; R. Faez; S. Haji-Nasiri","Department of Electrical, Biomedical and Mechatronics Engineering, Qazvin Branch, Islamic Azad University, Qazvin, Iran; Department of Electrical, Biomedical and Mechatronics Engineering, Qazvin Branch, Islamic Azad University, Qazvin, Iran; Department of Electrical Engineering, Sharif University of Technology, Tehran, Iran; Department of Electrical, Biomedical and Mechatronics Engineering, Qazvin Branch, Islamic Azad University, Qazvin, Iran",IEEE Transactions on Nanotechnology,"5 Sep 2019","2019","18","","890","895","Bilayer graphene like monolayer graphene has a zero bandgap. To use as a channel material of FETs, its band gap should be open which is crucial for its application in logic circuits. Several methods have been developed to open the band gap in graphene. The simple way is cutting graphene into ribbons. In this paper, a novel structure for a dual-gated bilayer graphene nanoribbon field-effect transistor (BLGNRFET) is suggested, which merges the advantages of high and low dielectric constants. The gate insulator of FET is divided into four parts with different dielectric materials, so the proposed device is called FDI-BLGNRFET. All of the possible state of gate insulators which can happen for these four different parts are surveyed. The simulations are conducted by means of the self-consistent solution of the Poisson and Schrödinger equations within the NonEquilibrium Green Function (NEGF) and a tightbinding Hamiltonian, in the real space approach. Regarding to the results, for the proposed FDI-BLGNRFET with K1 = K2 = 25 and K3 = K4 = 3.9, the maximum ION/IOF F ratio 119% higher than the conventional BLGNRFET is achieved which is still remains inadequate for getting an acceptable (ION/IOF F ) ratio in CMOS performance.","1941-0085","","10.1109/TNANO.2019.2936521","","https://ieeexplore.ieee.org/stamp/stamp.jsp?arnumber=8812901","Bilayer Graphene Nanoribbon;FET;NEGF;Real Space Approach;Tight-Binding;Thermionic Emission;Gate Insulator;Band-to-Band Tunneling","Logic gates;Insulators;Graphene;Dielectric constant;Mathematical model;Field effect transistors","","3","","24","IEEE","26 Aug 2019","2019","","IEEE","IEEE Journals"
"Modeling Thermoelectric Performance in Nanoporous Nanocrystalline Silicon","L. R. de Sousa Oliveira; V. Vargiamidis; N. Neophytou","School of Engineering, University of Warwick, Coventry, U.K.; School of Engineering, University of Warwick, Coventry, U.K.; School of Engineering, University of Warwick, Coventry, U.K.",IEEE Transactions on Nanotechnology,"5 Sep 2019","2019","18","","896","903","Introducing hierarchical disorder from multiple defects into materials through nanostructuring is one of the most promising directions to achieve extremely low thermal conductivities and thus improve thermoelectric performance. The success of nanostructuring relies on charge carriers having shorter mean-free-paths than phonons so that the latter can be selectively scattered. Nevertheless, introducing disorder into a material often comes at the expense of scattering charge carriers as well as phonons. In order to determine the tradeoff between the degradation of the lattice thermal conductivity and of the power factor due to this, we perform a theoretical investigation of both phonon and electron transport in nanocrystalline, nanoporous Si geometries. We use molecular dynamics for phonon transport calculations and the non-equilibrium Green's function method for electronic transport. We report on the engineering tradeoff that the porosity (number of pores and their in-between distance) has on the overall thermoelectric performance for the material optimization. We indeed find that the reduction in thermal conductivity is stronger compared to the reduction in the power factor, for the low porosities considered in this study (up to 5%), and that the ZT figure of merit can experience a large increase, especially when grain boundaries are included, compared to just nanoporosity.","1941-0085","","10.1109/TNANO.2019.2935876","European Research Council (ERC) under the European Union's Horizon 2020 Research and Innovation Programme(grant numbers:678763); ","https://ieeexplore.ieee.org/stamp/stamp.jsp?arnumber=8809895","Theory;simulation;phonon transport;electron transport;power factor;thermal conductivity;thermoelectrics;molecular dynamics;non-equilibrium Green's function;hierarchical nanostructuring;Seebeck coefficient;ZT","Conductivity;Thermal conductivity;Geometry;Silicon;Phonons;Scattering;Lattices","","10","","49","IEEE","22 Aug 2019","2019","","IEEE","IEEE Journals"
"A New Effective-Conducting-Path-Driven Subthreshold Behavior Model for Junctionless Dual-Material Omega-Gate Nano-MOSFETs","W. Wang; Z. Liu; T. -K. Chiang","State Key Laboratory of Electronic Thin Films and Integrated Devices, University of Electronic Science and Technology of China, Chengdu, China; State Key Laboratory of Electronic Thin Films and Integrated Devices, University of Electronic Science and Technology of China, Chengdu, China; Department of Electrical Engineering, National University of Kaohsiung, Kaohsiung, Taiwan",IEEE Transactions on Nanotechnology,"6 Sep 2019","2019","18","","904","910","In this paper, a generalized analytical subthreshold behavior model for junctionless omega-gate (JLΩG) MOSFETs combining dual-material gate (DMG) is built. Through the effective conducting path effects (ECPEs), we propose a new concept of off-center ratio (δ) dominating the effective scaling length to derive our model based on the effective conducting central potential (Φeff,C), obtained by quasi-3D potential method. It provides a more accurate expression of scaling equation for JLΩGFETs and leads to an improved subthreshold behavior prediction. Accounting for these renewed potential and current models, we utilize dual materials to achieve better immunity to short channel effects. The proposed modeling can be extensively applied to other multiple-gate (MG) nano-transistors as well.","1941-0085","","10.1109/TNANO.2019.2937824","","https://ieeexplore.ieee.org/stamp/stamp.jsp?arnumber=8822630","Quasi-3D potential approach;off-center ratio;effective conducting central potential;junctionless omega-gate;dual-material;MOSFETs;subthreshold behavior","Field effect transistors;Logic gates;Electric potential;Threshold voltage;Semiconductor device modeling;Solid modeling;Mathematical model","","5","","29","IEEE","2 Sep 2019","2019","","IEEE","IEEE Journals"
"Synthesis of Au Nanoparticle-Modified Spindle Shaped α-Fe2O3 Nanorods and Their Gas Sensing Properties to N-Butanol","F. Meng; W. Qin; B. Li; H. Zhang; S. Wang; Y. Chang; M. Li; Z. Yuan","College of Information Science and Engineering, Northeastern University, Shenyang, China; College of Information Science and Engineering, Northeastern University, Shenyang, China; Institute of Intelligent Machines, Chinese Academy of Sciences, Hefei, China; College of Information Science and Engineering, Northeastern University, Shenyang, China; College of Information Science and Engineering, Northeastern University, Shenyang, China; College of Information Science and Engineering, Northeastern University, Shenyang, China; Institute of Intelligent Machines, Chinese Academy of Sciences, Hefei, China; College of Information Science and Engineering, Northeastern University, Shenyang, China",IEEE Transactions on Nanotechnology,"6 Sep 2019","2019","18","","911","920","In this paper, the highly sensitive n-butanol sensors with high selectivity have been successfully fabricated based on spindle shaped α-Fe2O3 nanorods modified by Au nanoparticles (Au NPs). Spindle shaped α-Fe2O3 nanorods were synthesized by an improved facile hydrothermal method. Uniform Au NPs were deposited on the surface of the as-synthesized α-Fe2O3 nanorods by a simple impregnation method. The achieved α-Fe2O3 and Au/α-Fe2O3 nanorods were analyzed by means of XPS, TEM, EDS, XRD and SEM. The sensing properties of both original and Au-modified spindle shaped α-Fe2O3 samples were investigated and discussed. The experimental results indicate that the sensors based on Au/α-Fe2O3 nanorods exhibit better responses and selectivity to n-butanol gas than the original α-Fe2O3, and the highest response towards 100 ppm n-butanol gas was enhanced from 51 to 177 at the optimal operating temperature of 250 °C.","1941-0085","","10.1109/TNANO.2019.2933569","National Natural Science Foundation of China(grant numbers:61833006,61673367,31571567,61504023); Fundamental Research Funds for the Central Universities in China(grant numbers:N180408018,N170405001,N180102032,N170407005); Liao Ning Revitalization Talents Program(grant numbers:XLYC1807198); Natural Science Foundation of Liaoning Province(grant numbers:20180550483,20170540324); ","https://ieeexplore.ieee.org/stamp/stamp.jsp?arnumber=8794716","Au;α-Fe $_{2}$ O $_{3}$ ;spindle shape;n-butanol gas sensors","Gold;Gas detectors;Nanoparticles;Sensitivity;Temperature sensors","","31","","61","IEEE","12 Aug 2019","2019","","IEEE","IEEE Journals"
"Thermoelectric Devices by Half-Millimeter-Long Silicon Nanowires Arrays","C. -L. Hsin; M. -H. Wu; W. -C. Wang","Department of Electrical Engineering, National Central University, Taoyuan, Taiwan; Department of Electrical Engineering, National Central University, Taoyuan, Taiwan; Department of Electrical Engineering, National Central University, Taoyuan, Taiwan",IEEE Transactions on Nanotechnology,"10 Sep 2019","2019","18","","921","924","Waste heat scavenging and IC hot spot cooling have been important topics of investigation for many decades. In this study, a novel sub-millimeter silicide/Si nanowires/Ag paste thermoelectric device is fabricated and its thermoelectric properties from 25 to 200 °C are studied. Polyimide packaging between the nanowires was used to enhance the mechanical strength of the device. The figure of merit of n-type and p-type device reached ~0.25 and 0.21 at 200 °C, respectively, demonstrating 5 times enhancement on the ZT value compared with Si. Our experimental results prove that this method provides a cost-effective approach to fabricate thermoelectric nanodevices for future thermoelectric applications without traditional powder milling and sintering processes.","1941-0085","","10.1109/TNANO.2019.2938624","Ministry of Science and Technology, Taiwan(grant numbers:106-2923-E-008-002-MY3,106-2221-E-008-038); ","https://ieeexplore.ieee.org/stamp/stamp.jsp?arnumber=8826445","Thermoelectric devices;polyimide packaging;Si nanowires;metal assisted chemical etching;figure of merit ZT","Nanowires;Silicon;Conductivity;Polyimides;Thermal conductivity;Etching;Scanning electron microscopy","","20","","23","IEEE","6 Sep 2019","2019","","IEEE","IEEE Journals"
"Extraction of Trench Capacitance and Reverse Recovery Time of InGaAs Self-Switching Diode","S. Garg; B. Kaushal; S. Kumar; S. R. Kasjoo; S. Mahapatra; A. K. Singh","Department of Electronics and Communication Engineering, Punjab Engineering College (Deemed to be University), Chandigarh, India; Department of Electronics and Communication Engineering, Punjab Engineering College (Deemed to be University), Chandigarh, India; Department of Applied Sciences, Punjab Engineering College, Chandigarh, India; School of Microelectronic Engineering, University Malaysia Perlis, Kangar, Malaysia; Department of Electronic Systems Engineering, Indian Institute of Science Bangalore, Bangalore, India; Department of Electronics and Communication Engineering, Punjab Engineering College (Deemed to be University), Chandigarh, India",IEEE Transactions on Nanotechnology,"12 Sep 2019","2019","18","","925","931","In this paper, we have presented the transient analysis of an InGaAs based novel nano diode called self-switching device utilizing Silvaco TCAD simulator. The device exhibits current-voltage (I-V) characteristics analogous to a conventional diode without requiring any p-n junction. The cut-in voltage and the output current of the device can be tuned by varying channel width and length, respectively. The charging/discharging time (RC time constants) have been extracted from the I-V characteristics of the device demonstrating almost very small reverse recovery time of the order of 10-9 s, which significantly affects the device on-off switching. Furthermore, results are validated by implementing the conformal mapping technique to extract device capacitance, which in turn predicts device charging and discharging, and hence, reverse recovery time to enable high frequency operation. Additionally, it is demonstrated that small reverse recovery time enables SSDs to rectify the input signal without requiring additional filter circuitry.","1941-0085","","10.1109/TNANO.2019.2939199","Science and Engineering Research Board, Department of Science and Technology, Government of India(grant numbers:EEQ/2018/000821); ","https://ieeexplore.ieee.org/stamp/stamp.jsp?arnumber=8830408","Reverse recovery;Self-switching device (SSD);Storage effect;Switching;Time constant","Schottky diodes;Capacitance;Performance evaluation;High frequency;Surface states;Charge carriers","","9","","41","IEEE","10 Sep 2019","2019","","IEEE","IEEE Journals"
"Hydrogen Sulfide Gas Sensing Capabilities of Solution Processed Vanadium Pentoxide Nanosheets","R. K. Jha; N. Sakhuja; S. Jakhar; N. Bhat","Centre for Nano Science and Engineering, Indian Institute of Science, Bangalore, India; Centre for Nano Science and Engineering, Indian Institute of Science, Bangalore, India; Department of Physics, Birla Institute of Technology and Science, Pilani, India; Centre for Nano Science and Engineering, Indian Institute of Science, Bangalore, India",IEEE Transactions on Nanotechnology,"12 Sep 2019","2019","18","","932","939","Vanadium Pentoxide (V2O5) nanosheets, liquid exfoliated in ethanol, were used as sensing material for hydrogen sulfide (H2S) detection. The material properties such as morphology, phase, chemical signature were characterized using Field Emission electron microscopy (FESEM), Transmission electron microscopy (TEM), Atomic force microscopy (AFM), X-ray Diffraction (XRD), Raman Spectroscopy, X-ray photoelectron microscopy (XPS). These nanosheets were further dropcasted on Ti/Pt interdigitated electrode (IDE) to fabricate a chemiresistive gas sensing device. The sensors show excellent response towards H2S gas at an operating temperature of 350 °C, when operated in 500 ppb-4 ppm range. The response in this range was found to be varying linearly from 1.5% (for 500 ppb) to 12.8% (for 4 ppm). Response time and recovery time of 71 seconds and 104 seconds for 1 ppm H2S was observed. The hysteresis error (%) of the device was found to be ±4.21% which suggests it to be a good sensing material for H2S detection. The device was also tested on other parameters like repeatability, stability and reproducibility and it performs well in these tests indicating exfoliated V2O5 nanosheet as a potential sensing material for chemiresistive devices for H2S detection.","1941-0085","","10.1109/TNANO.2019.2939295","Ministry of human resource development (MHRD) India; Department of Electronics and Information Technology (DeITY) India; Department of science and technology (DST) Nanomission through Nanoelectronics Network for Research and Application (NNetRA); National Nano Fabrication Facility (NNFC); Micro and Nano Characterization Facility (MNCF) at Centre for Nano Science and Engineering (CeNSE); Indian Institute of science (IISc) Bangalore, India; ","https://ieeexplore.ieee.org/stamp/stamp.jsp?arnumber=8830396","Vanadium pentoxide;nanosheets;hydrogen sulfide;chemiresistive gas sensors;two dimensional oxides","Temperature sensors;Two dimensional displays;Hydrogen;Vanadium;Atomic force microscopy","","13","","45","IEEE","10 Sep 2019","2019","","IEEE","IEEE Journals"
"Long Range Multilayer Hybrid Plasmonic Waveguide Components and Integrated Circuit","P. Sharma; D. K. Vishwakarma","Discipline of Electronics and Communications, Indian Institute of Information Technology, Design and Manufacturing, Jabalpur, Jabalpur, India; Discipline of Electronics and Communications, Indian Institute of Information Technology, Design and Manufacturing, Jabalpur, Jabalpur, India",IEEE Transactions on Nanotechnology,"16 Sep 2019","2019","18","","940","947","In this work, CMOS compatible hybrid insulator metal insulator (HIMI) planar plasmonic waveguide based components such as, racetrack ring resonator, y-splitter, coupler and dual parabolic profile nano antenna have been proposed and investigated at 1.55 μm operating wavelength for the first time. The proposed components are analyzed at various parametric variations using CST microwave studio. The proposed racetrack ring resonator offers 153.88 nm free spectral range, 0.3232 nm FWHM and 46.57 dB extinction ratio at 0.40 μm radius and 0.49 μm separation length. Y-splitter divides equal power of 46.85% in both output arms and coupler couples till 86.5% power in coupled arm. The dual parabolic profile nano antenna offers a gain, bandwidth and efficiency of 7.99 dB, 203 THz and 84.56 % respectively. Using all the components, HIMI plasmonic integrated circuits have also been designed and investigated for on chip applications. Proposed components work very efficiently in chip scale integrated circuit. This investigation provides groundwork for future chip scale applications.","1941-0085","","10.1109/TNANO.2019.2939944","","https://ieeexplore.ieee.org/stamp/stamp.jsp?arnumber=8835081","Coupler;hybrid;integrated circuit;plasmonic;ring resonator;splitter","Plasmons;Optical waveguides;Optical ring resonators;Optical filters;Metals;Integrated circuits","","15","","49","IEEE","12 Sep 2019","2019","","IEEE","IEEE Journals"
"Structure and Doping Determined Thermoelectric Properties of Bi2Se3 Thin Films Deposited by Vapour–Solid Technique","J. Andzane; K. Buks; M. N. Strakova; M. Zubkins; M. Bechelany; M. Marnauza; M. Baitimirova; D. Erts","Institute of Chemical Physics, University of Latvia, Riga, Latvia; Institute of Chemical Physics, University of Latvia, Riga, Latvia; Institute of Chemical Physics, University of Latvia, Riga, Latvia; Institute of Solid-State Physics, University of Latvia, Riga, Latvia; European Institute of Membranes, University of Montpellier, Montpellier, France; Institute of Chemical Physics, University of Latvia, Riga, Latvia; Institute of Chemical Physics, University of Latvia, Riga, Latvia; Institute of Chemical Physics, University of Latvia, Riga, Latvia",IEEE Transactions on Nanotechnology,"24 Sep 2019","2019","18","","948","954","In this work, a simple catalyst-free vapour-solid deposition method was applied for controlled deposition of two types (planar and disordered) of continuous Bi2Se3 nanostructured thin films on different (fused quartz/glass, mica, graphene) substrates. Characterisation of electron transport (type, concentration and mobility of the main charge carriers) and thermoelectric properties (Seebeck coefficient and power factor) showed that proposed in this work deposition method allows to obtain Bi2Se3 thin films with power factor comparable and even higher than reported for the Bi2Se3 thin films grown by molecular beam epitaxy technique. Power factor of the best obtained thin films can be significantly improved by introduction Sb or Fe dopants in low concentrations.","1941-0085","","10.1109/TNANO.2019.2939862","ERDF projects(grant numbers:1.1.1.1/16/A/257,1.1.1.2/1/16/037); ","https://ieeexplore.ieee.org/stamp/stamp.jsp?arnumber=8835055","Bismuth selenide;thin film;thermoelectrics;physical vapour deposition;nanostructuring;doping","Substrates;Graphene;Surface treatment;Temperature measurement;Surface morphology;Glass;X-ray scattering","","25","","29","IEEE","12 Sep 2019","2019","","IEEE","IEEE Journals"
"A Compact Impedance Model of Plasmonic Nanoshell for Metamaterial Applications","A. Hanif; A. Mahmood; M. Alam; Y. Massoud","Department of Electrical Engineering, Mirpur University of Science and Technology (MUST), Mirpur-10250 (AJK), Pakistan; Department of Electrical Engineering, Mirpur University of Science and Technology (MUST), Mirpur-10250 (AJK), Pakistan; Department of Electrical Engineering, Mirpur University of Science and Technology (MUST), Mirpur-10250 (AJK), Pakistan; School of Systems and Enterprises, Stevens Institute of Technology, Hoboken, NJ, USA",IEEE Transactions on Nanotechnology,"26 Sep 2019","2019","18","","955","962","Recent research in plasmonics demonstrated merging different materials and shapes to form complex geometries with improved optical response. One of the most extensively used nanostructure is the coated nanosphere (nanoshell), which finds its application in diverse fields of medical, science and engineering. In this paper, we propose a compact impedance model of metallic core nanoshell. The model is based on time-varying approach by solving full dipole equation for the metallic core and impedance of the dielectric shell is derived using near-field components of the dipole field. The expressions for the absorption and scattering cross-sectional areas, and their behavior with change in the dielectric function are derived for the first time for nanoshell using voltages, currents and circuit elements, with their equivalence compared with exact solution. Additionally, the effects of changes in nanoshell parameters (dielectric constants, thickness of shell layer and radii of core) on the resonance frequency predicted by the proposed impedance model are analyzed. The simplified impedance model is based on parallel resonance circuit and contributes to the better understanding the behavior of nanoshell and facilitate cost-effectiveness solution for the next generation nanoshell based metamaterials.","1941-0085","","10.1109/TNANO.2019.2934219","","https://ieeexplore.ieee.org/stamp/stamp.jsp?arnumber=8826578","Nanoshell;coated sphere;nanophotonics;plasmonics;impedance model;nanocircuit;dipole;metamaterial","Impedance;Mathematical model;Plasmons;Absorption;Integrated circuit modeling;Optical scattering","","15","","24","IEEE","6 Sep 2019","2019","","IEEE","IEEE Journals"
"Memristor TCAMs Accelerate Regular Expression Matching for Network Intrusion Detection","C. E. Graves; C. Li; X. Sheng; W. Ma; S. R. Chalamalasetti; D. Miller; J. S. Ignowski; B. Buchanan; L. Zheng; S. -T. Lam; X. Li; L. Kiyama; M. Foltin; M. P. Hardy; J. P. Strachan","Hewlett Packard Laboratories, Palo Alto, CA, USA; Hewlett Packard Laboratories, Palo Alto, CA, USA; Hewlett Packard Laboratories, Palo Alto, CA, USA; Hewlett Packard Laboratories, Palo Alto, CA, USA; Hewlett Packard Laboratories, Palo Alto, CA, USA; Silicon Design Lab, Hewlett Packard Enterprise, Fort Collins, CO, USA; Silicon Design Lab, Hewlett Packard Enterprise, Fort Collins, CO, USA; Hewlett Packard Laboratories, Palo Alto, CA, USA; Hewlett Packard Laboratories, Palo Alto, CA, USA; Hewlett Packard Laboratories, Palo Alto, CA, USA; Hewlett Packard Laboratories, Palo Alto, CA, USA; Hewlett Packard Laboratories, Palo Alto, CA, USA; Silicon Design Lab, Hewlett Packard Enterprise, Fort Collins, CO, USA; Laboratory for Telecommunication Sciences, College Park, MD, USA; Hewlett Packard Laboratories, Palo Alto, CA, USA",IEEE Transactions on Nanotechnology,"27 Sep 2019","2019","18","","963","970","We propose memristor-based TCAMs (Ternary Content Addressable Memory) circuits to accelerate Regular Expression (RegEx) matching through in memory processing of finite automata. RegEx matching is a key function in network security to find malicious actors. However, RegEx matching latency and power can be incredibly high and current proposals are challenged to perform wire-speed matching for large rulesets. Our approach dramatically decreases operating power, enables high throughput, and the use of nanoscale memristor TCAM circuits (mTCAMs) enables compression techniques to expand rulesets. We fabricated and demonstrated nanoscale memristor TCAM cells. SPICE simulations investigate performance at scale and a mTCAM dynamic power model using 16 nm layout parameters demonstrates ~0.2 fJ/bit/search energy for a 36 × 250 mTCAM array. A tiled architecture is proposed to implement a Snort ruleset and assess application performance. Compared to a state-of-the-art FPGA approach (2 Gbps, ~1 W), we show ×4 throughput (8 Gbps) at 55% the power (0.55 W) without standard TCAM power-saving techniques. Our performance comparison improves further when striding (searching multiple characters at once) is considered, resulting in 47.2 Gbps at 1.2 W for our approach compared to 3.9 Gbps at 630 mW for strided FPGA NFA, demonstrating a promising path to wire-speed RegEx matching on large scale rulesets.","1941-0085","","10.1109/TNANO.2019.2936239","Office of the Director of National Intelligence; Intelligence Advanced Research Projects Activity(grant numbers:2017-17013000002); ","https://ieeexplore.ieee.org/stamp/stamp.jsp?arnumber=8812926","Memristor;resistive RAM;TCAM;regular expression matching;finite automata;network security","Memristors;Random access memory;Automata;Field programmable gate arrays;Hardware;Logic gates;Security","","43","","32","IEEE","26 Aug 2019","2019","","IEEE","IEEE Journals"
"Mesoporous Structure With Interconnecting Nanofibers by Irradiating Low Energy (∼100 keV) Ar+-ions on Gallium Antimonide Epi-Layer","S. Kumar; P. Mishra; A. Kumar; A. Goyal; S. Dalal; A. K. Mahapatro","Solid State Physics Laboratory, New Delhi, India; Solid State Physics Laboratory, New Delhi, India; Solid State Physics Laboratory, New Delhi, India; Solid State Physics Laboratory, New Delhi, India; Solid State Physics Laboratory, New Delhi, India; Department of Physics and Astrophysics, University of Delhi, New Delhi, India",IEEE Transactions on Nanotechnology,"27 Sep 2019","2019","18","","971","978","Mesoporous structures with interconnecting nano-fibers (MSINs) are realized by irradiating low energy (50, 75, and 100 keV) beams of Ar+-ions normal to the surface of molecular beam epitaxially grown gallium antimonide (GaSb) epi-layer deposited on (100) oriented semi-insulating gallium arsenide (GaAs) substrates. The irradiation of 100 keV Ar+-ion beam at fluence of 1 × 1017 ions/cm2 provides optimal MSIN structure with distinct nanofibrous network. A physical model for evolution of MSINs with irradiation of energetic Ar+-ions at different fluences onto GaSb surface is illustrated as creation of point defects in the form of vacancy and interstitial sites. The ion tracking simulation using the Stopping and Range of Ions in Matter and Transport of Ions in Matter (SRIM-TRIM-2013) software resembles the formation of MSINs with Ar+-ion irradiation on GaSb epi-layer. The electron-microscopic, spectroscopic, and crystallographic analysis of the MSINs suggest the presence of nanocrystallites, high degree of oxidation, co-existence of gallium oxide (Ga2O3) and antimony oxide (Sb2O3, Sb2O5), and presence of elemental antimony (Sb) phase in the nanofiber interconnects.","1941-0085","","10.1109/TNANO.2019.2939854","Department of Science and Technology initiated Fund for Improvement of Science and Technology(grant numbers:SR/FST/PSII-024/2011); Department of Physics and Astrophysics, University of Delhi, New Delhi, India; Research and Development, University of Delhi, New Delhi, India(grant numbers:RC/2014/6820); ","https://ieeexplore.ieee.org/stamp/stamp.jsp?arnumber=8835064","Mesoporous layer;nanofiber network;gallium antimonide (GaSb);low energy Ar $^{+}$ -ion irradiation","Radiation effects;Surface morphology;Ions;Mesoporous materials;Gallium;Nanostructures;Surface treatment","","6","","52","IEEE","12 Sep 2019","2019","","IEEE","IEEE Journals"
"Simulations of the Near-Field Enhancement on AFM Tip Irradiated by Annular Laser Beam","X. Lu; L. Yang; H. Xie; Z. Yang; J. Cui; Y. Wang","School of Mechatronics Engineering, Harbin Institute of Technology, Harbin, China; School of Mechatronics Engineering, Harbin Institute of Technology, Harbin, China; State key Laboratory of Robotics and Systems, Harbin Institute of Technology, Harbin, China; Collaborative Innovation Center of Suzhou Nano Science and Technology, School of Mechanical and Electrical Engineering, Soochow University, Suzhou, China; State Key Laboratory for Manufacturing Systems Engineering, Xi'an Jiaotong University, Xi'an, China; School of Mechatronics Engineering, Harbin Institute of Technology, Harbin, China",IEEE Transactions on Nanotechnology,"1 Oct 2019","2019","18","","979","982","The near-field enhancement underneath the AFM tip irradiated by a laser beam is widely utilized in various nanofabrication techniques, such as nano-welding, nano-manipulation, nano-etching and so on. In this paper, a numerical model of near-field enhancement on AFM tip irradiated by annular laser beam is established using COMSOL Multiphysics. The results show that when the AFM tip is irradiated by annular laser beam, strong near-field enhancement is induced at the apex of the tip. The field distribution curve with the substrate presents a saddle shape, which demonstrates that the annular beam irradiated the AFM tip produce an extremely high near-field enhancement between the particle and the tip. In addition, the results indicate that when the AFM tip is irradiated by the annular laser with higher frequency, the near-field enhancement underneath the apex of the tip increases correspondingly. Moreover, when the irradiation angle is 60 Deg and the irradiation distance is 65 nm, the near-field enhancement reaches the peak. Based on the numerical simulation of the near-field enhancement, the system of the AFM tip irradiated by annular laser beam can be anticipated for further application in the field of nanofabrication.","1941-0085","","10.1109/TNANO.2019.2938614","National Basic Research Program of China (973 Program)(grant numbers:2017YFB1104903); ","https://ieeexplore.ieee.org/stamp/stamp.jsp?arnumber=8833516","Near-field enhancement;annular laser beam;COMSOL Multiphysics simulation;nanofabrication","Laser beams;Radiation effects;Substrates;Electric fields;Laser modes;Nanofabrication;Shape","","2","","26","IEEE","11 Sep 2019","2019","","IEEE","IEEE Journals"
"Nanomagnetic Particle-Based Information Processing","B. Navarrete; M. Stone; P. Wang; R. Guduru; K. Luongo; A. Hadjikhani; D. Toledo; Y. Emirov; B. Arkook; P. Liang; J. Hong; J. Bokor; S. Khizroev","Department of Electrical and Computer Engineering, University of Miami, Coral Gables, FL, USA; Department of Electrical and Computing Engineering, Florida International University, Miami, FL, USA; Department of Electrical and Computing Engineering, Florida International University, Miami, FL, USA; Department of Electrical and Computing Engineering, Florida International University, Miami, FL, USA; Department of Electrical and Computing Engineering, Florida International University, Miami, FL, USA; Department of Electrical and Computing Engineering, Florida International University, Miami, FL, USA; Department of Electrical and Computing Engineering, Florida International University, Miami, FL, USA; University of South Florida, Tampa, FL, USA; Department of Physics, University of California—Riverside, Riverside, USA; Department of Electrical Engineering, University of California—Riverside, Riverside, USA; School is the Optical and Electronic Information, Huazhong University of Science and Technology, Wuhan, China; Department of Electrical Engineering and Computer Science, University of California—Berkeley, Berkeley, USA; Department of Electrical and Computer Engineering, University of Miami, Coral Gables, FL, USA",IEEE Transactions on Nanotechnology,"30 Sep 2019","2019","18","","983","988","Understanding the physics of spintronic devices in the 3-nm size range can pave the way to next-generation energy-efficient information processing devices. To build a spin computer, a layer of 3-nm CoFe2O4 nanoparticles was sandwiched as a central layer into the standard spin-transfer torque magnetic tunneling junction (STT-MTJ) stack. With further focused ion beam (FIB) trimming, a dual-layer junction consisting of one or more nanoparticles separating two CoFeB ferromagnetic layers was turned into a two-terminal spintronic device. The measured room-temperature electron transport through the device showed a staircase effect reminiscent of a single electron transport, which in addition depended on the relative orientations of the magnetic states of the ferromagnetic layers and the high-anisotropy ferrimagnetic nanoparticle. Besides having the staircase steps, the V-I curve indicated switching of the nanoparticles magnetization through the STT effect at currents of above 0.05 uA. The magnetoresistance (MR) curve of this device with the magnetic field applied perpendicular to the junction had an anomalous oscillatory field dependence in a relatively low field range of below 100 Oe.","1941-0085","","10.1109/TNANO.2019.2939009","National Science Foundation(grant numbers:ECCS-0939514,ECCS-1408063,IIP-1237818); Office of Naval Research(grant numbers:11594311); National Natural Science Foundation of China(grant numbers:61674062); ","https://ieeexplore.ieee.org/stamp/stamp.jsp?arnumber=8830442","Spintronics;Magnetic Tunnel Junctions;Magnetic Nanoparticle;Spin Transfer Torque;Coulomb Blockade","Nanoparticles;Magnetic tunneling;Magnetic separation;Junctions;Magnetization;Perpendicular magnetic anisotropy","","3","","21","IEEE","10 Sep 2019","2019","","IEEE","IEEE Journals"
"Enhanced Absorption in MoS2/Hg0.33Cd0.66Te Heterostructure for Application in Solar Cell Absorbers","S. Choudhary; A. K. Garg","National Institute of Technology Kurukshetra, Kurukshetra, India; National Institute of Technology Kurukshetra, Kurukshetra, India",IEEE Transactions on Nanotechnology,"4 Oct 2019","2019","18","","989","994","The heterostructure of mercury cadmium telluride (Hg0.33Cd0.66Te) and monolayer MoS2 with Van der Waals (VdW) interaction is suggested for tuning the optical absorption in visible region. The calculations are performed using density functional theory (DFT). From the results, it is found that for molybdenum disulfide (MoS2) absorption is high in the ~390-430 nm range of visible region and for mercury cadmium telluride (Hg0.33Cd0.66Te) absorption is high in the ~310-350 nm. However, absorption in the MoS2/Hg0.33Cd0.66Te heterostructure increases with the wavelength and also shifts towards the red region of the visible spectrum, resulting into a well known red-shift phenomenon. Moreover, higher absorption is seen (entirely in visible region) in the heterostructure in the desired visible region range (λ ~640-710 nm) of the spectrum required for application in optoelectronic devices. The heterostructure results into semi-metallic or negligible indirect bandgap creation in contrast to direct bandgap observed in individual MoS2 and Hg0.33Cd0.66Te structures. The heterostructure can find application in Schottky barrier solar cell absorbers.","1941-0085","","10.1109/TNANO.2019.2941989","","https://ieeexplore.ieee.org/stamp/stamp.jsp?arnumber=8846602","Optoelecteonics;transition metal diachal-cogenides;absorption coefficient;refractive index;solar cells","Molybdenum;Sulfur;Absorption;Photonic band gap;Dielectric constant;Optical polarization;Photovoltaic cells","","19","","52","IEEE","23 Sep 2019","2019","","IEEE","IEEE Journals"
"Evidence of Mg Segregation to Threading Dislocation in Normally-Off GaN-HEMT","S. Duguay; A. Echeverri; C. Castro; O. Latry","Groupe de Physique des Matériaux, Normandie University, UNIROUEN, INSA Rouen, Rouen, France; Groupe de Physique des Matériaux, Normandie University, UNIROUEN, INSA Rouen, Rouen, France; Groupe de Physique des Matériaux, Normandie University, UNIROUEN, INSA Rouen, Rouen, France; Groupe de Physique des Matériaux, Normandie University, UNIROUEN, INSA Rouen, Rouen, France",IEEE Transactions on Nanotechnology,"4 Oct 2019","2019","18","","995","998","In this article, the segregation of Mg to threading dislocation is demonstrated in a commercial normally-off GaN High Electron Mobility Transistor using atom probe tomography. The diffusion of Mg from a doped p-type GaN gate through the AlGaN buffer to the GaN substrate is demonstrated.","1941-0085","","10.1109/TNANO.2019.2942400","","https://ieeexplore.ieee.org/stamp/stamp.jsp?arnumber=8848871","Doping;GaN;HEMT;Threading dislocation","Gallium nitride;Aluminum gallium nitride;Wide band gap semiconductors;Logic gates;Image reconstruction;Silicon;HEMTs","","11","","15","IEEE","25 Sep 2019","2019","","IEEE","IEEE Journals"
"Challenges and Limitations of CMOS Scaling for FinFET and Beyond Architectures","A. Razavieh; P. Zeitzoff; E. J. Nowak","GLOBALFOUNDRIES, Albany, NY, USA; GLOBALFOUNDRIES, Albany, NY, USA; GLOBALFOUNDRIES, Albany, NY, USA",IEEE Transactions on Nanotechnology,"4 Oct 2019","2019","18","","999","1004","Scaling trends of FinFET architecture, with focus on Front-End-of-Line (FEOL), and Middle-of-Line (MOL) device parameters, is systematically investigated. It is concluded that the combined requirements of device electrostatics together with the demands on contact resistance, presents a Contacted-Gate-Pitch (CGP) scaling limit for horizontal-transport FETs. FET drive is expected to significantly degrade below this CGP ~ 40 nm as a result. Good agreement between hardware data and TCAD simulations is achieved and employed to estimate the contact resistance values for aggressively scaled FinFETs. These observations show that FinFETs scaled below CGP of 40 nm will require the contact resistivity (ρC) of ~8 × 10-10 Ω-cm2, while fully ohmic contacts i.e., ρC of ~1 × 10-10 Ω-cm2 will be required if FinFETs are to extend performance below CGP of 30 nm. Ultimately, transition to new device architectures in which contact area is independent of CGP and/or Fin-Pitch will be necessary.","1941-0085","","10.1109/TNANO.2019.2942456","","https://ieeexplore.ieee.org/stamp/stamp.jsp?arnumber=8850339","Moore's Law;VLSI Technology;CMOS Scaling;FinFET;Contacted-Gate-Pitch (CGP);Fin-Pitch;Contact Resistivity;Contact Resistance","FinFETs;Electrostatics;Logic gates;Market research;Performance evaluation;Contact resistance","","257","","51","IEEE","26 Sep 2019","2019","","IEEE","IEEE Journals"
"Modeling of a Magnetic Tunnel Junction for a Multilevel STT-MRAM Cell","S. Prajapati; S. Verma; A. A. Kulkarni; B. K. Kaushik","Department of Electronics and Communication Engineering, Indian Institute of Technology, Roorkee, India; Department of Electronics Engineering, Indian Institute of Technology, BHU, Varanasi, India; Department of Electronics and Communication Engineering, Indian Institute of Technology, Roorkee, India; Department of Electronics and Communication Engineering, Indian Institute of Technology, Roorkee, India",IEEE Transactions on Nanotechnology,"7 Oct 2019","2019","18","","1005","1014","In the recent past, spin-transfer torque (STT) magnetic random access memories (MRAMs) have gained stupendous research interest with a potential to provide a solution for the on-chip memory applications. The prevailing single-level cell STT-MRAMs pose significant challenges due to scaling issues, making them unviable for the low-power and high-density embedded memory applications. This paper describes a pathway to design low-cost-per-bit, energy-efficient, and high-density multilevel cell (MLC) STT-MRAMs. This paper presents a model for magnetic tunnel junction (MTJ) devices based on in-plane magnetic anisotropy (IMA) and perpendicular magnetic anisotropy (PMA) using Verilog-A and elemental SPICE simulation framework. These MTJ devices are connected in series or parallel configuration to carry out a comparative performance analysis of series-MLC (sMLC) or parallel-MLC (pMLC) STT-MRAMs. The proposed model is validated using experimental results of IMA- and PMA-based sMLC and pMLC configurations, and the simulation results reveal a close agreement. The PMA-based pMLC configuration offers ultralow-voltage operation, least tunnel magnetoresistance degradations, and distinct presentation of resistance states, making it suitable for embedded memory applications.","1941-0085","","10.1109/TNANO.2018.2875491","","https://ieeexplore.ieee.org/stamp/stamp.jsp?arnumber=8495025","Spin-transfer torque (STT);In-plane magnetic anisotropy (IMA);Perpendicular magnetic anisotropy (PMA);Multilevel Cell (MLC)","Magnetic tunneling;Anisotropic magnetoresistance;Switches;Magnetic anisotropy;Saturation magnetization;Torque;Demagnetization","","17","","41","IEEE","17 Oct 2018","2019","","IEEE","IEEE Journals"
"Memristive Quantum Computing Simulator","I. G. Karafyllidis; G. C. Sirakoulis; P. Dimitrakis","Department of Electrical and Computer Engineering, Democritus University of Thrace, Kimmeria, Greece; Department of Electrical and Computer Engineering, Democritus University of Thrace, Kimmeria, Greece; Institute of Nanoscience and Nanotechnology, NCSR Demokritos, Athens, Greece",IEEE Transactions on Nanotechnology,"7 Oct 2019","2019","18","","1015","1022","One of the most promising and powerful candidates for future computing is the notion of universal quantum computer. A vital advance towards this direction is the development of quantum simulators and their possible implementation either as standalone quantum systems or as compatible software for classical computers with pros and cons. On the other hand, memristive computing has been proposed recently as a tentative unconventional computing scheme promoting the idea of information storage and processing in the same nanoelectronic device. In this paper we present a memristive quantum computing simulator by coupling quantum simulation principles with memristor aspects and enabling us to tackle the existing difficulties on qubit representation in conventional computing systems. For doing so, we utilize the memristances of identical memristors to represent in 3D the qubit state while its corresponding evolution is defined by the memristors input voltages. In particular, we introduce an appropriate correspondence among the aforementioned memristor voltages and the general qubit state rotation, i.e., the one-qubit quantum gates, and as such we reproduce the rotations imposed by the action of quantum gates in the 3D memristance space. Moreover, we also define the action of the CNOT two-qubit gate and simulate entanglement between two qubits paving the way towards the establishment of a universal set for quantum computing. Our results show that, memristor circuits can simulate effectively quantum computations.","1941-0085","","10.1109/TNANO.2019.2941763","General Secretariat for Research and Technology; National and European funds for the Greece-Russia bilateral joint research project MEM-Q(grant numbers:Τ4ΔΡΩ-00030/ 5021467); ","https://ieeexplore.ieee.org/stamp/stamp.jsp?arnumber=8846603","Quantum simulators;Memristors;Qubits;Nanoelectronics","Qubit;Memristors;Logic gates;Three-dimensional displays;Quantum entanglement;Nanoscale devices","","12","","30","IEEE","23 Sep 2019","2019","","IEEE","IEEE Journals"
"Enhanced Limited Magnitude Error Correcting Codes for Multilevel Cell Main Memories","A. Das; A. Sánchez-Macián; F. García-Herrero; N. A. Touba; J. A. Maestro","Department of Electrical and Computer Engineering, University of Texas, Austin, TX, USA; ARIES Research Center, Universidad Nebrija, Madrid, Spain; ARIES Research Center, Universidad Nebrija, Madrid, Spain; Department of Electrical and Computer Engineering, University of Texas, Austin, TX, USA; ARIES Research Center, Universidad Nebrija, Madrid, Spain",IEEE Transactions on Nanotechnology,"22 Oct 2019","2019","18","","1023","1026","Technological advancements in emerging non-volatile memory (e.g., phase change memories) has led to viable alternative solutions to problems faced by technology scaling of conventional memories. Phase change memories suffer from the issue of resistance drifts wherein the value stored changes by a limited magnitude. Decimal arithmetic based limited magnitude Orthogonal Latin Square codes have been recently proposed to correct multiple errors based on asymmetric limited magnitude error models. This research letter proposes an additional technique which is combined with the decimal arithmetic based Orthogonal Latin Square codes previously proposed. This combined approach is shown to further reduce the data redundancy without incurring any significant penalty in terms of area and latency of the decoding and encoding circuit.","1941-0085","","10.1109/TNANO.2019.2945341","","https://ieeexplore.ieee.org/stamp/stamp.jsp?arnumber=8863632","Error correction codes;limited magnitude errors;multilevel cell;main memory;phase change memory","Decoding;Resistance;Parity check codes;Redundancy;Phase change materials;Phase change memory;Encoding","","5","","5","IEEE","9 Oct 2019","2019","","IEEE","IEEE Journals"
"A Quantum Computation Model for Molecular Nanomagnets","G. A. Cirillo; G. Turvani; M. Graziano","Department of Electronics and Telecommunications, Politecnico di Torino, Torino, Italy; Department of Electronics and Telecommunications, Politecnico di Torino, Torino, Italy; Department of Electronics and Telecommunications, Politecnico di Torino, Torino, Italy",IEEE Transactions on Nanotechnology,"17 Oct 2019","2019","18","","1027","1039","Molecular nanomagnets can be considered as serious candidates for the definition of a scalable and reliable quantum computing technology: information is encoded on their spins and they ensure relaxation and decoherence times sufficiently long for the execution of tens of quantum operations. Among these devices, Cr7Ni supramolecular complexes are extremely of interest since they implement a universal set of quantum gates, made of single-qubit gates and the two-qubit Controlled-phase gate. A model for analyzing Cr7Ni molecules and a potential quantum computer architecture are proposed: starting from the energy parameters required for spin manipulations, these systems have been proved to implement elementary quantum algorithms. Within this paper, two, three and four-qubit systems have been analyzed: the simulation of quantum operations and the analysis of dynamical non-idealities have been done in parallel. Our approach enables the definition of an operating point - in terms of magnetic driving fields and latency - in which the execution of elementary quantum algorithms is characterized by negligible errors. The proposed model has been entirely implemented in MATLAB, thus obtaining a software infrastructure for the analysis of Cr7Ni molecules that can be extended to quantum systems with analogous Hamiltonian and behavior.","1941-0085","","10.1109/TNANO.2019.2939910","","https://ieeexplore.ieee.org/stamp/stamp.jsp?arnumber=8844981","Molecular nanomagnets;quantum computing architectures;quantum algorithms;innovative technology","Qubit;Logic gates;Computational modeling;Magnetic cores;Magnetic tunneling;Analytical models","","12","","61","IEEE","19 Sep 2019","2019","","IEEE","IEEE Journals"
"CAMEM: A Computationally-Efficient and Accurate Memristive Model With Experimental Verification","B. Hajri; M. M. Mansour; A. Chehab; H. Aziza","Department of Electrical and Computer Engineering, American University of Beirut, Beirut, Lebanon; Department of Electrical and Computer Engineering, American University of Beirut, Beirut, Lebanon; Department of Electrical and Computer Engineering, American University of Beirut, Beirut, Lebanon; IM2NP, UMR CNRS 7334, Aix-Marseille Université, Marseille Cedex 20, France",IEEE Transactions on Nanotechnology,"22 Oct 2019","2019","18","","1040","1049","When using memristive devices at the circuit level, a simple, accurate, and computationally efficient model is critically required to predict the performance of the circuit. Various memristive device models have been developed in the literature; however, most of them suffer from high complexity, low accuracy, or low computational efficiency. In this paper, a novel model for memristive devices for use at the circuit level is proposed. The proposed model is compact, sufficiently simple, computationally efficient, and compatible with popular circuit simulators. Moreover, the model meets circuit designers' requirements in terms of accuracy to explore new memristor-based design architectures. An experimental validation of the model is also provided.","1941-0085","","10.1109/TNANO.2019.2945985","","https://ieeexplore.ieee.org/stamp/stamp.jsp?arnumber=8868096","Memristive models;compact model;resistive random access memory (RRAM);experimental validation","Mathematical model;Computational modeling;Memristors;Integrated circuit modeling;Computational efficiency;Numerical models;SPICE","","6","","30","IEEE","14 Oct 2019","2019","","IEEE","IEEE Journals"
"Perovskite Light-Emitting Diodes Based on FAPb1−xSnxBr3 Nanocrystals Synthesized at Room Temperature","R. Cai; X. Qu; H. Liu; H. Yang; K. Wang; X. W. Sun","Guangdong University Key Lab for Advanced Quantum Dot Displays and Lighting, the Shenzhen Key Laboratory for Advanced Quantum Dot Displays and Lighting, and the Department of Electrical and Electronic Engineering, Southern University of Science and Technology, Shenzhen, China; Guangdong University Key Lab for Advanced Quantum Dot Displays and Lighting, the Shenzhen Key Laboratory for Advanced Quantum Dot Displays and Lighting, and the Department of Electrical and Electronic Engineering, Southern University of Science and Technology, Shenzhen, China; Guangdong University Key Lab for Advanced Quantum Dot Displays and Lighting, the Shenzhen Key Laboratory for Advanced Quantum Dot Displays and Lighting, and the Department of Electrical and Electronic Engineering, Southern University of Science and Technology, Shenzhen, China; Guangdong University Key Lab for Advanced Quantum Dot Displays and Lighting, the Shenzhen Key Laboratory for Advanced Quantum Dot Displays and Lighting, and the Department of Electrical and Electronic Engineering, Southern University of Science and Technology, Shenzhen, China; Guangdong University Key Lab for Advanced Quantum Dot Displays and Lighting, the Shenzhen Key Laboratory for Advanced Quantum Dot Displays and Lighting, and the Department of Electrical and Electronic Engineering, Southern University of Science and Technology, Shenzhen, China; Guangdong University Key Lab for Advanced Quantum Dot Displays and Lighting, the Shenzhen Key Laboratory for Advanced Quantum Dot Displays and Lighting, and the Department of Electrical and Electronic Engineering, Southern University of Science and Technology, Shenzhen, China",IEEE Transactions on Nanotechnology,"22 Oct 2019","2019","18","","1050","1056","Sn-doped perovskites using formamidinium as cation have been reported in solar cells and photodetectors. However, there is a lack of study of their luminescent properties for light-emitting diodes (LEDs). Here, we report a facile synthesis of formamidinium lead tin bromine, FAPb1−xSnxBr3 (0 ≤ x ≤ 0.5) nanocrystals (NCs) at room temperature. Interestingly, the photoluminescence (PL) is initially enhanced in FAPb1−xSnxBr3 NCs with increasing x from 0 to 0.3, which could be ascribed to electronic state modulation induced by Sn doping. The highest PL quantum yield reaches to 97.5% (x = 0.2). The transient absorption spectroscopy results show increasing trapping rate of hot excitons so that radiative recombination is effectively promoted. However, higher Sn content (x > 0.3) leads to PL quenching, as reported, due to the oxidation of Sn2+ to Sn4+, which leaves abundant Pb vacancies generating trap states promoting nonradiative recombination. Finally, we fabricated LEDs based on the as-prepared NCs with high performance, and the best performing device with x = 0.3 showed a maximum brightness of 7492 cd·m−2, current efficiency of 45.99 cd·A−1, and external quantum efficiency of 11.38%.","1941-0085","","10.1109/TNANO.2019.2923048","National Key Research and Development Program of China administrated by the Ministry of Science and Technology of China(grant numbers:2016YFB0401702); National Natural Science Foundation of China(grant numbers:61674074,61875082,61405089); Development and Reform Commission of Shenzhen Project(grant numbers:[2017]1395); Shenzhen Peacock Team Project(grant numbers:KQTD2016030111203005); Shenzhen Key Laboratory for Advanced quantum dot Displays and Lighting(grant numbers:ZDSYS201707281632549); Shenzhen Innovation Project(grant numbers:JCYJ20160301113356947); Guangdong University Key Laboratory for Advanced Quantum Dot Displays and Lighting(grant numbers:2017KSYS007); Distinguished Young Scholar of National Natural Science Foundation of Guangdong(grant numbers:2017B030306010); Southern University of Science and Technology and Student's Platform for Innovation and Entrepreneurship Training Program; ","https://ieeexplore.ieee.org/stamp/stamp.jsp?arnumber=8742800","Perovskite;nanocrystals;Sn-doped;light-emitting diodes","Light emitting diodes;Lead;Absorption;Excitons;Photonic band gap;Lattices;Nanocrystals","","15","","57","IEEE","20 Jun 2019","2019","","IEEE","IEEE Journals"
"Directly Imprinted Periodic Corrugation on Ultrathin Metallic Electrode for Enhanced Light Extraction in Organic Light-Emitting Devices","C. Ma; X. -M. Gao; Y. -G. Bi; F. -S. Yi; X. -L. Zhang; D. Yin; Y. -F. Liu; J. Feng; H. -B. Sun","State Key Laboratory of Integrated Optoelectronics, College of Electronic Science and Engineering, Jilin University, Changchun, China; State Key Laboratory of Integrated Optoelectronics, College of Electronic Science and Engineering, Jilin University, Changchun, China; State Key Laboratory of Integrated Optoelectronics, College of Electronic Science and Engineering, Jilin University, Changchun, China; State Key Laboratory of Integrated Optoelectronics, College of Electronic Science and Engineering, Jilin University, Changchun, China; State Key Laboratory of Integrated Optoelectronics, College of Electronic Science and Engineering, Jilin University, Changchun, China; State Key Laboratory of Integrated Optoelectronics, College of Electronic Science and Engineering, Jilin University, Changchun, China; State Key Laboratory of Integrated Optoelectronics, College of Electronic Science and Engineering, Jilin University, Changchun, China; State Key Laboratory of Integrated Optoelectronics, College of Electronic Science and Engineering, Jilin University, Changchun, China; State Key Laboratory of Integrated Optoelectronics, College of Electronic Science and Engineering, Jilin University, Changchun, China",IEEE Transactions on Nanotechnology,"22 Oct 2019","2019","18","","1057","1062","A micro/nano structure on the metallic electrode is necessary to outcouple power lost to surface-plasmon polaritons (SPPs) in organic light-emitting devices (OLEDs). However, a simple and efficient method to integrate the micro/nano pattern onto the surface of the metallic film is still a challenge. In this work, thermal nanoimprint lithography has been employed to directly imprint periodic corrugation onto an ultrathin metallic film. Both surface morphology and conductivity of corrugated metallic film have been improved by the imprinting process, which is important for its use as electrode in optoelectronic devices. The photons that trapped in SPP modes associated at the organic-cathode interface in the OLEDs have been efficiently extracted by using the periodically corrugated ultrathin metallic film as anode of the OLEDs. A 56% enhancement of current efficiency was achieved compared with the planar device. The corrugated ultrathin anode is further applied to flexible OLEDs, and improved light extraction efficiency has been obtained.","1941-0085","","10.1109/TNANO.2019.2936035","National Basic Research Program of China (973 Program); National Natural Science Foundation of China(grant numbers:2017YFB0404500,61825402,61675085,61705075,61805096); ","https://ieeexplore.ieee.org/stamp/stamp.jsp?arnumber=8811735","Ultrathin metallic electrode;periodic corrugation;organic light-emitting devices;light extraction","Organic light emitting diodes;Gratings;Gold;Substrates;Surface morphology;Surface treatment;Corrugated surfaces","","8","","29","IEEE","23 Aug 2019","2019","","IEEE","IEEE Journals"
"Compact Modeling of Perpendicular STT-MTJs With Double Reference Layers","R. De Rose; M. d'Aquino; G. Finocchio; F. Crupi; M. Carpentieri; M. Lanuzza","Department of Computer Engineering, Modeling, Electronics and Systems Engineering, University of Calabria, Rende, Italy; Department of Engineering, University of Naples Parthenope, Naples, Italy; Department of Mathematical and Computer Sciences, Physical Sciences and Earth Sciences, University of Messina, Messina, Italy; Department of Computer Engineering, Modeling, Electronics and Systems Engineering, University of Calabria, Rende, Italy; Department of Electrical and Information Engineering, Politecnico di Bari, Bari, Italy; Department of Computer Engineering, Modeling, Electronics and Systems Engineering, University of Calabria, Rende, Italy",IEEE Transactions on Nanotechnology,"25 Oct 2019","2019","18","","1063","1070","This paper shows the steps to set up a simulation framework for perpendicular spin-transfer torque (STT)-magnetic tunnel junctions (MTJs) with double-barrier and two antiparallel reference layers (DMTJs). The approach is based on a Verilog-A analytical compact model that properly takes into account the effect of the DMTJ physical stack on both resistance and statistical switching characteristics. Validation results demonstrate a good agreement of analytical calculations with both numerical simulations and experimental data. To test the functionality of the developed Verilog-A code in hybrid CMOS/STT-MTJ circuit simulations, we have investigated the performance of a non-volatile flip-flop (NVFF) implemented with DMTJs and FinFETs in comparison with its single-barrier MTJ (SMTJ)-based counterpart. The reduced switching current of DMTJs allows reducing the backup time and energy by a factor of 3X and 6.1X, respectively. Such benefits are obtained along with smaller area occupation and better performance in the flip-flop (FF) active operation mode.","1941-0085","","10.1109/TNANO.2019.2945408","Diodi spintronici rad-hard ad elevata sensitività - DIOSPIN”(grant numbers:2019-1-U.0); Italian Space Agency (ASI); Program for the Support of Individual Research 2017; University of Naples Parthenope; ","https://ieeexplore.ieee.org/stamp/stamp.jsp?arnumber=8863643","Compact model;STT switching;double-barrier MTJ;non-volatile flip-flop (NVFF)","Switches;Resistance;Integrated circuit modeling;Magnetization;Hardware design languages;Magnetic tunneling;Analytical models","","35","","33","IEEE","9 Oct 2019","2019","","IEEE","IEEE Journals"
"Adaptive Transport in High Performance (Ion), Steep Sub-Threshold Slope (SS < 60 mV/dec) MoS2 Transistors","S. Bhattacharjee; K. L. Ganapathi; D. G. Sharma; A. Sharma; S. Mohan; N. Bhat","IISc Bangalore, Bangalore, India; IIT Madras, Chennai, India; IIITDM Jabalpur, Jabalpur, India; Technion Israel Institute of Technology, Haifa, Israel; IISc Bangalore, Bangalore, India; IISc Bangalore, Bangalore, India",IEEE Transactions on Nanotechnology,"25 Oct 2019","2019","18","","1071","1078","We demonstrate a rendition of an `ideal' low power transistor, by combining the advantages of a tunnel FET (steep subthreshold slope (SS <; 60 mV/dec)) with that of a thermionic FET (high ON current) in the same device. A dual-gated multilayer MoS2 FET is fabricated keeping in view independent gate control and careful deliberation of device architecture and materials processing. This device is capable of operating in two distinct regimes (i) A low power tunnelling regime with steep SS and operational voltages <; 0.5 V OR (ii) A high mobility and Ion, thermionic regime. Second, an intuitive modification in the device structure can dynamically tune the threshold voltage (Vth) and transport from OFF (tunnelling) to ON (thermionic) state, yielding the dual benefits of tunnelling and thermionic transport in the same operational cycle. The devices demonstrate hysteresis-free, steep SS (SSmin 3.4 mV/dec and SSavg 29.3 mV/dec for 3 dec) and high mobility/Ion (100 cm2V-1s-1/0.16 μA μm-1) at an ultra-scaled Vds of 10 mV. To gather further insight into the transport mechanism of these devices, temperature dependent analysis of SS and Ion is presented, and explained using a simple semi-classical model.","1941-0085","","10.1109/TNANO.2019.2946449","Ministry of Information and IT; Department of Science and Technology Nanomission through NNetRA; ","https://ieeexplore.ieee.org/stamp/stamp.jsp?arnumber=8870233","Sub-thermionic conduction;sub-60 mV/dec operation;tunneling;2D materials;Schottky barrier;dual gate;MoS $_{2}$ ;adaptive transport","Sulfur;Logic gates;Hafnium compounds;Molybdenum;Tunneling;Field effect transistors","","9","","39","IEEE","16 Oct 2019","2019","","IEEE","IEEE Journals"
"Versatile Authentication Using an Identifier Based On Optical Variable Nanostructures","D. Patel; H. Jiang; J. Patel; B. Kaminska","Department of Engineering Science, Simon Fraser University, Burnaby, BC, Canada; School of Engineering Science, Simon Fraser University, Burnaby, BC, CANADA; Department of Engineering Science, Simon Fraser University, Burnaby, BC, Canada; Department of Engineering Science, Simon Fraser University, Burnaby, BC, Canada",IEEE Transactions on Nanotechnology,"25 Oct 2019","2019","18","","1079","1088","Counterfeit electronic devices are increasingly recognized as severe threats for the security of cyber-physical systems. To authenticate and verify original devices and manufacturers, an optical authentication identifier based on a pixelated nano-substrate and a versatile intensity control layer is introduced in this article. The pixelated nano-substrate is comprised of color pixels based on optical variable nanostructures whereas the intensity control layer is designed to activate or deactivate specific color pixels. A response image acquisition device based on angle-dependent optical diffraction is constructed to register the authentic identifiers and to detect fake identifiers. In the registration stage, the extracted data (color information) of the authentic identifier is stored as a reference on a secured server. In the authentication stage, the data are obtained from a detected identifier and compared to the reference using block-by-block calculations of inter-distances and intra-distances. Experimental results and analysis show that the proposed scheme can accomplish the authentication of the optical identifier with high reliability and robustness.","1941-0085","","10.1109/TNANO.2019.2943298","Natural Sciences and Engineering Research Council of Canada; ","https://ieeexplore.ieee.org/stamp/stamp.jsp?arnumber=8852862","Optical identifier;optical variable nanostructure;structural color;intensity control layer;authentication and verification","Authentication;Optical imaging;Optical device fabrication;Image color analysis;Optical diffraction;Nanostructures;Image quality","","2","","27","IEEE","30 Sep 2019","2019","","IEEE","IEEE Journals"
"Nonvolatile Spin-Based Radiation Hardened Retention Latch and Flip-Flop","A. Amirany; F. Marvi; K. Jafari; R. Rajaei","Department of Electrical Engineering, Shahid Beheshti University, Tehran, Iran; Department of Electrical Engineering, Shahid Beheshti University, Tehran, Iran; Department of Electrical Engineering, Shahid Beheshti University, Tehran, Iran; Department of Electrical Engineering, Shahid Beheshti University, Tehran, Iran",IEEE Transactions on Nanotechnology,"30 Oct 2019","2019","18","","1089","1096","Reduction of leakage power and vulnerability to radiation are of critical challenges in modern nanometer CMOS technologies because of scaling down requirement. Spintronic logic has been progressed to realize these demands based on magnetic-based elements properties especially magnetic tunnel junction (MTJ) such as radiation-hardened, non-volatility, and CMOS process compatibility. A novel soft-error tolerant and highly reliable latch circuit is proposed in this paper which is a promising choice for reliable and low-power architectures. Furthermore, employing the proposed shadow latch based on MTJ cells as a backup structure along with the rad-hard main latch is aimed to the realization of a nonvolatile and SEU-immune flip-flop which is applicable in next-generation CMOS circuits. Simulations of proposed circuits have been performed by SPICE tool and a 45 nm CMOS technology model to evaluate the effectiveness of topologies.","1941-0085","","10.1109/TNANO.2019.2946108","","https://ieeexplore.ieee.org/stamp/stamp.jsp?arnumber=8868091","Magnetic Tunnel Junction (MTJ);retention latch;radiation hardened by design;Single Event Upset (SEU);Spin Transfer Torque (STT)","Latches;Magnetic tunneling;Radiation hardening (electronics);CMOS technology;Single event upsets;Clocks;Switches","","44","","46","IEEE","14 Oct 2019","2019","","IEEE","IEEE Journals"
"Silicon Nanoparticles in Graphene Sponge for Long-Cycling-Life and High-Capacity Anode of Lithium Ion Battery","Y. -t. Pan; Y. Tzeng","Department of Electrical Engineering, National Cheng Kung University, Tainan, Taiwan; Department of Electrical Engineering, National Cheng Kung University, Tainan, Taiwan",IEEE Transactions on Nanotechnology,"30 Oct 2019","2019","18","","1097","1102","A microwave plasma enhanced chemical vapor deposition (MPECVD) method is used to synthesize nanocarbon structures on silicon particles. The structure is analyzed by scanning electron microscope (SEM), Raman spectroscopy and X-ray diffractometer (XRD). The results show that silicon particles are surrounded by wall-like nanographite and multilayer graphene, also known as graphene nanowalls (GNWs). The nanocarbon structures provide excellent chemical and electrochemical properties and good electrical conductivity enabling much improved performance of lithium ion batteries (LIBs) anode made of nanocarbon coated silicon particles. LIBs maintain the high capacity of 2000 mAh/g for 100 cycles of charging and discharging exhibiting very little decrease in capacity. Graphene nanowalls provide multiple conductive paths for silicon particles to remain being electrically connected to the external circuits allowing lithium ions and electrons to enter and leave silicon particles for charging and discharging.","1941-0085","","10.1109/TNANO.2019.2946459","Ministry of Science and Technology, Taiwan(grant numbers:MOST 105-2221-E-006-057-MY3); ","https://ieeexplore.ieee.org/stamp/stamp.jsp?arnumber=8870207","Lithium ion battery;anode;silicon;graphene;nanocarbon","Silicon;Anodes;Graphene;Lithium;Discharges (electric);Nanoparticles","","10","","49","IEEE","16 Oct 2019","2019","","IEEE","IEEE Journals"
"Influence of Partial Reheating on Aluminum Nanoparticles From Electrical Exploding Wires","X. Li; J. Wu; X. Li; L. Chen; H. Shi; A. Qiu","State Key Laboratory of Electrical Insulation and Power Equipment, Xi'an Jiaotong University, Xi'an, China; State Key Laboratory of Electrical Insulation and Power Equipment, Xi'an Jiaotong University, Xi'an, China; State Key Laboratory of Electrical Insulation and Power Equipment, Xi'an Jiaotong University, Xi'an, China; State Key Laboratory of Electrical Insulation and Power Equipment, Xi'an Jiaotong University, Xi'an, China; State Key Laboratory of Electrical Insulation and Power Equipment, Xi'an Jiaotong University, Xi'an, China; State Key Laboratory of Electrical Insulation and Power Equipment, Xi'an Jiaotong University, Xi'an, China",IEEE Transactions on Nanotechnology,"6 Nov 2019","2019","18","","1103","1109","Nano-aluminum particles are fabricated by the electrical explosion of wires (EEW) in argon atmosphere. The characteristics of the current, voltage, and the deposited energy of exploding Al wire with and without the shunting gap are studied. In order to understand the influence of the partial reheating process on the production of nanoparticles, the shadowgraphs are used to study the expansion process of the exploding Al with and without the shunting gap, it is observed that the expansion rates of exploding Al without the shunting gap have two peaks, while the expansion rates of exploding Al with the shunting gap have only one peak. The size and shape of the nanoparticles are analyzed using scanning electron microscopy (SEM) analysis. It is found that almost all the nanoparticles are basically spherical in shape, and the average particle size under different experimental conditions are obtained using SEM. The study of the partial reheating process suggests that the partial reheating process can reduce the average size of the nanoparticles.","1941-0085","","10.1109/TNANO.2019.2946079","","https://ieeexplore.ieee.org/stamp/stamp.jsp?arnumber=8868113","EEW;shunting gap;partial reheating process;nanoparticles","Wires;Nanoparticles;Discharges (electric);Plasmas;Voltage measurement;Breakdown voltage","","9","","29","IEEE","14 Oct 2019","2019","","IEEE","IEEE Journals"
"Demonstration of Thermally-Assisted Programming With High Speed and Improved Reliability for Junctionless Nanowire NOR Flash Memory","J. -M. Yu; J. -Y. Park; G. -B. Lee; J. -K. Han; M. -S. Kim; J. Hur; D. -H. Yun; S. -Y. Kim; Y. -K. Choi","School of Electrical Engineering, Korea Advanced Institute of Science and Technology, Daejeon, South Korea; School of Electrical Engineering, Korea Advanced Institute of Science and Technology, Daejeon, South Korea; School of Electrical Engineering, Korea Advanced Institute of Science and Technology, Daejeon, South Korea; School of Electrical Engineering, Korea Advanced Institute of Science and Technology, Daejeon, South Korea; School of Electrical Engineering, Korea Advanced Institute of Science and Technology, Daejeon, South Korea; School of Electrical Engineering, Korea Advanced Institute of Science and Technology, Daejeon, South Korea; School of Electrical Engineering, Korea Advanced Institute of Science and Technology, Daejeon, South Korea; School of Electrical Engineering, Korea Advanced Institute of Science and Technology, Daejeon, South Korea; School of Electrical Engineering, Korea Advanced Institute of Science and Technology, Daejeon, South Korea",IEEE Transactions on Nanotechnology,"6 Nov 2019","2019","18","","1110","1113","This study demonstrated the thermally-assisted (TA) programming of a NOR flash memory device, which was composed of a junctionless silicon nanowire with gate-all-around structure. Fast programming was achieved with the aid of Joule heat, which was generated in a homogeneously heavily doped SiNW by a voltage difference between the source and drain. Its programming speed is the fastest among various NOR flash memories ever reported. The mechanism for programming NOR flash memory inevitably degrades the quality of the tunneling oxide. But the proposed thermally-assisted programming provides simultaneous curing of the damaged tunneling oxide.","1941-0085","","10.1109/TNANO.2019.2945321","Center for Integrated Smart Sensors; Ministry of Science, ICT & Future Planning as Global Frontier Project(grant numbers:CISS-2011-0031848); National Research Foundation (NRF) of Republic of Korea(grant numbers:2017H1A2A1042274,2018R1A2A3075302,2019M3F3A1A03079603); Future Non-Volatile Memory Cluster Program of Samsung Electronics; IC Design Education Center (EDA Tool and MPW); ","https://ieeexplore.ieee.org/stamp/stamp.jsp?arnumber=8863645","Fast programming;gate-all-around (GAA);in-situ curing;Joule heat;junctionless (JL);low-frequency noise (LFN);NOR flash memory;ONO;silicon nanowire;SONOS;thermal excitation;thermally-assisted (TA) programming","Flash memories;Logic gates;Programming profession;Heating systems;Tunneling;Gallium arsenide","","4","","21","IEEE","9 Oct 2019","2019","","IEEE","IEEE Journals"
"Graphene–Metal Nanoparticles for Enhancing Thermoelectric Power Factor","L. L. Shiau; S. C. K. Goh; X. Wang; M. Zhu; C. S. Tan; Z. Liu; B. K. Tay","School of Electrical and Electronic Engineering, Nanyang Technological University, Singapore; School of Electrical and Electronic Engineering, Nanyang Technological University, Singapore; School of Electrical and Electronic Engineering, Nanyang Technological University, Singapore; School of Electrical and Electronic Engineering, Nanyang Technological University, Singapore; School of Electrical and Electronic Engineering, Nanyang Technological University, Singapore; School of Material Science and Engineering, Nanyang Technological University, Singapore; School of Electrical and Electronic Engineering, Nanyang Technological University, Singapore",IEEE Transactions on Nanotechnology,"6 Nov 2019","2019","18","","1114","1118","Chemical vapor deposition (CVD) grown graphene has been reported for a myriad of nanoelectronics and nanophotonics applications. However, CVD grown graphene suffers from low electrical conductivity due to the presence of multiple grain boundaries and intragranular defects. In order to improve its performance, graphene is often functionalized with other materials. In this work, graphene was hybridized with metallic nanoparticles (Au, Ag and Pt). Metal-containing inorganic compound solution was drop casted onto patterned graphene and was subsequently reduced by ultraviolet light. The hybridized graphene systems were explored as possible thermoelectric generators. It was shown that nanoparticles hybridized graphene displayed a significant decrease in sheet resistance. Amongst them, Au-graphene revealed an 80% decrease in sheet resistance. Ag- and Pt-graphene did not show any enhancement in the Seebeck effect while Au-graphene observed a 25% decline due to the thermal cooling effect. Overall, thermoelectric power factor was shown to increase by a factor of 2.96, 1.72 and 1.25 times for Au-graphene, Ag-graphene, and Pt-graphene, respectively.","1941-0085","","10.1109/TNANO.2019.2948077","Ministry of Education - Singapore(grant numbers:MOE2015-T2-2-043); ","https://ieeexplore.ieee.org/stamp/stamp.jsp?arnumber=8880659","Graphene;nanoparticles;thermoelectric;2D material;nanoelectronics","Graphene;Gold;Nanoparticles;Two dimensional displays;Conductivity;Temperature measurement","","5","","37","IEEE","24 Oct 2019","2019","","IEEE","IEEE Journals"
"A PCB Based Chemiresistive Carbon Dioxide Sensor Operating at Room Temperature Under Different Relative Humidity","S. Bag; K. Pal","Centre of Nanotechnology, Indian Institute of Technology Rooorkee, Roorkee, India; Centre of Nanotechnology, Department of Mechanical and Industrial Engineering, Indian Institute of Technology Roorkee, Roorkee, India",IEEE Transactions on Nanotechnology,"11 Nov 2019","2019","18","","1119","1128","This work presents polymer composite based chemiresistive type carbon dioxide (CO2) gas sensors using polyethersulfone (PES) and sulfonated PES (SPES) incorporated with ethylenediamine (EDA)-functionalized multiwall carbon nanotubes (e-MWCNTs) (i.e., PES/e-MWCNTs and SPES/e-MWCNTs), where incorporation of primary amine functionalized MWCNTs not only improve the sensing capability but also enhance electrical conductivity, thermal, and chemical stability of the composites. Different volumetric ratios (1:1,1:2,1:3, and 1:4) of PES/e-MWCNTs and SPES/e-MWCNTs composites were prepared as a sensing element to evaluate the CO2 gas sensing properties at room temperature (27 °C) under different relative humidity (30-70% RH). All the sensors were fabricated on printed circuit board (PCB) using drop casting method. The sensing mechanism mainly depends on the interaction between primary amino groups containing EDA and CO2 gas molecules in presence of different relative humidity where formation of bicarbonate ion (HCO3-) protonates amino groups of EDA and changes the total conductivity of the sensor. In principle, presence of sulfonic acid groups in SPES/eMWCNTs based composite enhances the CO2 sensitivity due to more formation of HCO3-. In evaluation of sensing properties, both the sensors (PES/e-MWCNTs and SPES/e-MWCNTs) having volumetric ratios of 1:4 showed highest sensitivities (i.e., 2.1 × 10-3-2.94 × 10-3% ppm-1 and 4.94 × 10-3-6.49 × 10-3% ppm-1, respectively) towards entire gas sensing measurement (500-5000 ppm). The obtained results indicate that both the sensors are capable to detect CO2 gas in a confined place at humid condition.","1941-0085","","10.1109/TNANO.2019.2946837","Science and Engineering Research Board—Department of Science and Technology, Govt. of India(grant numbers:SR/FTP/ETA-033/2011); ","https://ieeexplore.ieee.org/stamp/stamp.jsp?arnumber=8874989","Chemiresistive sensor;CO $_{2}$  gas sensing;functionalized MWCNTs;polymer composite;sensitivity","Temperature sensors;Polymers;Humidity;Gas detectors;Thermal stability;Sensitivity","","9","","59","IEEE","17 Oct 2019","2019","","IEEE","IEEE Journals"
"Scattering From Graphene-Based Multilayered Spherical Structures","S. Hayati Raad; Z. Atlasbaf; J. Rashed-Mohassel; M. Shahabadi","Department of Electrical and Computer Engineering, Tarbiat Modares University, Tehran, Iran; Department of Electrical and Computer Engineering, Tarbiat Modares University, Tehran, Iran; Center of Excellence on Applied Electromagnetics Systems, School of Electrical and Computer Engineering, College of Engineering, University of Tehran, Tehran, Iran; Center of Excellence on Applied Electromagnetics Systems, School of Electrical and Computer Engineering, College of Engineering, University of Tehran, Tehran, Iran",IEEE Transactions on Nanotechnology,"6 Nov 2019","2019","18","","1129","1136","In this paper, modified Mie-Lorentz coefficients for graphene-based multilayered spherical structures are extracted. To this end, electromagnetic fields in each region of the solution domain are expanded in terms of vector spherical harmonics. By properly choosing the geometrical dimensions of the spheres, graphene coatings are considered as thin shells with the surface conductivities calculated by the Kubo formulas. Later, graphene surface currents are incorporated in the boundary conditions on tangential magnetic fields. The aforementioned procedure is conducted at the interface of two adjacent layers to relate the Mie coefficients of the successive layers recurrently. The validity of the extracted equations is verified by calculating the extinction cross section of various graphene-based multilayered spherical structures and comparing them with the results of finite element method. Possibility of tuning the graphene plasmonic resonances in multiple layers by varying graphene carrier doping density is discussed, as well. The potential application of our analysis is scattering shaping of graphene-based multilayered spherical configurations for cloaking, super-scattering, medical treatment, and tagging.","1941-0085","","10.1109/TNANO.2019.2942972","","https://ieeexplore.ieee.org/stamp/stamp.jsp?arnumber=8859634","Graphene;multilayered sphere;scattering;modified Mie-Lorentz coefficients","Graphene;Manganese;Scattering;Boundary conditions;Dielectrics;Conductivity;Mathematical model","","24","","37","IEEE","4 Oct 2019","2019","","IEEE","IEEE Journals"
"A Novel Fiber-Based Symmetrical Long-Range Surface Plasmon Resonance Biosensor With High Quality Factor and Temperature Self-Reference","Q. Wang; J. -Y. Jing; W. -M. Zhao; X. -C. Fan; X. -Z. Wang","State Key Laboratory of Synthetical Automation for Process Industries and College of Information Science and Engineering, Northeastern University, Shenyang, China; College of Information Science and Engineering, Northeastern University, Shenyang, China; College of Information Science and Engineering, Northeastern University, Shenyang, China; College of Information Science and Engineering, Northeastern University, Shenyang, China; College of Information Science and Engineering, Northeastern University, Shenyang, China",IEEE Transactions on Nanotechnology,"6 Nov 2019","2019","18","","1137","1143","A novel wavelength modulated optical fiber-based symmetrical long-range surface plasmon resonance (sLRSPR) biosensor with high quality factor (Q-F) of 56.70 RIU-1 and temperature self-reference was proposed and demonstrated. The multilayered architecture of the sLRSPR biosensor consisted of cladding/dielectric-buffer-layer (DBL)/Au-nanofilm/DBL/analyte, and the DBLs on both sides of the Au-nanofilm were identical, which greatly increased the matching degree of the permittivities of analyte and the DBL near cladding and reduced the loss of long-range surface plasmon-polaritons. Therefore, the sLRSPR sensor displayed excellent sensing performance, and its Q-F was 3.27-folds higher than that of the conventional SPR sensor. Furthermore, the sLRSPR sensor was employed as a biosensor for the measurement of average refractive index (RI) of cell, and the temperature-sensitive optical adsorption characteristic of the DBL was utilized to provide temperature self-reference for the RI measurement. The sLRSPR biosensor realized simultaneous measurement of RI and temperature at the exactly same location, which can eliminate the measurement error introduced by temperature to RI measurement. The sLRSPR biosensor proposed in this paper possessed higher detection precision and presented greatly promising application prospects in the field of biochemistry.","1941-0085","","10.1109/TNANO.2019.2947697","Fundamental Research Funds for the Central Universities(grant numbers:N180402023,N172002001); National Natural Science Foundation of China(grant numbers:51607028); ","https://ieeexplore.ieee.org/stamp/stamp.jsp?arnumber=8879659","Long-range surface plasmon resonance;fiber optic sensor;high quality factor;temperature self-reference","Optical fiber sensors;Sensitivity;Temperature measurement;Biosensors;Temperature;Metals","","26","","36","IEEE","22 Oct 2019","2019","","IEEE","IEEE Journals"
"Realizing Controllable Carbon Nanotube Arrays for Soft Devices by Asymmetric Langmuir–Blodgett and Hydrophilization Process","Q. Wang; M. Zhang; Q. Huang; Z. Liao; C. Du","Department of School of Electronic and Computer Engineering, Peking University Shenzhen Graduate School, Shenzhen, China; Department of School of Electronic and Computer Engineering, Peking University Shenzhen Graduate School, Shenzhen, China; Department of School of Electronic and Computer Engineering, Peking University Shenzhen Graduate School, Shenzhen, China; Department of School of Electronic and Computer Engineering, Peking University Shenzhen Graduate School, Shenzhen, China; Department of School of Electronic and Computer Engineering, Peking University Shenzhen Graduate School, Shenzhen, China",IEEE Transactions on Nanotechnology,"8 Nov 2019","2019","18","","1144","1147","Well-aligned Carbon nanotube (CNT) arrays are expected by flexible and stretchable devices. In this paper, an asymmetric Langmuir-Blodgett (LB) method and inorganic hydrophilization method have been proposed, with which well-aligned CNT arrays on soft substrates like polyethylene naphthalate, polyimide and polydimethylsiloxane have been realized. After depositing 50 nm SiO2 for hydrophilization, the water contact angle has been significantly reduced for different substrates. The surface roughness and flexibility have also been characterized to analyze their effect on device performance. The nanotube density in the arrays can be controlled to 10-25 tubes/μm2, 25-35 tubes/μm2 or 35-45 tubes/μm2 by tuning the surface pressure during the LB process. With aligned semiconducting CNT arrays as channel and anisotropic metallic CNT network as gate/source/drain electrodes, all-carbon nanotube transistors on PI substrate have been fabricated for demonstration. The fabricated devices show a subthreshold swing of 92.9 mV/dec, a carrier mobility of 15.32 cm2/Vs, and an on/off current ratio of 4.51 × 102. More importantly, with 50 nm thick gate dielectrics, the changes of threshold voltage and carrier mobility are within 16.62% and 28.78%, respectively, even after bending 1000 times under a curvature radius of 3.66 mm.","1941-0085","","10.1109/TNANO.2019.2943476","Shenzhen Science and Technology Innovation Grants(grant numbers:JCYJ20180507181702150,ZDSYS201802061805105); National Natural Science Foundation of China(grant numbers:61504004); ","https://ieeexplore.ieee.org/stamp/stamp.jsp?arnumber=8852856","Carbon nanotubes;flexible transistors;Langmuir-Blodgett method;hydrophilization","Substrates;Surface treatment;Electrodes;Logic gates;Electron tubes;Resistance;Surface morphology","","2","","10","IEEE","30 Sep 2019","2019","","IEEE","IEEE Journals"
"Acridinium Based Organic Molecular Single Electron Transistor for High Performance Switching Applications","K. Gaurav; B. SanthiBhushan; S. J. Ray; A. Srivastava","Computational Nanoscience and Technology Laboratory, Advanced Materials Research Group, Atal Bihari Vajpayee—Indian Institute of Information Technology and Management, Gwalior, India; Department of Electronics and Communication Engineering, Indian Institute of Information Technology, Bhopal, India; Department of Physics, Indian Institute of Technology, Patna, India; Computational Nanoscience and Technology Laboratory, Advanced Materials Research Group, Atal Bihari Vajpayee—Indian Institute of Information Technology and Management, Gwalior, India",IEEE Transactions on Nanotechnology,"8 Nov 2019","2019","18","","1148","1155","The conductance and switching behaviour of acene series derivative `Acridinium' based organic molecular single electron transistor have been assessed in the vicinity of Density Functional Theory (DFT) and Non-equilibrium Green's Function (NEGF) formalisms based ab-initio approach. Computationally, acridinium has been obtained by nitrogen substitution of its parent molecule anthracene. Our analysis of structural and chemical properties predicts relatively high electrical conductivity for acridinium than anthracene owing to the high degree of delocalization associated with the former. The performance of acridinium as a quantum dot of SET has been studied by calculating charging energies and charge stability diagram. It has been observed that acridinium SET is power efficient and possesses better switching behaviour than anthracene and other acene derivative SETs reported so far. Moreover, the negative gate bias operation of acridinium SET is observed to be energetically more favourable than the positive bias operation.","1941-0085","","10.1109/TNANO.2019.2945995","","https://ieeexplore.ieee.org/stamp/stamp.jsp?arnumber=8868106","Acridinium;single electron transistor;charging energy;density functional theory;electron localization function","Quantum dots;Nitrogen;Electrodes;Carbon;Logic gates;Orbits;Performance evaluation","","6","","30","IEEE","14 Oct 2019","2019","","IEEE","IEEE Journals"
"Wide-Field Planar Magnetic Imaging Using Spins in Diamond","Y. -L. Chen; J. Tang; H. Guo; Y. -J. Gao; Y. -S. Liu; Z. -R. Shi; J. Liu","Science and Technology on Electronic Test and Measurement Laboratory, North University of China, Taiyuan, China; Science and Technology on Electronic Test and Measurement Laboratory, North University of China, Taiyuan, China; Science and Technology on Electronic Test and Measurement Laboratory, North University of China, Taiyuan, China; Science and Technology on Electronic Test and Measurement Laboratory, North University of China, Taiyuan, China; Science and Technology on Electronic Test and Measurement Laboratory, North University of China, Taiyuan, China; Science and Technology on Electronic Test and Measurement Laboratory, North University of China, Taiyuan, China; Science and Technology on Electronic Test and Measurement Laboratory, North University of China, Taiyuan, China",IEEE Transactions on Nanotechnology,"11 Nov 2019","2019","18","","1156","1159","The nitrogen-vacancy color centers in diamond can be used as an excellent magnetic sensor. In this work, we present a wide-field planar magnetic imaging technique based on nitrogen-vacancy color centers. Through optically detected magnetic resonance (ODMR) which is readout from a scientific CMOS camera to extract resonance frequency, we experimentally reconstruct the magnetic field distribution of permanent magnets and particles of magnetite (Fe3O4). Moreover, by using this method we imagined the magnetic field distribution of one integrated cell heater widely used in temperature control with magnetic field suppression. And the experiment shows that this technique can be applied in engineering. The imaging field of this technology can reach the sub-millimeter level and the spatial resolution can reach the optical diffraction limit. The presented wide-field NV imaging technique offers wide-field imaging, high spatial resolution, and high magnetic sensitivity.","1941-0085","","10.1109/TNANO.2019.2949337","National Key Research and Development Program of China(grant numbers:2017YFB0503100); Natural National Science Foundation of China(grant numbers:51727808,51635011,61727804,61571406); China Postdoctoral Innovative Talents Support Program(grant numbers:BX20180276); China Postdoctoral Science Foundation(grant numbers:2018M641684); Applied Basic Research Program in Shanxi Province(grant numbers:201801D221202); Key Research and Development Program in Shanxi Province(grant numbers:201803D121067); Shanxi “1331 Project” Key subjects construction(grant numbers:1331KSC); ","https://ieeexplore.ieee.org/stamp/stamp.jsp?arnumber=8887493","Magnetic instruments;spin electronics;diamond;magnetic imaging;nitrogen vacancy centers","Magnetic fields;Magnetic resonance imaging;Diamond;Optical imaging;Optical sensors;Microscopy","","6","","24","IEEE","30 Oct 2019","2019","","IEEE","IEEE Journals"
"Smart Packaging in the Sustainability Challenge: Eumelanin as a UV-Absorption Enhancer of Polymers","E. Di Mauro; X. Li; C. Pellerin; F. Cicoira; C. Santato","Department of Engineering Physics, Polytechnique Montréal, Montréal, Canada; Department of Chemical Engineering, Polytechnique Montréal, Montréal, Canada; Department of Chemistry, Université de Montréal, Montréal, Canada; Department of Chemical Engineering, Polytechnique Montréal, Montréal, Canada; Department of Engineering Physics, Polytechnique Montréal, Montréal, Canada",IEEE Transactions on Nanotechnology,"15 Nov 2019","2019","18","","1160","1165","The black-brown biopigment eumelanin screens the harmful ultraviolet (UV) radiation in the human skin. In industry, the absorption of plastics in the UV range is improved by the inclusion of additives. Our work reports an evaluation of the biopigment eumelanin as a nature-inspired additive for polymers to improve their UV-absorption. Eumelanin, being non-toxic and produced by natural sources, represents an interesting candidate for sustainable plastic additives. We fabricated eumelanin-including films of commercial linear low-density polyethylene (LLDPE), a plastic ubiquitous in packaging applications. The films were obtained by melt-compounding and compression molding. The melanin free acid treatment (MFA) was used to enhance the biopigment dispersion in the films. We observed that amounts of eumelanin as low as 0.8% wt. bring about an increase of the UV absorption up to one order of magnitude in the UVA range. We also assessed the effect of eumelanin on the film stability under prolonged UV irradiation: the biopigment proved to work both as UV-absorption enhancer but also as a photo-prooxidant, as inferred by thermogravimetric analysis (TGA) and infrared (IR) spectroscopy.","1941-0085","","10.1109/TNANO.2019.2941370","NSERC DG (CS); FRQNT Team; ","https://ieeexplore.ieee.org/stamp/stamp.jsp?arnumber=8844984","Melanin;melanin free acid;linear low-density polyethylene;packaging;UV-absorbers;UV-aging","Absorption;Films;Plastics;Additives;Packaging;Industries;Spectroscopy","","4","","24","IEEE","19 Sep 2019","2019","","IEEE","IEEE Journals"
"On Classification Approaches for Crystallographic Symmetries of Noisy 2D Periodic Patterns","P. Moeck","Nano-Crystallography Group of the Department of Physics, Portland State University, Portland, USA",IEEE Transactions on Nanotechnology,"18 Nov 2019","2019","18","","1166","1173","The analytical classification approaches for the crystallographic symmetries of patterns that are more or less periodic in two dimensions (2D) are reviewed. Pseudo-symmetries of different types, which are not rare as far as 2D projections from three-dimensional (3D) crystals are concerned, are briefly mentioned as they present severe challenges to most classification approaches when noise levels are moderate to high. The author's information theory based approaches utilize digital images and geometric Akaike Information Criteria. They perform well in the presence of pseudo-symmetries and turn out to be the only ones that allow for researcher independent (but generalized noise level dependent), classifications of the full range of crystallographic symmetries, i.e., Bravais lattice type, Laue class, and plane symmetry group, of noisy real-world images.","1941-0085","","10.1109/TNANO.2019.2946597","","https://ieeexplore.ieee.org/stamp/stamp.jsp?arnumber=8871341","Crystallographic symmetry classifications;geometric Akaike Information Criteria;plane symmetry groups","Two dimensional displays;Buildings;Crystals;Noise measurement;Fitting;Lattices;Computers","","13","","47","USGov","16 Oct 2019","2019","","IEEE","IEEE Journals"
"Adsorption of Phosgene on Titanium Doped Graphene Nanoribbons: A DFT Study","R. Vatsyayan; R. Singh; V. Settipalli; R. Paily","Department of Electrical and Computer Engineering, University of California San Diego, La Jolla, USA; Department of Electronics and Electrical Engineering, Indian Institute of Technology Guwahati, Guwahati, India; Société Générale, Bengaluru, India; Department of Electronics and Electrical Engineering and Centre for Nanotechnology, Indian Institute of Technology Guwahati, Guwahati, India",IEEE Transactions on Nanotechnology,"15 Nov 2019","2019","18","","1174","1180","In this study, we have studied the interaction of Phosgene (COCl2) on two configurations of Titanium doped Graphene Nanoribbons (GNR)- Armchair GNR and ZigZag GNR. We analyze the changes in the electronic structure of the substrate before and after the adsorption of Phosgene, with the help of Density Functional Theory (DFT) calculations. The Titanium doping was assumed to be substitutional. The Phosgene gas molecule was introduced in multiple configurations to account for the randomness of the incoming gas molecule on the substrate. Our results indicate that the Titanium atom causes a catalytic splitting of the C-Cl bond, reducing the toxic gas into less harmful by-products. Carbon mono-oxide gas is released after the adsorption, while the Chlorine atoms attach to the substrate. The Oxygen atom in the gas can partially shield the C-Cl bond and form a physical barrier to the splitting. However, this effect was seen only in a small minority of the cases we studied. This study was further extended to two other molecules – one with an S-Cl bond (SOCl2 -Thionyl Chloride) and one with an O-Cl bond (POCl3) to determine whether the catalytic splitting observed in Phosgene is a consequence of the interaction of Ti with the C-Cl bond, or the interaction of Ti with the electron cloud of the Cl atom. Our results demonstrate that Ti-doped graphene nanoribbons have great potential to be used as a platform for toxic gas treatment as well as sensing.","1941-0085","","10.1109/TNANO.2019.2948982","Department of Electronics and Information Technology, Government of India(grant numbers:5(9)/2012-NANO(Vol. II)); ","https://ieeexplore.ieee.org/stamp/stamp.jsp?arnumber=8884687","Adsorption;catalytic activity;Density Functional Theory (DFT);sensing;Ti-doped graphene","Adsorption;Substrates;Graphene;Titanium;Discrete Fourier transforms;Doping","","8","","29","IEEE","28 Oct 2019","2019","","IEEE","IEEE Journals"
"Crosstalk Delay and Stability Analysis of MLGNR Interconnects on Rough Surface Dielectrics","M. Sanaeepur","Department of Electrical Engineering, Arak University, Arak, Iran",IEEE Transactions on Nanotechnology,"15 Nov 2019","2019","18","","1181","1187","The crosstalk delay and frequency stability of MLGNR interconnects on dielectric materials with rough surfaces are investigated. Two interacting parallel interconnect lines (aggressor and victim) are considered. ABCD matrix model of two port networks is employed to obtain an equivalent single conductor (ESC) circuit model for decoupled victim line. The effect of substrate surface roughness is appropriately included in ESC model. The most common dielectric materials (SiO2, BN and SiC) are considered. By setting up a driver-interconnect-load (DIL) system the crosstalk delay and stability analysis of MLGNR and Cu interconnects are performed. Results show that the crosstalk delay and the stability of MLGNR interconnects oppositely response to the surface roughness of underlying dielectric material. Namely, dielectric materials with rougher surfaces translate to longer crosstalk delays while more stable systems. While MLGNR interconnects on SiO2 have longer crosstalk delay in compare to Cu counterpart, MLGNRs on BN and SiC have shorter crosstalk delay with respect to Cu ones. Therefore, to hold advantage of MLGNR interconnects on SiO2 over Cu counterpart either the SiO2 surface must be more precisely polished or MLGNRs with higher doping concentrations shall be used.","1941-0085","","10.1109/TNANO.2019.2945354","","https://ieeexplore.ieee.org/stamp/stamp.jsp?arnumber=8882513","MLGNR interconnects;crosstalk delay;stability;surface roughness;dielectric material","Integrated circuit interconnections;Rough surfaces;Surface roughness;Crosstalk;Delays;Graphene;Substrates","","22","","31","IEEE","24 Oct 2019","2019","","IEEE","IEEE Journals"
"Tunable Assembly of Superfine Single-Walled Carbon Nanotube Fibers","F. Zheng; T. Li; X. Gao; Z. -Y. Zhou; Y. Wu; X. Yang; Z. Liu","College of Mechanical Engineering, Sichuan University of Science and Engineering, Zigong, China; College of Mechanical Engineering, Sichuan University of Science and Engineering, Zigong, China; College of Mechanical Engineering, Sichuan University of Science and Engineering, Zigong, China; The State Key Laboratory of Precision Measurement Technology and Instruments, Department of Precision Instrument, Tsinghua University, Beijing, China; School of intelligent technology and Engineering, Chongqing University of Science and Technology, Chongqing, China; The State Key Laboratory of Precision Measurement Technology and Instruments, Department of Precision Instrument, Tsinghua University, Beijing, China; College of Mechanical Engineering, Sichuan University of Science and Engineering, Zigong, China",IEEE Transactions on Nanotechnology,"15 Nov 2019","2019","18","","1188","1194","We have developed a method of spinning superfine single-walled carbon nanotube (SWNT) fibers to facilitate their assembly in 2D counter microelectrode array via alternating current (AC) dielectrophoresis (DEP) by using clean, combination of ionic surfactants, and stable SWNT aqueous high-quality solutions. Our method can attract metallic SWNTs (M_SWNTs) toward a counter microelectrode array, resulting in an opposite movement of semiconducting SWNTs (S_SWNTs) and leaving S_SWNTs in the suspension by taking advantages of the differences in the relative dielectric constants of M_SWNTs and S_SWNTs with respect to the suspension and substrate-bent AC DEP structure. Our method can also control the stretching or relaxed extent and diameters of the suspended SWNT fibers by tuning the bending degree of a flexible substrate, AC frequency, peak value of AC voltage, and time. The effectiveness of the method is proven by the electrical measurement result‚ scanning electron microscopy image, atomic force microscope image and Raman spectroscopy on test samples.","1941-0085","","10.1109/TNANO.2019.2948121","Beijing National Natural Science Foundation–Haidian Primitive Innovation Joint Fund Project(grant numbers:L172040); Sichuan Youth Scientific and Technological Innovation Research Team for Mine Tailings Resource Utilization(grant numbers:2017TD0027); Chongqing Research Program of Basic Research and Frontier Technology(grant numbers:cstc2018jcyjAX0519); ","https://ieeexplore.ieee.org/stamp/stamp.jsp?arnumber=8880662","Tunable assembly;substrate-bent;alternating current (AC) dielectrophoresis;single-walled carbon nanotube (SWNT) fibers","Electrodes;Substrates;Scanning electron microscopy;Optical fiber sensors;Electric fields;Force","","1","","31","IEEE","24 Oct 2019","2019","","IEEE","IEEE Journals"
"Corrections to “Nanomagnetic Particle-Based Information Processing” [2019 983-988]","B. Navarrete; M. Stone; P. Wang; R. Guduru; K. Luongo; A. Hadjikhani; D. Toledo; Y. Emirov; B. Arkook; P. Liang; J. Hong; J. Bokor; S. Khizroev","Department of Electrical and Computer Engineering, University of Miami, Coral Gables, USA; Department of Electrical and Computing Engineering, Florida International University, Miami, USA; Department of Electrical and Computing Engineering, Florida International University, Miami, USA; Department of Electrical and Computing Engineering, Florida International University, Miami, USA; Department of Electrical and Computing Engineering, Florida International University, Miami, USA; Department of Electrical and Computing Engineering, Florida International University, Miami, USA; Department of Electrical and Computing Engineering, Florida International University, Miami, USA; University of South Florida, Tampa, USA; Department of Physics, University of California—Riverside, Riverside, USA; Department of Electrical Engineering, University of California—Riverside, Riverside, USA; School is the Optical and Electronic Information, Huazhong University of Science and Technology, Wuhan, China; Department of Electrical Engineering and Computer Science, University of California—Berkeley, Berkeley, USA; Department of Electrical and Computer Engineering, University of Miami, Coral Gables, USA",IEEE Transactions on Nanotechnology,"22 Nov 2019","2019","18","","1195","1195","Presents corrections to author information in the above mentioned paper.","1941-0085","","10.1109/TNANO.2019.2950581","","https://ieeexplore.ieee.org/stamp/stamp.jsp?arnumber=8910657","","Magnetic tunneling;Nanoparticles;Spintronics","","","","1","IEEE","22 Nov 2019","2019","","IEEE","IEEE Journals"
"Determination of Surface States Energy Density Distributions and Relaxation Times for a Metal-Polymer-Semiconductor Structure","S. Alptekin; S. O. Tan; Ş. Altındal","Physics Department, Çankırı Karatekin University, Çankırı, Turkey; Electronics and Automation Department, Karabuk University, Karabük, Turkey; Physics Department, Gazi University, Ankara, Turkey",IEEE Transactions on Nanotechnology,"21 Nov 2019","2019","18","","1196","1199","The capacity/conductivity-voltage (C/G-V) data of the PVP interlayered metal-semiconductor structure were examined at ±4V biases and 1-500 kHz frequency interval at room temperature. The surface states (N88) in the insulation layer and the metal-semiconductor interface are seen as the main causes of high capacitance and conductivity values at low frequencies. AC signals, which result in an increase in capacitance and conductivity values, are easily monitored by N88 at low frequencies. The graph extracted against the conductivity and frequency logarithm (Gp/ωlog(f) indicates a peak appearance as a result of the N88 effect. In the energy range of (Ec-0.423) - (Ec-0.604), surface states (N88) and relaxation times (r) values alter from 8.71 × 1011 to 5.84 × 1011 eV-1 cm-2 and 6.54 × 10-6 s to 1.10 × 10-4 s, respectively.","1941-0085","","10.1109/TNANO.2019.2952081","","https://ieeexplore.ieee.org/stamp/stamp.jsp?arnumber=8897124","Polymers;metal-semiconductor structure;electric admittance;surface states;relaxation times","Polymers;Surface states;Capacitance;Conductivity;Schottky diodes;Capacitance-voltage characteristics;Mathematical model","","25","","22","IEEE","12 Nov 2019","2019","","IEEE","IEEE Journals"
"Sputtering and Electron Beam Irradiation of WS2/MoS2 and MoS2/WS2 Heterostructures for Enhanced Photoresponsivity","B. H. Kim; S. H. Kwon; H. Yoon; D. W. Kim; Y. J. Yoon","Nanomaterials and Nanotechnology Center, Electronic Convergence Division, Korea Institute of Ceramic Engineering and Technology, Jinju, South Korea; Nanomaterials and Nanotechnology Center, Electronic Convergence Division, Korea Institute of Ceramic Engineering and Technology, Jinju, South Korea; Nanomaterials and Nanotechnology Center, Electronic Convergence Division, Korea Institute of Ceramic Engineering and Technology, Jinju, South Korea; Nanomaterials and Nanotechnology Center, Electronic Convergence Division, Korea Institute of Ceramic Engineering and Technology, Jinju, South Korea; Nanomaterials and Nanotechnology Center, Electronic Convergence Division, Korea Institute of Ceramic Engineering and Technology, Jinju, South Korea",IEEE Transactions on Nanotechnology,"21 Nov 2019","2019","18","","1200","1203","In the present study, we proposed heterostructures of MoS2 and WS2 formed by radio frequency (RF) magnetron sputtering and electron beam irradiation (EBI) for obtaining enhanced photoresponsivity. Each amorphous transition metal dichalcogenide (TMD) was sequentially deposited and EBI was performed on the as-deposited TMD heterostructures. After EBI, the atomic rearrangement of the heterostructures was studied. Moreover, the depth profile of the synthesized heterostructures was investigated using angle-resolved X-ray photoelectron spectroscopy (AR-XPS). We achieved a photoresponsivity of 5.1 A/W in EBI-treated TMD heterostructures, which was further enhanced by three orders as compared with that obtained in EBI-treated TMD single structures.","1941-0085","","10.1109/TNANO.2019.2951599","Basic Science Research Program of the National Research Foundation of Korea (NRF); Ministry of Science and ICT(grant numbers:NRF-2017R1D1A1B03032923); ","https://ieeexplore.ieee.org/stamp/stamp.jsp?arnumber=8895753","2D material;transition metal dichalcogenide (TMD);MoS $_{2}$ ;WS $_{2}$ ;heterostructure;sputtering;electron beam irradiation (EBI);photodetector","Sulfur;Molybdenum;Two dimensional displays;Sputtering;Heterojunctions;Photonic band gap","","3","","23","IEEE","11 Nov 2019","2019","","IEEE","IEEE Journals"
"Impact of Interface Trap Charges on the Electrical Characteristics of Back-Gated 2D Negative Capacitance (NC) FET","C. Jiang; L. Zhong; L. Xie","Microsystem & Terahertz Research Center, China Academy of Engineering Physics, Chengdu, China; Microsystem & Terahertz Research Center, China Academy of Engineering Physics, Chengdu, China; Microsystem & Terahertz Research Center, China Academy of Engineering Physics, Chengdu, China",IEEE Transactions on Nanotechnology,"21 Nov 2019","2019","18","","1204","1207","In this letter, a fully analytical compact drain current model of back-gated two-dimensional (2D) negative capacitance (NC) FET including interface trap charges has been developed by solving Poisson's, drift-diffusion and 1-D Landau-Khalatnikov equations, and it is validated against the experimental data. In addition, the impact of interface trap charges on the electrical characteristics of the back-gated 2D NC-FET is investigated systematically based on the model. It is found that the subthreshold swing (SS) and on-off current ratio (Ion/Ioff) are seriously degraded because of the presence of interface traps at 2D channel/oxide interface and 2D NC-FET with a big tf is more immune to the degradation induced by the interface traps. In addition, the underlying physics are elucidated by the capacitance matching of 2D NC-FET.","1941-0085","","10.1109/TNANO.2019.2950668","National Natural Science Foundation of China(grant numbers:61904164); Development Fund for Incubation Programs of China Academy of Engineering Physics(grant numbers:PY2019040); ","https://ieeexplore.ieee.org/stamp/stamp.jsp?arnumber=8897134","2D negative capacitance FET;ferroelectric gate dielectric;analytical model;interface trap charges;low power applications","Two dimensional displays;Logic gates;Capacitance;Data models;Molybdenum;Sulfur;Field effect transistors","","6","","14","IEEE","12 Nov 2019","2019","","IEEE","IEEE Journals"
"Design and Characterization of a 16-DOFs Nanorobotic Manipulation System for Repetitive and Pre-Programmable Tasks","Z. Yu; Q. Shi; Z. Wei; X. Chen; H. Wang; Q. Huang; T. Fukuda","Beijing Advanced Innovation Center for Intelligent Robots and Systems, School of Mechatronical Engineering and Key Laboratory of Biomimetic Robots and Systems, Ministry of Education, Beijing Institute of Technology, Beijing, China; Beijing Advanced Innovation Center for Intelligent Robots and Systems, School of Mechatronical Engineering and Key Laboratory of Biomimetic Robots and Systems, Ministry of Education, Beijing Institute of Technology, Beijing, China; Beijing Advanced Innovation Center for Intelligent Robots and Systems, School of Mechatronical Engineering and Key Laboratory of Biomimetic Robots and Systems, Ministry of Education, Beijing Institute of Technology, Beijing, China; Beijing Advanced Innovation Center for Intelligent Robots and Systems, School of Mechatronical Engineering and Key Laboratory of Biomimetic Robots and Systems, Ministry of Education, Beijing Institute of Technology, Beijing, China; Beijing Advanced Innovation Center for Intelligent Robots and Systems, School of Mechatronical Engineering and Key Laboratory of Biomimetic Robots and Systems, Ministry of Education, Beijing Institute of Technology, Beijing, China; Beijing Advanced Innovation Center for Intelligent Robots and Systems, School of Mechatronical Engineering and Key Laboratory of Biomimetic Robots and Systems, Ministry of Education, Beijing Institute of Technology, Beijing, China; Beijing Advanced Innovation Center for Intelligent Robots and Systems, School of Mechatronical Engineering and Key Laboratory of Biomimetic Robots and Systems, Ministry of Education, Beijing Institute of Technology, Beijing, China",IEEE Transactions on Nanotechnology,"21 Nov 2019","2019","18","","1208","1212","Accuracy and efficiency for nanomanipulation inside a scanning electron microscope (SEM) remain a major concern for researchers. So far, various methods have been proposed based on visual servo control. Almost all of them require a proper tracking speed prior to driving the manipulators to keep end effectors and samples in the field of view. In this study, we proposed a speed adaptive method based on pixels under different magnifications to obtain tracking speed automatically. A nanorobotic manipulation system with 16 DOFs was designed to verify the proposed speed adaptive method. This system is configured under an SEM composed of four basic manipulator units. Feasibility of this method is shown by performing route tracking in the proposed G-code and point-driven mode. As a general-purposed manipulation process, the proposed speed adaptive method and the drive modes will enable a variety of applications in such fields such as nanofabrication, assembly, electrical and mechanical characterization of low dimensional functional materials.","1941-0085","","10.1109/TNANO.2019.2951285","National Key R&D Program of China(grant numbers:2017YFE0117000); National Natural Science Foundation of China(grant numbers:61433010,61520106011); China Scholarship Council(grant numbers:201806030195); ","https://ieeexplore.ieee.org/stamp/stamp.jsp?arnumber=8894695","Speed adaptive method;nanorobotic manipulation system;electric power continuous supply;route tracking","Tracking;End effectors;Insulation life;Degradation;Resistance;Task analysis","","5","","9","IEEE","8 Nov 2019","2019","","IEEE","IEEE Journals"
"Call for Nominations","",,IEEE Transactions on Nanotechnology,"20 Aug 2019","2019","18","","1213","1213","Presents a call for nominations for editors for this issue of the publication.","1941-0085","","10.1109/TNANO.2019.2935330","","https://ieeexplore.ieee.org/stamp/stamp.jsp?arnumber=8807332","","","","","","","IEEE","20 Aug 2019","Dec. 2019","","IEEE","IEEE Journals"
"2019 Index IEEE Transactions on Nanotechnology Vol. 18","",,IEEE Transactions on Nanotechnology,"15 Jan 2020","2019","18","","1214","1249","Presents the 2019 subject/author index for this publication.","1941-0085","","10.1109/TNANO.2020.2966903","","https://ieeexplore.ieee.org/stamp/stamp.jsp?arnumber=8960496","","","","","","","IEEE","15 Jan 2020","Dec. 2019","","IEEE","IEEE Journals"
"IEEE Transactions on Nanotechnology information for authors","",,IEEE Transactions on Nanotechnology,"13 Dec 2019","2019","18","","C3","C3","These instructions give guidelines for preparing papers for this publication. Presents information for authors publishing in this journal.","1941-0085","","10.1109/TNANO.2019.2901422","","https://ieeexplore.ieee.org/stamp/stamp.jsp?arnumber=8932643","","","","","","","IEEE","13 Dec 2019","Dec. 2019","","IEEE","IEEE Journals"
