"Document Title",Authors,"Author Affiliations","Publication Title",Date Added To Xplore,"Publication Year","Volume","Issue","Start Page","End Page","Abstract","ISSN",ISBNs,"DOI",Funding Information,PDF Link,"Author Keywords","IEEE Terms","Mesh_Terms",Article Citation Count,Patent Citation Count,"Reference Count","License",Online Date,Issue Date,"Meeting Date","Publisher",Document Identifier
"Front Cover","",,IEEE Transactions on Nanotechnology,"7 Jan 2026","2025","24","","C1","C1","","1941-0085","","10.1109/TNANO.2025.3644705","","https://ieeexplore.ieee.org/stamp/stamp.jsp?arnumber=11334729","","","","","","0","IEEE","7 Jan 2026","2025","","IEEE","IEEE Journals"
"IEEE Transactions on Nanotechnology Publication Information","",,IEEE Transactions on Nanotechnology,"5 Jan 2026","2025","24","","C2","C2","","1941-0085","","10.1109/TNANO.2025.3644703","","https://ieeexplore.ieee.org/stamp/stamp.jsp?arnumber=11328028","","","","","","0","IEEE","5 Jan 2026","2025","","IEEE","IEEE Journals"
"Table of Contents","",,IEEE Transactions on Nanotechnology,"5 Jan 2026","2025","24","","i","iv","","1941-0085","","10.1109/TNANO.2025.3644707","","https://ieeexplore.ieee.org/stamp/stamp.jsp?arnumber=11326692","","","","","","0","IEEE","5 Jan 2026","2025","","IEEE","IEEE Journals"
"Ultra-High Quality Factor NOMS Device Incorporating Photonic Crystal Cavity for Femto-Gram Sensing","S. Agarwal; Kurmendra; C. Prakash; S. K. Mitra; A. Kumar","Department of Electronics & Communication Engineering, Graphic Era Hill University, Graphic Era (Deemed to be University), Dehradun, India; Department of Electronics & Communication Engineering, Rajiv Gandhi University, Rono Hills, Doimukh, India; Department of Electronics and Communication Engineering, University of Engineering and Management, Jaipur, India; Quest Global, Bengaluru, India; Department of Electronics Engineering, Indian Institute of Technology (ISM), Dhanbad, India",IEEE Transactions on Nanotechnology,"27 Dec 2024","2025","24","","1","7","A label-free platform based on integration of cantilever and photonic crystal cavity resonator is reported with both high sensitivity and ultra-high quality factor for femto-gram detection of chemicals. The proposed chemical sensor shows sharp resonant frequency with quality factor of 12800, displacement and wavelength shift is obtained as 29.9425 μm and 7.15625 nm with chemical weight of 100 fg. The proposed sensor shows a high confinement factor of 62%, with an average sensitivity of 1.62 nm/fg manifested its promising applications for detection of various virus present in chemicals. The device shows capability to work in various fluids for chemical sensing purposes.","1941-0085","","10.1109/TNANO.2024.3509444","","https://ieeexplore.ieee.org/stamp/stamp.jsp?arnumber=10771936","Cantilever-cavity coupled;NOMS (nano opto mechanical system);photonic crystal (PC);quality factor;sensor","Optical waveguides;Sensors;Ultrafast optics;Q-factor;Electromagnetic waveguides;System-on-chip;Optical resonators;Loading;Optical surface waves;Structural beams","","2","","67","IEEE","29 Nov 2024","2025","","IEEE","IEEE Journals"
"Reduction of Joule Losses in Memristive Switching Using Optimal Control","V. A. Slipko; Y. V. Pershin","Institute of Physics, Opole University, Opole, Poland; Department of Physics and Astronomy, University of South Carolina, Columbia, SC, USA",IEEE Transactions on Nanotechnology,"1 Jan 2025","2025","24","","8","16","This theoretical study investigates strategies for minimizing Joule losses in resistive random access memory (ReRAM) cells, which are also referred to as memristive devices. Typically, the structure of ReRAM cells involves a nanoscale layer of resistance-switching material sandwiched between two metal electrodes. The basic question that we ask is what is the optimal driving protocol to switch a memristive device from one state to another. In the case of ideal memristors, in the most basic scenario, the optimal protocol is determined by solving a variational problem without constraints with the help of the Euler-Lagrange equation. In the case of memristive systems, for the same situation, the optimal protocol is found using the method of Lagrange multipliers. We demonstrate the advantages of our approaches through specific examples and compare our results with those of switching with constant voltage or current. Our findings suggest that voltage or current control can be used to reduce Joule losses in emerging memory devices.","1941-0085","","10.1109/TNANO.2024.3517161","NSF(grant numbers:EFRI-2318139); ","https://ieeexplore.ieee.org/stamp/stamp.jsp?arnumber=10798451","Memristors;memristive systems;switching;optimal control;functional optimization","Switches;Memristors;Trajectory;Heating systems;Optimization;Protocols;Minimization;Optimal control;Mathematical models;Voltage control","","2","","22","IEEE","13 Dec 2024","2025","","IEEE","IEEE Journals"
"Iron-Ion Nanoparticles for Smart and Cost-Effective Energy Storage Cell Electrode Integration Using Novel Nano-Sedimentation Method","H. Priyadarshi; A. Shrivastava; D. Mishra; K. Singh","Electrical Engineering Department, Manipal University Jaipur, Jaipur, India; Skill Faculty of Engineering and Technology, Shri Vishwakarma Skill University, Palwal, India; Mechanical Engineering Department, Manipal University Jaipur, Jaipur, India; Skill Faculty of Engineering and Technology, Shri Vishwakarma Skill University, Palwal, India",IEEE Transactions on Nanotechnology,"1 Jan 2025","2025","24","","17","26","In this article, a cost-effective technique for the synthesis of gamma iron oxide nanoparticles has been proposed for intelligent maghemite electrode applications pitched in the context of smart and efficient energy storage solution. A facile process-optimized technique for synthesis of gamma iron oxide nanoparticles has been designed in order to investigate the optimum temperature, doping and pH of the sodium hydroxide. By dint of morphological investigation, it has been established that the samples have high surface area, crystalline structure, and size in the range of fifty to hundred angstrom. The linearity of the magnetization feature coupled with its doping sensitivity points towards its usage for state estimation technology of the energy storage device management. The nano-scaled samples witness an increase of 75%–110% in the direct bandgap in comparison to its bulk existence. This band gap modulation establishes that the conductivity can be improved for electrode application by doping. High surface area for the active material ingredient nano-particles has also been confirmed by BET surface area of up to 75 m2/g. Thermal analyses of the samples establish the fidelity of the samples’ constitution over a desirably wide temperature range. The cost-effectiveness of gamma-iron oxide batteries will be a crucial factor for faster adoption of indigenous renewable energy storage solutions.","1941-0085","","10.1109/TNANO.2024.3510757","","https://ieeexplore.ieee.org/stamp/stamp.jsp?arnumber=10777583","Iron-ion nanoparticles;battery;energy storage;renewable energy;electrodes","Energy storage;Electrodes;Batteries;Nanoparticles;Renewable energy sources;Nanoscale devices;Lithium-ion batteries;Surface morphology;Iron alloys","","","","33","IEEE","4 Dec 2024","2025","","IEEE","IEEE Journals"
"Enhanced Hydrogen Gas Sensing Performance of Gold Nanoparticle Decorated Nitrogen-Doped ZnO Nanomaterials for Improved Sensitivity and Rapid Response","S. D. VS; B. B; A. S; J. Titus T","Department of Electrical and Electronics Engineering, Sri Krishna College of Technology, Coimbatore, India; Department of Electrical and Electronics Engineering, JCT College of Engineering and Technology, Coimbatore, India; Department of Electrical and Electronics Engineering, SRM Institute of Science and Technology Tiruchirappalli, Tiruchirappalli, India; Department of Electronics and Communication Engineering, Sri Krishna College of Engineering and Technology, Coimbatore, India",IEEE Transactions on Nanotechnology,"8 Jan 2025","2025","24","","27","33","This study investigates the enhancement of hydrogen (H2) gas sensing in nitrogen-doped Zinc Oxide (ZnO) nanomaterials through the decoration of gold (Au) nanoparticles. ZnO nanoparticles were synthesized via a wet chemical method, doped with nitrogen at 0.5%, 1.0%, and 1.5% concentrations, and decorated with Au nanoparticles. Characterization using X-ray diffraction (XRD) revealed that the ZnO structure remained intact, with the addition of a peak corresponding to Au at 38.19°. Transmission electron microscopy (TEM) confirmed the uniform distribution of spherical Au nanoparticles on the ZnO surfaces. UV-Vis spectroscopy showed an enhanced absorption peak at 532 nm due to surface plasmon resonance. Photoluminescence (PL) spectra indicated reduced emission intensity, suggesting effective charge transfer between ZnO and Au. Gas sensing tests revealed that Au-decorated 1.0 wt. % N exhibited a maximum H2 gas response of 89% at 200 °C, significantly higher than the 46% response of non-decorated 1.0 wt. % N. Additionally, the Au-decorated N sensors demonstrated a rapid response time of 10 sec and a recovery time of 15 sec. These results highlight the potential of Au-decorated N-doped nanomaterials as highly efficient H2 gas sensors, combining enhanced sensitivity with fast response kinetics.","1941-0085","","10.1109/TNANO.2024.3522368","","https://ieeexplore.ieee.org/stamp/stamp.jsp?arnumber=10815597","Doping;gas sensor;gold nanoparticle;hydrogen;nitrogen;zinc oxide","Zinc oxide;Sensors;II-VI semiconductor materials;Metals;Gas detectors;Nanoparticles;Hydrogen;Nitrogen;Nanoparticles;Zinc oxide;Hydrogen","","","","32","IEEE","25 Dec 2024","2025","","IEEE","IEEE Journals"
"Polarization Insensitive Graphene Based Tunable Metasurface Terahertz Dual-Band Absorber","N. K. Panda; S. Mohapatra; S. Sahu",NA; NA; NA,IEEE Transactions on Nanotechnology,"9 Jan 2025","2025","24","","34","41","This article presents an electronically tunable metasurface wideband absorber with a graphene-based unit cell designed for the lower terahertz (0.1 THz– 10 THz) region. Surface plasmonics and the controllable conductance of graphene make it ideal for this purpose. Dual wideband absorption ($ >$90% absorptivity) was observed from 0.682 to 1.798 THz (90% fractional bandwidth) and 4.187 to 4.947 THz (16% fractional bandwidth). The absorber is insensitive to polarizations and oblique incidences up to 45°. The unit cell comprises a double elliptical-cross graphene monolayer on a polyimide substrate (dielectric constant: 3.5, loss tangent: 0.0024) backed by an ultra-thin gold layer. Plasmonic resonance, introduced by four semicircular slots, causes absorption from 4.15 to 4.95 THz. Absorption properties were verified through a transmission line model and finite element method (FEM) simulations. Tunability is investigated via gating potential, carrier relaxation time, and Fermi energy variations.","1941-0085","","10.1109/TNANO.2024.3515459","","https://ieeexplore.ieee.org/stamp/stamp.jsp?arnumber=10791913","Metasurface;terahertz absorber;graphene;surface plasmonics","Graphene;Absorption;Terahertz communications;Terahertz radiation;Conductivity;Integrated circuit modeling;Fermi level;Wideband;Metasurfaces;Surface plasmons","","3","","37","IEEE","11 Dec 2024","2025","","IEEE","IEEE Journals"
"Improvement of the Enhancement-Mode GaN MIS-HEMTs by Fluorine Doping in the Dielectric Gate Stack","T. -Y. Yang; M. -Y. Kuo; J. -S. Wu; Y. -K. Liang; R. Rai; S. K. Rathaur; E. Y. Chang","International College of Semiconductor Technology, National Yang Ming Chiao Tung University, Hsinchu, Taiwan; Graduate Program for Nanotechnology, Department of Materials Science and Engineering, National Yang Ming Chiao Tung University, Hsinchu, Taiwan; Industry Academia Innovation School, National Yang Ming Chiao Tung University, Hsinchu, Taiwan; International College of Semiconductor Technology, National Yang Ming Chiao Tung University, Hsinchu, Taiwan; International College of Semiconductor Technology, National Yang Ming Chiao Tung University, Hsinchu, Taiwan; International College of Semiconductor Technology, National Yang Ming Chiao Tung University, Hsinchu, Taiwan; Department of Materials Science and Engineering, International College of Semiconductor Technology, National Yang Ming Chiao Tung University, Hsinchu, Taiwan",IEEE Transactions on Nanotechnology,"9 Jan 2025","2025","24","","42","47","This study tested fluorine doping on various regions of the ferroelectric charge trap gate stack (FEG stack). Fluorine doping effectively reduces oxygen vacancies in the dielectric layer, thus reducing leakage current and stabilizing charge in the dielectric layer. Moreover, fluorine doping can passivate the dangling bonds at the interface and increase the ability of trapping carriers in the trap layer. The FEG stack comprises a tunnel oxide layer (TL), a charge trap layer (CTL), and a ferroelectric layer (FE). Four types of devices were fabricated: undoped, doping in TL, doping in CTL, and doping in both TL and CTL, to investigate the impact of fluorine doping on the FEG gate stack. Devices doping in TL and CTL demonstrated superior performance, achieving the highest Vth of 5.4 V with a retention time of 70.42% after 10, 000 seconds. The off-state and gate leakage tests revealed impressive breakdown voltages of 735 V and 24.55 V, respectively. Furthermore, the device exhibited a high operation voltage of 14.3 V for a 10-year lifetime prediction, enabling a wide operating range.","1941-0085","","10.1109/TNANO.2024.3522371","Co-creation Platform of the Industry-Academia Innovation School; National Yang Ming Chiao Tung University; National Key Fields Industry-University Cooperation and Skilled Personnel Training Act Ministry of Education (MOE)(grant numbers:NSTC 112-2622-8-A49-020); NSTC(grant numbers:112-2622-8-A49-013-SB); NSTC(grant numbers:112-2218-E-A49-018); NSTC(grant numbers:113-2634-F-A49-008); National Development; ","https://ieeexplore.ieee.org/stamp/stamp.jsp?arnumber=10815614","AlGaN/GaN enhancement mode HEMT;fluorine-doped;ferroelectric charge trap layer;reliability","Doping;Fluorine;Logic gates;Performance evaluation;Dielectrics;Electrons;Stability analysis;Hafnium oxide;Atoms;Plasmas;Aluminum gallium nitride","","1","","26","IEEE","25 Dec 2024","2025","","IEEE","IEEE Journals"
"On the Importance of the Metal Catalyst Layer to the Performance of CNT-Based Supercapacitor Electrodes","K. Chatterjee; V. Kumar; P. K. Agnihotri; S. Basu; N. Gupta","Indian Institute of Technology Kanpur, Kanpur, India; Indian Institute of Technology Ropar, Ropar, India; Indian Institute of Technology Ropar, Ropar, India; Indian Institute of Technology Kanpur, Kanpur, India; Indian Institute of Technology Kanpur, Kanpur, India",IEEE Transactions on Nanotechnology,"10 Jan 2025","2025","24","","48","53","The power and energy densities of a Supercapacitor (SC) is largely dictated by the accessibility of the nano-porous area of the electrode to the electrolyte ions. Carbon nanotubes (CNT) have high electrical conductivity, and more importantly, may be grown into architectures with high surface area. However, this is not easy to achieve in practice. CNT electrodes are fabricated by chemical vapor deposition (CVD), after a metal catalyst layer is coated on a current collector. In this work, the control of the metal catalyst layer, by varying the dip-coating time and CVD process parameters, is shown to be crucial to pore morphology and consequent SC performance. The dip-coating time is adjusted to obtain thin and uniform coating. Further, optimum reduction of the nickel layer with hydrogen is required to produce thin CNTs with adequate inter-tube separation that facilitate ion accessibility within the pores. The height of the CNT forest is also optimized to prevent decrease in specific capacitance due to reduced accessibility. Proper optimization of the process parameters results in a pore morphology conductive to ion diffusion, and simultaneous improvement in energy and power density.","1941-0085","","10.1109/TNANO.2024.3523412","Department of Science and Technology (DST)(grant numbers:CRG/2018/000265); ","https://ieeexplore.ieee.org/stamp/stamp.jsp?arnumber=10816623","Supercapacitors;nanoporous electrode;carbon nano-tube;chemical vapor deposition;energy storage","Electrodes;Catalysts;Supercapacitors;Power system measurements;Density measurement;Surface morphology;Supercapacitors;Chemical vapor deposition;Energy storage;Carbon nanotubes;Nanoporous materials","","3","","30","IEEE","26 Dec 2024","2025","","IEEE","IEEE Journals"
"Improvement of Surface Roughness in SiO2 Thin Films via Deuterium Annealing at 300 °C","J. -W. Yeon; H. -J. Park; E. -C. Yun; M. -K. Lee; T. -H. Kil; Y. -S. Kim; J. -Y. Park","School of Semiconductor Engineering, Chungbuk National University, Cheongju, South Korea; School of Semiconductor Engineering, Chungbuk National University, Cheongju, South Korea; School of Semiconductor Engineering, Chungbuk National University, Cheongju, South Korea; School of Semiconductor Engineering, Chungbuk National University, Cheongju, South Korea; School of Semiconductor Engineering, Chungbuk National University, Cheongju, South Korea; Department of Semiconductor Engineering, Daelim University College, Anyang, South Korea; School of Semiconductor Engineering, Chungbuk National University, Cheongju, South Korea",IEEE Transactions on Nanotechnology,"15 Jan 2025","2025","24","","54","58","Recently, deuterium annealing at a reduced temperature range of 300 °C has been proposed to enhance SiO2 gate dielectrics and the Si/SiO2 interface, thereby improving device reliability. As a further investigation into deuterium annealing, for the first time this study compared deuterium absorption characteristics with various SiO2 dielectrics formed by wet oxidation, dry oxidation, low-pressure chemical vapor deposition (LPCVD), and plasma-enhanced chemical vapor deposition (PECVD). Deuterium annealing can also be used to reduce the roughness and improve the uniformity of SiO2 dielectric films. Surface roughness of various samples was measured and quantitatively compared using atomic force microscopy (AFM) after deuterium annealing.","1941-0085","","10.1109/TNANO.2024.3524567","National Research Foundation of Korea(grant numbers:2020M3H2A1076786); Start up Pioneering in Research and Innovation; Commercialization Promotion Agency for R&D Outcomes; Korea government(grant numbers:2710002024); IC Design Education Center; ","https://ieeexplore.ieee.org/stamp/stamp.jsp?arnumber=10819286","Chemical mechanical planarization (CMP);deuterium annealing;  $\text{SiO}_{2}$   dielectric films;surface roughness;uniformity","Deuterium;Annealing;Surface roughness;Rough surfaces;Oxidation;Surface treatment;Dielectric films;Silicon;Dielectrics","","1","","36","IEEE","31 Dec 2024","2025","","IEEE","IEEE Journals"
"Demonstration of a Ternary Inverter Based on the Novel TDDFET With Dual-Doped Source and Asymmetric Gates","B. Lu; H. Qiang; X. Liu; D. Wang; Y. Cui; Z. Li; J. Sun; H. Lu","School of Physics and Information Engineering, Shanxi Normal University, Taiyuan, China; School of Physics and Information Engineering, Shanxi Normal University, Taiyuan, China; School of Physics and Information Engineering, Shanxi Normal University, Taiyuan, China; School of Physics and Information Engineering, Shanxi Normal University, Taiyuan, China; School of Physics and Information Engineering, Shanxi Normal University, Taiyuan, China; School of Physics and Information Engineering, Shanxi Normal University, Taiyuan, China; State Key Laboratory of Wide Band Gap Semiconductor Technology, School of Microelectronics, Xidian University, Xi'an, China; State Key Laboratory of Wide Band Gap Semiconductor Technology, School of Microelectronics, Xidian University, Xi'an, China",IEEE Transactions on Nanotechnology,"24 Jan 2025","2025","24","","59","66","In this paper, a novel tunneling-drift-diffusion field-effect transistor (TDDFET) is introduced with dual-doped source and asymmetric gates. In the TDDFET, the current is conducted by two mechanisms, namely the band-to-band tunneling and drift-diffusion, making the device can present an additional state between the on and off states, and very suitable for the ternary logic design. Additionally, a standard ternary inverter (STI) is also implemented based on the TDDFET and studied in detail by the aid of TCAD simulation. It turns out that the supply voltage VDD shows significant influence on the ternary inverter and the optimized value is about 3Vturn/2 in which Vturn is the transition voltage on the transfer curve. The influence of key device parameters are also studied in detail. Compared with other ternary inverters, our designed ternary inverter requiring no any immature material, passive device and multi-valued power supply, is more friendly with the CMOS platform and can make the most of the advantages of the ternary logic.","1941-0085","","10.1109/TNANO.2024.3505985","Basic Research Plan of Shanxi Province(grant numbers:202403021211225,20210302124028); National Natural Science Foundation of China(grant numbers:62374120); ","https://ieeexplore.ieee.org/stamp/stamp.jsp?arnumber=10767180","Tunneling and drift-diffusion field-effect transistor;standard ternary inverter;noise margin;voltage transfer curve;ternary logic","Inverters;Logic gates;Voltage;Tunneling;TFETs;Power demand;Multivalued logic;Electric fields;Symbols","","3","","39","IEEE","25 Nov 2024","2025","","IEEE","IEEE Journals"
"Implications of Dielectric Phases in Ferroelectric HfO$_{2}$ Films on the Performance of Negative Capacitance FETs","M. Sritharan; H. Lee; M. Spinazze; Y. Yoon","Waterloo Institute for Nanotechnology (WIN), University of Waterloo, Waterloo, ON, Canada; Waterloo Institute for Nanotechnology (WIN), University of Waterloo, Waterloo, ON, Canada; Waterloo Institute for Nanotechnology (WIN), University of Waterloo, Waterloo, ON, Canada; Waterloo Institute for Nanotechnology (WIN), University of Waterloo, Waterloo, ON, Canada",IEEE Transactions on Nanotechnology,"3 Feb 2025","2025","24","","67","72","Non-homogeneous orthorhombic phase in doped ferroelectric (FE) HfO$_{2}$ film presents challenges towards the optimization and performance predictability of negative capacitance (NC) field-effect transistor (FET) performance. We set out to understand the consequences of these dielectric (DE) phases in doped FE-HfO$_{2}$ on steep-switching device performance through self-consistent quantum transport simulations. Firstly, we consider a fixed DE phase study to understand how the position, percentage, and number of phase components alter the switching characteristics. Then, to predict device performance variation, we conduct a statistical analysis using a large number of randomly distributed DE phase profiles. We find that DE phases positioned near the center of the potential barrier exert the most significant impact on device performance by lowering the top-of-the-barrier, while those closer to the drain have minimal influence on carrier transport and current. While DE phases in the FE layer degrade the subthreshold swing, they also favorably narrow the hysteretic window, which presents opportunities for optimization in logic devices. Through dimensional scaling and statistical analysis, we demonstrate how optimized performance can be achieved even with large variations in device performance.","1941-0085","","10.1109/TNANO.2025.3531552","NSERC Canada Graduate Scholarship - Doctoral; NSERC Canada Graduate Scholarship - Master's; Canada First Research Excellence Fund; NSERC Discovery(grant numbers:RGPIN-2020-04070); ","https://ieeexplore.ieee.org/stamp/stamp.jsp?arnumber=10845184","Binary oxides;dielectric phases;ferroelectric materials;field-effect transistors;negative capacitance;quantum transport simulations","Dielectrics;Performance evaluation;Hysteresis;Films;Hafnium oxide;Field effect transistors;Switches;Capacitance;Subthreshold current","","","","39","IEEE","17 Jan 2025","2025","","IEEE","IEEE Journals"
"On the Dependability of Bidirectional Encoder Representations from Transformers (BERT) to Soft Errors","Z. Gao; Z. Yin; J. Wang; R. Su; J. Deng; Q. Liu; P. Reviriego; S. Liu; F. Lombardi","School of Electrical and Information Engineering, Tianjin University, Tianjin, China; School of Electrical and Information Engineering, Tianjin University, Tianjin, China; School of Electrical and Information Engineering, Tianjin University, Tianjin, China; School of Electrical and Information Engineering, Tianjin University, Tianjin, China; School of Electrical and Information Engineering, Tianjin University, Tianjin, China; School of Electrical and Information Engineering, Tianjin University, Tianjin, China; Departamento de Ingeniería de Sistemas Telemáticos, Escuela Técnica Superior de Ingeniería de Telecomunicación, Universidad Politécnica de Madrid, Madrid, Spain; School of Information and Communication Engineering, University of Electronic Science and Technology of China, Chengdu, China; Department of Electrical and Computer Engineering, Northeastern University Boston, Boston, MA, USA",IEEE Transactions on Nanotechnology,"3 Feb 2025","2025","24","","73","87","Transformers are widely used in natural language processing and computer vision, and Bidirectional Encoder Representations from Transformers (BERT) is one of the most popular pre-trained transformer models for many applications. This paper studies the dependability and impact of soft errors on BERT implemented with different floating-point formats using two case studies: sentence emotion classification and question answering. Simulation by error injection is conducted to assess the impact of errors on different parts of the BERT model and different bits of the parameters. The analysis of the results leads to the following findings: 1) in both single and half precision, there is a Critical Bit (CB) on which errors significantly affect the performance of the model; 2) in single precision, errors on the CB may cause overflow in many cases, which leads to a fixed result regardless of the input; 3) in half precision, the errors do not cause overflow but they may still introduce a large accuracy loss. In general, the impact of errors is significantly larger in single-precision than half-precision parameters. Error propagation analysis is also considered to further study the effects of errors on different types of parameters and reveal the mitigation effects of the activation function and the intrinsic redundancy of BERT.","1941-0085","","10.1109/TNANO.2025.3531721","Natural Science Funds of China(grant numbers:62171313,61974102); Spanish Agencia Estatal de Investigacion; FUN4DATE(grant numbers:PID2022-136684OB-C22); 6G-INTEGRATION-3(grant numbers:TSI-063000-2021-127); ","https://ieeexplore.ieee.org/stamp/stamp.jsp?arnumber=10845154","Transformers;bidirectional encoder representations from transformers (BERT);soft errors;dependability;floating-point","Transformers;Encoding;Bidirectional control;Standards;Bit error rate;Sensitivity;Data models;Computer vision","","3","","45","IEEE","20 Jan 2025","2025","","IEEE","IEEE Journals"
"Unveiling the Impact of Interfacial Trap Charges on Strained VS-FeFinFETs for Improved Reliability:Device to Circuit Level Assessment","K. Verma; R. Chaujar","Department of Applied Physics, Delhi Technological University, Delhi, India; Department of Applied Physics, Delhi Technological University, Delhi, India",IEEE Transactions on Nanotechnology,"13 Feb 2025","2025","24","","88","95","This paper focuses on the device to circuit level assessment of Si/SiGe strained vertically stacked ferroelectric based FinFETs (VS-FeFinFETs) for improved reliability under the influence of interfacial trap charges (ITCs) at the semiconductor/oxide interface. The device is designed with the amalgamation of several advanced technologies such as SOI, strained tri-layered silicon channel system along with the integration of ferroelectric material in superior gate controlled FinFET. Gate engineering has also been incorporated to further improve the device's reliability against ITCs, forming hetero dielectric vertically stacked ferroelectric based FinFET (HD-VS-FeFinFET) and it is found to possess superior analog, linearity, and harmonic distortion performance. It shows 91.48% reduction in leakage current resulting in 13 times increment in switching ratio along with improvement in quality factor by 46.01%, transconductance by 32.77%, and device efficiency by 26.54% with negligible variations due to ITCs as compared to VS-FeFinFET. Various linearity and harmonic parameters also improved and showed negligible average variations like 4.72% (177.15% ) in VIP2 and 6.525% (25.3% ) in 1-dB compression point for HD-VS-FeFinFET (VS-FeFinFET) against different ITCs polarity making it more reliable for low power microwave and distortion less wireless communication applications. Further logic circuit application of HD-VS-FeFinFET based CMOS inverter has been analysed and it shows improvement by 17.9% in transition range, 51.674% in voltage gain along with ITCs induced average variation of 3.66% (15.88% ) in noise margin for HD-VS-FeFinFET(VS-FeFinFET) based circuit thus led to its development with enhanced functionality, reliability, and performance, poised to shape the landscape of modern electronics.","1941-0085","","10.1109/TNANO.2025.3531937","Council of Scientific and Industrial Research, India(grant numbers:08/0133(13434)/2022-EMR-I); ","https://ieeexplore.ieee.org/stamp/stamp.jsp?arnumber=10847892","FinFET;ferroelectric;strain;Si/SiGe;CMOS;HD-VS-FeFinFET;interfacial trap charges;reliability;inverter","Performance evaluation;Logic gates;Silicon;Reliability;Silicon-on-insulator;FinFETs;Dielectrics;Hafnium oxide;Silicon germanium;Integrated circuit reliability","","3","","29","IEEE","20 Jan 2025","2025","","IEEE","IEEE Journals"
"Insights Into Temperature Sensitivity Analysis of Polarity Controlled Charge Plasma Based Tunable Arsenide/Antimonide Tunneling Interfaced Junctionless TFET","S. Sharma; J. Madan; R. Chaujar","National Institute of Technology Kurukshetra, Thanesar, India; VLSI Centre of Excellence, Chitkara University Institute of Engineering and Technology, Chitkara University, Punjab, India; Vinod Dham Centre of Excellence for Semiconductors and Microelectronics, Delhi Technological University, New Delhi, India",IEEE Transactions on Nanotechnology,"21 Feb 2025","2025","24","","96","101","This research delves into the temperature-dependent performance of a novel polarity-controlled charge plasma-based InAs/AlGaSb tunneling interfaced junctionless TFET (H-JLTFET). The device leverages the benefits of both charge plasma and heterojunction engineering to enhance device performance. Comprehensive simulations were conducted to assess the impact of temperature on device characteristics. Results indicate that while the device exhibits promising ON-state current and high-frequency metrics, with a peak fT of 417 GHz and an fmax of 4390 GHz, the subthreshold region is significantly influenced by temperature. The observed increase in OFF-state current and degradation in subthreshold swing highlight the need for careful thermal management and circuit design. Furthermore, the study reveals a moderate impact of temperature on intrinsic delay and a slight increase in ambipolar current. Overall, this work provides valuable insights into the thermal behavior of H-JLTFETs, paving the way for optimized device design and reliable operation in various applications.","1941-0085","","10.1109/TNANO.2025.3532313","","https://ieeexplore.ieee.org/stamp/stamp.jsp?arnumber=10848324","Analog performance;charge plasma;H-JLTFET;junctionless;RF performance;silvaco;temperature dependence;tunnel FET","Plasma temperature;Temperature dependence;Photonic band gap;Plasmas;TFETs;Tunneling;Logic gates;Temperature sensors;Temperature distribution;Performance evaluation;Field effect transistors","","5","","30","IEEE","21 Jan 2025","2025","","IEEE","IEEE Journals"
"Simulation Study on the Impact of Miniaturization in 3 nm Node 3D Junctionless Transistors","L. Scognamiglio; F. Mo; C. E. Spano; M. Vacca; G. Piccinini","Department of Electronics and Telecommunications, Politecnico Di Torino, Turin, Italy; Department of Electronics and Telecommunications, Politecnico Di Torino, Turin, Italy; Department of Electronics and Telecommunications, Politecnico Di Torino, Turin, Italy; Department of Electronics and Telecommunications, Politecnico Di Torino, Turin, Italy; Department of Electronics and Telecommunications, Politecnico Di Torino, Turin, Italy",IEEE Transactions on Nanotechnology,"25 Feb 2025","2025","24","","102","109","Junctionless Nanosheet gate-all-around Field Effect Transistor (JL-NSGAAFET) is a promising technology characterized by the absence of any junctions between source-channel-drain. This absence allows to further scale down transistors while limiting short-channel effects. In this article, JL-NSGAAFET is explored as a potential candidate for the next 3 nm technology node through 3D TCAD simulations. First, we propose and simulate, through fabrication process simulations, a fabrication strategy for the JL-NSGAAFET compatible with the current manufacturing technology and based on the inversion mode NSGAAFET fabrication process. The high-k gate dielectric (HfO2) and metal-gate technology (TiN) are also adopted in the fabrication process to enhance the electrostatic gate control over the channel for the n-type and p-type transistors. Then, we perform electrical simulations of the device by also including drift-diffusion model and quantum density gradient correction. We characterize the device in terms of electrical performance and compare with the conventional NSGAAFET. Furthermore, to investigate the impact of the device scaling on the unwanted short channel effects, we simulate and analyze the devices while varying the gate length (LG) from 20 nm to 12 nm. Our reported simulation results prove that JL-NSGAAFET exhibits near-ideal subthreshold slope, low drain-induced barrier lowering (DIBL) and high on-to-off current ratio (ION/IOFF) with superior advantages of greater drive currents and a simpler fabrication process because of the absence of junctions.","1941-0085","","10.1109/TNANO.2025.3539457","","https://ieeexplore.ieee.org/stamp/stamp.jsp?arnumber=10876810","Density gradient;gate-all-around;junctionless;N3 logic technology;nanosheet;TCAD simulations;transistor;vertical stacked","Logic gates;Transistors;Fabrication;Silicon;Performance evaluation;Semiconductor process modeling;Voltage control;Doping;Fermi level;Electrostatics","","","","34","IEEE","6 Feb 2025","2025","","IEEE","IEEE Journals"
"ANN-Driven Modeling of Gate-All-Around Transistors Incorporating Complete Current Profiles","A. Singhal; H. Agarwal","Nano Devices and Application Lab, Indian Institute of Technology Jodhpur, Rajasthan, India; Nano Devices and Application Lab, Indian Institute of Technology Jodhpur, Rajasthan, India",IEEE Transactions on Nanotechnology,"26 Feb 2025","2025","24","","110","114","In this article, we present an Artificial Neural Network (ANN)-based compact model that accurately captures the complete current characteristics of gate-all-around transistors, including drain, gate, and substrate currents. Unlike previous models, our approach simplifies the modeling of substrate current by defining a simple conversion function and by utilizing simpler loss functions that account for physical effects such as impact ionization. This accurate representation of substrate current is critical for addressing hot-carrier-induced reliability concerns. The proposed model is extensively validated with calibrated Technology Computer-Aided Design (TCAD) simulations as well as with experimental data from multiple technologies. Additionally, it demonstrates smooth higher-order derivatives in symmetry tests, ensuring its suitability for RF applications.","1941-0085","","10.1109/TNANO.2025.3542165","DST Nanomission Grant; PMRF Grant; GoI; ","https://ieeexplore.ieee.org/stamp/stamp.jsp?arnumber=10887260","Artificial neural network;compact model;deep learning;FinFET;gate current;substrate current","Substrates;Computational modeling;Logic gates;Mathematical models;Data models;Predictive models;Accuracy;Semiconductor device modeling;Transistors","","4","","23","IEEE","14 Feb 2025","2025","","IEEE","IEEE Journals"
"Ti-Doped ZnO Nanowires: A Breakthrough in Non-Volatile Resistive Memory Application","A. Nath; M. Mishra; S. Chakrabarti","Department of Electrical Engineering, Indian Institute of Technology Bombay, Mumbai, Maharashtra, India; Centre for Research in Nanotechnology and Sciences, Indian Institute of Technology Bombay, Mumbai, Maharashtra, India; Department of Electrical Engineering, Indian Institute of Technology Bombay, Mumbai, Maharashtra, India",IEEE Transactions on Nanotechnology,"11 Mar 2025","2025","24","","115","120","This paper explores the enhanced resistive memory capabilities of titanium (Ti)-doped zinc oxide (ZnO) nanowires (NWs) based devices. Utilizing pulsed laser deposition (PLD), ZnO NWs were fabricated on a ZnO seed film (SF), while Ti films were deposited using an electron beam evaporation technique. Two distinct devices, TZO NWs and ZnO NWs, were created with gold (Au) interdigitated electrodes (IDE). The TZO NWs based device exhibited superior resistive memory performances, showcasing a maximum window of 2.6 V at +10 V and 1.2 V at –10 V, surpassing the ZnO NWs based device. The introduction of Ti doping in ZnO NWs provided additional active sites for charge collection, introducing localized energy levels and enhancing overall device performance. These findings collectively highlight the scalability of the TZO NWs based device for next-generation non-volatile resistive memory (NVRM) applications.","1941-0085","","10.1109/TNANO.2025.3544438","Indian Institute of Technology Bombay, India; ","https://ieeexplore.ieee.org/stamp/stamp.jsp?arnumber=10897917","ZnO;TZO;nanowires;I-V hysteresis;Resistive memory","Zinc oxide;II-VI semiconductor materials;Gold;Titanium;Performance evaluation;Ions;Substrates;Lattices;Memory management","","","","32","IEEE","21 Feb 2025","2025","","IEEE","IEEE Journals"
"Dynamic Analysis of the Effect of the Device-to-Device Variability of Real-World Memristors on the Implementation of Uncoupled Memristive Cellular Nonlinear Networks","Y. Wang; K. Schnieders; V. Ntinas; A. Ascoli; F. Cüppers; S. Hoffmann-Eifert; S. Wiefels; R. Tetzlaff; V. Rana; S. Menzel","Peter-Grünberg-Institut 10 and JARA FIT, Forschungszentrum Jülich GmbH, Jülich, Germany; Peter-Grünberg-Institut 7 and JARA FIT, Forschungszentrum Jülich GmbH, Jülich, Germany; Chair of Fundamentals of Electrical, Technische Universität Dresden, Dresden, Germany; Department of Electronics and Telecommunications, Politecnico di Torino, Turin, Italy; Peter-Grünberg-Institut 10 and JARA FIT, Forschungszentrum Jülich GmbH, Jülich, Germany; Peter-Grünberg-Institut 10 and JARA FIT, Forschungszentrum Jülich GmbH, Jülich, Germany; Peter-Grünberg-Institut 7 and JARA FIT, Forschungszentrum Jülich GmbH, Jülich, Germany; Chair of Fundamentals of Electrical, Technische Universität Dresden, Dresden, Germany; Peter-Grünberg-Institut 10 and JARA FIT, Forschungszentrum Jülich GmbH, Jülich, Germany; Peter-Grünberg-Institut 7 and JARA FIT, Forschungszentrum Jülich GmbH, Jülich, Germany",IEEE Transactions on Nanotechnology,"14 Mar 2025","2025","24","","121","128","Cellular Nonlinear Networks (CNNs) are a well established computing approach in the domain of analog computing, known for massive parallelism and data processing locality that enable efficient hardware implementations. Combining CNN with non-volatile memristive devices holds the promise to overcome technological hurdles, like scalability issues, and high energy consumption, while also introducing richer dynamics into the field of CNN. Memristive devices based on the valence change mechanism (VCM) show great properties, like bipolar switching, tuneable resistance and non-volatility that are essential for the design of memristive CNN (M-CNN). In this study we design and investigate an uncoupled M-CNN cell implementing the EDGE detection task. This is the first paper investigating the resilience of M-CNN against device-to-device variability. To this end the first experimentally acquired Dynamic Route Map (DRM) of the M-CNN cell is employed. The comparison with simulations results allows for investigating the effect of mechanisms in the VCM device on the performance of the cell. The result of the computation is stored in the VCM device despite the unavoidable variability in the electrical behaviors of different device samples. Furthermore, the theoretically predicted richer dynamics of M-CNNs over traditional CNNs is demonstrated. This work provides crucial insights into design considerations of M-CNNs, especially as here first steps towards the comprehensive analysis on the effect of imperfections and variability of the memristor on M-CNN cell are taken.","1941-0085","","10.1109/TNANO.2025.3545251","Deutsche Forschungsgemeinschaft(grant numbers:SPP2622); Bundesministerium für Bildung und Forschung(grant numbers:16ME0398K); Jülich Aachen Research Alliance; ","https://ieeexplore.ieee.org/stamp/stamp.jsp?arnumber=10902144","DRM;dynamic analysis;memristive cellular nonlinear network;ReRAM;SDR;valence change mechanism","Image edge detection;Electrodes;Memristors;Voltage control;Switches;Standards;Nonvolatile memory;Microprocessors;Mathematical models;Nonlinear network analysis","","","","34","CCBYNCND","24 Feb 2025","2025","","IEEE","IEEE Journals"
"Effects of 3D Channel Shape on the Performance of Nanoscale Gate-All-Around FETs","M. K. Sohn; S. -H. Kim; S. H. Lee; J. W. Park; D. Suh","Electronics and Telecommunications Research Institute (ETRI), Daejeon, South Korea; Electronics and Telecommunications Research Institute (ETRI), Daejeon, South Korea; Electronics and Telecommunications Research Institute (ETRI), Daejeon, South Korea; Electronics and Telecommunications Research Institute (ETRI), Daejeon, South Korea; Electronics and Telecommunications Research Institute (ETRI), Daejeon, South Korea",IEEE Transactions on Nanotechnology,"14 Mar 2025","2025","24","","129","133","Recent research on transistors has focused on gate-all-around (GAA) structures, which possess better gate controllability than previous fin field-effect transistor (FinFET) structures. The characteristics of these devices have been optimized through different channel shapes. However, the characteristics of GAA-FETs with channels that have the same cross-sectional area warrant further research. In this study, we simulated n-type GAA-FETs using the Global TCAD Solutions simulation tool to analyze the effective characteristics obtained by setting equal cross-sectional areas. The results show that the total on-current exhibited up to 40.5% enhancement based on shape for the same area. Similarly, under the same conditions, the on/off current ratio exhibited a difference of approximately 1.5 times based on the shape. These findings help determine the optimal shape of the GAA channel and predict the performance when physical limitations restrict the channel shape. Furthermore, they contribute to improving the characteristics of GAA-FETs in mass production.","1941-0085","","10.1109/TNANO.2025.3546872","Electronics and Telecommunications Research Institute; Korean Government(grant numbers:24ZS1210); ","https://ieeexplore.ieee.org/stamp/stamp.jsp?arnumber=10908690","Channel shape;device performance;effective channel perimeter;gate-all-around (GAA);TCAD simulation","Logic gates;Nanowires;Gallium arsenide;Current density;Field effect transistors;Electric fields;Telecommunications;Electrons;Etching","","3","","19","IEEE","3 Mar 2025","2025","","IEEE","IEEE Journals"
"Influence of Temperature, Strain Rate, and Vacancies on the Mechanical Properties of Aluminum-Doped Bilayer Silicene","A. M. Barboza; L. C. R. Aliaga; D. F. de Faria; I. N. Bastos","Department of Computational Modeling and Department of Materials, Polytechnic Institute, Rio de Janeiro State University, Rio de Janeiro, RJ, Brazil; Department of Computational Modeling and Department of Materials, Polytechnic Institute, Rio de Janeiro State University, Rio de Janeiro, RJ, Brazil; Department of Computational Modeling and Department of Materials, Polytechnic Institute, Rio de Janeiro State University, Rio de Janeiro, RJ, Brazil; Department of Computational Modeling and Department of Materials, Polytechnic Institute, Rio de Janeiro State University, Rio de Janeiro, RJ, Brazil",IEEE Transactions on Nanotechnology,"14 Mar 2025","2025","24","","134","139","Silicene, a two-dimensional material with promising potential for future technological applications, has attracted considerable attention over the past decade. Recent research has focused on modifying silicene's electronic and magnetic properties by means of adsorption or substitutional doping. While the magnetic, electronic, and optical properties of doped silicene have been extensively studied, there is a noticeable gap in the literature regarding its mechanical properties. To address this issue, this study explores the mechanical characteristics of bilayer silicene doped with aluminum under various conditions. By employing molecular dynamics simulations, we investigate the influence of aluminum concentration, defects, temperature, and strain rate on the material's mechanical response. The findings reveal a monotonically decreasing strength with Al concentration in both the zigzag and armchair straining directions. Additionally, the material exhibits high sensitivity to defects, with even a small percentage significantly impairing its mechanical properties. Directional dependence is also observed, with the zigzag direction showing greater sensitivity than the armchair. As strain progresses, initial mono-vacancies evolve into more complex defects, hindering predictions of the mechanical response in certain cases. Lastly, strain rate sensitivity is evaluated, yielding values of 0.0485 and 0.0365 for the zigzag and armchair directions, respectively.","1941-0085","","10.1109/TNANO.2025.3546749","Fundação de Amparo à Pesquisa do Estado do Rio de Janeiro (FAPERJ) Processes(grant numbers:260003/002235/2022,260003/001582/2022); Conselho Nacional de Desenvolvimento Científico e Tecnológico; Coordenação de Aperfeiçoamento de Pessoal de Nível Superior–Brasil; ","https://ieeexplore.ieee.org/stamp/stamp.jsp?arnumber=10908092","Bilayer silicene;Doping;Aluminum;Molecular dynamics;Mechanical properties","Mechanical factors;Atoms;Strain;Temperature;Doping;Silicon;Temperature sensors;Substrates","","2","","49","CCBY","28 Feb 2025","2025","","IEEE","IEEE Journals"
"Polynomial Formal Verification of a RISC-V Processor","L. Weingarten; K. Datta; R. Drechsler","Department of Computer Science, University of Bremen, Bremen, Germany; Department of Computer Science, University of Bremen, Bremen, Germany; Department of Computer Science, University of Bremen, Bremen, Germany",IEEE Transactions on Nanotechnology,"21 Mar 2025","2025","24","","140","151","Verification plays a major role in ensuring the functional correctness of any design. In recent years with growing complexity of processor designs, verification has assumed utmost importance. Simulation-based techniques cannot ensure completeness in verification, and in this regard formal methods prove crucial. Although formal methods guarantee completeness it is hard to quantify the exact time and space complexities. Recently some works have demonstrated that it is possible to achieve polynomial space and time complexities for various arithmetic circuits as well as for processors. In this paper we propose a Binary Decision Diagram (BDD) based Polynomial Formal Verification (PFV) approach for verifying processors. As a case study, we discuss the PFV for a multi-cycle processor (viz., MicroRV32) with support for combinational and sequential sub-systems. New data structures and code base are utilized to verify all the functional components. Experimental results reveal that the verification can indeed be performed in polynomial time.","1941-0085","","10.1109/TNANO.2025.3548265","DFG within the Reinhart Koselleck Project PolyVer(grant numbers:DR 287/36-1); German Federal Ministry of Education and Research; ECXL project(grant numbers:01IW22002); ","https://ieeexplore.ieee.org/stamp/stamp.jsp?arnumber=10912080","BDD;Multi-cycle;Polynomial Formal Verification (PFV);RISC-V","Data structures;Polynomials;Boolean functions;Hardware design languages;Complexity theory;Formal verification;Arithmetic;Register transfer level;Aerospace electronics","","","","32","IEEE","5 Mar 2025","2025","","IEEE","IEEE Journals"
"Transistors With MoS$_{2}$ Subnanometer Channels Embedded in 2D WSe$_{2}$","T. Cusati; D. Marian; A. Toral-Lopez; E. G. Marin; G. Iannaccone; G. Fiori","Dipartimento di Ingegneria dell'Informazione, Università di Pisa, Via Girolamo Caruso 16, Pisa, Italy; Dipartimento di Fisica “E. Fermi”, Università di Pisa, Largo Bruno Pontecorvo 3, Pisa, Italy; Dipartimento di Ingegneria dell'Informazione, Università di Pisa, Via Girolamo Caruso 16, Pisa, Italy; Departamento de Electrónica y Tecnología de Computadores, Facultad de Ciencas, Avda. Fuentenueva, S/N, Granada, Spain; Dipartimento di Ingegneria dell'Informazione, Università di Pisa, Via Girolamo Caruso 16, Pisa, Italy; Dipartimento di Ingegneria dell'Informazione, Università di Pisa, Via Girolamo Caruso 16, Pisa, Italy",IEEE Transactions on Nanotechnology,"26 Mar 2025","2025","24","","152","156","We investigate the exploitation of one of the latest advancements in the processing of the two-dimensional materials (2DMs) lateral heterostructures (LH) for electronic applications, which involves the generation of subnanometer one-dimensional (1D) channels embedded in a 2D crystal. Such study is done through a multiscale approach combining Density Functional Theory (DFT) and quantum transport calculations to propose and evaluate various Field-Effect Transistors (FETs) based on LH incorporating one-dimensional MoS$_{2}$ channels within monolayer WSe$_{2}$. We assess the ultimate performance of the transistors by considering different device configurations, lengths and orientations.","1941-0085","","10.1109/TNANO.2025.3549522","Spanish Government(grant numbers:PID2023-150162OB-I00); European Commission through Quantum Engineering for Machine Learning(grant numbers:829035,863258,881603); Italian Ministry of Education and Research(grant numbers:P2022TE7Y8 - CUP I53D23000530006); ","https://ieeexplore.ieee.org/stamp/stamp.jsp?arnumber=10922137","2D materials;subnanometer channels;lateral heterostructure;Field-Effect Transistors","Sulfur;Molybdenum;Field effect transistors;Performance evaluation;Fabrication;Crystals;Training;Perovskites;Data mining;Contracts","","1","","26","IEEE","11 Mar 2025","2025","","IEEE","IEEE Journals"
"Adaptive Separately Constrained Triplet Loss (A-SCTL) for High-Performance Triplet Networks","Z. Wang; F. Niknia; S. Liu; H. Jiang; S. Liu; P. Reviriego; J. Zhou; F. Lombardi","Department of Electrical and Computer Engineering, Northeastern University, Boston, MA, USA; Department of Electrical and Computer Engineering, Northeastern University, Boston, MA, USA; School of Information and Communication Engineering, University of Electronic Science and Technology of China, Chengdu, China; Department of Micro-Nano Electronic, Shanghai Jiao Tong University, Shanghai, China; School of Information Science and Technology, Shanghai Tech University, Shanghai, China; Departamento de Ingeniería de Sistemas Telemáticos, Universidad Politécnica de Madrid, Madrid, Spain; School of Information and Communication Engineering, University of Electronic Science and Technology of China, Chengdu, China; Department of Electrical and Computer Engineering, Northeastern University, Boston, MA, USA",IEEE Transactions on Nanotechnology,"3 Apr 2025","2025","24","","157","165","Triplet Networks (TNs) consist of three subchannels and are widely utilized in machine learning applications. The efficacy of TNs is highly dependent on the loss function employed during training. This paper proposes a novel loss function for TNs, referred to as the Adaptive Separately Constrained Triplet Loss (A-SCTL). The unique feature of A-SCTL is the separation of intra-class and inter-class constraints, strictly adhering to the objective of similarity-measuring networks. Its adaptive strategy leverages the dynamics between inter-class and intra-class terms to achieve a balanced convergence; without manually adjusting hyperparameters, it enhances flexibility and facilitates adaptation across various applications. Moreover, A-SCTL mitigates possible false solutions and offers insights into network behavior through the dependency of the two constraint terms. Performance metrics of the loss functions are evaluated in deep metric learning classification and face recognition tasks. Simulations illustrate the evolution of the two loss terms and the adaptive hyperparameter across training epochs; the results demonstrate that TNs utilizing A-SCTL outperform other existing loss functions in accuracy. Additionally, this paper details the hardware implementation of A-SCTL and evaluates its associated overhead. Results show that compared to other losses, the additional hardware overhead required for A-SCTL is negligible (0.008% energy per operation) when considering the entire TN system.","1941-0085","","10.1109/TNANO.2025.3552233","Spanish Agencia Estatal de Investigación(grant numbers:10.13039/ 501100011033); Chips Act Joint Undertaking Project SMARTY(grant numbers:101140087); ","https://ieeexplore.ieee.org/stamp/stamp.jsp?arnumber=10930644","Deep metric learning classification;face recognition;loss function;triplet networks","Face recognition;Measurement;Accuracy;Hardware;Adaptive systems;Convergence;Data models;Adaptation models","","","","25","IEEE","18 Mar 2025","2025","","IEEE","IEEE Journals"
"A Multi-Mode Configurable Physical Unclonable Function Based on RRAM With Adjustable Programmable Voltage","Y. Cui; J. Li; C. Gu; C. Wang; W. Liu","College of Electronic and Information Engineering, Nanjing University of Aeronautics and Astronautics, Nanjing, China; College of Electronic and Information Engineering, Nanjing University of Aeronautics and Astronautics, Nanjing, China; Centre for Secure Information Technologies, Queen's University Belfast, Belfast, U.K.; College of Electronic and Information Engineering, Nanjing University of Aeronautics and Astronautics, Nanjing, China; College of Electronic and Information Engineering, Nanjing University of Aeronautics and Astronautics, Nanjing, China",IEEE Transactions on Nanotechnology,"3 Apr 2025","2025","24","","166","177","Resistive random access memory (RRAM) presents a promising solution for energy-efficient logic-in-memory (LiM) systems. This paper introduces a Multi-mode Configurable Physical Unclonable Function (MC-PUF) tailored for secure RRAM-based LiM applications, utilizing a conventional one-transistor-one-RRAM (1T1R) array. The MC-PUF operates in multiple modes by modifying the programming voltages of the RRAM, which captures the distinct variations of each RRAM under varying conditions. In weak write mode, the MC-PUF exploits the inherent variations of RRAM by setting the programming voltages to achieve a 50% switching probability, thereby randomly assigning ‘0’ or ‘1’ states. In parallel competition mode, it generates responses by selecting two parallel RRAMs, with one remaining in a high resistance state (HRS) and the other switching to a low resistance state (LRS). This configuration allows the MC-PUF to generate more challenge-response pairs (CRPs) compared to conventional designs, thus enhancing security through increased entropy. The design was validated through simulations using a compact Spice model and the UMC 55 nm CMOS library, as well as on an experimental hardware platform with commercial RRAM chips. Results from both simulations and hardware implementations indicate that the proposed MC-PUF exhibits high reliability, excellent uniqueness, and superior configurability.","1941-0085","","10.1109/TNANO.2025.3552433","National Natural Science Foundation of China(grant numbers:62474092,62371226,62425404,62104107,62022041,62134002); EPSRC New Investigator Award(grant numbers:EP/X009602/1); Innovate U.K. SCHEME Project(grant numbers:IUK10065634); ","https://ieeexplore.ieee.org/stamp/stamp.jsp?arnumber=10930800","Resistive random access memory (RRAM);physical unclonable function (PUF);configurable;logic in memory (LiM)","Resistance;Voltage control;Switches;Reliability;Random access memory;Physical unclonable function;Device-to-device communication;Semiconductor device modeling;Programming;Ions","","3","","51","IEEE","18 Mar 2025","2025","","IEEE","IEEE Journals"
"Realization of Compact High-Performance EAM Based on Numerical Analysis of ITO, VO2 and Graphene on SiO2 Platform","H. R. Das; H. Mondal; R. Kumar","Department of Electronics and Communication Engineering, School of Engineering, Central University of Karnataka, Kadaganchi, India; Department of Electronics and Communication Engineering, Dibrugarh University, Dibrugarh, India; Department of Electronics and Communication Engineering, Indian Institute of Information Technology, Sri City, Chittoor, Sathyavedu, India",IEEE Transactions on Nanotechnology,"7 Apr 2025","2025","24","","178","188","Plasmonic based electro-absorption modulators (EAMs) has paved the way for high-speed photonic integrated circuits (PICs). This paper demonstrates the numerical analysis and the structural design of the EAM using various plasmonic materials, such as vanadium dioxide (VO2), indium-tin-oxide (ITO) and graphene, to modulate signals traveling through the waveguide on an SiO2 platform. It also explores key performance metrics, including the extinction ratio (ER) and the figure-of-merit (FOM), which is related to the device's insertion loss (IL). By optimizing the structural parameters and utilizing the plasmonic materials, the device characteristics, especially the effective-mode-index (EMI), is modified to attain the epsilon-near-zero (ENZ) condition. The ITO-based EAM attains a high ER of 22.24 dB/μm with a FOM of 482.45, while the graphene-ITO based EAM obtains an ER of 20.31 dB/μm and a FOM of 296.06 at 1.55 μm wavelength. Both devices have an energy consumption per bit (Ebit) below 2.20 fJ/bit and modulation frequency ($f$) exceeding 1300 GHz at an IL $< $ 0.07 dB/μm. The investigated EAMs hold potential for future-generation PICs.","1941-0085","","10.1109/TNANO.2025.3552525","","https://ieeexplore.ieee.org/stamp/stamp.jsp?arnumber=10930742","Plasmonic;extinction ratio;effective-modeindex;electro-absorption modulator;insertion loss","Indium tin oxide;Plasmons;Permittivity;Electro-absorption modulators;Optical ring resonators;Modulation;Electromagnetic interference;Optical sensors;Optical modulation;Optical interferometry","","3","","55","IEEE","18 Mar 2025","2025","","IEEE","IEEE Journals"
"Robust Hardware-Aware Neural Networks for FeFET-Based Accelerators","O. Yousuf; A. L. Glasmann; A. L. Mazzoni; S. Najmaei; G. C. Adam","Electrical and Computer Engineering Department, George Washington University, Washington, DC, USA; DEVCOM Army Research Laboratory, Adelphi, MD, USA; DEVCOM Army Research Laboratory, Adelphi, MD, USA; DEVCOM Army Research Laboratory, Adelphi, MD, USA; Electrical and Computer Engineering Department, George Washington University, Washington, DC, USA",IEEE Transactions on Nanotechnology,"9 Apr 2025","2025","24","","189","200","Hardware accelerators based on emerging device technologies are gaining traction for inference workloads, but effective methods for their training remain an open area of research. We propose an efficient hardware-aware methodology for training neural networks with ternary weights that are mappable to emerging memory device arrays. We study device-network interactions across a variety of scenarios using simulated and experimentally measured datasets from ferroelectric field-effect transistor (FeFET) devices with varying characteristics. We quantify the impact of device non-idealities on network training by investigating device-level metrics, network-level metrics, loss landscapes, as well as parameter optimization trajectories. We validate our approach by mapping a hardware-aware solution to an emulated system with parameters calibrated to experimental measurements, highlighting several trade-offs. Hardware-aware training results on FeFET-based multi-layer perceptron networks, long short-term memory networks, and deep convolutional networks demonstrate competitive performance at lower overheads compared to existing schemes, indicating architectural and computational scalability. It is found that devices with low variability, non-linearity, and high dynamic range exhibit training characteristics closest to a software baseline. We provide evidence that device non-idealities inject noise during backpropagation, leading to sharper loss landscapes and higher-dimensional optimization trajectories, which make device networks more difficult to train than software counterparts. We also identify optimal operating voltages for investigated devices by utilizing our hardware-aware training and inference methodologies.","1941-0085","","10.1109/TNANO.2025.3553037","DEVCOM Army Research Laboratory; Journeyman Fellowship; Capacity Building(grant numbers:FA9550-23-1-0497); Cross-Disciplinary Research Fund(grant numbers:2239951); NSF; ","https://ieeexplore.ieee.org/stamp/stamp.jsp?arnumber=10932692","Neural network accelerators;emerging device technologies;ternary weight networks;ferroelectric field-effect transistors;hardware-aware training;variability-aware training","Training;FeFETs;Performance evaluation;Neural networks;Logic gates;Trajectory;Optimization;Electrodes;Convolutional neural networks","","","","51","IEEE","18 Mar 2025","2025","","IEEE","IEEE Journals"
"Development of SRAM in 3-Dimensional Stacked FET With Direct Backside Contact Beyond 1Nm Node","M. Kim; I. Myeong; J. Park; S. Park; D. Yeon; D. Ha; H. Shin","Department of Electrical and Computer Engineering, Seoul National University, Seoul, South Korea; Department of Electronic Engineering, Myongji University, Yongin, South Korea; Advanced Device Research Laboratory, Semiconductor Research Center, Samsung Electronics, Hwaseong-si, South Korea; Advanced Device Research Laboratory, Semiconductor Research Center, Samsung Electronics, Hwaseong-si, South Korea; Advanced Device Research Laboratory, Semiconductor Research Center, Samsung Electronics, Hwaseong-si, South Korea; Advanced Device Research Laboratory, Semiconductor Research Center, Samsung Electronics, Hwaseong-si, South Korea; Department of Electrical and Computer Engineering, Seoul National University, Seoul, South Korea",IEEE Transactions on Nanotechnology,"9 Apr 2025","2025","24","","201","204","Among the various Backside Interconnections (BSI) methods, Direct Backside Contact (DBC) is essential in minimizing the area of logic standard cells and SRAM bitcells with 3-dimensional Stacked FETs (3DSFET) beyond the 1 nm node. Additionally, from an SRAM design perspective, the DBC structure offers the advantage of allowing the use of NMOS for the Pass-Gate (PG) transistor, as was done previously. In this study, we demonstrated SRAM transistors operation by adopting the highly promising 3DSFET with DBC structure. And we validated the SRAM bitcell operation through TCAD simulation by applying hardware verification of the SRAM transistor. As a result, we can propose an innovative structure that is compatible with both logic transistor performance and SRAM bitcell configuration beyond 1 nm node.","1941-0085","","10.1109/TNANO.2025.3552308","","https://ieeexplore.ieee.org/stamp/stamp.jsp?arnumber=10930795","3-dimensional stacked FET (3DSFET);back side interconnections (BSI);beyond 1 nm node;direct backside contact (DBC);static random access memory (SRAM)","Random access memory;MOS devices;Circuits;Field effect transistors;Very large scale integration;Logic;Layout;Integrated circuit interconnections;Electron devices","","2","","20","IEEE","18 Mar 2025","2025","","IEEE","IEEE Journals"
"Analysis of the Voltage Ramp Rate Effects on the Programming Characteristics of Bipolar-Type Memristive Devices","E. Miranda; E. Piros; F. L. Aguirre; T. Kim; P. Schreyer; J. Gehrunger; T. Schwarz; T. Oster; K. Hofmann; J. Suñé; C. Hochberger; L. Alff","Departament d'Enginyeria Electrònica, Universitat Autònoma de Barcelona, Cerdanyola del Vallès, Spain; Institute of Materials Science, Technische Universität Darmstadt, Darmstadt, Germany; Departament d'Enginyeria Electrònica, Universitat Autònoma de Barcelona, Cerdanyola del Vallès, Spain; Institute of Materials Science, Technische Universität Darmstadt, Darmstadt, Germany; Institute of Materials Science, Technische Universität Darmstadt, Darmstadt, Germany; Department of Electrical and Information Engineering, Technische Universität Darmstadt, Darmstadt, Germany; Department of Electrical and Information Engineering, Technische Universität Darmstadt, Darmstadt, Germany; Department of Electrical and Information Engineering, Technische Universität Darmstadt, Darmstadt, Germany; Department of Electrical and Information Engineering, Technische Universität Darmstadt, Darmstadt, Germany; Departament d'Enginyeria Electrònica, Universitat Autònoma de Barcelona, Cerdanyola del Vallès, Spain; Department of Electrical and Information Engineering, Technische Universität Darmstadt, Darmstadt, Germany; Institute of Materials Science, Technische Universität Darmstadt, Darmstadt, Germany",IEEE Transactions on Nanotechnology,"17 Apr 2025","2025","24","","205","208","We investigate in this letter the role the voltage ramp rate plays in the conduction and programming characteristics of bipolar-type memristive devices. It is shown that speeding up the writing or erasing process of a memristor is beneficial in terms of energy consumption but has a side cost associated with power dissipation. This happens because of the dynamical aspects of the set and reset transitions which are ultimately dictated by the physics of metal ions and oxygen vacancies migration. It is shown that by adding a constant base voltage to the voltage sweep, shorter programming times can be achieved but no significant impact on the power dissipation-energy consumption relationship is observed. Modeling and simulations are carried out with the aid of the Dynamic Memdiode Model and its implementation in LTspice using the Method of Elementary Solvers. Since the device model parameters and simulation conditions can vary in a wide range, the complete schematics are provided so that the interested readers can test different casuistries by themselves.","1941-0085","","10.1109/TNANO.2025.3556856","Ministerio de Ciencia e Innovación, Spain; TUD Research Fellowship Programme; ","https://ieeexplore.ieee.org/stamp/stamp.jsp?arnumber=10947287","Memristor;resistive switching;energy consumption;power dissipation;SPICE;LTspice","Voltage control;Mathematical models;Programming;Memristors;Integrated circuit modeling;Random access memory;Switches;Power dissipation;Ions;Energy consumption","","2","","24","CCBY","2 Apr 2025","2025","","IEEE","IEEE Journals"
"Novel Negative Capacitance Reconfigurable Transistor With Arch-Shaped Source","H. Ye; J. Hu; X. Zou; Z. Sun; X. Li; Y. Shen; Z. Liu; X. Li; Y. Shi; Z. Mao; Y. Sun","Department of Micro/Nano Electronics, Shanghai Jiao Tong University, Shanghai, China; Department of Electrical Engineering, East China Normal University, Shanghai, China; Department of Electrical Engineering, East China Normal University, Shanghai, China; Department of Electrical Engineering, East China Normal University, Shanghai, China; Department of Electrical Engineering, East China Normal University, Shanghai, China; Department of Electrical Engineering, East China Normal University, Shanghai, China; School of Microelectronics, Fudan University, Shanghai, China; Department of Electrical Engineering, East China Normal University, Shanghai, China; Department of Electrical Engineering, East China Normal University, Shanghai, China; Department of Micro/Nano Electronics, Shanghai Jiao Tong University, Shanghai, China; Department of Electrical Engineering, East China Normal University, Shanghai, China",IEEE Transactions on Nanotechnology,"11 Apr 2025","2025","24","","209","215","Novel negative capacitance reconfigurable field effect transistor with arch-shaped source (NC-ESRFET) is proposed in this work. The performance is evaluated by combining 3D TCAD simulation with Laudau-Khalatnikov equation. Because of the amplified vertical electric field, the negative capacitance induced by ferroelectric (FE) layer improves the vertical line tunneling around the embedded source, and an enhanced NC effect is found in proposed NC-ESRFET, no matter for N-type or P-type program. Compared to the conventional nanowire negative capacitance RFET (NC-RFET), a larger critical FE layer thickness and lower subthreshold swing (SS) are obtained in NC-ESRFE, and the lowest SS is lower than 43 mV/dec and average SS is 63 mV/dec, which declines by 33% compared with NC-RFET. Besides, the diameter of embedded source DAS has greater influence on NC enhancement than the length LAS. By reasonably choosing the structure parameters, a 54.4% improvement on driven current and 14.3% decline in SS is obtained in the optimized NC-ESRFET. The results here demonstrate the great attentions of NC-ESRFET in future low power application.","1941-0085","","10.1109/TNANO.2025.3531844","National Natural Science Foundation of China(grant numbers:62274064,62274063); Natural Science Foundation of Chongqing(grant numbers:CSTB2022NSCQ-MSX1475); Shanghai Science and Technology Explorer Plan(grant numbers:22TS1401100,22TS1401400,22TS1401700,24TS1400500,24TS1400100); Shanghai Sailing Program(grant numbers:24YF2710500); Shanghai Municipal Science and Technology Major Project; ","https://ieeexplore.ieee.org/stamp/stamp.jsp?arnumber=10848140","Reconfigurable field-effect transistor (RFET);negative capacitance (NC);Landau–Khalatnikov equation;embedded source","Logic gates;Iron;Tunneling;Capacitance;Transistors;Three-dimensional displays;Silicon;Mathematical models;Hafnium oxide","","1","","29","IEEE","20 Jan 2025","2025","","IEEE","IEEE Journals"
"On-chip Non-Blocking 4 × 4 and 8 × 8 Photonic Switches Using MMI-MZI Configuration for Next-Generation Data Center Networks","D. Chack; G. Kumar","Department of Electronics Engineering, Indian Institute of Technology (ISM) Dhanbad, Dhanbad, India; Department of Electronics Engineering, Indian Institute of Technology (ISM) Dhanbad, Dhanbad, India",IEEE Transactions on Nanotechnology,"30 Apr 2025","2025","24","","216","223","The advancement of future photonic integrated circuits for data center networks relies crucially on the development of highly efficient, low-power, and compact switches. This paper presents the design of non-blocking 4 × 4 and 8 × 8 silicon photonics switches intended using Multimode Interferometer (MMI)-Mach-Zehnder interferometer (MZI) structures. These proposed switches consist of 2 × 2 MMI-MZI switches realized by changing the phase of an optical signal using the thermo-optic effect. At 1550 nm, the proposed 2 × 2 switch exhibits an insertion loss of 0.04 dB and crosstalk of < 39.95 dB. Similarly, the C-band showcases an insertion loss of < 0.06 dB and crosstalk of < −33 dB. To support complex network topologies and enhance network efficiency, a data center network necessitates a higher quantity of port switches. The results show that at 1550 nm, the insertion loss for the 4 × 4 and 8 × 8 switches is 0.47 dB and 1.02 dB, respectively. Furthermore, the insertion loss for the C-band is < 0.50 dB and < 1.5 dB, respectively. The switches exhibit crosstalk of −37.59 dB and −34.67 dB at 1550 nm, respectively. Additionally, they demonstrate crosstalk of < −30 dB for the C-band. This suggests the potential for further scalability in terms of port counts. The switches are designed using the eigenmode expansion method, and the micro heater is designed with a finite element heat transfer solver. These advantages and excellent performance make the device a promising candidate for use in advanced communication systems and photonic integrated circuits.","1941-0085","","10.1109/TNANO.2025.3558256","DST-SERB, Govt. of India(grant numbers:DST/SERB/2019/000373); ","https://ieeexplore.ieee.org/stamp/stamp.jsp?arnumber=10949755","Photonic integrated circuits;non-blocking switches;thermo-optic effect;silicon-on-insulator;optical network-on-chip;photonic switches","Optical switches;Optical waveguides;Photonics;Crosstalk;Optical losses;Insertion loss;Optical crosstalk;Couplers;Optical interferometry;Heating systems","","3","","42","IEEE","4 Apr 2025","2025","","IEEE","IEEE Journals"
"Automated Force Curve Methods Based Micropipette Force Sensors","H. Shi; S. Tang; J. Shi; P. Yu; T. Yang; C. Su; L. Liu","State Key Laboratory of Robotics, Shenyang Institute of Automation, Chinese Academy of Sciences (CAS), Shenyang, China; State Key Laboratory of Robotics, Shenyang Institute of Automation, Chinese Academy of Sciences (CAS), Shenyang, China; State Key Laboratory of Robotics, Shenyang Institute of Automation, Chinese Academy of Sciences (CAS), Shenyang, China; State Key Laboratory of Robotics, Shenyang Institute of Automation, Chinese Academy of Sciences (CAS), Shenyang, China; State Key Laboratory of Robotics, Shenyang Institute of Automation, Chinese Academy of Sciences (CAS), Shenyang, China; State Key Laboratory of Robotics, Shenyang Institute of Automation, Chinese Academy of Sciences (CAS), Shenyang, China; State Key Laboratory of Robotics, Shenyang Institute of Automation, Chinese Academy of Sciences (CAS), Shenyang, China",IEEE Transactions on Nanotechnology,"1 May 2025","2025","24","","224","230","Force curve is the most important techniques for accurate measuring the stiffness, adhesion and energy dissipation. However, due to the challenges of probe-cell localization, this type of single-cell analysis tool has become a labor-intensive and time-consuming procedure. Here, we demonstrate an automatic positioning methods based on micropipette for force curves acquisition. The automation covers the detection of cells in label-free images, pre-positioning and automatic focusing of micropipette, as well as automated force curves. This new method discards silicon-based probes used in traditional AFM, and instead utilizing a transparent micropipette with an unobstructed tip as the sensor. This advancement enables accurate localization of the probe tip and cell under an optical microscope. Furthermore, during the probe positioning process, we have implemented a pre-localization method using focused laser projection. This allows for manual adjustment of the probe tip within a range of 70 micrometers, providing precise region of interests (ROI) for automatic tip focusing. Combining with the aforementioned techniques. We also demonstrate the high-precision localization and force curve acquisition of eight fixed cells on a single image. The measurement results indicate that the positioning error will not exceed 3.4 μm. Our work has effectively enhanced the efficiency of cellular mechanical measurements and holds the potential to achieve automated high-throughput single-cell analysis and drug screening.","1941-0085","","10.1109/TNANO.2024.3513981","China Postdoctoral Science Foundation(grant numbers:GZB20240797); National Natural Science Foundation of China(grant numbers:62127811,62433019,62273334); New Cornerstone Science Foundation through the XPLORER PRIZE; ","https://ieeexplore.ieee.org/stamp/stamp.jsp?arnumber=10787105","Micropipette;automated location;force curve;cell mechanics;robotic manipulation","Probes;Position measurement;Force measurement;Image recognition;Measurement by laser beam;Optical variables measurement;Vibrometers;Motors;Manipulators;Robot control","","1","","25","IEEE","9 Dec 2024","2025","","IEEE","IEEE Journals"
"Comprehensive Analysis of TreeFET: A Circuit Perspective","N. Aruna Kumari; B. K. Kaushik","School of Electronics Engineering, Vellore Institute of Technology, Vellore, India; Department of Electronics and Communication Engineering, Indian Institute of Technology Roorkee, Roorkee, India",IEEE Transactions on Nanotechnology,"1 May 2025","2025","24","","231","238","In this article, a comprehensive performance analysis of the emerging and novel TreeFET is demonstrated at 3-nm technology node. The TreeFET is realized by combining nanosheet FET (NSFET) and fin-like interbridge (IB) structures. Initially, the TreeFET is compared with traditional NSFET under the same footprint (FP). The ON current (ION) and switching ratio (ION/IOFF) enhance with TreeFET by 56% and 35.4% compared to the NSFET with matched OFF current (IOFF). Further, the dimensional impact of TreeFET is studied in detail by altering the geometry of IB. On top of that, as the IB height (HIB) is a crucial metric for deciding the performance, the impact of HIB on analog/RF performance is also studied. Although the parasitic capacitance rises with higher HIB, better RF performance is observed with HIB of 30 nm compared to 10 nm due to the significant increase in ON current. Further, it is noted that the electrical performance is degraded with the rise in temperature. Moreover, the circuit level demonstration of TreeFET is carried out at both HIB of 10 nm and 30 nm for the CMOS inverter and ring oscillator (RO). The CMOS inverter switching current (ISC), power-delay product (PDP), and energy-delay product (EDP) are increased by 1.61×, 53%, and 38%, respectively with an increase in HIB. However, for 19-stage RO, an improvement of 11.55% in oscillation frequency (fOSC) is noticed with HIB of 30 nm. Moreover, the PDP and EDP variations are presented for 19-stage RO with variations in HIB. The analysis enables a profound understanding of the performance of emerging TreeFET devices at both device and circuit levels.","1941-0085","","10.1109/TNANO.2025.3560672","","https://ieeexplore.ieee.org/stamp/stamp.jsp?arnumber=10964553","CMOS inverter;interbridge (IB);nanosheet FET;TreeFET;Verilog-A;ring oscillator","Logic gates;Performance evaluation;Ions;FinFETs;Voltage;Gallium arsenide;Semiconductor process modeling;Inverters;Ring oscillators;Radiative recombination","","1","","30","IEEE","14 Apr 2025","2025","","IEEE","IEEE Journals"
"A Novel Underlay Metal Strip Loaded Doping-Less Heterojunction (GaSb/Si) TFET Biosensor for Autoimmune Disease Detection","M. Verma; S. Agrawal","Electronics and Communication Engineering Department, National Institute of Technology, Delhi, India; Electronics and Communication Engineering Department, National Institute of Technology, Delhi, India",IEEE Transactions on Nanotechnology,"1 May 2025","2025","24","","239","248","In human being autoimmune diseases are caused by the immune system's attack on body tissues. Therefore, advanced diagnostic tools for their early and accurate detection is highly needed. This study introduces a new underlay metal strip loaded doping-less heterojunction (GaSb/Si) TFET biosensor (UMS-DL-HJ-TFETB) device with exceptional sensitivity and performance. Key design features include an underlay metal strip for improved tunnelling and the cavities are on the source region to achieve a peak drain current sensitivity of 6.7 × 10$^{10}$ at k = 12 and V$_{gs}$ = 0.45 V. With a cut-off frequency of 3.27 × 10$^{8}$ Hz and a response time of 496 ps, the proposed biosensor exhibits excellent RF performance. The device performance in detecting DNA charge densities ranging from $\pm$1 × 10$^{11}$ cm$^{-2}$ to $\pm$1 × 10$^{12}$ cm$^{-2}$ has also been studied. In addition, five non-uniform distributions which is caused by the steric hindrance effect have been optimized. A comparative analysis is also done for fair evaluation. The simulation results show that the proposed biosensor addresses the limitations of conventional methods, providing high sensitivity, rapid detection and reliable diagnostic accuracy for autoimmune diseases.","1941-0085","","10.1109/TNANO.2025.3561947","","https://ieeexplore.ieee.org/stamp/stamp.jsp?arnumber=10969077","Doping-less;dual metal double gate;GaSb/Si heterojunction;nano-gap cavity;underlay metal strip","Metals;Autoimmune diseases;Logic gates;Biosensors;Biomarkers;Strips;Tunneling;Heterojunctions;Silicon;TFETs","","3","","35","IEEE","17 Apr 2025","2025","","IEEE","IEEE Journals"
"Vector-Matrix Multiplier Architecture for In-Memory Computing Applications With RRAM Arrays","B. Boro; R. Parmar; G. Trivedi","Department of electronics and electrical engineering, Indian institute of technology guwahati, Guwahati, India; Department of electronics and electrical engineering, Indian institute of technology guwahati, Guwahati, India; Department of electronics and electrical engineering, Indian institute of technology guwahati, Guwahati, India",IEEE Transactions on Nanotechnology,"9 May 2025","2025","24","","249","259","Artificial Intelligence (AI) has advanced to the stage where modern problems can be transformed into AI problems with computational costs. Increased complexity has exponentially raised computation and inference demands, primarily due to Von Neumann architecture limitations. In-memory computing (IMC) revolutionizes this paradigm by eliminating memory read-write overheads. Notably, the utilization of Resistive Random Access Memory (RRAM) in vector-matrix multiplication (VMM) configurations within IMC architectures has demonstrated substantial performance enhancements. In the proposed work, utilizing Digital-to-Time Converters (DTCs) and Time-to-Digital Converters (TDCs) optimizes hardware resources substantially within in-memory computing (IMC) architectures. Our proposed DTC and TDC blocks exhibit power consumptions of $41\ \mu \text{W}$ and $38\ \mu \text{W}$ and delays of $896\ \text{ps}$ and $530\ \text{ps}$. Additionally, we introduce a $4T-1R$ structure with Reset Stop Block (RSB) that facilitates 2-bit RRAM reprogramming and entails a latency of $1.07\ \mu \text{s}$ and energy/cell of $0.11\ \text{pJ}$. The overall energy efficiency of Time-Domain VMM (TDVMM) architecture is $866.6\ \text{Tops/W}$, which is $1.61 \times$ more efficient than contemporary TDVMMs. Furthermore, our design consistently performs with a cycle-to-cycle variability of 23%, showcasing its tolerance to variations.","1941-0085","","10.1109/TNANO.2025.3560912","Ministry of Electronics and Information Technology; Electronics and ICT Academy at IIT Guwahati; ","https://ieeexplore.ieee.org/stamp/stamp.jsp?arnumber=10965489","RRAM;IMC;DTC;TDC;VMM;TDVMM;neural networks","Computer architecture;Resistance;Virtual machine monitors;Artificial intelligence;Transistors;Time-domain analysis;System-on-chip;In-memory computing;Computational modeling","","2","","44","IEEE","15 Apr 2025","2025","","IEEE","IEEE Journals"
"Room Temperature Negative Differential Resistance in Gate-All-Around Field-Effect Transistors With 1D Active Channels","A. Verma; R. Nekovei; D. Shiri","Electrical Engineering & Computer Science, Texas A&M University-Kingsville, Kingsville, TX, USA; Electrical Engineering & Computer Science, Texas A&M University-Kingsville, Kingsville, TX, USA; Quantum Technology Laboratory, Chalmers University of Technology, Gothenburg, Sweden",IEEE Transactions on Nanotechnology,"13 May 2025","2025","24","","260","263","We report on the presence of a Negative Differential Resistance (NDR) in a Gate-All-Around Field Effect Transistor (GAAFET) with 1D nanowires or nanotubes as the active conducting channel. Here, the drain current is seen to decrease sharply at relatively higher gate voltages. The onset of NDR is tunable with device topology. The NDR mechanism in this work is due to the applied gate voltage, not the drain-source voltage, a feature which promises low-voltage application of this effect. The results are based on a self-consistent ensemble Monte Carlo charge-carrier transport model with an electrostatic solver that solves Gauss's law in integral form.","1941-0085","","10.1109/TNANO.2025.3565276","","https://ieeexplore.ieee.org/stamp/stamp.jsp?arnumber=10980020","Negative differential resistance (NDR);carbon nanotube;silicon nanowire;phonon scattering;Gunn effect;GAAFET","Electrons;Logic gates;Scattering;Phonons;Effective mass;Resistance;Electrostatics;Topology;Nanowires;Electric potential","","3","","20","IEEE","29 Apr 2025","2025","","IEEE","IEEE Journals"
"An Intelligent 3D-AFM Scanning Process Based on Online Probe Rotation and Adaptive Speed Strategy","H. -C. Chen; S. -A. Lee; T. -A. Chou; L. -C. Fu","Electrical Engineering Department, National Taiwan University, Taipei, Taiwan; Electrical Engineering Department, National Taiwan University, Taipei, Taiwan; Electrical Engineering Department, National Taiwan University, Taipei, Taiwan; Electrical Engineering Department, National Taiwan University, Taipei, Taiwan",IEEE Transactions on Nanotechnology,"19 May 2025","2025","24","","264","276","Atomic Force Microscope (AFM) has remained one of the most prominent morphology tools for examining the microscopic world. However, the 3D-AFM has several disadvantages. First, the physical AFM tip occupies space and may sometimes obstruct the scanning process, creating distorted results, especially for vertical sidewalls. Additionally, the traditional AFM scanning scheme results in sparser data density along steep surfaces. In this work, to alleviate distortion, the AFM probe is allowed to rotate. Moreover, the scanning speed along the fast axis in a scan line has to be adaptive according to terrain variation. Therefore, we aim to develop and implement an intelligent AFM scanning process assisted by the proposed probe rotation decision (PRD) and adaptive speed decision (ASD) modules, enabling the AFM probe to achieve online rotation and variable scan speed. Moreover, methods for online coarse compensation and offline fine compensation are also presented to accurately eliminate tip shifts caused by probe rotation. Finally, some comparison results will be provided to demonstrate the effectiveness of the proposed intelligent scanning process.","1941-0085","","10.1109/TNANO.2025.3565847","National Science and Technology Council; Center for Artificial Intelligence and Advanced Robotics, National Taiwan University; National Taiwan University(grant numbers:NSTC 110-2221-E-002-166-MY3,NSTC 113-2223-E-002-006,NSTC 113-2221-E-002-127-MY3); ","https://ieeexplore.ieee.org/stamp/stamp.jsp?arnumber=10980473","Atomic force microscope (AFM);intelligent scanning process;probe rotation decision (PRD);adaptive speed decision (ASD)","Probes;Vibrations;Distortion;Motors;Microscopy;Surface treatment;Electrical engineering;Trajectory;Surface topography;Atomic force microscopy","","1","","26","IEEE","30 Apr 2025","2025","","IEEE","IEEE Journals"
"FDSOI-Based Reconfigurable FETs: A Ferroelectric Approach","D. Lee; S. R. Das; J. Kwon; J. Chang","Department of Materials Science and Engineering, Yonsei University, Seoul, South Korea; Department of Industrial and Manufacturing Systems Engineering, Kansas State University, Manhattan, KS, USA; School of Information, Communications and Electronic Engineering, The Catholic University of Korea, Gyeonggi, South Korea; Department of System Semiconductor Engineering, Yonsei University, Seoul, South Korea",IEEE Transactions on Nanotechnology,"19 May 2025","2025","24","","277","281","In this study, we propose ferroelectric-based reconfigurable field-effect transistors (FeRFETs) that utilizes the structure of a fully depleted silicon-on-insulator field-effect transistors (FDSOI FETs). In FeRFETs, the non-volatile and reconfigurable electrostatic doping facilitated by ferroelectric enables type conversion. Through the TCAD simulations calibrated with the experimental data, we confirm a reconfigurable high doping level (>1 × 1021 ${\text{cm}^{-3}}$), a clear type conversion and highly tunable performance in FeRFETs. It is also found that carefully tailoring coercive field $({{E}_{\text{c}}})$ is important to maximize the performance of FeRFETs.","1941-0085","","10.1109/TNANO.2025.3565720","National Research Foundation of Korea; Ministry of Science and ICT, South Korea(grant numbers:2021M3F3A2A03017719); ","https://ieeexplore.ieee.org/stamp/stamp.jsp?arnumber=10980451","Reconfigurable field effect transistors;ferroelectric;polarity;electrostatic doping","Doping;Field effect transistors;Silicon-on-insulator;Logic gates;Silicon;Ions;Electrostatics;Junctions;Etching;Doping profiles","","","","36","IEEE","30 Apr 2025","2025","","IEEE","IEEE Journals"
"Stochastic Templates and Noise Dynamics in Memristor Cellular Nonlinear Networks","D. Prousalis; V. Ntinas; C. Theodorou; I. Messaris; A. S. Demirkol; A. Ascoli; R. Tetzlaff","Chair of Fundamentals of Electrical Engineering, TUD| Dresden University of Technology, Dresden, Germany; Chair of Fundamentals of Electrical Engineering, TUD| Dresden University of Technology, Dresden, Germany; Univ. Grenoble Alpes, Univ. Savoie Mont Blanc, CNRS, Grenoble INP, CROMA, Grenoble, France; Chair of Fundamentals of Electrical Engineering, TUD| Dresden University of Technology, Dresden, Germany; Chair of Fundamentals of Electrical Engineering, TUD| Dresden University of Technology, Dresden, Germany; Department of Electronics and Telecommunications, Politecnico di Torino, Turin, Italy; Chair of Fundamentals of Electrical Engineering, TUD| Dresden University of Technology, Dresden, Germany",IEEE Transactions on Nanotechnology,"23 May 2025","2025","24","","282","292","Noise is a pervasive aspect that impacts various systems and environments, from mobile radio channels to biological systems. Within the framework of complex networks, noise poses significant challenges for functionality and performance. In this paper, we investigate the dynamics of a well-known type of locally-coupled computing networks, Memristor Cellular Nonlinear Networks (M-CNNs), in the presence of noise at their interconnection weights, introducing the concept of stochastic weights. In particular, we analyze the effect of noise originating from the synaptic memristors by incorporating both deterministic and stochastic components into synaptic weights, investigating how device-to-device variability and noise affect network performance. Based on the well-established theory of CNNs, we are extending the stability criteria to incorporate synaptic memristor non-idealities and we provide a theoretical framework to analyze their effect on system's performance. In this work, we employ the physics-based Jülich Aachen Resistive Switching Tools (JART) model to study Valence Change Memory (VCM) devices as synapses within our theoretical framework. We investigate the impact of device variability and noise, utilizing statistical properties derived from experimental data reported in the literature. We demonstrate the efficacy of noisy M-CNNs in performing the edge detection task, an example of fundamental image processing applications.","1941-0085","","10.1109/TNANO.2025.3565887","Federal Ministry of Education and Research of Germany(grant numbers:441957207); ","https://ieeexplore.ieee.org/stamp/stamp.jsp?arnumber=10980647","Noisy networks;stochastic processes;memristors;memristive devices;memristor cellular nonlinear networks","Memristors;Synapses;Stochastic processes;Performance evaluation;Fluctuations;Noise measurement;Immune system;Hardware;Couplings","","1","","56","IEEE","30 Apr 2025","2025","","IEEE","IEEE Journals"
"A Low-Power and Reliable RRAM-Based Configurable RO PUF With Aging Resilience","J. Li; Y. Cui; C. Wang; C. Gu; W. Liu","College of Electronic and Information Engineering, Nanjing University of Aeronautics and Astronautics, Nanjing, China; College of Electronic and Information Engineering, Nanjing University of Aeronautics and Astronautics, Nanjing, China; College of Electronic and Information Engineering, Nanjing University of Aeronautics and Astronautics, Nanjing, China; Centre for Secure Information Technologies (CSIT), Institute of Electronics, Communications and Information Technology, Queen's University Belfast, Belfast, U.K.; College of Electronic and Information Engineering, Nanjing University of Aeronautics and Astronautics, Nanjing, China",IEEE Transactions on Nanotechnology,"23 May 2025","2025","24","","293","306","Emerging nano-device resistive random access memories (RRAMs) have become a promising primitive for PUF designs due to their non-volatility, high density, and low power, breaking through the physical limitations. A ring oscillator based physical unclonable function (RO PUF) is one of the most widely studied PUF designs due to its resilience against noise impacts and flexibility of implementation, but its reliability is susceptible to environmental variation and device aging. Present solutions to improve RO PUF reliability either require complicated RO selection algorithms or require discarding a large number of unstable challenge-response pairs (CRPs). This paper presents a highly reliable RRAM-based configurable RO PUF (RCRO-PUF). The proposed RCRO-PUF utilizes the intrinsic variations of RRAMs as the randomness source and applies the resistance variations of RRAMs to the frequency difference of current-starved (CS) ROs. By operating CS inverters in the subthreshold region, the RCRO-PUF achieves low power as well as high reliability. In addition, a reliability enhancement scheme is proposed to eliminate the effects of environmental variations and device aging. Based on Monte Carlo simulations of a 65 nm CMOS process, the proposed RCRO-PUF consumes only 16.18% of the hardware overhead for a regular RO PUF and has only 7.43 $\mu W$ per CRP generation. The reliability of the RCRO-PUF is 99.51% over a broad range of temperatures from $-50\,^{\circ }$C to $150\,^{\circ }$C and $\pm$20% supply voltage variations. It is also 4.7× more resilient to aging than state-of-the-art aging-resilient RO PUF.","1941-0085","","10.1109/TNANO.2025.3569071","National Natural Science Foundation of China(grant numbers:62474092,62371226,62425404); EPSRC New Investigator(grant numbers:EP/X009602/1,IUK10065634); ","https://ieeexplore.ieee.org/stamp/stamp.jsp?arnumber=10999056","Physical unclonable function (PUF);ring oscillator (RO);resistive random access memory (RRAM);reliability;aging","Reliability;Resistance;Physical unclonable function;Switches;Inverters;Resilience;Power demand;Time-frequency analysis;Reliability engineering;Random access memory","","","","41","IEEE","12 May 2025","2025","","IEEE","IEEE Journals"
"Ni-SiO2 Cell-Assisted Thermally Stable Broadband Metamaterial Emitter","M. Saqlain; M. A. Baqir; P. K. Choudhury","Department of Electrical and Computer Engineering, COMSATS University Islamabad, Islamabad, Pakistan; Department of Electrical and Computer Engineering, COMSATS University Islamabad, Islamabad, Pakistan; College of Optical Science and Engineering, International Research Center for Advanced Photonics, Zhejiang University, Haining, China",IEEE Transactions on Nanotechnology,"16 Jun 2025","2025","24","","307","311","A thermally stable ultra-broadband metasurface-based emitter comprising square-shaped Ni resonators on Si substrate was investigated. The planar multilayer metamaterial emitter exhibits high emissivity of 94% over a span of 400–8450 nm wavelength. With the optimized structural parameters, the results show the thermal emission efficiency of 93.55% and photothermal conversion efficiency of 90.5% at 900K, which determine strong solar energy absorption of the emitter cavity. However, variations in structural parameters and the angle of incidence leave a minor impact on thermal emissivity. The findings show the developed structure to be of potential in efficient solar energy utilization.","1941-0085","","10.1109/TNANO.2025.3576246","Higher Education Commission, Pakistan(grant numbers:20-14992-NRPU-R&D-HEC-2021); ","https://ieeexplore.ieee.org/stamp/stamp.jsp?arnumber=11021609","Metamaterials;thermal emitter;thermal stability;nanophotonic devices","Thermal stability;Metamaterials;Silicon;Absorption;Substrates;Surface waves;Silicon compounds;Nonhomogeneous media;Temperature distribution;Nanophotonics","","3","","40","IEEE","3 Jun 2025","2025","","IEEE","IEEE Journals"
"Blue Narrowband Photomultiplication Type Organic Photodetector Using ZnPc as Photon Field Modulation Layer","S. R. Sridhar; M. Joshi; B. Kumar","Department of Electronics and Communication Engineering, IIT Roorkee, Roorkee, Uttarakhand, India; Department of Electronics and Communication Engineering, IIT Roorkee, Roorkee, Uttarakhand, India; Department of Electronics and Communication Engineering, IIT Roorkee, Roorkee, Uttarakhand, India",IEEE Transactions on Nanotechnology,"23 Jun 2025","2025","24","","312","317","In this work, a blue narrowband photomultiplication (PM) type organic photodetector (OPD) is fabricated with ZnPc as photon field modulation layer. The photomultiplication in OPD is attributed to electron trap assisted hole injection mechanism. In PM OPD, ZnPc altered the distribution of photogenerated charge carriers within the P3HT:PCBM active layer and results in narrowband detection. This study is the first to demonstrate a narrowband PM OPD with a peak response at 480 nm, using a P3HT:PCBM active layer. The detector demonstrated a rejection ratio (EQE480 nm/EQE570 nm) of 590, and a full width half maximum (FWHM) of 67 nm with 1000 nm thick ZnPc as photon field modulation layer. As the ZnPc layer thickness is increased from 200 nm to 1500 nm, the FWHM of the detector narrowed from 175 nm to 67 nm. The demonstrated narrowband photodetector with response peak in blue region has diverse applications in communication and imaging fields.","1941-0085","","10.1109/TNANO.2025.3577501","University Grants Commission; NET-Junior Research Fellowship; ","https://ieeexplore.ieee.org/stamp/stamp.jsp?arnumber=11027459","Photomultiplication (PM);narrowband;organic photodetectors (OPD);detectivity;responsivity","Narrowband;Detectors;Photodetectors;Photonics;Absorption;Electrodes;Photoconductivity;Modulation;Indium tin oxide;Sensitivity","","","","32","IEEE","6 Jun 2025","2025","","IEEE","IEEE Journals"
"Efficient Photodetection via High Aspect Ratio Core-Shell Nanowire Array","V. Kaushik; S. Rajput; A. Kumar; M. Kumar","Electrical Engineering, Tel Aviv University, Tel Aviv-Yafo, Israel; Department of Electronics Engineering, Indian Institute of Technology (Indian School of Mines) Dhanbad, Dhanbad, India; Department of Physics, National Institute of Technology Kurukshetra, Kurukshetra, India; Department of Electrical Engineering, Indian Institute of Technology Indore, Indore, India",IEEE Transactions on Nanotechnology,"11 Jul 2025","2025","24","","318","322","Here we propose a Cu2O-ZnO-based high-aspect ratio core-shell nanowire (with radial p-n junction) for efficient photodetection via a cost-effective fabrication route. The proposed platform exploits enhanced active depletion area offered by radial p-n junction in high aspect ratio nanowires, along with this excellent transport properties of the device. This results in superior light-matter interaction and better charge collection efficiency. The proposed device demonstrates significant improvement in responsivity via a simple fabrication approach and offers a compact and cost-effective alternative to complex, highly sensitive photodetectors. It can find applications in remote sensing, medical diagnostics barcode readers, and wireless environmental monitoring. Moreover, the enhanced light-matter interaction via the proposed approach can be useful in various other applications such as Solar Cells, Light Emitting Diodes, and Optical Modulation.","1941-0085","","10.1109/TNANO.2025.3577930","Department of Science and Technology through Inspire Faculty Fellowship Scheme(grant numbers:IFA 22 ENG 340); Government of India(grant numbers:F/DST/SWR/20230089); ","https://ieeexplore.ieee.org/stamp/stamp.jsp?arnumber=11030067","Aluminum anodization;photodetection;core-shell nanowire;P-N junction","II-VI semiconductor materials;Zinc oxide;Photoconductivity;P-n junctions;Optical devices;Nanoscale devices;Nanorods;Aluminum;Aluminum oxide;Time-domain analysis","","","","30","IEEE","10 Jun 2025","2025","","IEEE","IEEE Journals"
"Analytical Modeling and Simulation Investigation of Nanowire Tunnel FET for Potential and Drain Current Evaluation","P. Kumar; B. Raj; G. Wadhwa","Department of ECE, Chandigarh Engineering College, Chandigarh Group of Colleges Jhanjeri, Mohali, India; Department of ECE, National Institute of Technology, Jalandhar, India; Amity School of Engineering and Technology, Amity University Punjab, Mohali, India",IEEE Transactions on Nanotechnology,"10 Jul 2025","2025","24","","323","329","An analytical model of nanowire-tunnel field effect transistor (NWTFET) has been developed in this article with a gate-all-around structure and band-to-band tunneling (BTBT) mechanism. The proposed model is effective for operation in all regions such as source, drain, channel and measures accurate potential, transfer characteristics and is immune to short channel effect. The drain current and surface potential have been evaluated with the variation in metal work function, doping concentration, oxide thickness and channel material at different bias conditions (VDS and VGS). The validation of observed results has been performed through TCAD simulations. The surface potential model is designed by separating the substrate of silicon into three dissimilar areas (I, II, III) and determining the 2-D Poisson’s equation (PE) in other areas. To utilize Poisson’s Equation appropriately at various boundary conditions, a descriptive parabolic approximation strategy is used.","1941-0085","","10.1109/TNANO.2025.3581782","","https://ieeexplore.ieee.org/stamp/stamp.jsp?arnumber=11045552","Nanowire;tunnel FET;surface potential;BTBT;analytical modeling","Mathematical models;Tunneling;Semiconductor process modeling;TFETs;Logic gates;Analytical models;Electric potential;Doping;Silicon;Poisson equations","","3","","30","IEEE","20 Jun 2025","2025","","IEEE","IEEE Journals"
"Design and Analysis of Modified Double Ring Resonator With Embedded High Contrast Optical Bragg Grating as an Optical Filter and a Biosensor","A. Shekhar; S. Mandal","Department of Electrical Engineering, Indian Institute of Technology (Indian School of Mines), Dhanbad, India; Indian Institute of Technology (Indian School of Mines), Dhanbad, India",IEEE Transactions on Nanotechnology,"11 Jul 2025","2025","24","","330","337","This paper presents a novel design and performance analysis of a modified double-ring resonator (MDRR) integrated with high contrast optical Bragg grating (HCOBG) structure functioning as an optical filter and a biosensor. The MATLAB environment is used to analyze the configuration’s output, and the finite-difference time-domain (FDTD) numerical approach is employed to model the configuration as a biosensor. The grating-assisted Modified Double Ring Resonator is optimized for precise filtering in optical communication systems and high sensitivity in biosensing applications. Sufficiently large free spectral range (FSR) with high biosensing sensitivity and figure of merit (FOM) of 1057.094 nm per refractive index unit (RIU) and 107.003 RIU$^{-1}$ respectively, the proposed configuration demonstrates potential for high-performance optical filtering for dense wavelength division multiplexing (DWDM) systems as well as improved biosensing for critical biomedical applications.","1941-0085","","10.1109/TNANO.2025.3584047","","https://ieeexplore.ieee.org/stamp/stamp.jsp?arnumber=11058566","Biosensor;Mason’s rule;Modified double ring resonator (MDRR);high contrast optical Bragg grating (HCOBG);optical filter;Z-domain","Optical ring resonators;Biosensors;Optical filters;Bragg gratings;Optical variables control;Optical refraction;Biomedical optical imaging;Mathematical models;Gratings;Optical reflection","","","","27","IEEE","30 Jun 2025","2025","","IEEE","IEEE Journals"
"Preparation of Nanofibrous Membranes Containing Carbon Dots Composited With TiO2 Photocatalyst and Their Removal Rate of Methylene Blue Under Visible Light","Y. -H. Nien; Y. -P. Wang","Graduate School of Chemical and Materials Engineering, National Yunlin University of Science and Technology, Douliou, Taiwan; Graduate School of Chemical and Materials Engineering, National Yunlin University of Science and Technology, Douliou, Taiwan",IEEE Transactions on Nanotechnology,"11 Jul 2025","2025","24","","338","346","As the industrialization is improving by way of science and technology in society, water pollution has become increasingly serious. Non-degradable organic matter exists in wastewater, which causes environmental deterioration. In order to solve this problem, we select titanium dioxide (TiO2) as the photocatalyst material with high activity, chemical stability and low cost. However, pure TiO2 has a large band gap (3.2 eV) and can only be activated under ultraviolet (UV) light. Therefore, TiO2 has to be modified to fit our requirement. Carbon dots (CDs) have up-conversion and down-conversion photoluminescence and inhibit the recombination of electron-hole pairs, Adding CDs can reduce the band gap width of TiO2, and increase the absorption of visible light significantly, thereby improving photocatalytic efficiency. We use citric acid as the carbon source and urea as the nitrogen source to prepare CDs by using the hydrothermal method, and prepare the CDs/TiO2 composite photocatalyst through the sol-gel method. The CDs/TiO2 composite photocatalyst shows stable and efficient photocatalytic performance for removal of methylene blue (MB), with a removal rate of 95.34%. In order to reuse the CDs/TiO2 composite photocatalyst powder, we use electrospinning technology to combine CDs/TiO2 composite photocatalyst with nylon 6,6 nanofibrous membranes. After three cycle tests, we confirm that it is recyclable and practical, and its removal rate is also increased to 99.39%.","1941-0085","","10.1109/TNANO.2025.3584828","National Science and Technology Council, Taiwan(grant numbers:NSTC 112-2221-E-224-026); ","https://ieeexplore.ieee.org/stamp/stamp.jsp?arnumber=11061786","Photocatalyst;titanium dioxide (TiO2);carbon dots (CDs);methylene blue (MB);electrospinning;nylon 6,6 nanofibrous membranes","Titanium dioxide;Photocatalysts;Degradation;Nanocomposites;Carbon dioxide;Photonic band gap;Composite materials;Chemicals;Absorption;Electrons","","","","45","IEEE","2 Jul 2025","2025","","IEEE","IEEE Journals"
"Deep Learning Based Inverse Design of Nanoscale Optical Bandpass Filter for Sub-THz 6G Network","P. Agilandeswari; G. T. Raja; R. Rajasekar","Department of ECE, National Institute of Technology, Tiruchirappalli, India; Department of ECE, National Institute of Technology, Tiruchirappalli, India; Department of Electronics and Communication Engineering, SRM Institute of Science and Technology, Tiruchirappalli, India",IEEE Transactions on Nanotechnology,"11 Jul 2025","2025","24","","347","355","In this paper, the novel deep learning-based nano scale optical filter is designed with narrow bandwidth for 6G network and Dense Wavelength Division Multiplexing (DWDM) systems. The hybrid Long Short-Term Memory Neural Network (LSTM-NN)-transformer based deep learning algorithm is implemented to accurately predict the structural parameter of the optical bandpass filter. The inverse design approach-based hybrid deep learning model is designed to improve the performance of the optical bandpass filter. The photonic filter performance parameters are numerically analyzed by Finite Difference Time Domain (FDTD) method. The proposed hybrid model is designed with very low mean square error of 5.4207 × 10−8 and less computation time of 834.81 seconds. The presented photonics platform is designed with narrow bandwidth of 1.12 THz and footprint is very compact as about 134 μm2. Therefore, the proposed optical filter is highly suitable for photonic integrated circuits and lightwave communication systems.","1941-0085","","10.1109/TNANO.2025.3584854","SERB (ANRF), India; Core Research under Project; ","https://ieeexplore.ieee.org/stamp/stamp.jsp?arnumber=11061799","Deep learning;LSTM;transformer;6G network;coupled nanoring resonator;quality factor","Optical filters;Optical ring resonators;Bandwidth;Band-pass filters;Resonator filters;Photonics;Insertion loss;Couplings;6G mobile communication;Power generation","","1","","32","IEEE","1 Jul 2025","2025","","IEEE","IEEE Journals"
"Recent Challenges in the Fabrication of Vertical Silicon Nanowire Transistors","C. Cakirlar; J. Müller; C. Beyer; K. Moustakas; B. N. Wesling; G. Galderisi; S. Pelloquin; C. Maneux; T. Mikolajick; G. Larrieu; J. Trommer","NaMLab gGmbH, Dresden, Germany; LAAS-CNRS, University of Toulouse, Toulouse, France; NaMLab gGmbH, Dresden, Germany; LAAS-CNRS, University of Toulouse, Toulouse, France; NaMLab gGmbH, Dresden, Germany; NaMLab gGmbH, Dresden, Germany; LAAS-CNRS, University of Toulouse, Toulouse, France; IMS Laboratory, University of Bordeaux, Talence, France; NaMLab gGmbH, Dresden, Germany; LAAS-CNRS, University of Toulouse, Toulouse, France; NaMLab gGmbH, Dresden, Germany",IEEE Transactions on Nanotechnology,"15 Jul 2025","2025","24","","356","362","Vertical silicon nanowire transistors are among the most promising device concepts for future low-power electronics due to their gate-all-around nature as well as their 3D stacking potential. In this work we review the current status of transistor fabrication on vertical silicon nanostructures and identify the most important challenges for successful process integration. Channel patterning, source/drain contact formation, gate-deposition and spacer engineering are identified as key steps independent on the actual process integration sequence. We conclude the paper with two emerging device examples and discuss the influence of the processing challenges on the transistor design.","1941-0085","","10.1109/TNANO.2025.3582023","Delegates of the Saxon State Parliament; European Union’s Horizon 2020 Research and Innovation Program(grant numbers:101016776); ","https://ieeexplore.ieee.org/stamp/stamp.jsp?arnumber=11046203","Process integration;silicon nanowires;junctionless transistors;reconfigurable transistors;scaling","Logic gates;Transistors;Fabrication;Silicon;Resists;Metals;Three-dimensional displays;Scattering;Etching;Electrons;Reconfigurable devices","","2","","55","IEEE","23 Jun 2025","2025","","IEEE","IEEE Journals"
"Hybrid Multi-Level Cell Spin-Orbit Torque Memory for Fast and Robust Memory Operations","K. -W. Kwon; Y. Seo","Department of Computer Engineering, Hongik University, Seoul, South Korea; Department of Electrical and Computer Engineering, Inha University, Incheon, South Korea",IEEE Transactions on Nanotechnology,"15 Jul 2025","2025","24","","363","368","This paper proposes a hybrid spintronic multi-level cell (MLC) optimized for fast and reliable memory operations. The proposed MLC employs two magnetic tunnel junctions with distinct magnetization characteristics within a single cell, leveraging their significant differences in critical current requirements to effectively mitigate write-disturb failures. Moreover, the proposed design incorporates a spin-orbit torque-based switching mechanism along with a device multiplexing architecture, which together enable a one-step write operation and an opportunistic one-step read operation. Simulations demonstrate up to a 2× reduction in latency compared to conventional spintronic MLCs, along with a 2× increase in area efficiency over single-level cell designs and a high write-disturb margin of 61$\%$.","1941-0085","","10.1109/TNANO.2025.3585167","National Research Foundation of Korea; Ministry of Science and ICT, South Korea(grant numbers:RS-2021-NR057144,RS-2020-NR047143); Institute of Information and Communications Technology Planning and Evaluation; Korean Government; Ministry of Science and ICT, South Korea; Information Technology Research Center(grant numbers:RS-2021-II212052); Ministry of Science and ICT through the National Research Foundation of Korea(grant numbers:RS-2023-00237308); National Research Foundation of Korea; Korean Government(grant numbers:RS-2023-NR077140); Hongik University; ","https://ieeexplore.ieee.org/stamp/stamp.jsp?arnumber=11066243","Hybrid spintronic device;multi-level cell;multiplexing architecture;spin-orbit torque;spin-transfer torque;write-disturb margin","Magnetic tunneling;Computer architecture;Microprocessors;Multiplexing;Voltage control;Thermal stability;Switches;Torque;Magnetization;Spintronics","","","","27","IEEE","2 Jul 2025","2025","","IEEE","IEEE Journals"
"Tunneling Field Effect Transistors Based on Janus Monolayer PtSSe","M. Berahman; H. Aghasi","High-Speed Integrated Electronics (HIE) Laboratory, University of California Irvine, Irvine, CA, USA; High-Speed Integrated Electronics (HIE) Laboratory, University of California Irvine, Irvine, CA, USA",IEEE Transactions on Nanotechnology,"4 Aug 2025","2025","24","","369","377","This work explores the electronic transport properties of a double-gated tunneling field effect transistor (TFET) based on Janus monolayer PtSSe. Janus PtSSe, with its unique asymmetrical structure and inherent built-in electric polarization, offers exceptional electronic properties such as a tunable bandgap and high carrier mobility, making it a promising candidate for next-generation electronic devices. Using density functional theory (DFT) and non-equilibrium Green’s function (NEGF) calculations, the performance of the PtSSe-based TFET is evaluated, demonstrating a low subthreshold swing as low as 19 mV/dec and an Ion/Ioff ratio as high as $1.64 \times 10^{8}$, and a maximum operating frequency of 0.88 THz depending achieved through optimization of doping concentration. The study also investigates the impact of spin-orbit coupling on the material’s electronic properties, offering insights for further optimization. These findings establish Janus PtSSe as a promising material for addressing the limitations of conventional silicon-based FETs and advancing nanoscale electronics by enabling high-performance, low-power devices.","1941-0085","","10.1109/TNANO.2025.3589902","National Science Foundation(grant numbers:2242701,2233783); UC Irvine Office of Research Seed Funding program; ","https://ieeexplore.ieee.org/stamp/stamp.jsp?arnumber=11082011","Janus 2D materials;tunneling FET;PtSSe;density functional theory;nanoscale electronics","TFETs;Logic gates;Tunneling;Quantum capacitance;Performance evaluation;Switches;Nanoscale devices;Discrete Fourier transforms;Photonic band gap;Next generation networking","","1","","73","IEEE","16 Jul 2025","2025","","IEEE","IEEE Journals"
"Dual Function Ultra-Compact Plasmonic-Assisted Electro-Absorption Modulators and Polarizers on Silicon Waveguide","M. S. Akter; A. Khaleque; K. S. R. Shaha","Department of Electrical & Electronic Engineering (EEE), Rajshahi University of Engineering & Technology (RUET), Rajshahi, Bangladesh; Department of Electrical & Electronic Engineering (EEE), Rajshahi University of Engineering & Technology (RUET), Rajshahi, Bangladesh; Department of Electrical, Electronic and Communication Engineering (EECE), Pabna University of Science and Technology (PUST), Pabna, Bangladesh",IEEE Transactions on Nanotechnology,"6 Aug 2025","2025","24","","378","384","With photonic circuits continuing to shrink, it is imperative to design on-chip, ultra-compact electro-absorption (EA) modulators without sacrificing other performance parameters. This work describes a new design of a few EA modulators with a minimal footprint because of their high extinction ratio (ER). This is attained by causing significant confinement of light in metal-insulator-metal (MIM) and metal-oxide-semiconductor (MOS) capacitors in the HfO2/ITO/HfO2/Cu stack. Placing the stack horizontally atop the silicon on insulator (SOI) waveguide can yield a very high ER of 85.42 dB/μm, a very tiny 3-dB footprint of 0.0112 μm2, an insertion loss (IL) of 1.4 dB/μm, energy consumption of 3.4 fJ/bit, and a very high operating speed of 2922.4-974.2 GHz for the TM mode at a wavelength of 1550 nm. The ER for the TE mode is quite low; hence, this modulator also functions as a TE-pass polarizer. A TE modulator & TM-pass polarizer design is also possible, providing outstanding performance (ER of 74.7 dB/μm, 3-dB footprint of 0.0272 μm2, IL of 0.74 dB/μm, energy consumption of 4.13 fJ/bit, and operating speed of 2407.8-802.6 GHz) for the TE mode when the stack is positioned vertically on both sides of the waveguide. Additionally, the SOI waveguide, which consists of both vertical and horizontal parts of the stack, functions as a polarization-insensitive (PI) modulator. It provides an ER of 59.1 dB/μm (57.02 dB/μm) and an IL of 0.74 dB/μm (0.66 dB/μm) at the 1550 nm wavelength for the TE (TM) polarization, which ensures polarization insensitivity. The 3-dB footprint, energy consumption, and operating speed of the PI modulator are 0.053 μm2, 16.1 fJ/bit, and 618–206 GHz, respectively. Moreover, these proposed modulators offer an extensive optical bandwidth including, 1310 nm and 1550 nm wavelength, which is advantageous in WDM and communication applications.","1941-0085","","10.1109/TNANO.2025.3588795","Dept. of EECE, PUST, Pabna-6600, Bangladesh; ","https://ieeexplore.ieee.org/stamp/stamp.jsp?arnumber=11080082","Electro-absorption;ITO;optical modulator;plasmonic materials;polarizer;silicon waveguide","Modulation;Indium tin oxide;Optical waveguides;Electric fields;Hafnium compounds;Optical polarization;Plasmons;Optical modulation;Voltage control;Electrons","","","","29","IEEE","14 Jul 2025","2025","","IEEE","IEEE Journals"
"Amplified Emission and Lasing Based on Bloch Surface Eigenstates","K. Xu; M. Fang; J. Feng; X. Deng; C. Wang; K. Niu; Z. Huang","Information Materials and Intelligent Sensing Laboratory of Anhui Province, Anhui University, Hefei, China; Information Materials and Intelligent Sensing Laboratory of Anhui Province, Anhui University, Hefei, China; Information Materials and Intelligent Sensing Laboratory of Anhui Province, Anhui University, Hefei, China; Information Materials and Intelligent Sensing Laboratory of Anhui Province, Anhui University, Hefei, China; Information Materials and Intelligent Sensing Laboratory of Anhui Province, Anhui University, Hefei, China; Information Materials and Intelligent Sensing Laboratory of Anhui Province, Anhui University, Hefei, China; Information Materials and Intelligent Sensing Laboratory of Anhui Province, Anhui University, Hefei, China",IEEE Transactions on Nanotechnology,"7 Aug 2025","2025","24","","385","389","This study introduces a laser cavity structure that has been designed utilizing the principles of Bloch surface feature states and a laser cavity with an exceptionally high Q-factor has been successfully realized. The interaction with the surrounding free space induces the leakage of surface modes; nevertheless, the leakage in the forward and back-reflected directions can undergo destructive interference, resulting in the emergence of a perfectly confined surface state with zero leakage. To comprehensively appraise the performance and characteristics of this structure, a four-level system model has been established. The laser cavity structure, which is based on Bloch surface feature states, exhibits considerable potential for practical applications. It can be effectively employed to enhance the performance and efficiency of lasers, thereby catering to the evolving demands of the optoelectronics field in the future.","1941-0085","","10.1109/TNANO.2025.3592125","National Natural Science Foundation of China(grant numbers:62301001,62271004,62231003,62401006); Key Research Projects of Universities in Anhui Province(grant numbers:2024AH050072); Key Research and Development Program of the Ministry of Science and Technology(grant numbers:2022YFE0123600); Research Funds of Center for Big Data and Population Health of IHM(grant numbers:JKS2022004); ","https://ieeexplore.ieee.org/stamp/stamp.jsp?arnumber=11095345","Cavity;FDTD;laser;Q factor","Laser modes;Dielectrics;Optical surface waves;Surface states;Photonics;Interference;Electric fields;Time-domain analysis;Q-factor;Optical waveguides","","","","27","IEEE","23 Jul 2025","2025","","IEEE","IEEE Journals"
"Unleashing the Potential of All-Perovskite Tandem Solar Cell Structures: A Hybrid DFT and Numerical Simulation Insights","G. K. Gupta; D. R. Choudhury; N. Kumar; R. Chaurasiya","Department of Electronics and Communication Engineering, NIT Agartala, Tripura, India; Department of Electronics and Communication Engineering, NIT Agartala, Tripura, India; Department of Physics, Faculty of Science, University of Ostrava 30, Ostrava, Czech Republic; Department of Electronics and Communication Engineering, Indian Institute of Information Technology, Bhopal, India",IEEE Transactions on Nanotechnology,"6 Aug 2025","2025","24","","390","397","The widespread use of lead-based perovskites in photovoltaic (PV) applications is hindered by their toxicity, instability, and environmental concerns, creating a critical need for sustainable alternatives. In this study, we explore the structural and optoelectronic properties of the lead-free, all-inorganic Sr$_{\mathrm{3}}$NX$_{\mathrm{3}}$ (X = I, Br, Cl, F) perovskite family using density functional theory (DFT) and many-body perturbation theory (GW-BSE). These materials exhibit direct bandgaps tunable from 1.04 eV to 2.65 eV and high absorption coefficients ( 10$^{5}$ cm $^{-1}$), demonstrating their potential as efficient absorber layers in photovoltaic devices. Numerical simulations using SCAPS-1D are performed to evaluate device performance in both uni-junction and tandem solar cell (TSC) architectures. Among the uni-junction configurations, the Sr$_{\mathrm{3}}$NBr$_{\mathrm{3}}$-based device achieved the highest power conversion efficiency (PCE) of 23.06%. A monolithic TSC composed of Sr$_{\mathrm{3}}$NBr$_{\mathrm{3}}$ (top) and Sr$_{\mathrm{3}}$NI$_{\mathrm{3}}$ (bottom) absorbers attained a PCE of 30.22%, with an open circuit voltage ($V_{oc}$) of 1.75 V and short circuit current density ($J_{sc}$) of 20.8 mA/cm$^{2}$. This work demonstrates the practical viability of lead-free Sr-based perovskites and offers a promising pathway toward high-efficiency, stable, and environmentally friendly solar energy technologies.","1941-0085","","10.1109/TNANO.2025.3592232","Visvesvaraya PhD Scheme for Electronics and IT; Ministry of Electronics and Information Technology; National Supercomputing Center, Korea Institute of Science and Technology Information; ","https://ieeexplore.ieee.org/stamp/stamp.jsp?arnumber=11095421","Lead-free perovskites;Sr    $_{\mathrm{3}}$    NX $_{\mathrm{3}}$ ;solar cells;tandem structure;DFT;SCAPS-1D","Photonic band gap;Perovskites;Photovoltaic cells;Discrete Fourier transforms;Absorption;Photovoltaic systems;Mathematical models;Lattices","","2","","44","IEEE","24 Jul 2025","2025","","IEEE","IEEE Journals"
"Numerical Analysis of High-Performance Binary-to-Gray Converter Using Photonic Crystal Waveguides for Neural Network Hardware Acceleration","M. R. Eslami; M. H. Rezaei; A. Amirany; Y. M. Banad; S. S. Sharif","Department of Electrical and Computer Engineering, Computing and Applied Sciences, Clemson University (CU), Clemson, SC, USA; Department of Communications and Electronics, School of Electrical and Computer Engineering, Shiraz University, Shiraz, Iran; Department of Electrical and Computer Engineering, The George Washington University, Washington, DC, USA; School of Electrical and Computer Engineering, University of Oklahoma, Norman, OK, USA; School of Electrical and Computer Engineering, University of Oklahoma, Norman, OK, USA",IEEE Transactions on Nanotechnology,"6 Aug 2025","2025","24","","398","406","This paper presents an all-optical two-bit binary-to-gray code converter based on linear photonic crystal (PhC) waveguides aimed at improving efficiency and integration within binary neural network hardware accelerators. The converter leverages interference effects within 2D photonic crystal waveguides to achieve reliable binary-to-gray conversion with minimal power requirements and a compact design footprint. Simulation results exhibit exceptional extinction ratios of 9.49 dB and 10.11 dB for output bits G0 and G1, respectively, within a 10 μm × 10 μm footprint. Additionally, the device achieves a delay of 0.52 μs, representing a significant reduction in delay and energy consumption compared to conventional approaches. The proposed converter is compatible with photonic integrated circuits and offers dual functionality, supporting reversible Feynman logic for signal duplication and integration within binary neural networks. This compact, low-power converter marks a step forward in developing high-efficiency optical components for telecommunications, data processing, and neuromorphic computing applications.","1941-0085","","10.1109/TNANO.2025.3581398","","https://ieeexplore.ieee.org/stamp/stamp.jsp?arnumber=11045113","Binary-to-gray converter;binary neural network;destructive interference;Feynman gate;photonic crystals waveguides;optical neural hardware accelerators;all-optical logic","Optical waveguides;Interference;Optical variables control;Optical refraction;Adaptive optics;Optical signal processing;Optical sensors;Optical resonators;Optical imaging;High-speed optical techniques","","","","52","IEEE","19 Jun 2025","2025","","IEEE","IEEE Journals"
"Spectral Shift From Near to Far-Field Radiation in Metallic Nanoparticles","A. Irshad; Q. Sajjad; A. Parveen; M. Alam","Department of Physics, University of Poonch Rawalakot, Azad Jammu and Kashmir, Pakistan; Department of Electrical Engineering, University of Poonch Rawalakot, Azad Jammu and Kashmir, Pakistan; THz Technology Laboratory, Shenzhen Key Laboratory of Micro-nano Photonic Information Technology, Shenzhen University, Shenzhen, China; Department of Electrical Engineering, University of Poonch Rawalakot, Azad Jammu and Kashmir, Pakistan",IEEE Transactions on Nanotechnology,"14 Aug 2025","2025","24","","407","412","The interaction between light and metallic nanoparticles, driven by potential applications, requires a comprehensive understanding of the intensity and spectral shift from near-field to far-field radiation. The far-field spectra have received extensive attention, yet significant peak shifts in the near-field are often overlooked by Mie solutions, necessitating full-wave numerical solvers for accurate analysis and thus limiting a deeper understanding of near-field behavior. This work proposes an impedance-based compact solution that harnesses the fundamental relationship of voltage-current and the analogy between a series resonant circuit and the near-field to develop compact models uniquely identifying the fundamental mode near and far-field spectral shifts. The results align closely with Mie solutions in the far-field and full-wave solvers in the near-field, demonstrating a strong agreement highlighting the distance-dependent spectral shift dominating the overall response. The compact, parameter-dependent model offers valuable insights, enabling the exploitation of the distinctive near-field interactions of nanoparticles to design and develop extraordinary solutions.","1941-0085","","10.1109/TNANO.2025.3592825","","https://ieeexplore.ieee.org/stamp/stamp.jsp?arnumber=11096947","Nanoparticle;mie solution;spectral shift;near-field;far-field;resonance;impedance model","Nanoparticles;Impedance;Integrated circuit modeling;Resonance;RLC circuits;Mathematical models;Energy storage;Surface impedance;Optical scattering;Numerical models","","5","","28","IEEE","25 Jul 2025","2025","","IEEE","IEEE Journals"
"Demonstration of Ferroelectric Tunnel Field-Effect Transistor for Low Power Synapse Device","S. Go; S. Lee; J. Son; D. K. Lee; H. Noh; J. Y. Park; S. Kim; H. Ahn; S. Kim; S. Kim","Department of Electronic Engineering, Sogang University, Seoul, South Korea; Department of Electronic Engineering, Sogang University, Seoul, South Korea; Department of Electronic Engineering, Sogang University, Seoul, South Korea; Department of Electronic Engineering, Sogang University, Seoul, South Korea; Department of Electronic Engineering, Sogang University, Seoul, South Korea; Department of Electronic Engineering, Sogang University, Seoul, South Korea; Department of Electronic Engineering, Sogang University, Seoul, South Korea; Department of Electronic Engineering, Sogang University, Seoul, South Korea; Department of Electronic Engineering, Sogang University, Seoul, South Korea; Department of Electronic Engineering, Sogang University, Seoul, South Korea",IEEE Transactions on Nanotechnology,"18 Aug 2025","2025","24","","413","416","In this paper, a ferroelectric tunnel field-effect transistor (FeTFET) is demonstrated as a synapse device. The experimental results clearly show that there are several merits in FeTFET as a synapse device comparing with the FeFET. First, the FeTFET shows the ∼3 orders lower drain current than the FeFET thanks to the different carrier injection mechanism (i.e., band-to-band tunneling). Second, the memory window of FeTFET (1.48 V) is ∼1.5 times larger than the FeFET (0.95 V) due to an enhanced erase efficiency. As a result, the FeTFET shows the better training accuracy (∼91.5% ) even with the ∼25 times lower energy consumption (∼0.16 mJ) comparing with the FeFET (∼90.4% accuracy with 4.06 mJ energy consumption). Lastly, the FeTFET shows a good retention property (> 10 years) with a ∼107 endurance characteristic. In short, the FeTFET can be a promising candidate for a low-power synapse device.","1941-0085","","10.1109/TNANO.2025.3595532","Samsung(grant numbers:IO220808-01765-01); National Research Foundation; Ministry of Science and ICT, South Korea(grant numbers:NRF-2022R1A2C2092727,RS-2024-00408115); MSIT, Korea; ITRC support Program(grant numbers:IITP-2025-RS-2023-00260091); IITP; ","https://ieeexplore.ieee.org/stamp/stamp.jsp?arnumber=11112539","Synapse device;ferroelectric tunnel field-effect transistor (FeTFET);erase efficiency;memory window;accuracy;low energy consumption","FeFETs;Synapses;Logic gates;Energy consumption;Switches;Solids;Capacitors;Tunneling","","","","46","IEEE","4 Aug 2025","2025","","IEEE","IEEE Journals"
"Thermoelectric Modules Using Earth-Abundant Elements: The Case of Zn, Cu, Al, O, and S","C. -L. Hsin; K. -C. Yang; C. -E. Hong","Department of Electrical Engineering, National Central University, Taoyuan, Taiwan; Department of Electrical Engineering, National Central University, Taoyuan, Taiwan; Department of Electrical Engineering, National Central University, Taoyuan, Taiwan",IEEE Transactions on Nanotechnology,"18 Aug 2025","2025","24","","417","420","Thermal waste heat scavenging has garnered significant attention in recent decades. In this study, we developed a thermoelectric module using earth-abundant elements and evaluated its power conversion performance over a temperature range of 40 to 250 °C. The n-type pillars were fabricated from Al-doped ZnO, while the p-type pillars consisted of a CuS/ZnO alloy. Both types of pillars were sintered in a furnace, and their respective figures of merit were measured up to 250 °C. The module, composed of 45 pairs of these pillars, demonstrated notable power conversion capabilities. Our experimental results highlight a cost-effective approach to manufacturing thermoelectric modules with earth-abundant elements, presenting a viable alternative to conventional methods that rely on expensive materials and complex fabrication processes.","1941-0085","","10.1109/TNANO.2025.3595009","National Science and Technology Council, Taiwan(grant numbers:112-2221-E-008-014-MY3,108-2221-E-008-048-); ","https://ieeexplore.ieee.org/stamp/stamp.jsp?arnumber=11107300","Thermoelectric module;earth-abundant elements;Al-doped ZnO;CuS/ZnO alloy;figure of merit ZT","Temperature measurement;Conductivity;Thermal conductivity;Metals;Thermal resistance;Conductivity measurement;Zinc oxide;II-VI semiconductor materials;Resistance heating;Electric variables measurement","","","","19","IEEE","1 Aug 2025","2025","","IEEE","IEEE Journals"
"Enhancement of Functionalized 1T-NbS2 Monolayer Properties for the Superior Anode of Na-Ion Batteries","J. T K; A. K. Yadav; G. K. Maurya; V. Garg; S. K. Pandey","Department of Electronics and Communication Engineering, National Institute of Technology Karnataka, Surathkal, India; Department of Electronics and Communication Engineering, National Institute of Technology Karnataka, Surathkal, India; Department of Electronics and Communication Engineering, School of Engineering, SR University, Warangal, India; Department of Electronics Engineering, Sardar Vallabhbhai National Institute of Technology, Surat, India; Department of Electronics and Communication Engineering, National Institute of Technology Karnataka, Surathkal, India",IEEE Transactions on Nanotechnology,"21 Aug 2025","2025","24","","421","427","One of the most important factors influencing the performance of Na-ion batteries (NIBs) is the anode’s quality. Currently, NIB anodes have numerous disadvantages, including low capacity, rapid volume change, temperature variable conductivity and poor thermal/chemical stability. In this work, the electronic and transport properties of undoped, doped and defective 1T-NbS2 monolayers were investigated using density functional theory calculations. The maximum quantum capacitance of 1T-NbS2 with S-vacancy (VS-NbS2) changes from 20.49 to 16.92 μF/cm2 across temperature ranges of 200 K to 1000 K, indicating its suitability as anode with temperature-stable capacity. The 1T-NbS2 monolayers exhibit high electrical conductivity with less than 6% fluctuation across a temperature range of 200 K to 1000 K, indicating thermally stable conductance. The 1T-NbS2 layered structure has substantially larger interlayer spacing of 0.615 nm than the size of Na ion (0.095 nm), as well as a relatively tiny variation (0.05 eV for VS-NbS2) in cohesive energies between sodiated and de-sodiated phases, making it a good choice for anodes. For VS-NbS2, the seebeck coefficient ranges from -5 to -40 μV/K, which is often obtained by the most commonly used Na-metal anode, demonstrating its appropriateness as anode. According to our findings, 1T-NbS2 is a great option for thermally stable NIB electrode applications.","1941-0085","","10.1109/TNANO.2025.3597001","Science and Engineering Research Board; Department of Science and Technology, Ministry of Science and Technology, India(grant numbers:SRG/2020/001085); ","https://ieeexplore.ieee.org/stamp/stamp.jsp?arnumber=11119765","Density functional theory calculation;niobium disulfide anode;WIEN2k;quantum capacitance;Na-ion battery","Quantum capacitance;Batteries;Dielectrics;Conductivity;Anodes;Lattices;Doping;Fermi level;Thermal stability","","","","60","IEEE","7 Aug 2025","2025","","IEEE","IEEE Journals"
"Experimental Evaluation of High-Performance Humidity Sensing With Extended Detection Range Using PEDOT:PSS/SnO2/ZnO Double Heterojunction Layers","P. Chellamuthu; K. Savarimuthu; G. N. Alsath M; T. Arumugam","Department of ECE, CEG, Anna University, Chennai, Tamilnadu, india; Department of ECE, CEG, Anna University, Chennai, Tamilnadu, india; Department of ECE, CEG, Anna University, Chennai, Tamilnadu, india; Department of ECE, Chennai Institute of Technology, Chennai, Tamilnadu, india",IEEE Transactions on Nanotechnology,"5 Sep 2025","2025","24","","428","433","For the first time, a flower-like tin oxide (SnO2) nanosheet was integrated onto a tailored zinc oxide (ZnO) nanosheet array, creating SnO2/ZnO heterostructure films on a Fluorine Tin Oxide (FTO) substrate via a hydrothermal method. A hole-collecting layer of Poly(3,4-ethylenedioxythiophene): poly(styrenesulfonate) PEDOT:PSS was spin-coated onto the SnO2 layer, forming a PEDOT:PSS/SnO2/ZnO double heterostructure. The crystallite sizes of SnO2 (S-sensor), ZnO (Z-sensor), and SnO2/ZnO (S/Z-sensor) were measured at 4.08 nm, 20.60 nm, and 22.25 nm, respectively. Structural, morphological, optical, and electrical properties were analyzed using X-Ray Diffraction (XRD), Field Emission Scanning Electron Microscopy (FESEM), Ultraviolet–Visible (UV–Vis) Spectroscopy (UV), and photoconductivity studies. The heterostructure formation was confirmed, with a dominant peak at the 101 plane. The bandgap, photoconductivity, and impedance reduction were determined to be 2.36 eV (Electron Volt), 0.45 V (Volt), and 1.51 kΩ, respectively. Humidity sensing experiments at room temperature revealed that the SnO2/ZnO heterostructure exhibited superior performance, with a sensitivity of 90.8%. The S/Z sensor demonstrated a broad relative humidity (RH) detection range (10–97% RH), low hysteresis (7.1%), fast response (3 seconds), and quick recovery (12 seconds). Additionally, the sensor maintained stability over seven humidity measurement cycles. These findings highlight the potential of the PEDOT: PSS/SnO2/ZnO double heterostructure for advanced humidity sensing applications.","1941-0085","","10.1109/TNANO.2025.3601383","","https://ieeexplore.ieee.org/stamp/stamp.jsp?arnumber=11134057","Hydrothermal;double heterostructure;hole collecting layer;humidity sensor;sensitivity","Humidity;Zinc oxide;II-VI semiconductor materials;Sensitivity;X-ray scattering;Heterojunctions;Thermal stability;Temperature sensors;Resistance;Metals","","2","","19","IEEE","21 Aug 2025","2025","","IEEE","IEEE Journals"
"Gate Tunable Retention in Optoelectronic Synapses Using Oxide Semiconductor Thin Film Transistors","R. Oommen; A. S B; A. R.; G. G; A. R Nair","Department of Electronics and Communication Engineering, National Institute of Technology Calicut, Kozhikode, Kerala, India; Department of Electronics and Communication Engineering, National Institute of Technology Calicut, Kozhikode, Kerala, India; Department of Electronics and Communication Engineering, National Institute of Technology Calicut, Kozhikode, Kerala, India; Department of Electronics and Communication Engineering, National Institute of Technology Calicut, Kozhikode, Kerala, India; Department of Electronics and Communication Engineering, National Institute of Technology Calicut, Kozhikode, Kerala, India",IEEE Transactions on Nanotechnology,"5 Sep 2025","2025","24","","434","438","In this work we propose a biasing scheme to modulate the retention behavior of oxide semiconductor based optoelectronic synapses. The method has been demonstrated using a zinc oxide thin film transistor, which exhibits persistent photoconductivity to UV light. The application of a negative gate bias prevents the recombination of photo-generated carriers, leading to a negligible decay in the post synaptic current and consequently, the retention time could extend beyond $10^{5}$s. The improvement in memory retention is observed in various synaptic functions such as short-term memory, long-term memory, duration-time-dependent plasticity and paired pulse facilitation. A five fold improvement in the % decay of post synaptic current was observed at $V_{gs}$ = −5 V, when compared to $V_{gs}$ = +5 V. Furthermore, we have assessed the impact of these improved retention properties on the performance of an artificial neural network, designed for pattern recognition of MNIST handwritten digits. The accuracy decayed drastically with time from 96% to nearly 40% at $V_{gs}$ = +5 V whereas it drops to only 94% at $V_{gs}$ = −5 V.","1941-0085","","10.1109/TNANO.2025.3602073","National Institute of Technology Calicut(grant numbers:FRG/2022/ECED_04); ","https://ieeexplore.ieee.org/stamp/stamp.jsp?arnumber=11134845","Optoelectronic synapses;neuromorphic computing;metal oxide semiconductors;persistent photoconductivity;thin film transistor;retention","Zinc oxide;II-VI semiconductor materials;Logic gates;Thin film transistors;Synapses;Voltage measurement;Optical pulses;Depression;Current measurement","","","","33","IEEE","25 Aug 2025","2025","","IEEE","IEEE Journals"
"Towards Design-Technology Co-Optimization for Nanosheet Transistors With Backside Contact","S. Wang; P. Ren; Y. Zhang; M. Yang; R. Wang; Z. Ji","National Key Laboratory of Advanced Micro and Nano Manufacture Technology, Shanghai Jiao Tong University, Shanghai, China; National Key Laboratory of Advanced Micro and Nano Manufacture Technology, Shanghai Jiao Tong University, Shanghai, China; National Key Laboratory of Advanced Micro and Nano Manufacture Technology, Shanghai Jiao Tong University, Shanghai, China; School of Computer Science and Technology, Tongji University, Shanghai, China; School of Integrated Circuits, Peking University, Beijing, China; National Key Laboratory of Advanced Micro and Nano Manufacture Technology, Shanghai Jiao Tong University, Shanghai, China",IEEE Transactions on Nanotechnology,"11 Sep 2025","2025","24","","439","444","Nanosheet transistors has emerged as a potential structure of semiconductor technology. The introduction of Wrapped-Around Contact (WAC) and Backside Power Delivery Network, particularly the Backside Contact (BSC) in nanosheet transistors, has effectively promotes further scaling. This work contributes to design technology co-optimization (DTCO) for BSC technology by comprehensively exploring the impact of structural innovation, process parameters and dimension parameters. Through electro-thermal coupling simulations, we reveal the significant advantages of Backside Contact with WAC structure in terms of electrothermal properties compared to conventional structures. We also investigate the impact of contact resistivity, contact thermal resistivity, sheet width and number on device and circuit performance. This work provides an inspiration to optimize electro-thermal performance under advanced nodes.","1941-0085","","10.1109/TNANO.2025.3599842","National Key Research and Development Program of China(grant numbers:2023YFB4402204); National Natural Science Foundation of China(grant numbers:T2293704,T2293700); ","https://ieeexplore.ieee.org/stamp/stamp.jsp?arnumber=11128993","Backside power delivery network;wrapped-around contact;BS-WAC;contact resistivity;contact thermal resistivity;DTCO","Ions;Thermal resistance;Conductivity;Performance evaluation;Metals;Transistors;Nanoscale devices;Logic gates;Epitaxial growth;Standards","","","","36","IEEE","18 Aug 2025","2025","","IEEE","IEEE Journals"
"Oxide-Trapped-Charge-Induced Gate-Diagonal Tunneling Suppression of Gate-Normal Tunnel Field-Effect Transistors","K. M. Koo; J. S. Woo; W. Y. Choi","Department of Electronic Engineering, Sogang University, Seoul, South Korea; Department of Electrical and Computer Engineering and the Inter-university Semiconductor Research Center (ISRC), Seoul National University, Seoul, South Korea; Department of Electrical and Computer Engineering and the Inter-university Semiconductor Research Center (ISRC), Seoul National University, Seoul, South Korea",IEEE Transactions on Nanotechnology,"11 Sep 2025","2025","24","","445","451","We analyze the suppression of gate-diagonal tunneling by an oxide-trapped charge in gate-normal tunneling field effect transistors (TFETs). It is observed that the gate-diagonal tunneling occurring ahead of gate-normal tunneling can be alleviated by trapping electrons in the gate insulator over the channel region. Oxide-trapped charges can be generated by process technologies or hot carrier injections. Because the trapped electrons screen the gate voltage effectively and weaken the gate controllability over the gate-diagonal tunneling region, the achieved subthreshold swing and on-current are 27-% lower and 2.89x higher than those of conventional gate-normal TFETs, respectively.","1941-0085","","10.1109/TNANO.2025.3605557","Ministry of Science and ICT, South Korea(grant numbers:RS-2024-00402495,NRF-2021R1A2C1007931); BK21 FOUR program of the Education and Research Program for Future ICT Pioneers; National University in 2025; ","https://ieeexplore.ieee.org/stamp/stamp.jsp?arnumber=11147137","Tunnel FET (TFET);gate-normal TFET;band-to-band tunneling (BTBT);subthreshold swing (SS);gate-diagonal tunneling","Logic gates;TFETs;Tunneling;Electrons;Voltage control;Insulators;Electron traps;Epitaxial growth;Artificial intelligence","","","","42","IEEE","2 Sep 2025","2025","","IEEE","IEEE Journals"
"Linear, Non-Linear, and Ferroelectric Behavior in 0–3 Nanoparticle-Polymer Dielectrics of Ba(Ti, MV)O3 (M = Nb, Ta)","J. Lombardi; F. Reza; N. Farahmand; R. Deol; N. Batra; J. E. Spanier; C. K. McGinn; I. Kymissis; S. O’Brien","Department of Chemistry and Biochemistry, The City College of New York, The City University of New York, New York, NY, USA; CUNY Graduate Center, New York, NY, USA; CUNY Graduate Center, New York, NY, USA; Department of Electrical Engineering, Columbia University, New York, NY, USA; Department of Electrical Engineering, Columbia University, New York, NY, USA; Department of Mechanical Engineering and Mechanics, Drexel University, Philadelphia, PA, USA; Department of Computer and Electrical Engineering, University of Illinois Chicago, Chicago, IL, USA; Department of Electrical Engineering, Columbia University, New York, NY, USA; Department of Chemistry and Biochemistry, and The CUNY Energy Institute, The City College of New York, The City University of New York, New York, NY, USA",IEEE Transactions on Nanotechnology,"30 Sep 2025","2025","24","","452","461","Nanodielectrics based upon nanoscale Ba(Ti, MV)O3, where M = Nb or Ta, were prepared and electrically characterized for their potential use as a high permittivity dielectric layer. Nanocrystals of Ba(Ti, Nb)O3 (BTNO) and Ba(Ti, Ta)O3 (BTTO) of average size 20 nm (range 10–50 nm) with a non-centrosymmetric (polarizable) crystal structure were synthesized, dispersed in alcohol solvents and blended with three polymers of known but differing dielectric and electromechanical behavior: Polyvinylpyrrolidone (PVP), Polyfurfuryl alcohol (PFA) and Polyvinylidene fluoride–trifluoroethylene (PVDF-TrFE). 0–3 nanoparticle-polymer pressed pellets, films and metal-insulator-metal devices were prepared for electrical characterization. Analysis of the Ba(Ti, MV)O3-PVP and Ba(Ti, MV)O3 -PFA composites showed a high effective permittivity, low loss, low leakage and voltage tolerance, demonstrating the capability for high energy density capacitance. Effective permittivity, of 52 (BTNO-PFA) and 42 (BTTO-PFA) for pellet nanocomposites and 32 (BTNO-PVP) and 20 (BTNO-PVP) film nanocomposites were observed at 1 MHz respectively. Voltage breakdown strengths of 2133 V/mm (BTNO) and 833 V/mm (BTTO) were demonstrated respectively (threshold 0.1 μA). Linear and non-linear dielectric behavior was studied by polarization-electric field (P-E) hysteresis measurements. Nanocomposites of BTNO-PVDF-TrFE were prepared to assess the viability of making ferroelectric nanocomposites over a range of polymer-nanoparticle volume fractions.","1941-0085","","10.1109/TNANO.2025.3606832","Army Research Office(grant numbers:W911NF-19-2-0119); PSC CUNY Research Awards Program; National Science Foundation through NSF(grant numbers:1461499,2112550,2151945); ","https://ieeexplore.ieee.org/stamp/stamp.jsp?arnumber=11152603","Nanodielectrics;nanocomposites;capacitors;ferroelectrics;perovskites","Nanocomposites;Nanoscale devices;Plastics;Dielectrics;Permittivity;Ethanol;Urban areas;Polymers;Films;Electrodes;Capacitors","","","","75","IEEE","5 Sep 2025","2025","","IEEE","IEEE Journals"
"An Ultra-Low Power 1.2 pJ/Spike Fully CMOS Spiking Neuron and Its Application","P. Kumar; R. K. Ranjan; S. -M. Kang","Department of Electrical and Electronics Engineering, BITS Pilani, Pilani, Rajasthan 333031, India; Department of Electronics Engineering, IIT(ISM), Dhanbad, Jharkhand 826007, India; Baskin School of Engineering, University of California at Santa Cruz, Santa Cruz, CA, USA",IEEE Transactions on Nanotechnology,"2 Oct 2025","2025","24","","462","468","Electronic neurons, such as integrate-and-fire models and memristor synapses, are key components of energy-efficient spiking neural network (SNN) systems. Current silicon-based models face challenges due to high transistor counts, large footprints, and excessive energy consumption. This brief presents a low-transistor count, energy-efficient neuron design. Our spiking signal-generating circuit consumes approximately 1.2 pJ per spike and uses a single capacitor as its only passive element, while occupying a layout area of 66.93 $\mathrm{\mu }$m × 36.12 $\mathrm{\mu }$m and operating on a 1 V power supply. We also highlight the driving capability and pattern recognition application of our proposed neuron model.","1941-0085","","10.1109/TNANO.2025.3613362","Ministry of Electronics and Information Technology; Council of Scientific and Industrial Research, India(grant numbers:70/0081/23/EMR-II); ","https://ieeexplore.ieee.org/stamp/stamp.jsp?arnumber=11176826","CMOS;Memristor;MIF-C neuron;Synapse;Neuromorphic","Neurons;Capacitors;Semiconductor device modeling;Transistors;Integrated circuit modeling;Depression;Threshold voltage;Memristors;Low voltage;Synapses","","1","","20","IEEE","23 Sep 2025","2025","","IEEE","IEEE Journals"
"QSBMs: Lightweight Quantized Simulated Bifurcation Ising Machines","T. Zhang; J. Han","Department of Electrical and Computer Engineering, University of Alberta, Edmonton, AB, Canada; Department of Electrical and Computer Engineering, University of Alberta, Edmonton, AB, Canada",IEEE Transactions on Nanotechnology,"22 Dec 2025","2025","24","","469","480","Ising machines have shown great potential as efficient domain-specific accelerators for solving combinatorial optimization problems (COPs). Derived from quantum mechanics, simulated bifurcation (SB) achieves massive parallelism in updating the spin states in an Ising machine. Although SB speeds up the search for a solution compared to traditional simulated annealing, it requires more hardware resources since continuous variables are used for the positions of oscillators to obtain discrete spin states. In this article, lightweight quantized SB Ising machines (QSBMs) are developed to achieve a better tradeoff between search performance and hardware efficiency. In various quantization schemes, ternary and multiple-value quantized SB (qSB) algorithms discretize the position variables for the multiply-and-accumulate (MAC) operations in SB. The ternary qSB with dynamic threshold settings converts the MAC into addition, while uniform and logarithmic quantization schemes improve precision in the number representation when solving large-scale COPs. Three hardware-efficient QSBMs are subsequently designed with a fully connected topology. Synthesized on a Xilinx Virtex UltraScale+ field-programmable gate array (FPGA), the costly multiplication is implemented by using simple logic operators. Fully connected 2048-spin QSBMs use up to 50.8% fewer lookup tables and up to 82.5% fewer flip-flops than conventional FPGA-based SB machines. The QSBMs are superior in both long and short searches, respectively reaching 99. 1% and 98.5% of the best known solution in 1.46 ${\rm ms}$ and 0.73 ${\rm ms}$ on solving 2000-spin Ising problems.","1941-0085","","10.1109/TNANO.2025.3571388","Natural Sciences and Engineering Research Council of Canada; ","https://ieeexplore.ieee.org/stamp/stamp.jsp?arnumber=11015268","Combinatorial optimization;Ising model;Ising machine;simulated bifurcation;quantization","Quantization (signal);Oscillators;Heuristic algorithms;Bifurcation;Hardware;Annealing;Potential energy;Field programmable gate arrays;Optimization;Costs","","2","","39","IEEE","26 May 2025","2025","","IEEE","IEEE Journals"
"Memristor-Based Circuit Demonstration of Hybrid Gated Recurrent Unit for Edge Computing","X. Pu; H. Qi; G. Liu; Z. Zhang","School of Microelectronics, Hefei University of Technology, Hefei, China; School of Microelectronics, Hefei University of Technology, Hefei, China; School of Materials, Sun Yat-sen University, Shenzhen, China; School of Microelectronics, Hefei University of Technology, Hefei, China",IEEE Transactions on Nanotechnology,"3 Oct 2025","2025","24","","481","488","In industrial IoT and distributed computing environments, edge computing devices empowered by AI have seen increasing deployment in large-scale scenarios, thereby accelerating the demand for time-series data processing. The gated recurrent unit (GRU) outperforms conventional artificial neural networks (ANNs) in tasks such as natural language processing, speech recognition, and machine translation, due to its superior capability in modeling long-range dependencies in sequential data. However, the GRU model is limited by its large parameter count and structural complexity, which presents a bottleneck in hardware circuit implementation. To this end, a memristor-based hybrid gated recurrent unit (HGRU) is proposed, which reduces the parameter count to 67% of the original GRU and shortens the single-step computation latency by 50%, while maintaining complete circuit functionality. Finally, the proposed memristor-based HGRU circuit model is evaluated on the MNIST digit recognition and IMDB sentiment analysis tasks, achieving recognition accuracies of 97% and 86.2%, respectively. Under equivalent parameter settings, it achieves runtime reductions of 37% and 52% compared to the standard GRU, thereby significantly enhancing computational efficiency.","1941-0085","","10.1109/TNANO.2025.3614198","Natural Science Foundation of Anhui Province(grant numbers:2308085MF207); ","https://ieeexplore.ieee.org/stamp/stamp.jsp?arnumber=11178214","Edge computing;HGRU;memristor;time-series analysis;in-memory computing;RNN","Logic gates;Memristors;Computer architecture;Computational modeling;Integrated circuit modeling;Artificial intelligence;DH-HEMTs;Parallel processing;Long short term memory","","","","18","IEEE","25 Sep 2025","2025","","IEEE","IEEE Journals"
"Oblique Angle Deposition of Slanted TiO2 Columnar for UV Photodetector Application","S. S. Singh; N. K. Singh; S. Bikesh; B. Shougaijam","Department of Electronics and Communication Engineering, National Institute of Technology Nagaland, Dimapur, India; Department of Electronics and Communication Engineering, National Institute of Technology Nagaland, Dimapur, India; Department of Electronics and Communication Engineering, National Institute of Technology Manipur, Langol, India; Department of Electronics and Communication Engineering, Manipur Technical University, Imphal, India",IEEE Transactions on Nanotechnology,"10 Oct 2025","2025","24","","489","494","With the advancement of optoelectronic technology, a new evaluation of photodetectors’ (PDs’) performance is necessary for next-generation sensing applications. This study uses the e-beam evaporation approach to produce slanted titanium dioxide columnar (TiO2-COL) on the Si substrate, with a constant deposition angle of ∼ 61°. The morphology, structural, and optical properties of the fabricated TiO2-COL samples were examined. Successful growth of the slanted TiO2-COL structure is demonstrated by field emission scanning electron microscopy (FE-SEM). Furthermore, XRD analyses reveal that TiO2-COL has an amorphous nature. Optical characterization reveals that the fabricated sample exhibits high absorption intensity in the UV region, for demonstrating a potential UV photodetector application. The TiO2-COL based PD that was deposited obliquely displayed I-V curves that demonstrated a distinct photovoltaic mode and an extremely low dark current of a few nanoamperes. Moreover, at ∼ 320 nm, the device exhibits a self-powered UV light response with a responsivity value of around ∼ 1.3 mA/W. In addition, this TiO2-COL based photodetector device demonstrates a remarkable detectivity and noise-equivalent-power (NEP) and rise time/fall time of ∼ 4.63 × 1010 Jones, ∼ 6.06 × 10−11 W and ∼ 0.305/0.184 sec, respectively, at −0.1 V. Therefore, this novel idea of a slanted TiO2-COL structure promotes effective light management and offers a reliable route for creating Low-powered UV PDs.","1941-0085","","10.1109/TNANO.2025.3616005","Anusandhan National Research Foundation; Science and Engineering Research Board(grant numbers:ECR/2018/000834); ","https://ieeexplore.ieee.org/stamp/stamp.jsp?arnumber=11185124","E-beam;OAD;responsivity;TiO2;UV photodetector","Titanium dioxide;Substrates;Optical device fabrication;Morphology;Evaporation;Optical films;Absorption;Surface morphology;Silicon;Optical sensors","","1","","49","IEEE","1 Oct 2025","2025","","IEEE","IEEE Journals"
"sETNM: Soft-Error-Tolerant Nonvolatile MRAM for Space Applications","G. Prasad; S. T. Swain","Department of Electrical and Electronics Engineering, Birla Institute of Technology and Science (BITS), Pilani, Pilani Campus, Pilani, Rajasthan, India; Department of Electrical and Electronics Engineering, Birla Institute of Technology and Science (BITS), Pilani, Pilani Campus, Pilani, Rajasthan, India",IEEE Transactions on Nanotechnology,"15 Oct 2025","2025","24","","495","499","Static random access memory (SRAM) is widely used for its infinite configurability and high performance. However, magnetic RAM (MRAM) is gaining importance in the industry due to its zero leakage, non-volatility, and high radiation reliability. SRAM is susceptible to radiation-induced soft errors, a problem that MRAM mitigates due to its inherent resistance to such errors. Previously, MRAM has been used in various applications, including data storage, but challenges remained in optimizing its design for radiation resilience. In this paper, we have proposed MRAM structure for radiation applications featuring an advanced sense amplifier and precharge circuit. This new MRAM structure provides enhanced radiation hardening with better performance, making it suitable for critical applications in space and other radiation-prone environments.","1941-0085","","10.1109/TNANO.2025.3617228","","https://ieeexplore.ieee.org/stamp/stamp.jsp?arnumber=11189872","MRAM;MTJ;soft error;SRAM;STT-MRAM","Random access memory;Integrated circuit modeling;Transistors;Semiconductor device modeling;Reliability;Magnetic tunneling;Logic;Field programmable gate arrays;Table lookup;SRAM chips","","","","19","CCBY","2 Oct 2025","2025","","IEEE","IEEE Journals"
"Statistical Investigation of Al$_{2}$O$_{3}$ Insertion Layer on the Endurance of Hf$_{0.5}$Zr$_{0.5}$O$_{2}$ Films: Abrupt Endurance Degradation and Mechanism","H. Ye; X. Lai; X. Zhu; J. Liu; X. Pan; Y. Xie; L. Ji; K. Xi; T. Gong; Y. Qiu","Shanghai Aerospace Electronic Technology Institute, Shanghai, China; Shanghai Aerospace Electronic Technology Institute, Shanghai, China; Shanghai Institute of Satellite Engineering, Shanghai, China; State Key Lab of Fabrication Technologies for Integrated Circuits, Institute of Microelectronics, Chinese Academy of Sciences, Beijing, China; State Key Lab of Fabrication Technologies for Integrated Circuits, Institute of Microelectronics, Chinese Academy of Sciences, Beijing, China; State Key Lab of Fabrication Technologies for Integrated Circuits, Institute of Microelectronics, Chinese Academy of Sciences, Beijing, China; State Key Lab of Fabrication Technologies for Integrated Circuits, Institute of Microelectronics, Chinese Academy of Sciences, Beijing, China; State Key Lab of Fabrication Technologies for Integrated Circuits, Institute of Microelectronics, Chinese Academy of Sciences, Beijing, China; State Key Lab of Fabrication Technologies for Integrated Circuits, Institute of Microelectronics, Chinese Academy of Sciences, Beijing, China; Shanghai Aerospace Electronic Technology Institute, Shanghai, China",IEEE Transactions on Nanotechnology,"20 Oct 2025","2025","24","","500","503","In this work, the effect of ultrathin Al$_{\bm {2}}$O$_{\bm {3}}$ insertion layer on the endurance characteristics of Hf$_{\bm {0.5}}$Zr$_{\bm {0.5}}$O$_{\bm {2}}$ (HZO) layer is statistically investigated. It was found that the ultrathin Al$_{\bm {2}}$O$_{\bm {3}}$ insertion layer will not improve or reduce the endurance of HZO devices within the low operation voltage range. However, an abrupt endurance degradation phenomenon is observed when increasing the operation voltage to a specific value and the endurance of HZO/Al$_{\bm {2}}$O$_{\bm {3}}$ layer is sharply lower than HZO device. This phenomenon is finally explained by the leakage-current-assist polarization switching mechanism after quantitatively extracting the continuous charge density during the polarization switching by pulse measurement. The findings of this work provide a deep understanding of the endurance failure mechanism of Ferroelectric/Dielectric (FE/DE) devices and are helpful for the reliability investigation of the gate stack in Fe-FET.","1941-0085","","10.1109/TNANO.2025.3611601","MOST of China(grant numbers:2022YFB3608400); National Natural Science Foundation of China(grant numbers:62004215); Young Elite Scientists Sponsorship Program through CAST(grant numbers:2022QNRC001); Youth Innovation Promotion Association of the Chinese Academy of Sciences(grant numbers:2020120,2023127); ","https://ieeexplore.ieee.org/stamp/stamp.jsp?arnumber=11172349","Endurance;ferroelectric/dielectric (FE/DE);leakage-current-assist polarization switching;statistical investigation","Aluminum oxide;Voltage control;Switches;Films;Degradation;Pulse measurements;Ion beams;Dielectrics;Weibull distribution","","","","15","IEEE","18 Sep 2025","2025","","IEEE","IEEE Journals"
"Numerical Modeling and Analysis of Photoresponse in Graphene-Based PIN Junction Devices","V. Sharma; J. K. Tapar; O. Badami; N. K. Emani","Department of Electrical Engineering, Indian Institute of Technology Hyderabad, Sangareddy, India; Department of Electrical Engineering, Indian Institute of Technology Hyderabad, Sangareddy, India; Department of Electrical Engineering, Indian Institute of Technology Hyderabad, Sangareddy, India; Department of Electrical Engineering, Indian Institute of Technology Hyderabad, Sangareddy, India",IEEE Transactions on Nanotechnology,"21 Oct 2025","2025","24","","504","509","This work presents a comprehensive numerical framework for modeling the photoresponse of monolayer graphene-based photodetectors, by solving Poisson’s and current continuity equations self-consistently. The framework accurately captures both electrostatic potential and carrier transport phenomena in graphene-metal junctions and is validated against experimental data. By implementing a PIN junction architecture, a “staircase” potential profile is formed in the device leading to local electric fields on the order of 105 V/cm, significantly enhancing carrier separation and drift current. Our simulation results indicate that the PIN junction yields a 40x increase in responsivity compared to conventional sheet-based graphene devices. This highlights the potential of the PIN junction-based approach for developing advanced, tunable, broadband graphene photodetectors. The developed numerical framework offers a powerful tool for photodetector optimization, enabling systematic exploration of structural parameters and operating conditions.","1941-0085","","10.1109/TNANO.2025.3610119","SERB-Core Research(grant numbers:CRG/2022/004062); Department of Science and Technology, India - National Quantum Mission(grant numbers:DST/QTC/NQM/QComm/2024/2); Government of India; Core Research(grant numbers:CRG/2022/004062); National Quantum Mission Project; Government of India; ","https://ieeexplore.ieee.org/stamp/stamp.jsp?arnumber=11165077","Graphene photodetectors;graphene PIN junction;photoresponse enhancement;self-consistent numerical analysis;tunable optoelectronics","Graphene;Junctions;Electric fields;Logic gates;Photoconductivity;Photodetectors;Mathematical models;Electrostatics;Numerical models;Voltage measurement","","1","","33","IEEE","16 Sep 2025","2025","","IEEE","IEEE Journals"
"Enhancing Contrast and Resolution for Electron-Beam Lithography on Insulating Substrates","D. Kumar; C. Meyers; R. L. Smith; J. T. Hastings","Department of Electrical and Computer Engineering, University of Kentucky, Lexington, KY, USA; Department of Electrical and Computer Engineering, University of Kentucky, Lexington, KY, USA; Department of Electrical and Computer Engineering, University of Kentucky, Lexington, KY, USA; Department of Electrical and Computer Engineering, University of Kentucky, Lexington, KY, USA",IEEE Transactions on Nanotechnology,"28 Oct 2025","2025","24","","510","517","We report on the effect of ambient gas on the contrast and the resolution of electron beam lithography (EBL) in gaseous environments on insulating substrates. Poly(methyl methacrylate) (PMMA) films were exposed in an environmental scanning electron microscope using a 30 keV electron-beam under 1 mbar pressure of helium, water, nitrogen, and argon. We found that the choice of ambient gas results in significant variations in contrast, and the clearing dose increases with the gases’ molecular weight and proton number, consistent with the increase in scattering cross-section. Significantly higher contrast values are obtained for exposure under helium and are accompanied by improved sensitivity. Despite higher sensitivity, helium exhibited the best resolution with 20-nm half-pitch dense lines and spaces. However, water vapor offered a larger process window, particularly on fused silica substrates. We also provide evidence to support our hypothesis that higher sensitivity stems from effective charge dissipation. Thus, for EBL on insulating substrates, helium and water vapor may be desirable choices for charge dissipation depending on the substrate and process conditions.","1941-0085","","10.1109/TNANO.2025.3621301","National Science Foundation(grant numbers:CMMI-2135666); University of Kentucky Center for Nanoscale Science and Engineering and Electron Microscopy Center; National Nanotechnology Coordinated Infrastructure(grant numbers:NNCI-2025075); ","https://ieeexplore.ieee.org/stamp/stamp.jsp?arnumber=11202715","Electron beam lithography;nanofabrication;enhanced contrast;high-resolution;insulating substrates","Substrates;Resists;Electrons;Helium;Electron beams;Lithography;Films;Scattering;Sensitivity;Silicon dioxide","","","","41","IEEE","14 Oct 2025","2025","","IEEE","IEEE Journals"
"Power-Balanced Memristive Cryptographic Implementation Against Side Channel Attacks","Z. Chen; L. -W. Chen; X. Zhao; K. Li; H. Krüger; I. Polian; N. Du","Institute for Solid State Physics, Friedrich Schiller University Jena, Jena, Germany; Institute of Computer Science, Computer Engineering, University of Stuttgart, Stuttgart, Germany; Institute for Solid State Physics, Friedrich Schiller University Jena, Jena, Germany; Institute for Solid State Physics, Friedrich Schiller University Jena, Jena, Germany; Institute for Solid State Physics, Friedrich Schiller University Jena, Jena, Germany; Institute of Computer Science, Computer Engineering, University of Stuttgart, Stuttgart, Germany; Institute for Solid State Physics, Friedrich Schiller University Jena, Jena, Germany",IEEE Transactions on Nanotechnology,"31 Oct 2025","2025","24","","518","528","Memristors, as emerging nano-devices, offer promising performance and exhibit rich electrical dynamic behavior. Having already found success in applications such as neuromorphic and in-memory computing, researchers are now exploring their potential for cryptographic implementations. In this study, we present a novel power-balanced hiding strategy utilizing memristor groups to conceal power consumption in cryptographic logic circuits. Our approach ensures consistent power costs of all 16 logic gates in Complementary-Resistive-Switching-with-Reading (CRS-R) logic family during writing and reading cycles regardless of Logic Input Variable (LIV) values. By constructing hiding groups, we enable an effective power balance in each gate hiding group. Furthermore, experimental validation of our strategy includes the implementation of a cryptographic construction, xor4SBox, using hiding groups containing NOR gates. The circuit construction without the hiding strategy and with the hiding strategy undergo Test Vector Leakage Assessment (TVLA) based on T-test, confirming the significant improvement achieved with our approach. To address the extensive data requirements necessitated by the T-test, simulated power traces are employed. Our work presents a substantial advancement in power-balanced hiding methods, offering enhanced security and efficiency in logic circuits.","1941-0085","","10.1109/TNANO.2025.3623307","Deutsche Forschungsgemeinschaft(grant numbers:DU 1896/2-1,PO 1220/15-1); Nano Security; ","https://ieeexplore.ieee.org/stamp/stamp.jsp?arnumber=11207550","Memristive technology;CRS-R logic family;Boolean logic gate;side-channel attacks;power-balanced hiding strategy;cryptographic circuits","Memristors;Resistance;Logic gates;Cryptography;Power demand;Logic;Voltage control;Switches;Electric potential;Side-channel attacks","","","","40","IEEE","20 Oct 2025","2025","","IEEE","IEEE Journals"
"Large-Area Field Enhancement via Plasmonic Hot-Grid in Nanocube Arrays","A. Lee; S. Carrillo; Y. S. Shon; A. Ahmed","Department of Electrical Engineering, California State University Long Beach, Long Beach, CA, USA; Department of Mechanical and Aerospace Engineering, California State University Long Beach, Long Beach, CA, USA; Department of Chemistry and Biochemistry, California State University Long Beach, Long Beach, CA, USA; Department of Electrical Engineering, California State University Long Beach, Long Beach, CA, USA",IEEE Transactions on Nanotechnology,"31 Oct 2025","2025","24","","529","536","Plasmonic nanoparticles have attracted considerable attention due to their ability to amplify local electric fields and generate hot-spots. These hot-spots are highly desirable for enhancing scattering and non-linear processes. Rough surfaces and sharp edges have been previously used for such applications. However, small hot-spot volume and inherent randomness limit their reliability and effectiveness. Here, we propose a design that utilizes interference of surface plasmon polaritons using array of nanocubes. We numerically study the analytical solutions of the metal-insulator-metal (MIM) geometry and conduct finite difference time domain simulations to investigate the optical response of the proposed design. The design offers over 1000-fold local field intensity enhancement which corresponds to over 106-fold Raman enhancement. We demonstrate field enhancement over a large area that we term the “hot-grid”. The design uses the propagating odd surface plasmon polariton mode of MIM geometry produced by an array of nanocubes. The extremely small gap of 1 nm produces significant field enhancement, which is further amplified by constructive interference achieved by multiple reflections, similar to a Fabry-Perot cavity. These results highlight the promise of nanocube arrays for applications that demand significant electric field enhancement, including nonlinear optics, photonics, spectroscopy, sensing, and imaging.","1941-0085","","10.1109/TNANO.2025.3622119","National Science Foundation(grant numbers:FAIN: 2137952); Office of Research and Economic Development through the 2024 Summer Student Assistantship Program; State University of Long Beach; ","https://ieeexplore.ieee.org/stamp/stamp.jsp?arnumber=11204826","Hot-spot;MIM;nanocube array;near field enhancement;plasmonics;SERS;SPP","Insulators;Electric fields;Nanoparticles;Interference;Surface waves;Reflection;Optical surface waves;Geometry;Self-assembly","","","","52","IEEE","15 Oct 2025","2025","","IEEE","IEEE Journals"
"Hybrid Graphene-Plasmonic-Based Single-Mode Metamaterial Perfect Absorber With an Ultra-Narrow Band for Hemoglobin Concentration Sensing","S. Khani","Faculty of Electrical and Computer Engineering, Semnan University, Semnan, Iran",IEEE Transactions on Nanotechnology,"7 Nov 2025","2025","24","","537","545","This paper proposes an ultra-narrow band single-mode metamaterial perfect absorber consisting of periodic square graphene split rings and gold (Au) strips at the top layer, an insulator interlayer of SiO2, and an Au base layer. The absorber designed in this paper incorporates the benefits of conventional graphene plasma and metal plasma and has two applications a perfect absorber and a refractive index sensor (RIS). The finite difference time domain method is used to study the absorption and sensing characteristics of the designed topology. The results show an absorption peak at 3.092 THz with an absorption coefficient of 97.45%, and an absorption bandwidth of 88.11 GHz is achieved. In addition, the generated narrow absorption peak can be flexibly tuned by varying the graphene layer’s chemical potential. Also, high sensitivity and FoM values of 3040 GH/RIU and 34.5 RIU-1 are obtained for the proposed RIS, respectively. The performance of the suggested RIS is analyzed to measure the hemoglobin concentration in human blood. According to the results, the offered design can be a suitable option for future optical bio-sensors for biomedical applications.","1941-0085","","10.1109/TNANO.2025.3568626","Semnan University Research(grant numbers:T14031054); ","https://ieeexplore.ieee.org/stamp/stamp.jsp?arnumber=10994443","Graphene;plasmonic;metaterial;absorber;refractive index sensor;bio-sensor","Graphene;Absorption;Metals;Optical sensors;Optical variables control;Optical refraction;Optical imaging;Biomedical optical imaging;Terahertz communications","","7","","72","IEEE","9 May 2025","2025","","IEEE","IEEE Journals"
"Low-Temperature and High-Performance Acetone Sensor Based on ZIF-67 Derived Co3O4 Modified by Functionalized Graphene","Z. Guo; J. Zhang; Z. Yuan; H. Zhu; H. Wang; F. Meng","College of Information Science and Engineering, Northeastern University, Shenyang, China; College of Information Science and Engineering, Northeastern University, Shenyang, China; State Key Laboratory of Synthetical Automation for Process Industries, College of Information Science and Engineering, Northeastern University, Shenyang, China; College of Information Science and Engineering, Northeastern University, Shenyang, China; College of Information Science and Engineering, Northeastern University, Shenyang, China; State Key Laboratory of Synthetical Automation for Process Industries, College of Information Science and Engineering, Northeastern University, Shenyang, China",IEEE Transactions on Nanotechnology,"13 Nov 2025","2025","24","","546","555","The increasing demand for gas sensors with rapid response, high selectivity, and pronounced sensitivity to trace levels of acetone is evident in both industrial processes and the clinical diagnosis of diabetes. In this study, FGO/Co3O4 sensors were synthesized using graphene chemically functionalized with hydroquinone molecules (FGO) and complexed with ZIF-67 derived Co3O4. The resultant sensors were evaluated for sensing capabilities, which revealed that the optimally formulated 1%FGO/Co3O4 sensor exhibited several advantageous traits when detecting acetone, including low operational temperature, elevated response value, and exceptionally low detection limit. Specifically, the 1%FGO/Co3O4 sensor achieved a response value of 180 to 100 ppm acetone at 100 °C and reached a detection limit of 100 ppb. The improved gas-sensitive performances are primarily contributed to the surface defects on composites, the distinctive three-dimensional structure of Co3O4, and the synergistic effect between FGO/Co3O4 after the formation of heterojunction. With excellent gas sensing properties and low power consumption levels, the FGO/Co3O4 sensor has significant potential for real-time monitoring of acetone in industrial environments and medical diagnostics.","1941-0085","","10.1109/TNANO.2025.3628301","National Natural Science Foundation of China(grant numbers:62573094); Higher Education Discipline Innovation Project(grant numbers:B16009); Fundamental Research Funds for the Central Universities in China(grant numbers:2026GFZD16,N25GFZ005); Natural Science Foundation of Liaoning Province(grant numbers:2024-MSBA-43); ","https://ieeexplore.ieee.org/stamp/stamp.jsp?arnumber=11224469","Acetone gas sensor;Co3O4;graphene;ZIF-derived metal oxides","Sensors;Temperature sensors;Gas detectors;Graphene;Resistance;Chemical sensors;Methanol;Metals;Surface morphology","","","","55","IEEE","3 Nov 2025","2025","","IEEE","IEEE Journals"
"Directional Spin Transport in Zigzag GeC Nanoribbons via Edge Engineering: A DFT-NEGF Perspective","V. Sharma; N. Bhardwaj; P. Srivastava; B. Yadav","Department of Electronics Engineering, Madhav Institute of Technology and Science (MITS), Gwalior, India; Department of Information Technology, Madhav Institute of Technology and Science (MITS), Gwalior, India; Nanomaterial Research Laboratory (NMRL), Department of Engineering Sciences, Atal Bihari Vajpayee-Indian Institute of Information Technology and Management (ABV-IIITM), Gwalior, India; Nanomaterial Research Laboratory (NMRL), Department of Engineering Sciences, Atal Bihari Vajpayee-Indian Institute of Information Technology and Management (ABV-IIITM), Gwalior, India",IEEE Transactions on Nanotechnology,"13 Nov 2025","2025","24","","556","563","Density functional theory (DFT) and non-equilibrium Green’s function (NEGF) formalism have been employed to investigate the prospects of zigzag germanium carbide nanoribbons (ZGeCNR) for spin filtering applications. We have considered total four possible configurations; firstly, symmetric edge-terminated configurations (H-ZGeCNR-H, 2H-ZGeCNR-2H) and secondly, asymmetric edge-terminated configurations (2H-ZGeCNR-H, H-ZGeCNR-2H). Based on energy calculation, we have predicted that 2H-GeCNR-H exhibits magnetic ground state with preferred ferromagnetic (FM) coupling $\Delta$E = 0.137 meV. Calculated spin-polarized $E-k$ diagram and DOS profile calculation for 2H-GeCNR-H configuration implies a unique semi-metallic character for spin-down, whereas spin-up posses a wide bandgap of 2.33eV. This interesting half-metallic (HM) behaviour of compounded group-IV nanomaterials (such as SiC, GeC) are different from group-IV elemental counterparts such as (silicene, germanene), which exhibit bipolar magnetic semiconducting behaviour upon asymmetric termination. To demonstrate the behaviour of 2H-GeCNR-H as a spin-filter, $I-V$ calculations using two probe device model was performed with both parallel (P-case) and antiparallel (AP-case) spin orientation of the electrodes. The recorded values of $I-V$, transmission spectra clearly highlight the presence of only spin-down current in the channel for both P and AP cases, indicating almost 100% spin filtering efficiency. These results warrant 2H-ZGeCNR-H applicability for high-efficiency spin filters.","1941-0085","","10.1109/TNANO.2025.3620755","","https://ieeexplore.ieee.org/stamp/stamp.jsp?arnumber=11202606","ZGeCNR;DFT-NEGF;asymmetric termination;half-metallicity;spin-filter;spintronics","Nanoribbons;Silicon carbide;Frequency modulation;Photonic band gap;Hydrogen;Graphene;Electrons;Thermal stability;Stationary state","","1","","63","IEEE","13 Oct 2025","2025","","IEEE","IEEE Journals"
"A Partial-Ground-Plane Based Silicon on Insulator Transistor for Energy-Efficient Leaky Integrate-and-Fire Neuron Realizations and Applications","M. Faizan; S. A. Loan; N. Afzal; H. I. Alkhammash","Department of Electronics and Communication Engineering, Jamia Millia Islamia, New Delhi, India; Department of Electrical Engineering, Faculty of Engineering, Islamic University of Madinah, Madinah, Saudi Arabia; Department of Electronics and Communication Engineering, Jamia Millia Islamia, New Delhi, India; Department of Electrical Engineering, College of Engineering, Taif, Saudi Arabia",IEEE Transactions on Nanotechnology,"24 Nov 2025","2025","24","","564","573","A leaky integrate-and-fire (LIF) neuron with excitatory characteristics is observed for the first time using a MOSFET with partial-ground-plane (PGP) based silicon on insulator for future neuromorphic computing, with a remarkable increase in integration density and energy consumption. Calibrated simulation demonstrates that the proposed device can accurately imitate a real neuron's spiking activity without the use of additional circuitry. Furthermore, the claimed PGP-SELBOX-MOSFET based LIF neuron, with gate length of 50 nm, exhibits a threshold voltage of 0.57 V and needs only 2.84 fJ energy to generate a spike signal, which is exceptionally low when compared to prior research. Moreover, the proposed neuron indicates a spiking frequency that falls within the gigahertz range, almost six orders of magnitude greater than the biological neurons. Additionally, reliability investigations of the n-channel PGP-MOSFET's Positive Bias Temperature Instability (PBTI) and temperature dependent reliability characteristics are carried out in this article. Moreover, the effects of SELBOX separation, PGP separation, PGP doping and temperature on the spiking voltage variations have also been investigated. We further explore the use of this neuron to develop reconfigurable threshold logic gates (TLG) that can be used to perform universal threshold logic gates like NOR and NAND. To validate its practical applicability, a multi-layer SNN was designed, which successfully achieved 92.72% accuracy in image recognition tasks using the proposed neuron.","1941-0085","","10.1109/TNANO.2025.3632531","","https://ieeexplore.ieee.org/stamp/stamp.jsp?arnumber=11245218","Partial-ground-plane (PGP);leaky -integrate- fire;spiking voltage (SV);neuromorphic computing;threshold logic gates (TLG)","Neurons;Logic gates;Silicon;Fabrication;Doping;Energy efficiency;Substrates;Ion implantation;Threshold voltage;Semiconductor process modeling","","","","40","IEEE","13 Nov 2025","2025","","IEEE","IEEE Journals"
"High Response Ethanol Gas Sensor Based on g-C3N4@SnO2 Nanocomposites","M. Ran; H. Zhu; Z. Cheng; Y. Guo; Z. Yuan; F. Meng","State Key Laboratory of Synthetical Automation for Process Industries, the College of Information Science and Engineering, Northeastern University, Shenyang, China; State Key Laboratory of Synthetical Automation for Process Industries, the College of Information Science and Engineering, Northeastern University, Shenyang, China; State Key Laboratory of Synthetical Automation for Process Industries, the College of Information Science and Engineering, Northeastern University, Shenyang, China; State Key Laboratory of Synthetical Automation for Process Industries, the College of Information Science and Engineering, Northeastern University, Shenyang, China; State Key Laboratory of Synthetical Automation for Process Industries, the College of Information Science and Engineering, Northeastern University, Shenyang, China; State Key Laboratory of Synthetical Automation for Process Industries, the College of Information Science and Engineering, Northeastern University, Shenyang, China",IEEE Transactions on Nanotechnology,"25 Nov 2025","2025","24","","574","584","This research was conducted to exploit a SnO2-based g-C3N4@SnO2 composite material by modification of SnO2 with a two-dimensional g-C3N4 material, aiming to upgrade the properties of ethanol detection. To verify the structural properties and composition of the composite, XRD, SEM, TEM and EDS techniques were employed for characterization. The findings indicate that the g-C3N4@SnO2 composites have been fabricated successfully and that g-C3N4 is efficiently modified in nanosheet form on the surface of SnO2 nanospheres. The experimental data further indicated that the g-C3N4@SnO2 composites exhibited outstanding ethanol detection performance. In particular, the optimal sensor properties were achieved at a g-C3N4 content of 10wt%. At 230 °C and 100 ppm ethanol concentration, the response value of the sensor is as high as 61, which is nearly two times higher compared to the response value of the SnO2 sensor at 250°C. Furthermore, it offers outstanding selectivity and faster response/recovery time. The notable enhancement in the sensing properties of the g-C3N4@SnO2 composites is primarily ascribed to the heterojunction formed at the interface of the g-C3N4 and SnO2 contacts, as well as the excellent catalytic properties displayed by the g-C3N4 as a two-dimensional material.","1941-0085","","10.1109/TNANO.2025.3631690","National Natural Science Foundation of China(grant numbers:62033002,62071112); Fundamental Research Funds for the Central Universities in China(grant numbers:N2201008,N2304024); Higher Education Discipline Innovation Project(grant numbers:B16009); Natural Science Foundation of Hebei Province(grant numbers:F2024501040); ","https://ieeexplore.ieee.org/stamp/stamp.jsp?arnumber=11239459","Gas sensor;g-C3N4;SnO2;heterojunction;ethanol detection","Ethanol;Nanocomposites;Sensors;Land surface temperature;Gas detectors;Porcelain;Nanomaterials;Methanol","","","","69","IEEE","11 Nov 2025","2025","","IEEE","IEEE Journals"
"Effect of Ferroelectric Width Variation on Gate-Drain Coupling in Negative Capacitance Double-Gate FinFET","J. Yao; J. Liu; Y. Zhu; Z. Hu; M. Zhang; M. Li; K. Yang; J. Chen; J. Zhang; Y. Guo","College of Integrated Circuit Science and Engineering (College of Industry-Education Integration), Nanjing University of Posts and Telecommunications, Nanjing, China; College of Integrated Circuit Science and Engineering (College of Industry-Education Integration), Nanjing University of Posts and Telecommunications, Nanjing, China; College of Integrated Circuit Science and Engineering (College of Industry-Education Integration), Nanjing University of Posts and Telecommunications, Nanjing, China; College of Integrated Circuit Science and Engineering (College of Industry-Education Integration), Nanjing University of Posts and Telecommunications, Nanjing, China; College of Integrated Circuit Science and Engineering (College of Industry-Education Integration), Nanjing University of Posts and Telecommunications, Nanjing, China; College of Integrated Circuit Science and Engineering (College of Industry-Education Integration), Nanjing University of Posts and Telecommunications, Nanjing, China; College of Integrated Circuit Science and Engineering (College of Industry-Education Integration), Nanjing University of Posts and Telecommunications, Nanjing, China; College of Integrated Circuit Science and Engineering (College of Industry-Education Integration), Nanjing University of Posts and Telecommunications, Nanjing, China; College of Integrated Circuit Science and Engineering (College of Industry-Education Integration), Nanjing University of Posts and Telecommunications, Nanjing, China; College of Integrated Circuit Science and Engineering (College of Industry-Education Integration), Nanjing University of Posts and Telecommunications, Nanjing, China",IEEE Transactions on Nanotechnology,"22 Dec 2025","2025","24","","585","592","Negative capacitance FinFET (NC-FinFET) has shown excellent ability in suppressing short channel effect, reducing subthreshold swing (SS) and off-state current. In this paper, a new ferroelectric-width-varied negative capacitance double-gate FinFET (FWV-NC-DG-FinFET) is investigated. A new capacitance model fitted to FWV-NC-DG-FinFET is also established. The model is verified by TCAD simulation of FE/SiO2 interface potential. The influence of ferroelectric width variation and drain voltage VD on the gate-drain coupling is investigated by examining the simulation results of SS, threshold voltage, on-state current and off-state current, and NDR effect. The simulation results show that the FWV-NC-DG-FinFET with lager ferroelectric width at drain side results in severe gate-drain coupling effect and lead to ION/IOFF ratio over 107. In contrast, the FWV-NC-DG-FinFET with lager ferroelectric width at source side leads to slighter gate-drain coupling and is able to achieve SS of 51.9 mV/dec and reduce the increment of SS and threshold voltage with increased drain voltage. Meanwhile, the FWV-NC-DG-FinFET with lager ferroelectric width at source side can also mitigates the NDR effect. Furthermore, this paper presents a feasible method to fabricate such FWV-NC-DG-FinFET.","1941-0085","","10.1109/TNANO.2025.3636943","National Natural Science Foundation of China(grant numbers:62074080,U23B2042); Natural Science Foundation of Jiangsu Province(grant numbers:BK20211104); Jiangsu Provincial Key Research and Development Program(grant numbers:BE2022126); ","https://ieeexplore.ieee.org/stamp/stamp.jsp?arnumber=11267485","NCFET;double-gate FinFET;ferroelectric width variation;gate-drain coupling;voltage amplification effect","Logic gates;Capacitance;Voltage control;Iron;FinFETs;Couplings;Voltage control;Performance evaluation;Threshold voltage;Simulation","","","","25","IEEE","25 Nov 2025","2025","","IEEE","IEEE Journals"
"Investigation of Size-Dependent Electrical Transport in Single Nanowire La$_{1-x}$A$_{x}$MnO$_{3}$ ($x$ = 0.3 & 0.5 for A = Ca and $x$ = 0.5 for A = Sr) Using Nanolithography-Based Device Fabrication","S. Datta; B. Ghosh; S. Pal","Institute of Engineering & Management, Management House, Kolkata, India; S. N. Bose National Centre for Basic Sciences, Kolkata, India; Institute of Engineering & Management, Management House, Kolkata, India",IEEE Transactions on Nanotechnology,"1 Jan 2026","2025","24","","593","601","This work investigates the integration of single nanowire La$_{1-x}$A$_{x}$MnO$_{3}$ ($x$ = 0.3 & 0.5 for A = Ca; $x$ = 0.5 for A = Sr) nano-devices via advanced nanolithography techniques for transport measurements. The comparative study of resistivity in bulk and nanowire forms highlights a significant size-dependent enhancement in transport behavior. Notably, the resistivity data for La$_{1-x}$A$_{x}$MnO$_{3}$ ($x$ = 0.3 & 0.5 for A = Ca; $x$ = 0.5 for A = Sr) nanowires could not be fully explained by conventional models like Mott Variable Range Hopping (VRH) model, Efros-Shklovskii (ES) localization model, adiabatic small polaron hopping (ASPH) model etc. A hybrid model incorporating fluctuation-induced tunneling and disorder-induced localization more accurately captures the resistivity variation across temperature ranges. This refined approach successfully models transport behavior, particularly in the insulating regime, validating its applicability over previous models. The study establishes a robust methodology combining precise lithographic fabrication and improved theoretical modeling, paving the way for accurate transport characterization in complex oxide nanowires.","1941-0085","","10.1109/TNANO.2025.3580798","","https://ieeexplore.ieee.org/stamp/stamp.jsp?arnumber=11039687","Manganite single nanowire;lithography techniques;transport measurement","Conductivity;Nanoscale devices;Perovskites;Nanostructures;Substrates;Magnetosphere;Doping;Magnetic properties;Ion beams;Data models","","","","92","IEEE","18 Jun 2025","2025","","IEEE","IEEE Journals"
"2025 Index IEEE Transactions on Nanotechnology Vol. 24","",,IEEE Transactions on Nanotechnology,"6 Jan 2026","2025","24","","602","622","","1941-0085","","10.1109/TNANO.2026.3651874","","https://ieeexplore.ieee.org/stamp/stamp.jsp?arnumber=11333919","","","","","","0","IEEE","6 Jan 2026","2025","","IEEE","IEEE Journals"
