"Document Title",Authors,"Author Affiliations","Publication Title",Date Added To Xplore,"Publication Year","Volume","Issue","Start Page","End Page","Abstract","ISSN",ISBNs,"DOI",Funding Information,PDF Link,"Author Keywords","IEEE Terms","Mesh_Terms",Article Citation Count,Patent Citation Count,"Reference Count","License",Online Date,Issue Date,"Meeting Date","Publisher",Document Identifier
"Table of contents","",,IEEE Transactions on Nanotechnology,"5 Jan 2021","2020","19","","C1","C1","Presents the cover/table of contents for this issue of the periodical.","1941-0085","","10.1109/TNANO.2020.3045329","","https://ieeexplore.ieee.org/stamp/stamp.jsp?arnumber=9313842","","","","","","","IEEE","5 Jan 2021","2020","","IEEE","IEEE Journals"
"IEEE Transactions on Nanotechnology publication information","",,IEEE Transactions on Nanotechnology,"5 Jan 2021","2020","19","","C2","C2","Provides a listing of current staff, committee members and society officers.","1941-0085","","10.1109/TNANO.2020.3045331","","https://ieeexplore.ieee.org/stamp/stamp.jsp?arnumber=9313848","","","","","","","IEEE","5 Jan 2021","2020","","IEEE","IEEE Journals"
"Table of contents","",,IEEE Transactions on Nanotechnology,"5 Jan 2021","2020","19","","i","vi","Presents the table of contents for this issue of this publication.","1941-0085","","10.1109/TNANO.2020.3045333","","https://ieeexplore.ieee.org/stamp/stamp.jsp?arnumber=9313851","","","","","","","IEEE","5 Jan 2021","2020","","IEEE","IEEE Journals"
"NARMAX Model-Based Hysteresis Modeling of Magnetic Shape Memory Alloy Actuators","Y. Yu; C. Zhang; M. Zhou","College of Communication Engineering, Jilin University, Changchun, China; College of Communication Engineering, Jilin University, Changchun, China; College of Communication Engineering, Jilin University, Changchun, China",IEEE Transactions on Nanotechnology,"16 Dec 2019","2020","19","","1","4","Magnetic shape memory alloy (MSMA) based actuators are extensively applied in the fields of precision manufacturing and micro/nano technology. Nevertheless, the inherent hysteresis in the MSMA-based actuator severely hinders its further application. In this letter, the characteristics of hysteresis behavior under different input signals are investigated. Then, a nonlinear auto-regressive moving average with exogenous inputs (NARMAX) model based on a diagonal recurrent neural network (DRNN) is used to construct the rate-dependent hysteresis model. To improve the capability of characterizing the multi-valued mapping of the hysteresis loop, the play operator is adopted as the exogenous variable function of the NARMAX model. To verify the effectiveness of the proposed model, a series of comparisons are implemented. The experimental results show that the proposed NARMAX model based on the DRNN exhibits excellent modeling performance.","1941-0085","","10.1109/TNANO.2019.2953933","National Natural Science Foundation of China(grant numbers:51675228); Program of Science and Technology Development Plan of Jilin Province of China(grant numbers:20180101052JC,20190303020SF); ","https://ieeexplore.ieee.org/stamp/stamp.jsp?arnumber=8910586","Hysteresis modeling;magnetic shape memory alloy (MSMA);neural network","Actuators;Magnetic hysteresis;Hysteresis;Load modeling;Springs;Magnetomechanical effects;Integrated circuit modeling","","52","","13","IEEE","22 Nov 2019","2020","","IEEE","IEEE Journals"
"A Strategy for Optimizing Low Operating Voltage in a Silicon Biristor","J. W. Son; J. Hur; W. -K. Kim; G. -B. Lee; Y. -K. Choi","School of Electrical Engineering, Korea Advanced Institute of Science and Technology, Daejeon, South Korea; School of Electrical Engineering, Korea Advanced Institute of Science and Technology, Daejeon, South Korea; School of Electrical Engineering, Korea Advanced Institute of Science and Technology, Daejeon, South Korea; School of Electrical Engineering, Korea Advanced Institute of Science and Technology, Daejeon, South Korea; School of Electrical Engineering, Korea Advanced Institute of Science and Technology, Daejeon, South Korea",IEEE Transactions on Nanotechnology,"16 Dec 2019","2020","19","","5","10","A pure silicon-based biristor with low latch-up voltage operation and wide latch window was studied using numerical simulations. Various parameters were optimized, including the doping concentrations of the emitter, base and collector as well as the geometric dimensions of the base length and base diameter. An optimization methodology that considers the physical influences of each parameter mentioned above can provide insightful guidance for actual device fabrication. A pure silicon biristor with both low operating voltage and a wide sensing window, without capacitor, gate and gate insulator, can be applied for post-DRAM technology.","1941-0085","","10.1109/TNANO.2019.2956092","Center for Integrated Smart Sensors; Ministry of Science, ICT and Future Planning(grant numbers:CISS-2011-0031848); National Research Foundation of Korea(grant numbers:2018R1A2A3075302); KAIST GCORE; Ministry of Science and ICT(grant numbers:N11180139); IC Design Education Center; ","https://ieeexplore.ieee.org/stamp/stamp.jsp?arnumber=8922864","Biristor;latch-up voltage;latch-down voltage;latch window;1T-DRAMy;ZRAM;capacitor-less DRAM","Doping;Silicon;Random access memory;Electric breakdown;Numerical simulation;Reliability;Latches","","9","","22","IEEE","4 Dec 2019","2020","","IEEE","IEEE Journals"
"The Magnetism of a Ni Monolayer on Vanadium: Structure and Exchange Correlation Effects","A. A. Ramanathan","Currently a research assistant on a funded project at the Physics department, The University of Jordan, Amman, Jordan",IEEE Transactions on Nanotechnology,"16 Dec 2019","2020","19","","11","16","The influence of structure and exchange correlation on the electronic and magnetic properties of a Nickel monolayer on Vanadium is investigated using the density functional theory with norm-conserving pseudopotentials. The Ni and Ni/V surfaces in the (001) direction have been simulated by using a seven layer slab to calculate the structural, electronic and magnetic properties. The bcc structure of the substrate V induces an artificial bcc structure for the Ni monolayer. This results in a quenching of the Ni surface magnetic moment due to expansion and d band hybridization. The results predict a ferromagnetic p1 × 1 Ni surface with negligible values of moments within the local density approximation (LDA) and the generalized gradient approximation (GGA) exchange correlations. In contrast, there is no agreement for the induced magnetism in the interfacial V layer for the two exchange correlations; the magnetic moment values obtained are ~zero and 1.32 μB for LDA and GGA respectively.","1941-0085","","10.1109/TNANO.2019.2954274","","https://ieeexplore.ieee.org/stamp/stamp.jsp?arnumber=8911372","Bcc;GGA;LSDA;magnetic moments;Nickel;pseudopotential;relaxation","Nickel;Lattices;Magnetic multilayers;Magnetic superlattices;Perpendicular magnetic anisotropy;Magnetic properties","","2","","43","IEEE","25 Nov 2019","2020","","IEEE","IEEE Journals"
"Centering of a Miniature Rotation Robot for Multi-Directional Imaging Under Microscopy","W. Shang; M. Zhu; H. Ren; X. Wu","CAS Key Laboratory of Human-Machine Intelligence-Synergy Systems, and the Guangdong Provincial Key Lab of Robotics and Intelligent System, and the Shenzhen Institutes of Advanced Technology, Chinese Academy of Sciences, Shenzhen, China; Anhui University, Hefei, China; University of Chinese Academy of Sciences, Beijing, China; Guangdong Provincial Key Laboratory of Robotics and Intelligent System, SIAT Branch, Shenzhen Institute of Artificial Intelligence and Robotics for Society, and the Shenzhen Institutes of Advanced Technology, Chinese Academy of Sciences, Shenzhen, China",IEEE Transactions on Nanotechnology,"16 Dec 2019","2020","19","","17","20","Viewing a particular region of an object with high magnification is essentially significant in both fundamental research and practical applications, however, imaging the sample from multi-direction is still very challenging for current microscopes. Herein, a centered miniature rotation robot under microscopy is presented to achieve multi-directional imaging of small objects. First, the miniature rotatable robot is constructed by three nano motors, including one rotational and two linear-motors. Then, a new centering strategy of neighborhood-window difference is proposed to center the micro/nano sample onto the rotation axis of the robot (error less than 20 pixels). In experiments, the sample is tested to be imaged from multi-direction (360°) by rotating the robot continuously. To highlight the versatility of this system, we demonstrate the multi-directional imaging under both optical microscope (OM) and scanning electron microscope (SEM). Compared with current techniques, this system is able to provide richer morphology information at small scale benefiting from the multi-directional imaging, which is expected to have long-term impacts on microscopy observation, micro defect inspection, nanomaterial characterization and other related fields.","1941-0085","","10.1109/TNANO.2019.2954896","Natural Science Foundation of Guangdong Province(grant numbers:2018A030313028); Shenzhen Institute of Artificial Intelligence and Robotics for Society; Open Project Foundation of Beijing Advanced Innovation Center for Intelligent Robots and Systems, China(grant numbers:2018IRS07); ","https://ieeexplore.ieee.org/stamp/stamp.jsp?arnumber=8915994","Micro/nano manipulation;Nanorobotic system;Microscopy imaging","Robots;Scanning electron microscopy;Three-dimensional displays;Optical microscopy;Atomic force microscopy","","2","","16","IEEE","27 Nov 2019","2020","","IEEE","IEEE Journals"
"Biped Walking of Magnetic Microrobot in Oscillating Field for Indirect Manipulation of Non-Magnetic Objects","J. Li; H. Wang; Q. Shi; Z. Zheng; J. Cui; T. Sun; P. Ferraro; Q. Huang; T. Fukuda","Key Laboratory of Biomimetic Robots and Systems, Intelligent Robotics Institute, School of Mechatronical Engineering, Beijing Institute of Technology, Ministry of Education, Beijing, China; Beijing Advanced Innovation Center for Intelligent Robots and Systems, Beijing Institute of Technology, Beijing, China; Key Laboratory of Biomimetic Robots and Systems, Intelligent Robotics Institute, School of Mechatronical Engineering, Beijing Institute of Technology, Ministry of Education, Beijing, China; Key Laboratory of Biomimetic Robots and Systems, Intelligent Robotics Institute, School of Mechatronical Engineering, Beijing Institute of Technology, Ministry of Education, Beijing, China; Key Laboratory of Biomimetic Robots and Systems, Intelligent Robotics Institute, School of Mechatronical Engineering, Beijing Institute of Technology, Ministry of Education, Beijing, China; Key Laboratory of Biomimetic Robots and Systems, Intelligent Robotics Institute, School of Mechatronical Engineering, Beijing Institute of Technology, Ministry of Education, Beijing, China; Institute of Applied Sciences and Intelligent Systems, National Research Council, Pozzuoli, Italy; Key Laboratory of Biomimetic Robots and Systems, Intelligent Robotics Institute, School of Mechatronical Engineering, Beijing Institute of Technology, Ministry of Education, Beijing, China; Key Laboratory of Biomimetic Robots and Systems, Intelligent Robotics Institute, School of Mechatronical Engineering, Beijing Institute of Technology, Ministry of Education, Beijing, China",IEEE Transactions on Nanotechnology,"16 Dec 2019","2020","19","","21","24","Magnetic microrobots have been developed for various biomedical applications, such as microswimmers for indirect manipulation and assembly of objects. When non-magnetic targets fall or adhere to the substrate by gravity, the indirect manipulation is required to move objects on substrate surface. Inspired by human walking, a novel magnetic microrobot with two pseudopods was designed. Driven by a periodic magnetic field, the structure can subtly lift and move two feet alternately to walk forward. The amplitude and frequency of oscillation were optimized and the controllability of the system was evaluated through performing the motion along planned paths with a velocity of 3.5 mm/s. Finally, microbeads and cell aggregates were pushed and arranged together by the microrobot, which shows potential application in flexible microassembly on substrate surface.","1941-0085","","10.1109/TNANO.2019.2954312","National Natural Science Foundation of China(grant numbers:61520106011,61433010); National Key R&D Program of China(grant numbers:2017YFE0117000); ","https://ieeexplore.ieee.org/stamp/stamp.jsp?arnumber=8911351","Magnetic microrobot;magnetic walking;indirect assembly","Legged locomotion;Magnetic fields;Substrates;Magnetic recording;Torque;Micromagnetics;Gravity","","26","","21","IEEE","25 Nov 2019","2020","","IEEE","IEEE Journals"
"Silver Nanoparticles SERS Sensors Using Rapid Thermal CVD Nanoscale Graphene Islands as Templates","Y. Tzeng; Y. Chen; J. Lai; B. Huang","Department of Electrical Engineering, National Cheng Kung University, Tainan, Taiwan; Department of Electrical Engineering, National Cheng Kung University, Tainan, Taiwan; Department of Electrical Engineering, National Cheng Kung University, Tainan, Taiwan; Department of Electrical Engineering, National Cheng Kung University, Tainan, Taiwan",IEEE Transactions on Nanotechnology,"16 Dec 2019","2020","19","","25","33","Surface enhanced Raman scattering (SERS) sensors have been fabricated by rapid thermal chemical vapor deposition of high-density nanoscale discrete graphene islands on copper foils followed by electroless chemical plating of discrete, closely spaced, and irregularly shaped silver nanoparticles on the copper surface where it is not covered by graphene islands. By fine tuning of the size and distribution of graphene islands and adjusting the deposition time for silver nanoparticles, nanoscale gaps between silver particles are fabricated. SERS sensors exhibiting Raman scattering signal enhancement factors as high as 1014 in reference to a bare copper have been demonstrated. Raman scattering signal has been measured from as low as 10-16 M of R6G molecules in water. This article reports effects and optimization process of size and distribution of graphene islands on desirable morphology of chemically plated silver nanoparticles. The density of nanoscale gaps of a few nanometers in distance between neighboring silver nanoparticles is optimized, resulting in the demonstration of SERS sensors with very low detection limits for R6G molecules.","1941-0085","","10.1109/TNANO.2019.2954490","Ministry of Science and Technology, Taiwan(grant numbers:MOST-106-2221-E-006-173-MY3,MOST-105-2221-E-006-057-MY3); ","https://ieeexplore.ieee.org/stamp/stamp.jsp?arnumber=8913714","SERS;silver;graphene;rapid thermal CVD;R6G","Graphene;Silver;Nanoparticles;Nanoscale devices;Copper;Raman scattering;Sensors","","4","","33","IEEE","26 Nov 2019","2020","","IEEE","IEEE Journals"
"Surface State Controlled Superior Photodetection Properties of Isotype n-TiO2/In2O3 Heterostructure Nanowire Array With High Specific Detectivity","P. Pooja; P. Chinnamuthu","Department of Electronics and Communication Engineering, National Institute of Technology Nagaland, Dimapur, India; Department of Electronics and Communication Engineering, National Institute of Technology Nagaland, Dimapur, India",IEEE Transactions on Nanotechnology,"18 Dec 2019","2020","19","","34","41","An integrate approach of growing vertical axial heterostructure (AH) nanowire (NW) with TiO2 and In2O3 may provide an alternative route for efficient improvement in internal gain and photosensitivity. Here, TiO2/In2O3 AH NW is synthesized on p-Si substrate inside e-beam evaporator using glancing angle deposition technique. Field emission gun scanning electron microscopy confirms the growth of vertically aligned TiO2/In2O3 AH NW NWs. Averagely, 1.5 times absorption enhancement is observed in TiO2/In2O3 AH NW compared to the as-deposited TiO2 NW sample. The designed TiO2/In2O3 AH NW device shows superior optoelectronic performance in terms of fast response (TR = 52.96 ms and TF = 89.32 ms), high photosensitivity (~1000 times), and good rectification ratio (~10 times). In addition, maximum responsivity (11.17 A/W), high internal gain (36.8), superior detectivity (3.14 × 1014 Jones) and low noise equivalent power (8.92 × 10-15 W) are obtained for TiO2/In2O3 AH NW. A large linear dynamic range value of 59.14 dB is obtained for TiO2/In2O3 AH NW due to prolonged carrier recombination lifetime, multiple light scattering within NWs and efficient charge separation along the length of heterostructure. Therefore, the outstanding optoelectronic properties obtained with TiO2/In2O3 AH NW will ensure a wider promising electronic and optoelectronic device applications.","1941-0085","","10.1109/TNANO.2019.2956960","National Institute of Technology Nagaland; ","https://ieeexplore.ieee.org/stamp/stamp.jsp?arnumber=8928553","GLAD;Nanowire;Metal Insulator Semicon-ductor;Photodetector","Substrates;Absorption;Metals;Silicon;Optical diffraction;Optical imaging;Photonic band gap","","16","","40","IEEE","9 Dec 2019","2020","","IEEE","IEEE Journals"
"Self-Heating in 40 nm SOI MOSFETs on High Resistivity, Trap-Rich Substrates","X. Zhang; P. Mehr; T. J. Thornton","School of Electrical, Computer & Energy Engineering, Arizona State University, Tempe, USA; School of Electrical, Computer & Energy Engineering, Arizona State University, Tempe, USA; School of Electrical, Computer & Energy Engineering, Arizona State University, Tempe, USA",IEEE Transactions on Nanotechnology,"16 Dec 2019","2020","19","","42","46","Closely spaced n-channel MOSFETs have been used to compare the self-heating in nominally identical devices fabricated on conventional and high resistivity, trap-rich silicon-on-insulator (SOI) substrates. One of the MOSFETs operates above threshold and in saturation to heat the active silicon, while the other is biased into the sub-threshold regime and operates as a local thermometer. The trap-rich layer in the high resistivity substrates consists of a highly defected, poly-Si layer just below the buried oxide. Grain boundaries in the poly-Si lead to increased phonon scattering compared to single crystal silicon, with a corresponding decrease in thermal conductivity. Despite the reduced thermal conductivity there appears to be no difference in the self-heating between the MOSFETs on the high resistivity, trap-rich substrates compared to those on the conventional low resistivity substrates.","1941-0085","","10.1109/TNANO.2019.2952759","National Science Foundation(grant numbers:NNCI-1542160); ","https://ieeexplore.ieee.org/stamp/stamp.jsp?arnumber=8902209","Silicon-on-insulator (SOI);MOSFETs;self-heating;sub-threshold operation","Substrates;Thermometers;Conductivity;Heating systems;MOSFET;Temperature measurement;Logic gates","","4","","13","IEEE","15 Nov 2019","2020","","IEEE","IEEE Journals"
"Bias-Dependent Contact Resistance Characterization of Carbon Nanotube FETs","A. Pacheco-Sanchez; M. Claus","Chair for Electron Devices and Integrated Circuits, Technische Universität Dresden, Dresden, Germany; Chair for Electron Devices and Integrated Circuits and the Center for Advancing Electronics Dresden, Technische Universität Dresden, Dresden, Germany",IEEE Transactions on Nanotechnology,"19 Dec 2019","2020","19","","47","51","An extraction method for a bias-dependent contact resistance is presented and applied to simulation and experimental data of single and multi-tube carbon nanotube field effect-transistors (CNTFETs) with different channel lengths and Schottky barrier heights. The method relies on the individual device characteristics, i.e., it can be applied to different CNTFET technologies. Furthermore, it does not require the fabrication of test structures or challenging model calibration. The extracted values correspond to reference values in simulations and are as well similar to the ones obtained for the fabricated devices with other more expensive, technology-specific analytical and physics-based approaches. Hence, the extraction method presented here can be considered as an efficient and accurate alternative. By revealing the bias-dependence of the contact parameters, rarely reported in the literature, the nature of the Schottky barriers can be characterized and the contact transparency can de identified.","1941-0085","","10.1109/TNANO.2019.2958677","German National Science Foundation DFG through cfaed(grant numbers:SCHR695/6 and CL384/2); ","https://ieeexplore.ieee.org/stamp/stamp.jsp?arnumber=8933335","Carbon nanotube field effect transistors (CNTFET);contact resistance;Schottky barrier","Contact resistance;CNTFETs;Schottky barriers;Logic gates;Data mining;Integrated circuit modeling;Data models","","13","","29","IEEE","16 Dec 2019","2020","","IEEE","IEEE Journals"
"A Study of High-Temperature Effects on an Asymmetrically Doped Vertical Pillar-Type Field-Effect Transistor","J. -K. Han; J. Hur; W. -K. Kim; J. -Y. Park; S. -W. Lee; S. -Y. Kim; J. -M. Yu; Y. -K. Choi","School of Electrical Engineering, Korea Advanced Institute of Science and Technology, Daejeon, South Korea; School of Electrical Engineering, Korea Advanced Institute of Science and Technology, Daejeon, South Korea; School of Electrical Engineering, Korea Advanced Institute of Science and Technology, Daejeon, South Korea; School of Electrical Engineering, Korea Advanced Institute of Science and Technology, Daejeon, South Korea; System LSI Division, Samsung Electronics, Yongin, South Korea; SK Hynix Inc., Icheon, South Korea; School of Electrical Engineering, Korea Advanced Institute of Science and Technology, Daejeon, South Korea; School of Electrical Engineering, Korea Advanced Institute of Science and Technology, Daejeon, South Korea",IEEE Transactions on Nanotechnology,"20 Dec 2019","2020","19","","52","55","The effects of high temperature on an asymmetrically doped vertical pillar-type metal-oxide-semiconductor field-effect transistor (MOSFET) were investigated. An asymmetrically doped source and drain (S/D) can be easily formed in a vertical pillar-type FET due to the unique pillar structure. When high temperature is applied to the asymmetric S/D of a vertical pillar-typed silicon nanowire, it affects mobility and carrier injection differently. It decreases mobility by phonon scattering for heavily doped S and intermediately doped D. In contrast, it enhances carrier injection for intermediately doped S and heavily doped D. Thus the ON-state current (ION) shows opposite dependencies at high temperature. This tendency was verified by electrical measurements and supporting simulations.","1941-0085","","10.1109/TNANO.2019.2958099","National Research Foundation of Korea(grant numbers:2017H1A2A1042274,2018R1A2A3075302,2019M3F3A1A03079603); IC Design Education Center; ","https://ieeexplore.ieee.org/stamp/stamp.jsp?arnumber=8931746","Vertical pillar-type FET;Schottky tunneling current;phonon scattering;high temperature;asymmetric doping;forward mode (FM);reverse mode (RM);thermionic emission","Frequency modulation;Doping;Ions;Temperature measurement;Junctions;Temperature;Field effect transistors","","9","","26","IEEE","12 Dec 2019","2020","","IEEE","IEEE Journals"
"Characterizing AFM Tip Lateral Positioning Variability Through Non-Vector Space Control-Based Nanometrology","Z. Sun; Y. Cheng; N. Xi; R. Yang; Y. Yang; L. Chen; B. Song","Department of Industrial and Manufacturing Systems Engineering, The University of Hong Kong, Pokfulam, Hong Kong; Department of Electrical and Computer Engineering, Michigan State University, East Lansing, USA; Department of Industrial and Manufacturing Systems Engineering, The University of Hong Kong, Pokfulam, Hong Kong; Department of Mechanical and Materials Engineering, University of Nebraska-Lincoln, Lincoln, USA; Department of Electrical and Computer Engineering, Michigan State University, East Lansing, USA; Shenzhen Academy of Robotics, Shenzhen, China; Institute of Intelligent Machines, Hefei Institute of Physical Science, CAS, Hefei, China",IEEE Transactions on Nanotechnology,"20 Dec 2019","2020","19","","56","60","Atomic force microscopy (AFM) based nanotechnology has been widely implemented in various fields for decades in light of its overwhelming advantages, such as nanometer spatial resolution, adaptability to liquid ambient, and various nanomechanical/electrical metrological approaches. It is noted that though AFM possesses imaging capability up to nanometer resolution, it is hard to achieve nanometer level positioning precision due to the existing system variability, especially the thermal drift, which distorts AFM images through relatively long capturing time. Since an AFM image is typically utilized as a global reference map to navigate its tip to the desired locations for precise measurement and manipulation, the system variability distorted image will definitely diversify the experimental results. Therefore, it is necessary to characterize the positioning variability for better experimental results evaluation and decision-making. Although various approaches were proposed to evaluate AFM positioning error, to our best knowledge, there is little research about characterizing its positioning variability precisely and systematically. In this study, we present a universal metrological approach to quantitatively measure AFM tip locating variability by developing a featureless spiral local scan strategy together with the non-vector space (NVS) navigation approach. As a demonstration, the proposed nanometrology was conducted on a specific AFM platform to unravel its positioning property.","1941-0085","","10.1109/TNANO.2019.2950267","ITF(grant numbers:GHP/040/17GD); ABB(grant numbers:200008545); SZRP(grant numbers:JCYJ20180301171229396); National Natural Science Foundation of China(grant numbers:U1613214,61804100); National Natural Science Foundation of China(grant numbers:61973294); KRDP of Anhui Province(grant numbers:01904a05020086); ","https://ieeexplore.ieee.org/stamp/stamp.jsp?arnumber=8890767","Atomic force microscopy;metrology;visual servoing;measurement uncertainty","Spirals;Imaging;Nanobioscience;Sun;Navigation;Probes;Software","","4","","16","IEEE","4 Nov 2019","2020","","IEEE","IEEE Journals"
"Highly-Efficient Solution Processed Yellow Organic Light Emitting Diode With Tungsten Trioxide Hole Injection/Transport Layer","P. Kumar; N. Agrawal; S. D. Choudhary; A. K. Gautam","Department of Computer Science Engineering, Noida Institute of Engineering and Technology, Greater Noida, India; School of ICT, Department of Electronics and Communication, Gautam Buddha University, Greater Noida, India; Department of Electronics and Communication Engineering, Noida Institute of Engineering and Technology, Greater Noida, India; Department of Electronics Communication Engineering, Govind Ballabh Pant Institute of Engineering & Technology, Ghurdauri, Pauri, India",IEEE Transactions on Nanotechnology,"6 Jan 2020","2020","19","","61","66","Organic light emitting diodes (OLEDs) are emerging key technologies for full-color flat-panel displays and high-quality solid-state lighting sources. To achieve highly efficient OLED devices, the hole injection/transport layer is a key factor. Solution-processed transition metal oxides have promising potential, due to their balanced charge injection and efficient carrier mobility. Herein, we have demonstrated a solution-processed efficient yellow phosphorescent OLED with tungsten trioxide (WO3) hole-injection/hole-transport layer (HIL/HTL). The electroluminescent characteristics of PEDOT:PSS and WO3 based devices were studied. The WO3 based OLED exhibits maximum luminance of 10230 cdm-2, the power efficiency of 35.9 lmW-1, current efficiency 51 cdA-1, and external quantum efficiency of 17.4%. Moreover, the resultant device also displays 45% higher power efficiency as compared to counterpart which exhibits PEDOT:PSS. The higher device performances of OLED device may be attributed to effective hole transporting ability, balanced charge carrier injection in the emissive layer, and non-acidic characteristic of HIL. Analysis of results illustrates an alternative tactic based on tungsten trioxide as a substitute of PEDOT:PSS for solution-processable energy-saving OLEDs.","1941-0085","","10.1109/TNANO.2019.2959884","","https://ieeexplore.ieee.org/stamp/stamp.jsp?arnumber=8938134","High efficiency;solution process;metal oxides;hole transporting layer;organic light emitting diodes (OLEDs)","Organic light emitting diodes;Performance evaluation;Current measurement;Tungsten;Indium tin oxide;Substrates","","9","","35","IEEE","20 Dec 2019","2020","","IEEE","IEEE Journals"
"Investigation on Nickel-Based Nano-Scaffold Getter With Induction Heating and Rapid Activation","S. Lin; X. Huang; D. Gu; W. Lv; L. Wang","Department of Mechanical and Electrical Engineering, Xiamen University, Xiamen, China; Department of Mechanical and Electrical Engineering, Xiamen University, Xiamen, China; Xiamen University, Xiamen, China; Xiamen University, Xiamen, China; Department of Mechanical and Electrical Engineering, Xiamen University, Xiamen, China",IEEE Transactions on Nanotechnology,"6 Jan 2020","2020","19","","67","70","It is considered that the traditional 2D planar getter is difficult to achieve an order of magnitude increase in SSA (Specific Surface Area), so we proposed and prepared the 3D nickel-based nano-scaffold getter to further increase its SSA and finally enhance its inspiratory capacity. Nitrogen adsorption test results indicated that SSA of the two-stage nano-scaffold getter with the deposition of 200 nm titanium film could reach to 4.362 m2/g. This made it show very large adsorbability. In the testing of thermogravimetric analysis, the sorption mass of the sample reached 2.72395 mg in the process of heating to 600 °C. Therefore, its sorption rate is 6.9 ×10-4 mg/ (s.g), which was entirely due to the increase in SSA. In addition, aiming at toxic of the getter and thermal sensitivity of MEMS devices, we introduced electromagnetic induction heating to activate the getter, because this method can noncontact and local heating. Our testing results indicated that the getter could be heated above 400 °C in 1s. It means that the getter could be rapidly activated and re-activated after packaging of MEMS devices.","1941-0085","","10.1109/TNANO.2019.2960086","National Natural Science Foundation of China(grant numbers:61674125); Health and Education joint Tackling Plan of Fujian Province(grant numbers:WKJ2016-2-21); Aeronautical Science Funds(grant numbers:20160868004); ","https://ieeexplore.ieee.org/stamp/stamp.jsp?arnumber=8939327","3D nickel-based nano-scaffold getter;electromagnetic induction heating;Specific Surface Area (SSA);sorption rate","Gettering;Micromechanical devices;Induction heating;Three-dimensional displays;Heat transfer;Temperature measurement","","6","","9","IEEE","23 Dec 2019","2020","","IEEE","IEEE Journals"
"Microrobots Based In Vivo Evolutionary Computation in Two-Dimensional Microchannel Network","S. Shi; J. Xiong; Y. Zhou; T. Jiang; G. Zhu; X. Yao; U. K. Cheang; Y. Chen","Harbin Institute of Technology, Harbin, China; Harbin Institute of Technology, Harbin, China; Beijing Institute of Collaborative Innovation, Beijing, China; Harbin Institute of Technology, Harbin, China; Department of Mechanical and Energy Engineering, Southern University of Science and Technology, Shenzhen, China; Department of Computer Science and Engineering, Southern University of Science and Technology, Shenzhen, China; Department of Mechanical and Energy Engineering, Southern University of Science and Technology, Shenzhen, China; School of Life Science and Technology, University of Electronic Science and Technology of China, Chengdu, China",IEEE Transactions on Nanotechnology,"6 Jan 2020","2020","19","","71","75","In vivo evolutionary computation is a novel knowledge-aided, microrobots-oriented tumor targeting framework, where externally manipulable microrobots are employed to detect the cancer in the human vascular network similar to the procedure of solving an optimization problem by swarm intelligence algorithms. The microrobots play the role of computational agents in the optimization procedure, the vascular network is the search space, and the tumor represents the maximum or minimum to be found by agents. Previous work on this topic provided basic computational models and search strategies, which, however, were solely verified in silico. In this letter, we use Janus microparticles as magnetic microrobots, a two-dimensional microchannel network as the human vasculature, and two representative test functions as the exemplar tumor-triggered biological gradient fields to validate in vitro the orthokinetic gravitational search algorithm proposed. The results herein demonstrate the advantages of the algorithm by presenting experimental observations on the targeting performance.","1941-0085","","10.1109/TNANO.2019.2960126","National Natural Science Foundation of China(grant numbers:51850410516); Department of Education of Guangdong Province(grant numbers:2017KTSCX167); Science and Technology Innovation Committee Foundation of Shenzhen(grant numbers:JCYJ20180302174151692); Shenzhen municipal government Peacock Plan(grant numbers:20181119590C); ","https://ieeexplore.ieee.org/stamp/stamp.jsp?arnumber=8939350"," ${In vivo}$  evolutionary computation;microchannel network;magnetic microrobot;cancer detection","Tumors;Magnetic resonance imaging;In vivo;Evolutionary computation;Microchannels;Optimization;Linear programming","","10","","13","IEEE","23 Dec 2019","2020","","IEEE","IEEE Journals"
"Vertically Coupled Hybrid InAs Sub-Monolayer on InAs Stranski–Krastanov Quantum Dot Heterostructure: Toward Next Generation Broadband IR Detection","D. Das; J. Saha; D. Panda; B. Tongbram; P. P. Raut; R. Ramavath; S. Mondal; S. Paul; S. Chakrabarti","Department of Electrical Engineering, Indian Institute of Technology Bombay, Mumbai, India; Centre for Research in Nanotechnology and Science, Indian Institute of Technology Bombay, Mumbai, India; Department of Electrical Engineering, Indian Institute of Technology Bombay, Mumbai, India; Centre for Research in Nanotechnology and Science, Indian Institute of Technology Bombay, Mumbai, India; Department of Metallurgical Engineering and Material Science, Indian Institute of Technology Bombay, Mumbai, India; Department of Civil Engineering, Indian Institute of Technology Bombay, Mumbai, India; Department of Electronics and Communication Engineering, Kalyani Government Engineering College, Kalyani, India; Department of Electronics and Communication Engineering, Kalyani Government Engineering College, Kalyani, India; Department of Electrical Engineering, Indian Institute of Technology Bombay, Mumbai, India",IEEE Transactions on Nanotechnology,"6 Jan 2020","2020","19","","76","83","In the present article, we are introducing a novel heterogeneously coupled InAs Submonolayer (SML) on Stranski-Krastanov (SK) quantum dot (QD) heterostructure with reduced strain accumulation. Theoretical comparison manifests the superiority of this hybrid SML-SK QDs over bilayer SK QDs. Photoluminescence and photoluminescence excitation spectroscopy are employed to characterize the electronic interaction and carrier tunneling in between this hybrid quantum dot assembly. Growth rate is optimized at 0.1 ML/sec. To tune the coupling, the barrier layer thickness is varied from 5 nm to 10 nm. Even up to the highest barrier thickness, no signature of SML peak is obtained in the PL response. But, PLE depicts the presence of SML peak, which is partially overlapped with the SK 2nd excited peak. The sample with 7.5 nm GaAs barrier shows perfect resonance between SML ground state and SK 2nd excited state. Based on experimental and analytical results, this SML on SK (SML-SK) configuration is compared with SK on SML (SK-SML) configuration; where SML-SK exhibits better inter dot electronic interaction than its reciprocal configuration. For ex situ tailoring of this heterogeneous electronic coupling, rapid thermal annealing has been done. It shows tunability of inter dot interaction with improved crystalline quality. Finally, we have shown a SML-SK quantum dot infrared photodetector with a broad spectral response (from SWIR to near LWIR).","1941-0085","","10.1109/TNANO.2019.2958930","Science and Engineering Research Board(grant numbers:EMR/2016/005338); DST Nanomission, India(grant numbers:SR/NM/NS-1178/2015 (G)); Indian Space Research Organization(grant numbers:09SUBH001); ","https://ieeexplore.ieee.org/stamp/stamp.jsp?arnumber=8933342","InAs QD;Heterogeneously coupled QD;Vertical coupling;SML-SK QD;QDIP;IR detection","Strain;Energy states;Gallium arsenide;Quantum dots;Couplings;Tunneling;Detectors","","8","","34","IEEE","16 Dec 2019","2020","","IEEE","IEEE Journals"
"Performance of Junctionless and Inversion-Mode Thin-Film Transistors With Stacked Nanosheet Channels","Y. -R. Lin; Y. -H. Lin; Y. -F. Chen; Y. -T. Hsu; Y. -H. Chen; Y. -H. Huang; Y. -C. Wu","Department of Engineering and System Science, National Tsing Hua University, Hsinchu, Taiwan; Department of Electronic Engineering, National United University, Miaoli, Taiwan; Department of Electronic Engineering, National United University, Miaoli, Taiwan; Department of Electronic Engineering, National United University, Miaoli, Taiwan; Department of Engineering and System Science, National Tsing Hua University, Hsinchu, Taiwan; Department of Engineering and System Science, National Tsing Hua University, Hsinchu, Taiwan; Department of Engineering and System Science, National Tsing Hua University, Hsinchu, Taiwan",IEEE Transactions on Nanotechnology,"10 Jan 2020","2020","19","","84","88","This article comprehensively investigated a junctionless thin-film transistor (JL TFT) with stacked nanosheet (NS) channels. Through experiments, we 1) compared a JL TFT with a single NS channel and a JL TFT with stacked NS channels and 2) compared an inversion-mode TFT with stacked NS channels and the JL TFT with stacked NS channels; the TFTs were fabricated using Si-based technology. The JL TFT with stacked NS channels exhibited a subthreshold slope of 135 mV/dec and drain-induced barrier-lowering value of 50.8 mVV-1, which were superior to those of the other devices. Furthermore, we simulated another device with a hybrid P/N/P channel structure based on the JL TFT by using three-dimensional technology computer aided design (3D TCAD) simulation. According to the study results, the JL TFT with stacked NS channels is a promising candidate for scaling down Si TFTs and for use in advanced 3D applications.","1941-0085","","10.1109/TNANO.2019.2960836","Ministry of Science and Technology, Taiwan(grant numbers:107-2221-E-239-018,108-2221-E-239-001); Taiwan Semiconductor Research Institute for technical support; Taiwan National Center for High-Performance Computing; ","https://ieeexplore.ieee.org/stamp/stamp.jsp?arnumber=8943348","Junctionless (JL);nanosheet (NS);stacked structure;thin-film transistor (TFT);three-dimensional technology computer aided design (3D TCAD)","Thin film transistors;Logic gates;Mathematical model;Semiconductor process modeling;Ions;Silicon;Three-dimensional displays","","19","","21","IEEE","25 Dec 2019","2020","","IEEE","IEEE Journals"
"Characteristic Simulation of Hybrid Multilayer Junctionless Field Effect Transistors with Negative Capacitance Effect","J. Ma; C. Liu; W. -D. Liu; Y. -W. Hung; Y. -C. Fan; H. -H. Hsu; Z. -W. Zheng; C. -H. Cheng","School of Electronic Science and Engineering, Xiamen University, Xiamen, China; Department of Electro-Physics, National Chiao Tung University, Hsinchu, Taiwan; School of Electronic Science and Engineering, Xiamen University, Xiamen, China; Department of Electro-Physics, National Chiao Tung University, Hsinchu, Taiwan; Department of Materials and Mineral Resources Engineering, National Taipei University of Technology, Taipei, Taiwan; Department of Materials and Mineral Resources Engineering, National Taipei University of Technology, Taipei, Taiwan; School of Electronic Science and Engineering, Xiamen University, Xiamen, China; Department of Mechatronic Engineering, National Taiwan Normal University, Taipei, Taiwan",IEEE Transactions on Nanotechnology,"10 Jan 2020","2020","19","","89","93","In this study, we reported a hybrid multi-PNPN channel junctionless field effect transistor (JLFET) with negative capacitance (NC) effect by simulation. By incorporating a ferroelectric HfAlO capacitor with NC effect, an extremely low subthreshold swing of 34 mV/decade, a very high on/off current ratio and a very low driven voltage were achieved in the NC-enhanced hybrid multi-PNPN channel JLFET. This novel device not only improves the on-state current reduction while channel scaling down, but also shows great potential for the next-generation low-power three-dimensional stacked integrated circuit applications.","1941-0085","","10.1109/TNANO.2019.2961631","Fundamental Research Funds for the Central Universities(grant numbers:20720190143); ","https://ieeexplore.ieee.org/stamp/stamp.jsp?arnumber=8946883","Gate-all-around;junctionless;negative effect","Mathematical model;Logic gates;Transistors;Capacitors;Performance evaluation;Three-dimensional displays;Capacitance","","4","","24","IEEE","31 Dec 2019","2020","","IEEE","IEEE Journals"
"A Novel Multi-Functional Plasmonic Logic Device by Angle Manipulation","Y. Ye; Y. Wang; Y. Xie; T. Song; B. Liu; J. Chai; Y. Liu","School of Electronics and Information Engineering, Southwest University, Chongqing, China; School of Electronics and Information Engineering, Southwest University, Chongqing, China; Chongqing Key Laboratory of Nonlinear Circuits and Intelligent Information Processing, National Joint Engineering Laboratory of Intelligent Transmission and Control Technology, College of Electronic and Information Engineering, Southwest University, Chongqing, China; School of Electronics and Information Engineering, Southwest University, Chongqing, China; School of Electronics and Information Engineering, Southwest University, Chongqing, China; School of Electronics and Information Engineering, Southwest University, Chongqing, China; School of Optoelectronic Information, University of Electronic Science and Technology of Chengdu, Sichuan, China",IEEE Transactions on Nanotechnology,"20 Jan 2020","2020","19","","94","101","Optical logic devices are indispensable for optical computing and data processing. In order to acquire high performance optical logic device, a novel plasmonic structure based on plasmon-induced transparency (PIT) effect is proposed. It can implement multiple logic functions simultaneously with high output contrast ratios between “0” and “1” states through a new manipulation method of angle rotation. The optical logic device consists of dual identical hexagonal resonators with rotatable ellipses embedded in resonators and two parallel metal-insulator-metal (MIM) waveguides. The specific rotation angles of ellipses are defined as the input logic states. In addition, according to the transmissions at output ports, the thresholds are set to distinguish the output logic states. Ultimately, four kinds of logic functions: AND, NAND, NOR and NOT can be implemented with fairly high output contrast ratios in this compact device. Most importantly, among these logic functions, AND, NAND, and NOR can be operated simultaneously with wavelength division multiplexing (WDM) technique. Therefore, this work supplies a potential application for optical logic integrated circuits.","1941-0085","","10.1109/TNANO.2019.2962752","Natural Science Foundation of Chongqing City(grant numbers:cstc2016jcyjA0581); China Postdoctoral Science Foundation(grant numbers:2016M590875); Fundamental Research Funds for the Central Universities(grant numbers:XDJK2018B012); ","https://ieeexplore.ieee.org/stamp/stamp.jsp?arnumber=8949761","Optical logic devices;plasmon-induced transparency (PIT);rotatable ellipse;surface plasmon polaritons","Resonators;Logic gates;Optical waveguides;Plasmons;Optical resonators","","6","","39","IEEE","3 Jan 2020","2020","","IEEE","IEEE Journals"
"Smearing Observation of Picoliter Droplets Pinning on Bio-Inspired Negative Lotus Leaf Replicas","L. Du; A. Riaud; J. Zhou","ASIC and System State Key Lab, School of Microelectronics, Academy for Engineering & Technology, Fudan University, Shanghai, China; ASIC and System State Key Lab, School of Microelectronics, Academy for Engineering & Technology, Fudan University, Shanghai, China; ASIC and System State Key Lab, School of Microelectronics, Academy for Engineering & Technology, Fudan University, Shanghai, China",IEEE Transactions on Nanotechnology,"20 Jan 2020","2020","19","","102","106","Separating aqueous samples into large numbers of independent micro-droplets enables efficient study of single cells and detection of single molecules. However, as the droplet size becomes smaller, the reinforced handling process is possibly required to ensure droplets operability, resulting in increased experimental complexity. Herein, we propose a method of imitating the bio-structure of lotus leave reversal to generate a picoliter droplet array effectively. This bio-inspired structure is made of a single material PDMS (polydimethylsiloxane) without any additional chemical surface treatments. Only smearing is required for embedding liquid samples in such microwells with splayed walls. In the present experiments, we have obtained a regular array of 2 pL droplets with a density of 62,500 droplets/cm2, which equivalents to 5.4 million droplets on the surface a 96 well plate. We believe that such a method contributes to the development of the efficient micro-droplet generator with a pure physical interface and thus it is applicable to biological and medical analysis.","1941-0085","","10.1109/TNANO.2020.2964326","National Natural Science Foundation of China(grant numbers:61874033,61674043); Science Foundation of Shanghai Municipal Government(grant numbers:18ZR1402600); State Key Lab of ASIC and System; Fudan University(grant numbers:2018MS003); ","https://ieeexplore.ieee.org/stamp/stamp.jsp?arnumber=8957357","Lotus leaf;splay bio-structure;nanofabrication;microdroplet array","Liquids;Microscopy;Surface treatment;Three-dimensional displays;Corrugated surfaces;Chemicals;Surface morphology","","9","","35","IEEE","13 Jan 2020","2020","","IEEE","IEEE Journals"
"Phase Transition Device for Phase Storing","M. J. Avedillo; J. M. Quintana; J. Núñez","Instituto de Microelectrónica de Sevilla, IMSE-CNM (CSIC/Universidad of Sevilla). Av. Américo Vespucio 28, Sevilla, Spain; Instituto de Microelectrónica de Sevilla, IMSE-CNM (CSIC/Universidad of Sevilla). Av. Américo Vespucio 28, Sevilla, Spain; Instituto de Microelectrónica de Sevilla, IMSE-CNM (CSIC/Universidad of Sevilla). Av. Américo Vespucio 28, Sevilla, Spain",IEEE Transactions on Nanotechnology,"22 Jan 2020","2020","19","","107","112","Nano-oscillators based on phase transitions materials (PTM) are being explored for the implementation of different non-conventional computing paradigms. This article describes the capability of such autonomous non-linear oscillators to store phase-encoded information. A latch based in sub-harmonic injection locking using an oscillator composed of a PTM device and a transistor is described. Resistive coupling is used to inject both a required synchronization signal and the input to be stored. Operation of the proposed latch implementation, the embedding of functionality into the latch and its application to frequency division are illustrated and validated by simulation.","1941-0085","","10.1109/TNANO.2020.2965243","Ministerio de Economía y Competitividad del Gobierno de España; European Regional Development Fund(grant numbers:TEC2017-87052-P); ","https://ieeexplore.ieee.org/stamp/stamp.jsp?arnumber=8960534","Phase transition materials (PTM);VO $_{2}$ ;nano-oscillators;Sub-Harmonic injection locking;phase-encoded logic","Latches;Synchronization;Transistors;Injection-locked oscillators;Resistance;Couplings","","5","","27","IEEE","15 Jan 2020","2020","","IEEE","IEEE Journals"
"Direct Integration of Carbon Nanotubes in CMOS, Towards an Industrially Feasible Process: A Review","K. E. Aasmundtveit; A. Roy; B. Q. Ta","Department of Microsystems, University of South-Eastern Norway, Borre, Norway; Department of Microsystems, University of South-Eastern Norway, Borre, Norway; Department of Microsystems, University of South-Eastern Norway, Borre, Norway",IEEE Transactions on Nanotechnology,"22 Jan 2020","2020","19","","113","122","This article reviews our work on direct integration of carbon nanotubes (CNTs) in MEMS vehicles and shows initial results in realizing direct CNT integration in CMOS. Extraordinary properties of CNTs are fully exploited if they are closely integrated with signal processing electronics. An example device is a CNT-based gas sensor, where CNTs with their huge surface-to-volume ratio act as a very sensitive sensing element, and the CMOS circuits provide the necessary signal processing for a device to give a standardized, calibrated, low-noise output signal. Direct synthesis of CNTs in CMOS will enable wafer-level, low-cost fabrication of CNT-based devices. A major challenge is the 800-1000 °C CNT synthesis temperature requirement, whereas CMOS-compatible temperature is <; 300 °C. We synthesized CNTs on purpose-designed MEMS microheaters by local resistive heating to avoid over-heating the bulk of the chip. An applied electric field guides the CNTs to grow towards a second electrode to close electric circuits by making a Si-CNT-Si system. The process is fully controlled through electrical parameters, indicating that the process can be automated and scaled up to wafer-level for a low-cost, high-volume industrial manufacturing process. Characterization of the synthesized CNTs reveals that the hottest region (~900 °C) ensures low-diameter, less dense and high-quality CNTs. Also, our statistical analysis shows that the electric field guiding is diameter-dependent, ensuring that only well-ordered low-diameter CNTs become part of an electric circuit. Through electrical analysis of the CNT-Si contacts, we found that the Si-CNT-Si systems show either near-ohmic or non-linear (Schottky-like) behaviours depending on the Si doping level. We also demonstrated functionalization of the locally grown CNTs. For direct CNT synthesis on CMOS chips, a high thermal gradient around the CNT growth structure is required to maintain CMOS-compatible temperature. Several promising designs of CNT growth structures and their thermomechanical simulations are presented. Partially suspended microheaters provide thermal isolation to avoid heating the active CMOS region, while keeping reliable mechanical stability. In our attempt to direct CNT-CMOS integration, a purpose-designed CMOS chip is manufactured using a standard AMS 350 nm CMOS process. Layout designs and optical characterization of several fabricated CMOS microstructures are presented.","1941-0085","","10.1109/TNANO.2019.2961415","Norwegian Micro- and Nano-Fabrication Facility, NORFAB(grant numbers:197411/V30,245963/F50); Norwegian Ph.D. Network on Nanotechnology for Microsystems, Nano-Network(grant numbers:190086/S10,221860/F60); ","https://ieeexplore.ieee.org/stamp/stamp.jsp?arnumber=8945155","Micro/nano system integration;Nanoscale assembly;Carbon Nanotube (CNT);Gas sensors","Temperature measurement;Micromechanical devices;Heating systems;Resistance;Electrodes;Silicon;Photomicrography","","5","","50","IEEE","30 Dec 2019","2020","","IEEE","IEEE Journals"
"C$^\text{2}$TIG: Dynamic C$^\text{2}$MOS Design Based on Three-Independent-Gate Field-Effect Transistors","D. Vana; P. -E. Gaillardon; A. Teman","School of Electrical Engineering, Tel-Aviv University, Tel Aviv-Yafo, Israel; Department of Electrical and Computer Engineering, University of Utah, Salt Lake City, USA; Emerging Nanoscale Integrated Circuits and Systems (EnICS) Labs, Faculty of Engineering, Bar-Ilan University, Ramat Gan, Israel",IEEE Transactions on Nanotechnology,"22 Jan 2020","2020","19","","123","136","Dynamic logic has become a niche approach in circuit design, mainly due to the reliability limitations that have been aggravated with process down-scaling. To that extent, the performance and area benefits of dynamic design approaches, such as the integration of the Clocked CMOS (C2MOS) approach, are left on the table. In this article, we propose employing the Three-Independent-Gate Field-Effect Transistor (TIGFET) technology for the implementation of the C2MOS approach, which we call the Clocked Complementary TIG (C2TIG) approach. Electrical simulations at 22nm demonstrate the enhanced robustness of the C2TIG approach, while providing gains in power, performance, and area. Finally, new design opportunities for synchronous systems are demonstrated with the C2TIG approach.","1941-0085","","10.1109/TNANO.2020.2965119","Israel Science Foundation(grant numbers:996/18); ","https://ieeexplore.ieee.org/stamp/stamp.jsp?arnumber=8959396","Field effect transistors;integrated circuit technology;integrated circuit reliability;nanoscale devices;sequential circuits","Capacitance;Logic gates;Latches;Integrated circuit reliability;Transistors;Reliability engineering","","17","","29","IEEE","14 Jan 2020","2020","","IEEE","IEEE Journals"
"SiQAD: A Design and Simulation Tool for Atomic Silicon Quantum Dot Circuits","S. S. H. Ng; J. Retallick; H. N. Chiu; R. Lupoiu; L. Livadaru; T. Huff; M. Rashidi; W. Vine; T. Dienel; R. A. Wolkow; K. Walus","Department of Electrical and Computer Engineering, University of British Columbia, Vancouver, Canada; Department of Electrical and Computer Engineering, University of British Columbia, Vancouver, Canada; Department of Electrical and Computer Engineering, University of British Columbia, Vancouver, Canada; Department of Electrical and Computer Engineering, University of British Columbia, Vancouver, Canada; Quantum Silicon Inc., Edmonton, Canada; Quantum Silicon Inc., Edmonton, Canada; Department of Physics, University of Alberta, Edmonton, Canada; Department of Physics, University of Alberta, Edmonton, Canada; Department of Physics, University of Alberta, Edmonton, Canada; Quantum Silicon Inc., Edmonton, Canada; Department of Electrical and Computer Engineering, University of British Columbia, Vancouver, Canada",IEEE Transactions on Nanotechnology,"4 Feb 2020","2020","19","","137","146","This paper introduces SiQAD, a computer-aided design tool enabling the rapid design and simulation of computational assemblies of atomic silicon quantum dots. SiQAD consists of several simulation tools: a ground state electron configuration finder, a non-equilibrium electron dynamics simulator, and an electric potential landscape solver for the exploration of field-driven modulation with electrodes. Simulations have been compared against past experimental results to inform the electron population estimation and dynamic behavior. Fundamental logic building blocks and circuits suitable for this platform have been designed and simulated, and a clocked wire has been demonstrated. This work paves the way and provides the first set of open design tools for the exploration of the emerging design space of atomic silicon quantum dot circuits.","1941-0085","","10.1109/TNANO.2020.2966162","Natural Sciences and Engineering Research Council of Canada(grant numbers:478838-15); ","https://ieeexplore.ieee.org/stamp/stamp.jsp?arnumber=8963859","Computer aided design;quantum dots;silicon dangling bonds;simulation;SiQAD","Solid modeling;Silicon;Integrated circuit modeling;Tools;Logic gates;Quantum dots;Engines","","56","","39","CCBY","20 Jan 2020","2020","","IEEE","IEEE Journals"
"Design of an Efficient N × N Butterfly Switching Network in Quantum-Dot Cellular Automata (QCA)","A. N. Bahar; K. A. Wahid","Department of Electrical and Computer Engineering, University of Saskatchewan, Saskatoon, Canada; Department of Electrical and Computer Engineering, University of Saskatchewan, Saskatoon, Saskatoon, Canada",IEEE Transactions on Nanotechnology,"24 Feb 2020","2020","19","","147","155","Quantum-dot cellular automata (QCA) is a rapidly growing nanotechnology very well suited for designing ultra-dense, low-power, and high-performance digital circuits. In parallel computing, the multistage interconnection network (MIN) provides maximum bandwidth to the components and minimum latency access to the memory modules. Much research has been conducted on CMOS-based MINs for parallel computing. However, the QCAbased switching network is still underexplored. This article proposes a QCA architecture of a new single-layer butterfly switching network (BSN). To achieve this, we design an efficient 2 χ 2 switching element (SE), using a modified majority (M[x,y]) gate that is fully utilized (i.e.,no fixed logic like “0” and “1” at the inputs). The use of a fully utilized majority gate over a partially utilized majority (PUM) one makes the proposed SE more cost-efficient and versatile, and therefore it is used as the building block for designing the switching network. In addition, we deploy the SE to realize 4 χ 4 and 8 χ 8 BSNs. We also show how the design can be extended for an N χ N BSN. All the proposed circuits have been modeled and verified by QCADesigner. QCAPro is used for estimating the average switching and leakage energy dissipation of the proposed circuits. The results show considerable enhancement in terms of cell count, device area, and latency, and thereby outperform all reported prior designs.","1941-0085","","10.1109/TNANO.2020.2969166","Natural Sciences and Engineering Research Council (NSERC) of Canada; ","https://ieeexplore.ieee.org/stamp/stamp.jsp?arnumber=8974599","Butterfly switching networks (BSNs);Modified majority ( $\mathcal{M}{_{[x,y]}}$ ) gate;QCA circuits;QCADesigner;QCAPro","Logic gates;Switches;Wires;Multiprocessor interconnection;Microprocessors;Switching circuits","","58","","39","IEEE","29 Jan 2020","2020","","IEEE","IEEE Journals"
"N+ Pocket Doped Vertical TFET Based Dielectric-Modulated Biosensor Considering Non-Ideal Hybridization Issue: A Simulation Study","V. D. Wangkheirakpam; B. Bhowmick; P. D. Pukhrambam","Department of Electronics and Communication Engineering, National Institute of Technology Silchar, Silchar, India; Department of Electronics and Communication Engineering, National Institute of Technology Silchar, Silchar, India; Department of Electronics and Communication Engineering, National Institute of Technology Silchar, Silchar, India",IEEE Transactions on Nanotechnology,"19 Feb 2020","2020","19","","156","162","A comprehensive evaluation of sensitivity between double gate tunnel FET and n+ pocket doped vertical tunnel FET based label-free biosensors is reported in this work. Both the biosensors possess nanogaps on the left and right of the fixed dielectric (HfO2) which enhances the capture area of the biosensors. Comparison has been made on the TCAD simulation studies of their sensitivities considering neutral/charged biomolecules having different dielectric constants. The sensitivity of VB is found to be approximately 104 times the sensitivity of DB due to its current conduction in both vertical and lateral directions. Also, the effects of steric hindrance and irregular position of probes/receptors are analyzed to understand the non-ideal behavior of the sensors. Sensitivity is calculated from the simulated results for four different cases of partially filled nanogaps - decreasing, increasing, concave and convex profiles. It rises by about 5-7% when filled factor is increased from 40 to 66%. Finally, benchmarking of proposed VB is done against other published literature as it gives better result in terms of sensitivity.","1941-0085","","10.1109/TNANO.2020.2969206","Visvesvaraya PhD Scheme of Ministry of Electronics & Information Technology, Government of India; Digital India Corporation (formerly Media Lab Asia); ","https://ieeexplore.ieee.org/stamp/stamp.jsp?arnumber=8976414","Biomolecules;double gate TFET based biosensor (DB);charge;nanogaps;sensitivity;vertical TFET based biosensor (VB)","Biosensors;Molecular biophysics;Sensitivity;Logic gates;TFETs;Biological system modeling","","168","","26","IEEE","30 Jan 2020","2020","","IEEE","IEEE Journals"
"The H2O Dissociation and Hydrogen Evolution Performance of Monolayer MoS2 Containing Single Mo Vacancy: A Theoretical Study","K. Ye; M. Li; J. Luo; B. Wu; L. Lai","College of Mechanical Engineering and Automation, Fuzhou University, Fuzhou, China; College of Mechanical Engineering and Automation, Fuzhou University, Fuzhou, China; Xiamen Tungsten CO., LTD, Xiamen, China; College of Materials Science and Engineering, Fuzhou University, Fuzhou, China; College of Information & Mechanical and Electrical Engineering, Ningde Normal University, Ningde, China",IEEE Transactions on Nanotechnology,"19 Feb 2020","2020","19","","163","167","The molybdenum disulfide (MoS2), as a promising and nonprecious catalyst, has attracted growing interest towards the hydrogen production, especially the dissociation of water and the hydrogen evolution reaction (HER). However, the known active sites are limited to edges and one primitive cell missing vacancies. Herein, the potential catalytic activities of Mo-vacancies in the inert basal plane of MoS2 are investigated by means of first-principle density functional theory (DFT) calculations. Mo-vacancies was found to have the promising catalytic activities for the splitting of H2O and have the comparable or even better catalytic activities for the HER, in compared with the precious Pt. Moreover, the catalytic activities of these active sites are well understood in terms of the analysis of the adsorption energy, the total and partial density states (DOS, PDOS), and the Bader charge transfer. Our theoretical works suggest that formation of the specified vacancy defects on the inert basal plane will enhance the catalytic activities of MoS2 for the dissociation of H2O and the HER, which improves the efficiency of hydrogen production.","1941-0085","","10.1109/TNANO.2020.2965986","National Natural Science Foundation of China(grant numbers:50903017,51505241,51171046); ","https://ieeexplore.ieee.org/stamp/stamp.jsp?arnumber=8962312","Fuel cells;hydrogen;nanomaterials;quantum computing;renewable energy sources","Water;Molybdenum;Hydrogen;Sulfur;Adsorption;Atomic measurements;Lattices","","10","","23","IEEE","17 Jan 2020","2020","","IEEE","IEEE Journals"
"Negative Capacitance Effect on MOS Structure: Influence of Electric Field Variation","K. Lee; J. Lee; S. Kim; R. Lee; S. Kim; M. Kim; J. -H. Lee; S. Kim; B. -G. Park","Department of Electrical and Computer Engineering and the Inter-University Semiconductor Research Center, Seoul National University, Seoul, Korea; Department of Electrical and Computer Engineering and the Inter-University Semiconductor Research Center, Seoul National University, Seoul, Korea; Department of Electrical and Computer Engineering and the Inter-University Semiconductor Research Center, Seoul National University, Seoul, Korea; Department of Electrical and Computer Engineering and the Inter-University Semiconductor Research Center, Seoul National University, Seoul, Korea; Department of Electrical and Computer Engineering and the Inter-University Semiconductor Research Center, Seoul National University, Seoul, Korea; Department of Electrical and Computer Engineering and the Inter-University Semiconductor Research Center, Seoul National University, Seoul, Korea; Department of Electrical and Computer Engineering and the Inter-University Semiconductor Research Center, Seoul National University, Seoul, Korea; Department of Electrical and Computer Engineering, Ajou University, Suwon, Korea; Department of Electrical and Computer Engineering and the Inter-University Semiconductor Research Center, Seoul National University, Seoul, Korea",IEEE Transactions on Nanotechnology,"20 Feb 2020","2020","19","","168","171","We explicate the negative capacitance (NC) effect in MOS structures through TCAD simulation, and find the influence of electric field variation in ferroelectric layer. Furthermore, pre-researched time-dependent NC effect is explained in more detail. For this purpose, the electric field and potential difference in the ferroelectric layer are analyzed based on the measured data of metal-ferroelectric-metal (MFM) capacitors, and then the parameters for the occurrence of the NC effect in the NCFET were analyzed. This establishes the conditions necessary for the successful operation of the NCFET.","1941-0085","","10.1109/TNANO.2020.2972605","The Brain Korea 21 Plus Project; Future Semiconductor Device Technology Development Program(grant numbers:10067739); Ministry of Trade, Industry and Energy and Korea Semiconductor Research Consortium; NRF of Korea; Ministry of Science and ICT, South Korea(grant numbers:NRF-2019M3F3A1A02072091); Intelligent Semiconductor Technology Development Program; Ministry of Science and ICT, Korea; Information Technology Research Center(grant numbers:IITP-2019-2016-0-00309); Institute for Information & Communications Technology Planning & Evaluation; Synopsys Inc.; ","https://ieeexplore.ieee.org/stamp/stamp.jsp?arnumber=8999808","Negative capacitance (NC);NC effect;NCFET;ferroelectric;polarization response time","Capacitance;Iron;Capacitors;Logic gates;Electric potential;Semiconductor device measurement;Time factors","","14","","22","IEEE","14 Feb 2020","2020","","IEEE","IEEE Journals"
"Improving the Electronic Properties of Au/n-Si Type Schottky Junction Structure With Graphene-PVP Nano-Thin Film by Using the I-V, C−2-V and G/ω-V Characteristics","O. ÇIÇEK","Department of Electrical and Electronics Engineering, Kastamonu University, Kastamonu, Turkey",IEEE Transactions on Nanotechnology,"20 Feb 2020","2020","19","","172","178","The letter reports the performance assessment of Au/n-Si type Schottky Junction Structure (SJS) with and without the graphene-PVP layer, classified as SJS1 and SJS2 devices. The electronic parameters by using the developed LabVIEW based program were calculated from raw data of I-V, C-V and G/ω-V measurements at room temperature. According to Thermionic Emission (TE) theory, the graphene-PVP layer significantly modified the barrier height than the other structure. Using the Ohm's Law, it is found that the R8h magnitude increases, while the R8 magnitude decreases for SJS2, according to SJS1 type device. Alternatively, using Cheung's and the modified Norde functions for the accuracy and reliability of the results, the obtained n, φBo, R8 values by both equations are in good agreement. Using the C-2-V and G/ω-V characteristics, the magnitudes of the electronic parameters, such as φBo(C-V), Vbi, VD, ND, EF , R8, etc., for the devices were calculated to supply more information. Also, the Ci and Cox magnitudes were calculated 1.299 × 10-10 F and 1.192 × 10-10 F at3 V and then, the interface layer thicknesses were obtained as 2.08 nm and 68.8 nm for SJS1 and SJS2, respectively. It can be concluded that the graphene-PVP layer significantly affects the quality and performance of Au/n-Si type SJS devices.","1941-0085","","10.1109/TNANO.2020.2972036","","https://ieeexplore.ieee.org/stamp/stamp.jsp?arnumber=8995779","Schottky Junction Structure;electronic properties;I-V;C-V and G/ω-V characteristics;graphene-PVP","Graphene;Capacitance-voltage characteristics;Temperature measurement;Conductivity;Powders;Junctions;Performance evaluation","","3","","32","IEEE","12 Feb 2020","2020","","IEEE","IEEE Journals"
"Analytic Modeling for RRAM Based on Multistage Homotopy Analysis Method","W. Hu; H. Luo; C. Chen; R. Wei","College of Physics and Information Engineering, Fuzhou University, Fuzhou, China; Electronic Information and Control of Fujian University Engineering Research Center, Minjiang University, Fuzhou, China; College of Physics and Information Engineering, Fuzhou University, Fuzhou, China; College of Physics and Information Engineering, Fuzhou University, Fuzhou, China",IEEE Transactions on Nanotechnology,"28 Feb 2020","2020","19","","179","191","Resistive random access memory device (RRAM) has been widely used in various novel circuit systems, such as memory, artificial intelligence, and neural networks, due to its unique memory characteristics. However, there are very few studies focusing on analytic modeling of RRAM. In this article, modeling for solving analytic approximate solution to the state variable of RRAM, based on the proposed Multistage Homotopy Analysis Method (MuHAM), is proposed. Different from traditional HAM, the time span under consideration is divided into many subintervals, then the convergence control parameter in each subinterval is optimized to achieve high approximation accuracy. By simulating and comparing the obtained analytic solutions with solutions solved by other traditional homotopy-based modeling methodologies and by numerical analyses, we verified that MuHAM has higher Quality Factor (introduced to evaluate the model accuracy and computational cost comprehensively), hence improving the simulation efficiency. Besides the classical Hewlett-Packard (HP) RRAM, some current RRAMs are also verified. MuHAM also has the advantages of enabling both qualitative and quantitative analyses, and immunity to convergence issues. It is particularly suitable for the analytic modeling of the other novel memory devices having strong nonlinearity.","1941-0085","","10.1109/TNANO.2020.2972298","Electronic Information and Control of Fujian University Engineering Research Center, Minjiang University(grant numbers:MJXY-KF-EIC1805); ","https://ieeexplore.ieee.org/stamp/stamp.jsp?arnumber=9011729","Resistive random access memory device (RRAM);multistage homotopy analysis method (MuHAM);analytic modeling;high accuracy","Mathematical model;Analytical models;Numerical models;Convergence;Integrated circuit modeling;Nonlinear equations;SPICE","","2","","62","IEEE","25 Feb 2020","2020","","IEEE","IEEE Journals"
"Strain Effect on the Hydrogen Evolution Reaction of VMo-SLMoS2","K. Ye; L. Lai; M. Li; J. Luo; B. Wu; Z. Ren","College of Mechanical Engineering and Automation, Fuzhou University, Fuzhou, China; College of Information & Mechanical and Electrical Engineering, Ningde Normal University, Ningde, China; College of Mechanical Engineering and Automation, Fuzhou University, Fuzhou, China; Xiamen Tungsten Company, Ltd, Xiamen, China; the College of Materials Science and Engineering, Fuzhou University, Fuzhou, China; College of Mechanical Engineering and Automation, Fuzhou University, Fuzhou, China",IEEE Transactions on Nanotechnology,"10 Mar 2020","2020","19","","192","196","Perfect monolayer molybdenum disulfide (MoS2) is a promising catalyst for the hydrogen evolution reaction (HER) and the dissociation of water molecules, but its surface severely limits the catalytic properties of the material. The known active sites are marginal and include protocell (MoS2) and single atom (Mo, S) vacancies. In this article, we used the first-principles density functional theory (DFT) calculations to study the effect of strain engineering on the catalytic activity of VMo-SLMoS2 for the HER. We found that the strain effect on the HER catalytic activity of VMo-SLMoS2 was achieved by changing the interaction between the S and Mo around the vacancy. A 4.5% biaxial compressive strain was optimal, and the Gibbs free energy is only -0.03eV and -0.04eV at the active site.","1941-0085","","10.1109/TNANO.2020.2974254","National Natural Science Foundation of China(grant numbers:50903017,51505241,51171046); Natural Science Foundation of Fujian Province(grant numbers:2018J01509); ","https://ieeexplore.ieee.org/stamp/stamp.jsp?arnumber=9007634","Quantum computing;nanomaterials;strain","Hydrogen;Strain;Adsorption;Molybdenum;Sulfur;Energy states;Metals","","5","","22","IEEE","24 Feb 2020","2020","","IEEE","IEEE Journals"
"Tunable Isotropic Absorber With Phase Change Material VO2","A. Chen; Z. Song","Institute of Electromagnetics and Acoustics, Xiamen University, Xiamen, China; Institute of Electromagnetics and Acoustics, Xiamen University, Xiamen, China",IEEE Transactions on Nanotechnology,"9 Mar 2020","2020","19","","197","200","In the past decade, metamaterial absorber has been attracting great attention and making huge progress. Most of previous metamaterial absorbers are working with a narrow band. Some efforts to realize broadband absorber have been made from microwave, terahertz to optical frequencies, which often includes multiple resonators with different sizes or multilayer structure with different geometrical dimensions. The configurations of these designs are not simple, and they require some complicated fabrication procedures. Meanwhile, the position of absorption peak and working intensity are usually fixed once the structure of metamaterial absorber is fabricated. Here a new isotropic tunable absorber is presented with a simple vanadium dioxide structure in the terahertz region. By adjusting the geometrical size, simulation shows that our design under normal incidence can achieve broadband absorptance >90% with a central frequency of 1.815 THz in the frequency band of 1.08-2.55 THz. Working intensity of the proposed absorber can be tuned from 1.3% to near 100% by changing the conductivity of vanadium dioxide from 0 Ω-1cm-1 to 2000 Ω-1cm-1. The obtained absorption spectrum is independent of incident polarization, and absorptance has a good performance when incident angle varies from 0° to 45°. The proposed design may be useful for promising applications in stealth technology, thermal emitter, and terahertz detection.","1941-0085","","10.1109/TNANO.2020.2974801","National Natural Science Foundation of China(grant numbers:11974294); ","https://ieeexplore.ieee.org/stamp/stamp.jsp?arnumber=9011736","Absorber;metamaterial;vanadium dioxide","Absorption;Metamaterials;Conductivity;Impedance;Dielectrics;Permittivity;Optical imaging","","44","","42","IEEE","25 Feb 2020","2020","","IEEE","IEEE Journals"
"Localized Surface Plasmon Resonance Based Hetero-Core Optical Fiber Sensor Structure for the Detection of L-Cysteine","L. Singh; R. Singh; B. Zhang; B. K. Kaushik; S. Kumar","School of Physics Science and Information Technology, Shandong Key Laboratory of Optical Communication Science and Technology, Liaocheng University, Liaocheng, China; School of Agriculture Science, Liaocheng University, Liaocheng, China; School of Physics Science and Information Technology, Shandong Key Laboratory of Optical Communication Science and Technology, Liaocheng University, Liaocheng, China; Department of Electronics and Communication Engineering, Indian Institute of Technology-Roorkee, Roorkee, India; School of Physics Science and Information Technology, Shandong Key Laboratory of Optical Communication Science and Technology, Liaocheng University, Liaocheng, China",IEEE Transactions on Nanotechnology,"18 Mar 2020","2020","19","","201","208","In this article, a hetero-core optical fiber sensor structure is developed for the diagnosis of L-Cysteine content in human urine. The hetero-core structure is created by sequentially cascading the single mode-multimode-single mode fibers using thermal fusion splicing. The multimode section of fiber probe is etched out and coated with synthesized gold nanoparticles (AuNPs), polyvinyl alcohol stabilized silver nanoparticles (PVA-AgNPs) and graphene oxide (GO). The AuNPs and PVA-AgNPs are used to initiate the localized surface plasmon resonance (LSPR) phenomenon on the application of exponentially decaying evanescent waves. The layer of GO is used to provide the larger surface area and binding sites for the L-Cysteine (L-Cys) molecules. Based on the combination of NPs, two different configurations of sensor probes are developed. In first one, a layer of AuNPs is deposited over fiber surface and further followed by the coating of GO, and named Probe I. In the second one, a layer of PVA-AgNPs is sandwiched between the fiber surface and GO layer and termed as Probe II. The characterization of synthesized NPs and GO solutions, and developed sensor probes are done by using UV-Vis spectrophotometry, transmission electron microscopy (TEM), scanning electron microscopy (SEM), and atomic force microscopy (AFM). To authenticate the biocompatibility of developed sensor probes, the artificial aqueous samples of L-Cys ranges from 0 μM to 1 mM are tested. To determine the stability of L-Cys, a pH level based study is also carried out to ensure the good stability of analyte in aqueous samples. From the results, it was ascertained that the response of Probe II is better in terms of attained limit of detection and sensitivity that is 126.6 μM and 0.0009 nm/μM, respectively.","1941-0085","","10.1109/TNANO.2020.2975297","Belt and Road Special; Shandong Province for Introduction of Foreign Experts; National Key Research & Development Program of China(grant numbers:2016YFB0402105); Liaocheng University(grant numbers:31805180301,31805180326); Double-Hundred Talent Plan of Shandong Province; Science and Engineering Research Board, India(grant numbers:TAR/2018/000051); ","https://ieeexplore.ieee.org/stamp/stamp.jsp?arnumber=9014527","Hetero-core;optical fiber;gold nanoparticles;polyvinyl alcohol – silver nanoparticles;graphene oxide, L-Cysteine","Optical fiber sensors;Probes;Optical fibers;Optical fiber dispersion;Nanoparticles;Optical fiber communication;Optical surface waves","","72","","52","IEEE","26 Feb 2020","2020","","IEEE","IEEE Journals"
"Characterizing Hydrogen Microbubble Stiffness Properties Using Atomic Force Microscopy","H. Yu; Y. Xue; Z. Sun; N. Xi","Department of Industrial and Manufacturing Systems Engineering, The University of Hong Kong, Pokfulam, Hong Kong; Department of Industrial and Manufacturing Systems Engineering, The University of Hong Kong, Pokfulam, Hong Kong; Department of Industrial and Manufacturing Systems Engineering, The University of Hong Kong, Pokfulam, Hong Kong; Department of Industrial and Manufacturing Systems Engineering, The University of Hong Kong, Pokfulam, Hong Kong",IEEE Transactions on Nanotechnology,"18 Mar 2020","2020","19","","209","213","In the past decades, bubbles have been gaining extensive attentions for their wide range of applications, especially those at the micro-scale. Research on the bubbles' mechanical properties is necessary for better implementations. Precise measurement of the microbubbles' mechanical properties (e.g. stiffness and adhesion) relies largely on delicate manipulation technologies in aqueous environment. As a consequence, atomic force microscopy (AFM) has been widely adopted in this field. Bubble stiffness is an important indicator to reflect the stability. Existing studies mainly focused on statistic property of the microbubbles' stiffness, which may omit delicate specific characteristics of a single microbubble. In this letter, as an instance, AFM-based stiffness measurement of a single hydrogen microbubble has been carried out. The electrochemistry method was adopted to generate stable hydrogen microbubbles. By using force volume mode of a commercial AFM, the temperature-dependent stiffness property of the microbubble was studied. Furthermore, stiffness map of a single microbubble was captured, which shows location-dependent anisotropic characteristic, contradicting the preassumption that stiffness of bubbles should be isotropic. To explain this phenomenon, the contact condition between the AFM tip and the bubble surface is considered as the key reason that induces the anisotropic observation, and a corresponding model is established to verify this hypothesis.","1941-0085","","10.1109/TNANO.2020.2975060","ITF(grant numbers:GHP/040/17GD); ABB(grant numbers:200008545); ABB Schweiz AG; ","https://ieeexplore.ieee.org/stamp/stamp.jsp?arnumber=9011756","AFM;microbubble;stiffness;anisotropic property;temperature-dependent","Temperature measurement;Force;Hydrogen;Probes;Temperature;Force measurement","","4","","28","IEEE","25 Feb 2020","2020","","IEEE","IEEE Journals"
"True Random Number Generator Integration in a Resistive RAM Memory Array Using Input Current Limitation","H. Aziza; J. Postel-Pellerin; H. Bazzi; P. Canet; M. Moreau; V. D. Marca; A. Harb","Aix Marseille Univ, Université de Toulon, CNRS, IM2NP, Marseille, France; Aix Marseille Univ, Université de Toulon, CNRS, IM2NP, Marseille, France; Department of Electrical and Electronics Engineering, Lebanese International University, Beirut, Lebanon; Aix Marseille Univ, Université de Toulon, CNRS, IM2NP, Marseille, France; Aix Marseille Univ, Université de Toulon, CNRS, IM2NP, Marseille, France; Aix Marseille Univ, Université de Toulon, CNRS, IM2NP, Marseille, France; Department of Electrical and Electronics Engineering, The International University of Beirut, Beirut, Lebanon",IEEE Transactions on Nanotechnology,"18 Mar 2020","2020","19","","214","222","A novel True Random Number Generator circuit fabricated in a 130 nm HfO2-based resistive RAM process is presented. The generation of the random bit stream is based on a specific programming sequence applied to a dedicated memory array. In the proposed programming scheme, all the cells of the memory array are addressed at the same time while the current provided to the circuit is limited to program only a subset of the memory array, resulting in a stochastic distribution of cell resistance values. Some cells are switched in a low resistive state, other cells are slightly programmed to reach an intermediate resistance state, while the remaining cells maintain their initial high resistance state. Resistance values are next converted into a bit stream and confronted to National Institute of Standards and Technology (NIST) test benchmarks. The generated random bit stream has successfully passed twelve NIST tests out of fifteen. Compared to state-of-the-art resistive RAM-based true random number generators, our proposed methodology is the first one to leverage on programming current limitation at a memory array level.","1941-0085","","10.1109/TNANO.2020.2976735","","https://ieeexplore.ieee.org/stamp/stamp.jsp?arnumber=9024228","True random number generator;TRNG;stochastic switching;memristor;OxRAM;RRAM","Resistance;Switches;Generators;Transistors;Random access memory;Programming;NIST","","50","1","40","IEEE","4 Mar 2020","2020","","IEEE","IEEE Journals"
"An Analytical Approach to Study Annealing Induced Interdiffusion of In and Ga for Truncated Pyramidal InAs/GaAs Quantum Dots","I. Mal; D. P. Panda; B. Tongbram; S. Chakrabarti; D. P. Samajdar","Department of Electronics and Communication Engineering, PDPM Indian Institute of Information Technology, Design & Manufacturing, Jabalpur, India; Deptartment of Electrical Engineering, Indian Institute of Technology Bombay, Powai, India; Centre for Research in Nanotechnology and Science, Indian Institute of Technology Bombay, Powai, India; Deptartment of Electrical Engineering, Indian Institute of Technology Bombay, Powai, India; Department of Electronics and Communication Engineering, PDPM Indian Institute of Information Technology, Design & Manufacturing, Jabalpur, India",IEEE Transactions on Nanotechnology,"18 Mar 2020","2020","19","","223","229","A strain-assisted model for studying the annealing induced interdiffusion of constituent atoms in truncated pyramidal InAs/GaAs self-assembled quantum dot (QD) is developed. In our model, we have considered the equiprobable diffusion of Ga and In atoms in and out of the QD system, thereby resulting in the formation of In rich In1-xGaxAs as the QD material and a combination of Ga rich InxGa1-xAs and GaAs barrier material. This assumption is supported by the high-resolution cross-sectional transmission electron microscopy (HRTEM) images and high-resolution X-ray diffraction (HRXRD) plots of the as-grown and annealed samples. First principle calculations are utilized to evaluate the strain and annealing temperature dependent activation energy, which further assists to solve the Fickian diffusion model. Our simplistic model provides a detailed insight into the effect of annealing phenomenon on the bimodal Photoluminescence (PL) spectra of molecular beam epitaxy (MBE) grown InAs/GaAs QDs, which have evolved as a potential system for innumerous applications including single photon sources, quantum computers, spin LEDs, LASERs and Infrared Photodetectors.","1941-0085","","10.1109/TNANO.2020.2975934","","https://ieeexplore.ieee.org/stamp/stamp.jsp?arnumber=9018393","Annealing;interdiffusion;k dot p Hamiltonian;strain","Annealing;Strain;Gallium arsenide;Atomic layer deposition;Mathematical model;Computational modeling;Temperature dependence","","3","","41","IEEE","28 Feb 2020","2020","","IEEE","IEEE Journals"
"Self-Powered Active Spherical Triboelectric Sensor for Fluid Velocity Detection","P. Cheng; M. Sun; C. Zhang; H. Guo; J. Shi; Y. Zhang; Y. Liu; J. Wang; Z. Wen; X. Sun","Jiangsu Key Laboratory for Carbon-Based Functional Materials and Devices, Institute of Functional Nano and Soft Materials (FUNSOM), Soochow University, Suzhou, China; Fine Mechanics and Physics, Chinese Academy of Sciences, Changchun Institute of Optics, Changchun, China; Chinese Academy of Sciences, Beijing Institute of Nanoenergy and Nanosystems, Beijing, China; Department of Physics, Chongqing University, Chongqing, China; Jiangsu Key Laboratory for Carbon-Based Functional Materials and Devices, Institute of Functional Nano and Soft Materials (FUNSOM), Soochow University, Suzhou, China; Jiangsu Key Laboratory for Carbon-Based Functional Materials and Devices, Institute of Functional Nano and Soft Materials (FUNSOM), Soochow University, Suzhou, China; Department of Mathematical Sciences, Xi'an Jiaotong-Liverpool University, Suzhou, China; Chinese Academy of Sciences, Beijing Institute of Nanoenergy and Nanosystems, Beijing, China; Jiangsu Key Laboratory for Carbon-Based Functional Materials and Devices, Institute of Functional Nano and Soft Materials (FUNSOM), Soochow University, Suzhou, China; Jiangsu Key Laboratory for Carbon-Based Functional Materials and Devices, Institute of Functional Nano and Soft Materials (FUNSOM), Soochow University, Suzhou, China",IEEE Transactions on Nanotechnology,"18 Mar 2020","2020","19","","230","235","Developing fluid velocity sensors with high accuracy, high stability and self-power has practical significance. Triboelectric sensors provide a strategy to realize high-performance self-powered active sensing. In this article, we present a fully enclosed self-powered active spherical triboelectric sensor (SASTS) to detect the fluid velocity. Based on the electrification at the contact interface, resulting in the electrostatic induced electrons transferring between two interdigitated electrodes, SASTS effectively harvests the fluid flow energy to electric signal. After Fourier transform processing of the output signal, the motion frequency of the SASTS can be distinguished and the fluid velocity can be further calculated. By optimizing the structure parameter, it features high precision with average standard deviation less than 4, wide range speed from 2 m/s to 18 m/s of fluid flow, and proved lifetime more than half a year. This technique can be applied to measurement of fluid flow speed, even potentially to other rotation movements, which could have wide applications, such as environment monitoring, transportation and so on.","1941-0085","","10.1109/TNANO.2020.2976154","National Natural Science Foundation of China(grant numbers:61804103); Natural Science Foundation of the Jiangsu Higher Education Institutions of China(grant numbers:18KJA535001); Natural Science Foundation of Jiangsu Province(grant numbers:BK20170343); State Key Laboratory of Silicon Materials, Zhejiang University(grant numbers:SKL2018-03); Jiangsu Key Laboratory for Carbon-Based Functional Materials and Devices, Soochow University(grant numbers:KJS1803); XJTLU Key Programme Special Fund(grant numbers:KSF-A-18); Collaborative Innovation Center of Suzhou Nano Science & Technology; Priority Academic Program Development of Jiangsu Higher Education Institutions; Higher Education Discipline Innovation Project; Joint International Research Laboratory of Carbon-Based Functional Materials and Devices; ","https://ieeexplore.ieee.org/stamp/stamp.jsp?arnumber=9019707","Triboelectric sensor;fluid energy;velocity detection;spherical;self-powered","Fluids;Electrodes;Rubber;Fluid flow;Standards;Sun;Monitoring","","25","","37","IEEE","2 Mar 2020","2020","","IEEE","IEEE Journals"
"Nanorods Versus Nanoparticles: A Comparison Study of Au/ZnO-PMMA/Au Non-Volatile Memory Devices Showing the Importance of Nanostructure Geometry on Conduction Mechanisms and Switching Properties","A. H. Jaafar; A. Gee; N. T. Kemp","Department of Physics and Mathematics, University of Hull, Hull, U.K.; Department of Physics and Mathematics, University of Hull, Hull, U.K.; Department of Physics and Mathematics, University of Hull, Hull, U.K.",IEEE Transactions on Nanotechnology,"18 Mar 2020","2020","19","","236","246","Hybrid organic-inorganic devices offer a simple and low cost route to the fabrication of resistive memory devices. However the switching and conduction mechanisms are not well established. This work compares ZnO-based devices made in the same manner but having two different nanostructure geometries, vertically aligned ZnO nanorods and randomly dispersed ZnO nanoparticles, both embedded within a PMMA host material and sandwiched between two gold electrodes in a crossbar device configuration. Both device types do not require a forming step to initiate switching and exhibit bipolar switching at relatively low operating voltages. In the low field regime both device types exhibit Ohmic behavior, however in the high field regime their switching and conduction mechanisms are distinctly different. ZnO nanorod-based devices exhibit smooth I-V curves and smooth switching behavior and a conduction mechanism that changes from Poole-Frenkel to Schottky emission when switching from the ON state to the OFF state. In contrast, ZnO nanoparticle devices exhibit sharp switching properties with SCLC behavior in the OFF state and Ohmic conduction in the ON state. These differences in the conduction and switching properties of devices containing the same materials clearly demonstrates the importance of the nanostructure geometry and device architecture on the switching and conduction properties of memristor devices. For each device type we discuss the results and propose plausible mechanisms to account for their different behavior.","1941-0085","","10.1109/TNANO.2019.2949759","Iraqi Ministry of Higher Education; University of Baghdad; ","https://ieeexplore.ieee.org/stamp/stamp.jsp?arnumber=8889518","Resistive switching;memory;ZnO;nanorods;nanoparticles;organic memristors;Schottky;Poole-Frenkel","Zinc oxide;II-VI semiconductor materials;Nanoscale devices;Optical switches;Electrodes;Memristors","","22","","97","IEEE","31 Oct 2019","2020","","IEEE","IEEE Journals"
"Spatial Optimization of Modulation Doping in P-I-P QDIPs: Towards Achieving Higher Operating Temperature","V. P. Deviprasad; D. Das; B. Tongbram; D. Panda; S. Paul; S. Mondal; S. Chakrabarti","Centre for Research in Nanotechnology and Science, Indian Institute of Technology Bombay, Mumbai, India; Department of Electrical Engineering, Indian Institute of Technology Bombay, Mumbai, India; Centre for Research in Nanotechnology and Science, Indian Institute of Technology Bombay, Mumbai, India; Department of Electrical Engineering, Indian Institute of Technology Bombay, Mumbai, India; Department of Electronics and Communication Engineering, Kalyani Government Engineering College, Nadia, India; Department of Electronics and Communication Engineering, Kalyani Government Engineering College, Nadia, India; Department of Electrical Engineering, Indian Institute of Technology Bombay, Mumbai, India",IEEE Transactions on Nanotechnology,"18 Mar 2020","2020","19","","247","254","We report short wavelength infrared (SWIR) photodetectors using multi-stacked modulation doped Indium-Arsenide (InAs) self-assembled quantum dots (QDs). The detriments of direct doping on the energy levels of InAs QDs have been eliminated by choosing modulation doping. We have considered three P-I-P Indium Arsenide/Gallium Arsenide (InAs/GaAs) quantum dot infrared photodetector (QDIP) heterostructures in which a thin (3 nm) P-doped GaAs layer is introduced at a distance of 7, 12 and 17 nm away from each InAs dot layer respectively. The structures have been analyzed for their morphological and optical characteristics and an optimum separation between the active layer and modulation doped layer has been achieved. The fabricated single pixel detectors exhibit a broad spectral response from 1 to 3.5 μm in the SWIR region for all the samples. The infrared photocurrent survives up to a maximum temperature of 200K for the optimized device with a peak responsivity of 1.439 A/W at wavelength λ = 1.77 μm and temperature T = 200 K.","1941-0085","","10.1109/TNANO.2019.2937093","Science and Engineering Research Board(grant numbers:EMR/2016/005338); DST Nanomission, India; SR/NM/NS-1178/2015 (G); Indian Space Research Organization(grant numbers:09SUBH001); ","https://ieeexplore.ieee.org/stamp/stamp.jsp?arnumber=8820175","InAs/GaAs quantum dots;p-i-p quantum dot infrared photodetector;modulation doping;photoluminescence;high operating temperature;spectral response;responsivity","Quantum dots;Gallium arsenide;Epitaxial layers;Strain;Photoluminescence;Photodetectors;Dark current","","6","","34","IEEE","30 Aug 2019","2020","","IEEE","IEEE Journals"
"Polymer–Nanocrystal Nanocomposites: Device Concepts in Capacitors and Multiferroics","F. A. Pearsall; J. Lombardi; N. Farahmand; B. van Tassel; E. S. Leland; L. Huang; S. Liu; S. Yang; C. Le; I. Kymissis; P. Kinget; S. R. Sanders; D. Steingart; S. O'Brien","The Graduate Center, The City University of New York, New York, USA; The Graduate Center, The City University of New York, New York, USA; The Graduate Center, The City University of New York, New York, USA; CUNY Energy Institute, The City College of New York, New York, USA; Voltaiq, Inc., Berkeley, USA; Department of Chemistry, South University of Science and Technology of China, Shenzhen, China; Chongqing Institute of Green and Intelligent Technology, Chinese Academy of Sciences, Chongqing, China; Department of Electrical Engineering, Columbia University, New York, USA; Department of Electrical Engineering, Columbia University, New York, USA; Department of Electrical Engineering, Columbia University, New York, USA; Department of Electrical Engineering, Columbia University, New York, USA; Department of Electrical Engineering and Computer Science, University of California, Berkeley, Berkeley, USA; Department of Mechanical and Aerospace Engineering, Princeton University, Princeton, USA; Department of Chemistry and Biochemistry and the CUNY Energy Institute, The City College of New York, New York, USA",IEEE Transactions on Nanotechnology,"18 Mar 2020","2020","19","","255","268","Nanotechnology offers a variety of pathways to novel and low cost device fabrication for a future that will undoubtedly contain literally billions of ubiquitous electronic devices. Nanocomposite metal-insulator-metal (MIM) capacitors are of interest due to the possibility of reducing the number of discrete components in printed circuit boards, and alternatively using embedded or directly printed capacitors for nanopackaging in conjunction with integrated circuits. Flexible substrates also become candidates when employing low processing temperatures. In addition to compatibility with nanomanufacturing, the prospect of designing a nanocomposite dielectric, by combining colloidal nanoparticle fillers and polymer hosts, lends itself very well to the idea of tunability of the mechanical and electrical properties. In exploring combinations of complex oxide materials and polymers, the field goes beyond simple capacitors, towards multiferroic devices in which the potential overlap of magnetic permeability with permittivity can produce enactable devices for magnetodielectrics and magnetoelectrics. Our work in solution processing of inorganic oxide dielectrics and multiferroics, using a modified sol-gel approach allows for the preparation of a variety of formulations that can be treated as inks for deposition as layers and/or for the design of novel nanocomposite films. Starting with high dielectric materials, we discuss nanocomposite capacitance based energy storage, and progress to materials development for multiferroic nanocomposites.","1941-0085","","10.1109/TNANO.2019.2939093","Advanced Research Project Agency for Energy(grant numbers:ADEPT DE-AR0000114); New York State Energy Research and Development Authority; National Science Foundation(grant numbers:NSF 1461499,NSF CREST 1547830); AGEP(grant numbers:NSF DMR 1719250); ","https://ieeexplore.ieee.org/stamp/stamp.jsp?arnumber=8833517","Nanocomposite;capacitor;multiferroic;nanocrystal;chemical solution processing","Nanocrystals;Polymers;Ceramics;Nanoscale devices;Capacitors;Films","","10","","71","IEEE","11 Sep 2019","2020","","IEEE","IEEE Journals"
"Enhancing the Performance of Polygon Monopole Antenna Using Graphene/TMDCs Heterostructures","M. R. R. Abdul-Aziz; S. A. Mohassieb; N. A. Eltresy; M. M. K. Yousef; B. Anis; S. O. Abdellatif; A. S. G. Khalil","Faculty of Science, Environmental and Smart Technology Group, Fayoum University, Fayoum, Egypt; Electronics and Communications Department, Akhbar Elyom Academy, 6th October City, Egypt; Microstrip Department, Electronics Research Institute, Giza, Egypt; Faculty of Science, Environmental and Smart Technology Group, Fayoum University, Fayoum, Egypt; Spectroscopy Department, Physics Division, National Research Centre, Giza, Egypt; Electrical Engineering department, Faculty of Engineering and FabLab, the Center for Emerging Learning Technology, The British University in Egypt, Cairo, Egypt; Faculty of Science, Environmental and Smart Technology Group and Physics department, Fayoum University, Fayoum, Egypt",IEEE Transactions on Nanotechnology,"18 Mar 2020","2020","19","","269","273","In this letter, Laser Induced Graphene (LIG) as a low cost and versatile technique, was utilized to fabricate coplanar waveguide fed polygon monopole antenna on glass substrates. A modified LIG-MoS2 heterostructure based antennas were also fabricated and characterized. The formation of the graphene and the successful realization of the hybrid structures were examined and confirmed by several techniques including SEM, Raman and EDX. The conductivity as well as the reliability over large areas were demonstrated for both materials, concluding a significant improvement of LIG-MoS2 heterostructure over graphene antenna. Consequently, the two proposed antennas have shown up to 30% enhancement in gain with respect to a reference fabricated copper-based antenna.","1941-0085","","10.1109/TNANO.2020.2974994","STDF (Egypt); AGYA (Germany); ","https://ieeexplore.ieee.org/stamp/stamp.jsp?arnumber=9011758","Graphene;heterostructure;laser induced graphene (LIG);molybdenum disulfide MoS  $_2$  ;monopole antenna","Antennas;Graphene;Molybdenum;Antenna measurements;Sulfur;Copper;Resistance","","23","","26","IEEE","25 Feb 2020","2020","","IEEE","IEEE Journals"
"Real-Time Estimation of the Tip-Sample Interactions in Tapping Mode Atomic Force Microscopy With a Regularized Kalman Filter","A. Keyvani; G. van der Veen; M. S. Tamer; H. Sadeghian; H. Goosen; F. van Keulen","Precision and Microsystems Engineering Department, Delft University of Technology, Delft, Netherlands; Precision and Microsystems Engineering Department, Delft University of Technology, Delft, Netherlands; Precision and Microsystems Engineering Department, Delft University of Technology, Delft, Netherlands; Netherlands organization for applied Scientific Reseach (TNO), Delft, Netherlands; Precision and Microsystems Engineering Department, Delft University of Technology, Delft, Netherlands; Precision and Microsystems Engineering Department, Delft University of Technology, Delft, Netherlands",IEEE Transactions on Nanotechnology,"23 Mar 2020","2020","19","","274","283","The real-time and accurate measurement of tip-sample interaction forces in Tapping Mode Atomic Force Microscopy (TM-AFM) is a remaining challenge. This obstruction fundamentally stems from the causality of the physical systems. Since i) the input of the dynamic systems propagates to the output with some delay, and ii), multiple different inputs can generate the same output, there exist no measurement or estimation technique that can estimate the force input of the systems in real-time without phase and amplitude distortion. However, an approximate and delayed estimation can still be possible. This article presents a general-purpose algorithm which aims to estimate an approximation of the force input of TM-AFM with minimum delay and error. For this reason, first, the input estimation problem is converted to an ill-posed state observation problem. Then, a Tikhonov-like regularization technique is applied to eliminate the ill-conditioning and estimate the force input using a linear Kalman filter. The proposed input observer is remarkably robust, real-time in the order of the sampling frequency, and applicable for any Linear Time Invariant (LTI) system with a (semi-) periodic process. Simulation and experimental results show that using the proposed algorithm with a wide-band AFM probe; one can determine the tip-sample forces with only a few percent error and a delay in the order of sampling time. Unlike the existing force estimation techniques for AFM, this algorithm does not require any prior knowledge of the force-distance relationship which can be very beneficial for the closed-loop control of AFM.","1941-0085","","10.1109/TNANO.2020.2974177","Netherlands Organization for Applied scientific Research; TNO; Early Research Program 3D Nanomanufacturing; ","https://ieeexplore.ieee.org/stamp/stamp.jsp?arnumber=9011753","Unknown input estimation;tip-sample interactions;multi-harmonic AFM;kalman filter;regularization","Force;Probes;Resonant frequency;Estimation;Wideband;Real-time systems;Kalman filters","","4","","36","IEEE","25 Feb 2020","2020","","IEEE","IEEE Journals"
"High-Frequency Performance Study of CNTFET-Based Amplifiers","J. N. Ramos-Silva; A. Pacheco-Sanchez; L. M. Díaz-Albarran; L. M. Rodríguez-Méndez; M. A. Enciso-Aguilar; M. Schröter; E. Ramírez-García","Instituto Politécnico Nacional, UPALM, México, México; Chair for Electron Devices and Integrated Circuits, Technische Universität Dresden, Dresden, Germany; Instituto Politécnico Nacional, UPALM, México, México; Instituto Politécnico Nacional, UPALM, México, México; Instituto Politécnico Nacional, UPALM, México, México; Chair for Electron Devices and Integrated Circuits, Technische Universität Dresden, Dresden, Germany; Instituto Politécnico Nacional, UPALM, México, México",IEEE Transactions on Nanotechnology,"9 Apr 2020","2020","19","","284","291","This article details the design of single and double stage maximum gain and low-noise high-frequency amplifiers at 2.4 GHz using a compact carbon nanotube field-effect transistor model, which is initially calibrated with hysteresis-free experimental data from a technology suitable for high-frequency applications. Parameters of the compact model represent CNTFETs with maximum high-frequency gain and reduced high-frequency noise by eliminating the metallic tubes contribution. Studies on linearity of the amplifiers as well as the impact of the quality factor of the inductors used in the stabilization network and the density of the nanotubes on amplifier performance are presented. Results of RF amplifiers show that CNTFETs are credible contenders for developing applications in S-band because of their gain (around 12 dB for a double-stage gain design), low noise (NFmin = 1.5 dB for a single-stage LNA) and linearity performance (OIP3 around 15 dBm for a single-stage gain amplifier design).","1941-0085","","10.1109/TNANO.2020.2978816","Instituto Politécnico Nacional(grant numbers:SIP/20196047); German National Science Foundation DFG through cfaed SCHR(grant numbers:695/6,CL 384/2); ","https://ieeexplore.ieee.org/stamp/stamp.jsp?arnumber=9032364","CNTFET;RF amplifier;compact model;linearity;LNA;gain amplifier","CNTFETs;Gain;Integrated circuit modeling;Radio frequency;Electron tubes;Performance evaluation;Data models","","12","","38","IEEE","11 Mar 2020","2020","","IEEE","IEEE Journals"
"Tunable, Hardware-Based Quantum Random Number Generation Using Coupled Quantum Dots","H. McCabe; S. M. Koziol; G. L. Snider; E. P. Blair","Electrical and Computer Engineering Department, Baylor University, Waco, USA; Electrical and Computer Engineering Department, Baylor University, Waco, USA; Electrical Engineering Department, University of Notre Dame, Notre Dame, USA; Electrical and Computer Engineering Department, Baylor University, Waco, USA",IEEE Transactions on Nanotechnology,"5 May 2020","2020","19","","292","296","Random numbers are a valuable commodity in gaming and gambling, simulation, conventional and quantum cryptography, and in non-conventional computing schemes such as stochastic computing. We propose to generate a random bit using a position measurement of a single mobile charge on a coupled pair of quantum dots. True randomness of the measurement outcome is provided by quantum mechanics via Born's rule. A random bit string may be generated using a sequence of repeated measurements on the same double quantum dot (DQD) system. Any bias toward a “0” measurement or a “1” measurement may be removed or tuned as desired simply by adjusting the detuning between localized states. Device tunability provides versatility, enabling this quantum random number generator (QRNG) to support applications in which no bias is desired, or where a tunable bias is desired. We discuss a metal-dot implementation as well as a molecular implementation of this QRNG. Basic quantum mechanical principles are used to study power dissipation and timing considerations for the generation of random bit strings. The DQD offers a small form factor and, in a metallic implementation, is usable in the case where cryogenic operations are desirable (as in the case of quantum computing). For room-temperature applications, a molecular DQD may be used.","1941-0085","","10.1109/TNANO.2020.2978859","Baylor University; ","https://ieeexplore.ieee.org/stamp/stamp.jsp?arnumber=9034476","Quantum random number generator (QRNG);quantum dots","Time measurement;Quantum dots;Stationary state;Position measurement;Power dissipation;Generators","","18","","24","IEEE","12 Mar 2020","2020","","IEEE","IEEE Journals"
"Compact Modeling of the I-V Characteristics of ZnO Nanowires Including Nonlinear Series Resistance Effects","E. Miranda; G. Milano; C. Ricciardi","Departament d'Enginyeria Electrònica, Universitat Autònoma de Barcelona, Barcelona, Spain; Department of Applied Science and Technology, Politecnico di Torino, Torino, Italy; Department of Applied Science and Technology, Politecnico di Torino, Torino, Italy",IEEE Transactions on Nanotechnology,"13 Apr 2020","2020","19","","297","300","This letter deals with the compact modeling of the I-V characteristics of single crystalline ZnO nanowires (NW) attached to two metal electrodes (Pt and Ag). Starting from the standard model of electron transport in these structures based on the series combination of two back-to-back Schottky diodes, three different approaches which account for the role played by the NW series resistance are presented. The first approach considers a fixed potential drop across the NW, the second one involves the solution to the problem of a diode with linear and nonlinear series resistances using the Lambert W function, and the third one consists in a behavioral model with continuous first derivative suitable for circuit simulation environments. In the three cases, the proposed solutions are consistent with the observed electrical constraints both at low (linear I-V relationship) and high (current saturation) voltages.","1941-0085","","10.1109/TNANO.2020.2981214","Ministerio de Economía y Competitividad(grant numbers:TEC2017-84321-C4-4-R); Visiting Professor Project 2019 - Politecnico di Torino; ","https://ieeexplore.ieee.org/stamp/stamp.jsp?arnumber=9044612","ZnO;nanowire;Schottky diode","Resistance;Electrodes;Schottky diodes;Nanowires;Integrated circuit modeling;Zinc oxide","","15","","31","IEEE","23 Mar 2020","2020","","IEEE","IEEE Journals"
"2D-SnS$_2$ Nanoflakes Based Efficient Ultraviolet Photodetector","S. M. Yadav; A. Pandey","Department of Electronics Engineering, Indian Institute of Technology (BHU), Varanasi, India; Department of Electronics Engineering, Indian Institute of Technology (BHU), Varanasi, India",IEEE Transactions on Nanotechnology,"4 May 2020","2020","19","","301","307","This paper reports a SnS2 nanoflakes based UV photodetector having high sensitivity and thermal stability upto 120°C. Simple and low cost solvothermal technique has been used to synthesize SnS2 nanoflakes of close to hexagonal shapes. A simple photoconductor structure on SiO2/Si substrate is fabricated by using Agas contact material. The resultant device has good sensitivity (~400), responsivity (~5.5 A/W), EQE (~1868%), detectivity (~1.72 × 1013 Jones) and low response time (~2.2 s). The reported characteristics are superior to many other UV photodetectors utilizing complex hybrid structure of the device, either in form of additional filter layer or nanostructural light sensitive material.","1941-0085","","10.1109/TNANO.2020.2983964","","https://ieeexplore.ieee.org/stamp/stamp.jsp?arnumber=9056819","2-D material;SnS $_{2}$  nanoflakes;UV photodetector;photoconductor","Photodetectors;Photonic band gap;Substrates;Performance evaluation;Two dimensional displays;Nanobioscience;Nanoscale devices","","11","","55","IEEE","3 Apr 2020","2020","","IEEE","IEEE Journals"
"Degradation of Off-Phase Leakage Current of FinFETs and Gate-All-Around FETs Induced by the Self-Heating Effect in the High-Frequency Operation Regime","C. Park; I. Yun","Department of Electrical and Electronic Engineering, Yonsei University, Seoul, South Korea; Department of Electrical and Electronic Engineering, Yonsei University, Seoul, South Korea",IEEE Transactions on Nanotechnology,"8 May 2020","2020","19","","308","314","In this article, the influence of the self-heating effect (SHE) on fin-shaped field-effect transistors (FinFETs) and gate-all-around field-effect transistors (GAAFETs) was investigated. The AC analysis with the input of a square pulse at the gate electrode was implemented to estimate the effect of SHE on the leakage current characteristics. The high-frequency operating region from 500 MHz to 50 GHz was simulated for the comparison at each different operating frequency. The high operating frequency indicates that there is not enough time to relieve the heat generated by SHE during the off-phase of the pulse. Thus, as the operating frequency increases, the off-state leakage current induced by SHE increases accordingly. The so-called thermal time constant (τTH) was examined for both FinFETs and GAAFETs by comparing the thermal resistance (RTH) and thermal capacitance (CTH) to minimize SHE on leakage current in the simulation environment.","1941-0085","","10.1109/TNANO.2020.2986540","Institute of BioMed-IT, Energy-IT and Smart-IT Technology (Best), Yonsei University; ","https://ieeexplore.ieee.org/stamp/stamp.jsp?arnumber=9066945","FinFET;GAAFET;self-heating effect;leakage current;thermal reliability","FinFETs;Leakage currents;Heating systems;Logic gates;Thermal resistance;Semiconductor process modeling","","12","","13","IEEE","14 Apr 2020","2020","","IEEE","IEEE Journals"
"Length-Dependent Electron Transport Properties of Defective Silicene Nanoribbons","M. Poljak","Faculty of Electrical Engineering and Computing, Micro and Nano Electronics Laboratory, University of Zagreb, Zagreb, Croatia",IEEE Transactions on Nanotechnology,"9 Apr 2020","2020","19","","315","321","Electronic and transport properties of realistic silicene nanoribbons (SiNRs) with edge defects are investigated in detail by using statistical atomistic quantum transport simulations based on the non-equilibrium Green's function (NEGF) formalism. We investigate the influence of SiNR width, length, and edge defect density on several parameters relevant for nanoscale device applications, including transport gap, conductance and intrinsic switching capability, mean free path and localization length. Most importantly, we find that ≈2 nm-wide defective SiNRs with lengths in the 13 nm to 28 nm range are a promising channel material for field-effect transistors at this scale, additionally avoiding the localization transport regime and achieving a variability of 12% to 20% even in the worst case.","1941-0085","","10.1109/TNANO.2020.2982071","Hrvatska Zaklada za Znanost; CONAN2D(grant numbers:HRZZ-UIP-2019-04-3493); ","https://ieeexplore.ieee.org/stamp/stamp.jsp?arnumber=9047167","atomistic simulation;edge defects;NEGF;quantum transport;silicene nanoribbons","Signal to noise ratio;Interference;Nanoribbons;Photonic band gap;Field effect transistors;Computational modeling","","4","","44","IEEE","25 Mar 2020","2020","","IEEE","IEEE Journals"
"Nitride Induced Stress Affecting Crystallinity of Sidewall Damascene Gate-All-Around Nanowire Poly-Si FETs","C. -H. Shen; W. -Y. Chen; S. -Y. Lee; P. -Y. Kuo; T. -S. Chao","Department of Electrophysics, National Chiao Tung University, Hsinchu, Taiwan; Department of Electrophysics, National Chiao Tung University, Hsinchu, Taiwan; Department of Electrophysics, National Chiao Tung University, Hsinchu, Taiwan; Department of Electronic Engineering, Feng Chia University, Taichung, Taiwan; Department of Electrophysics, National Chiao Tung University, Hsinchu, Taiwan",IEEE Transactions on Nanotechnology,"5 May 2020","2020","19","","322","327","In this article, poly-Si gate-all-around (GAA) field effect transistors (FETs) using sidewall damascene method are successfully demonstrated. By manipulating the stress which is imposed by nitride layer, the crystallinity of poly-Si channels can be modified easily by changing the thickness of nitride layer. The better crystallinity of the devices with 60 nm top nitride is attributed to larger average grain size and fewer defects, leading to higher field-effect carrier mobility compared to 40 and 80 nm top nitride layer devices. Both n-type and p-type devices exhibit superior electrical characteristics including higher on-state current of 40 μA/μm (n-type) and 26 μA/μm (p-type), steep subthreshold swing of 82 mV/dec. (n-type) and 104 mV/dec. (p-type), an extremely low drain-induced barrier lowering (DIBL) of 4.6 mV/V (n-type) and 16.6 mV/V (p-type), and high Ion/Ioff current ratio larger than seven orders of magnitude. The thermal stability and gate stress reliability measurement of sidewall damascene GAA nanowire poly-Si devices were also investigated. With better crystallinity, electrical characteristics of GAA nanowire poly-Si devices degrade less under same elevated temperature condition. Devices characteristics remain unchanged after long gate stress time. This simple fabrication process makes it a potential candidate for future three-dimensional integrated-circuit (3D-IC) and low-cost Internet of Things (IoTs) applications.","1941-0085","","10.1109/TNANO.2020.2981394","Ministry of Science and Technology, Taiwan(grant numbers:MOST-106-2221-E-009-151-MY3,MOST-107-2633-E-009-0093); Taiwan Semiconductor Research Institute, Taiwan(grant numbers:JDP108-Y1-039); ","https://ieeexplore.ieee.org/stamp/stamp.jsp?arnumber=9044627","Crystallinity;gate-all-around;poly-Si;stress;thermal reliability","Stress;Logic gates;Gallium arsenide;Nanoscale devices;Temperature;Field effect transistors;Fabrication","","2","","28","IEEE","23 Mar 2020","2020","","IEEE","IEEE Journals"
"Exploiting Oxide Based Resistive RAM Variability for Bayesian Neural Network Hardware Design","A. Malhotra; S. Lu; K. Yang; A. Sengupta","School of Electrical Engineering and Computer Science, Pennsylvania State University, University Park, USA; School of Electrical Engineering and Computer Science, Pennsylvania State University, University Park, USA; School of Electrical Engineering and Computer Science, Department of Materials Science and Engineering, Pennsylvania State University, University Park, USA; School of Electrical Engineering and Computer Science, Department of Materials Science and Engineering, Pennsylvania State University, University Park, USA",IEEE Transactions on Nanotechnology,"28 Apr 2020","2020","19","","328","331","Uncertainty plays a key role in real-time machine learning. As a significant shift from standard deep networks, which does not consider any uncertainty formulation during its training or inference, Bayesian deep networks are being currently investigated where the network is envisaged as an ensemble of plausible models learnt by the Bayes' formulation in response to uncertainties in sensory data. Bayesian deep networks consider each synaptic weight as a sample drawn from a probability distribution with learnt mean and variance. This letter elaborates on a hardware design that exploits cycle-to-cycle variability of oxide based Resistive Random Access Memories (RRAMs) as a means to realize such a probabilistic sampling function, instead of viewing it as a disadvantage.","1941-0085","","10.1109/TNANO.2020.2982819","","https://ieeexplore.ieee.org/stamp/stamp.jsp?arnumber=9050663","Neuromorphic computing;Bayesian neural networks;resistive random access memory","Probability distribution;Bayes methods;Resistance;Hardware;Gaussian distribution;Training;Probabilistic logic","","33","","28","IEEE","30 Mar 2020","2020","","IEEE","IEEE Journals"
"Impact of Interfacial SiO2 on Dual Ion Beam Sputtered Y2O3-Based Memristive System","M. Das; A. Kumar; S. Kumar; B. Mandal; G. Siddharth; P. Kumar; M. T. Htay; S. Mukherjee","Electrical Engineering, Hybrid Nanodevice Research Group (HNRG), Indian Institute of Technology Indore, Simrol, India; Electrical Engineering, NIT, Patna; Electrical Engineering, Hybrid Nanodevice Research Group (HNRG), Indian Institute of Technology Indore, Simrol, India; Electrical Engineering, Hybrid Nanodevice Research Group (HNRG), Indian Institute of Technology Indore, Simrol, India; Electrical Engineering, Hybrid Nanodevice Research Group (HNRG), Indian Institute of Technology Indore, Simrol, India; Electrical Engineering, Hybrid Nanodevice Research Group (HNRG), Indian Institute of Technology Indore, Simrol, India; Hashimoto-Myo Laboratory, Department of Electrical and Computer Engineering, Shinshu University, Nagano, Japan; Electrical Engineering, Hybrid Nanodevice Research Group (HNRG), Indian Institute of Technology Indore, Simrol, India",IEEE Transactions on Nanotechnology,"7 May 2020","2020","19","","332","337","In this article, the effect of the SiO2 layer is demonstrated on dual ion beam sputtered yttria-based memristive devices for the first time. It is found that the effect of thickening of SiO2 layer is extremely detrimental for resistive switching (RS) parameters such as endurance and uniformity of current-voltage characteristics. SiO2 interfacial layer causes the growth of nano stalagmite in the yttria layer. This interfacial layer is also responsible for the origin of pseudo bipolarity in RS characteristics and early failure of the device during endurance testing. The thickness of the SiO2 layer has a positive correlation with deposition temperature and oxygen partial pressure. It is found that the deposition temperature of 300°C and a mixture of Ar:O2 with a ratio of 2:3 shows the best RS characteristics.","1941-0085","","10.1109/TNANO.2020.2987200","R&D work undertaken; Visvesvaraya PhD scheme of Ministry of Electronics & Information Technology, Government of India; Digital India Corporation (formerly Media Lab Asia); Ministry of Electronics and Information Technology, Government of India; Visvesvaraya Ph.D. Scheme for Electronics and Information Technology; Department of Science and Technology; ","https://ieeexplore.ieee.org/stamp/stamp.jsp?arnumber=9072582","Partial pressure;temperature;yttria;Memristor;DIBS","Plasma temperature;Temperature;Ion sources;Substrates;Silicon;X-ray diffraction;Ion beams","","21","","21","IEEE","20 Apr 2020","2020","","IEEE","IEEE Journals"
"Trapping Depth and Transition Probability of Four-Level Random Telegraph Noise in a Gate-All-Around Poly-Si Nanowire Transistor","Y. -T. Chang; Y. -L. Tsai; K. -P. Peng; C. -J. Su; P. -W. Li; H. -C. Lin","Institute of Electronics, National Chiao Tung University, Hsinchu, Taiwan; Institute of Electronics, National Chiao Tung University, Hsinchu, Taiwan; Institute of Electronics, National Chiao Tung University, Hsinchu, Taiwan; Taiwan Semiconductor Research Institute, Hsinchu, Taiwan; Institute of Electronics, National Chiao Tung University, Hsinchu, Taiwan; Institute of Electronics, National Chiao Tung University, Hsinchu, Taiwan",IEEE Transactions on Nanotechnology,"11 May 2020","2020","19","","338","343","In this article, we investigate the four-level random telegraph noise (RTN) characteristics of a gate-all-around (GAA) nanowire (NW) transistor. The RTN-testing devices were fabricated with the sidewall spacer etching technique. The effective channel length and width are approximately 150 and 30 nm, respectively. By decoupling the four-level RTN, we are able to extract the time constants associated with the two traps. Circle-shaped approximations are used to mimic the triangular NW for evaluating the depths of the traps. The extracted depths of the two traps are very close to each other, which is consistent with the time-evolution measured results. We've also explored the probabilities of transitions between two specific current levels in the RTN characteristics, as well as the relative trapping/de-trapping frequencies.","1941-0085","","10.1109/TNANO.2020.2987824","Ministry of Science and Technology, Taiwan(grant numbers:MOST108-2221-E-009-011-MY3,MOST109-2639-E-009-001); ","https://ieeexplore.ieee.org/stamp/stamp.jsp?arnumber=9072291","Random telegraph noise (RTN);multi-level RTN;poly-Si nanowire transistors;gate-all-around (GAA);transition probability;relative trapping/de-trapping frequency","Logic gates;Electron traps;Gallium arsenide;Transistors;Current measurement;Voltage measurement;Fluctuations","","1","","30","IEEE","20 Apr 2020","2020","","IEEE","IEEE Journals"
"Comprehensive Compact Phenomenological Modeling of Integrated Metal-Oxide Memristors","H. Nili; A. F. Vincent; M. Prezesio; M. R. Mahmoodi; I. Kataeva; D. B. Strukov","University of California, Santa Barbara, USA; University of California, Santa Barbara, USA; University of California, Santa Barbara, USA; University of California, Santa Barbara, USA; Research Laboratories, DENSO CORP., Komenoki-cho, Japan; University of California, Santa Barbara, USA",IEEE Transactions on Nanotechnology,"3 Jun 2020","2020","19","","344","349","We present a comprehensive phenomenological model for the crossbar integrated metal-oxide continuous-state memristors. The model consists of static and dynamic equations, which are obtained by fitting a large amount of experimental data, collected on several hundred devices. Model describes the average devices' I-V characteristics as well as their spatial (device-to-device) and temporal variations. Both static and dynamic equations are explicit, computationally inexpensive, and suitable for SPICE modeling. The model's predictive power is validated using experimental data, while its utility by simulating image compression and image classification applications, two practical representative applications of mixed-signal memristor-based hardware.","1941-0085","","10.1109/TNANO.2020.2982128","Semiconductor Research Corporation; JUMP CRISP; NSF/SRC E2CDA(grant numbers:1740352); DENSO CORPORATION; ","https://ieeexplore.ieee.org/stamp/stamp.jsp?arnumber=9047174","Memristor;modeling;ReRAM;memristive crossbars;compact memristor model;phenomenological memristor model","Mathematical model;Computational modeling;Memristors;Data models;Solid modeling;Standards;Temperature measurement","","29","","23","IEEE","25 Mar 2020","2020","","IEEE","IEEE Journals"
"Real-Time Data-Driven Quality Assessment for Continuous Manufacturing of Carbon Nanotube Buckypaper","X. Shi; X. Yue; Z. Liang; J. Shi","H. Milton Stewart School of Industrial and Systems Engineering, Georgia Institute of Technology, Atlanta, USA; Grado Department of Industrial and Systems Engineering, Virginia Tech, Blacksburg, USA; High-Performance Materials Institute, Florida State University, Tallahassee, USA; H. Milton Stewart School of Industrial and Systems Engineering and the George W. Woodruff School of Mechanical Engineering, Georgia Institute of Technology, Atlanta, USA",IEEE Transactions on Nanotechnology,"27 May 2020","2020","19","","350","359","Carbon nanotube (CNT) thin sheet, or buckypaper, has shown great potential as a multifunctional platform material due to its desirable properties, including its lightweight nature, high mechanical properties, and good conductivity. However, their mass adoption and applications by industry have run into significant bottlenecks because of large variability and uncertainty in quality during fabrication. There is an urgent demand to produce high-quality, high-performance buckypaper at an industrial scale. Raman spectroscopy provides detailed nanostructure information within seconds, and the obtained spectra can be decomposed into multiple effects associated with diverse quality characteristics of buckypaper. However, the decomposed effects are high-dimensional, and a systematic quantification method for buckypaper quality assessment has been lacking. In this paper, we propose a real-time data-driven quality assessment method, which fills in the blank of quantifying the quality for continuous manufacturing processes of CNT buckypaper. The composite indices derived from the proposed method are developed by analyzing in-line Raman spectroscopy sensing data. Weighted cross-correlation and maximum margin clustering are used to fuse the fixed effects into an inconsistency index to monitor the long-term mean shift of the process and to fuse the normal effects into a uniformity index to monitor the within-sample normality. Those individual quality indices are then combined into a composite index to reflect the overall quality of buckypaper. A case study indicates that our proposed approach can determine the quality rank for ten samples, and can provide quantitative quality indices for single-walled carbon nanotube buckypaper after acid processing or functionalization. The quality assessment results are consistent with evaluations from the experienced engineers.","1941-0085","","10.1109/TNANO.2020.2989397","NSF Scalable Nanomanufacturing Program(grant numbers:SNM1344672); ","https://ieeexplore.ieee.org/stamp/stamp.jsp?arnumber=9086808","Carbon nanotube (CNT) buckypaper;data-driven;quality assessment;Raman spectroscopy;nanomanufacturing","Quality assessment;Real-time systems;Raman scattering;Fabrication;Carbon nanotubes;Inspection","","","","31","IEEE","5 May 2020","2020","","IEEE","IEEE Journals"
"XAS Microstructure Analysis of Manganese Doped Zinc Sulphide Nanophosphor","P. Sahay; R. Priya; N. Saxena; P. Rajput; S. N. Jha; D. Bhattacharyya; R. Krishna; O. P. Sinha","Amity Institute of Nanotechnology, Amity University, Noida, India; Amity Institute of Nanotechnology, Amity University, Noida, India; Amity Institute of Nanotechnology, Amity University, Noida, India; Atomic & Molecular Physics Division, Bhabha Atomic Research Centre, Trombay, India; Atomic & Molecular Physics Division, Bhabha Atomic Research Centre, Trombay, India; Atomic & Molecular Physics Division, Bhabha Atomic Research Centre, Trombay, India; Amity Institute of Nanotechnology, Amity University, Noida, India; Amity Institute of Nanotechnology, Amity University, Noida, India",IEEE Transactions on Nanotechnology,"22 May 2020","2020","19","","360","367","This paper reports wet chemical synthesis of Manganese doped Zinc Sulphide Nanophosphors capped with polyvinyl alcohol (PVA) while varying the concentrations of the dopant and capping agent to explore the optoelectronic and microstructural properties. Optical and morphological comparative studies reveal strongest room temperature orange luminescence (~591 nm) of 10% dopant concentration with 2% capping agent in the ZnS host lattice and irregularly spherical nanoparticles formation (~29 nm). Further, structural and elemental study of the sample reveals uncontaminated hexagonal wurtzite nanoparticles with least structural distortion due to dopant induced substitutional defect. The XANES and EXAFS microstructure analysis confirm the creation of substitutional defect and comparable Zn-S and Mn-S bond lengths such that Mn luminescent centers are created. Hence, the detailed study of the material indicates its high efficiency, proving its ability to be explored as a strong candidate for Mn: ZnS based UV Photodetector devices.","1941-0085","","10.1109/TNANO.2020.2991012","UGC-DAE CSR(grant numbers:CSR-1C-BL-64/CRS-181/2016-17/845); ","https://ieeexplore.ieee.org/stamp/stamp.jsp?arnumber=9085907","Mn doped ZnS;Luminescence;XAS;PVA","II-VI semiconductor materials;Zinc compounds;Manganese;Photonic band gap;Luminescence;Nanoparticles;Absorption","","3","","23","IEEE","4 May 2020","2020","","IEEE","IEEE Journals"
"Impact of Digital Alloy Capping Layers on Bilayer InAs Quantum Dot Heterostructures","R. Kumar; J. Saha; S. Chakrabarti","Indian Institute of Technology Bombay, Mumbai, India; Indian Institute of Technology Bombay, Mumbai, India; Indian Institute of Technology Bombay, Mumbai, India",IEEE Transactions on Nanotechnology,"25 May 2020","2020","19","","368","374","The influence of digital alloy capping technique on the strain-coupled bilayer InAs quantum dots (QDs) has been presented. Multiple capping layers of different composition have been utilized instead of a single thick capping layer to reduce the overall strain inside the heterostructure. In bilayer QDs, the propagation of residual strain from the lower QD layer to the top QD layer introduces defects and dislocations. By using the digital alloy technique over the conventional or analog alloy capping technique, the surface defects could be minimized and the crystallinity could be improved. In this study, four different capping materials have been considered, viz. two ternary materials (InxGa1-xAs and GaAs1-xSbx) and two quaternary materials (InxAlyGa1-x-yAs and InxGa1-xAs1-ySby) for analysis of both analog alloy and digital alloy techniques. The strain and energy band profile has been computed for all the heterostructures using Nextnano software. The biaxial and hydrostatic strain have been computed and compared to understand the strain distribution within the heterostructures. The ground state emission wavelength was found red shifted for the InAs bilayer QD heterostructure with digital alloy capping layers as compared to that of the analog alloy capping. Moreover, the choice of capping materials exhibits both type-I and type-II energy band alignment which is suitable for different optoelectronic applications. This comparative study of analog and digital alloy capping layer for the bilayer QDs would definitely help in optimization of the device heterostructures with minimal strain and defects.","1941-0085","","10.1109/TNANO.2020.2993690","DST Nanomisson(grant numbers:SR/NM/NS-1178/2015 (G)); SERB-DST, India(grant numbers:SB/S3/EECE/0103/2014); Indian Space Research Organization(grant numbers:09SUBH001); ","https://ieeexplore.ieee.org/stamp/stamp.jsp?arnumber=9094352","Quantum Dots;Digital Alloy capping layer (DACL);analog alloy capping layer (AACL);bilayer;strain;type-I/type-II","Strain;Digital alloys;Lattices;Gallium arsenide;Quantum dots;Shape","","3","","29","IEEE","15 May 2020","2020","","IEEE","IEEE Journals"
"Improving DSSC Performance Using Enhanced Double Layers Based on Magnetic Beads and Reduced Graphene Oxide","J. -C. Chou; J. -X. Chang; C. -C. Ko; P. -Y. Kuo; C. -H. Lai; Y. -H. Nien; H. -H. Chen; H. -H. Hsu; G. -M. Hu","Graduate School of Electronic Engineering, National Yunlin University of Science and Technology, Douliou, R.O.C; Graduate School of Electronic Engineering, National Yunlin University of Science and Technology, Douliou, R.O.C; Graduate School of Electronic Engineering, National Yunlin University of Science and Technology, Douliou, R.O.C; Graduate School of Electronic Engineering, National Yunlin University of Science and Technology, Douliou, R.O.C; Graduate School of Electronic Engineering, National Yunlin University of Science and Technology, Douliou, R.O.C; Graduate School of Chemical and Materials Engineering, National Yunlin University of Science and Technology, Douliou, R.O.C; Graduate School of Chemical and Materials Engineering, National Yunlin University of Science and Technology, Douliou, R.O.C; Graduate School of Chemical and Materials Engineering, National Yunlin University of Science and Technology, Douliou, R.O.C; Graduate School of Chemical and Materials Engineering, National Yunlin University of Science and Technology, Douliou, R.O.C",IEEE Transactions on Nanotechnology,"25 May 2020","2020","19","","375","381","Current research shows dye-sensitized solar cell (DSSC) photovoltaic conversion efficiency (PCE) can be increased when dye absorption on double layers of titanium dioxide (TiO2) are modified using magnetic beads (MBs) and reduced graphene oxide (rGO). The effects of incorporating both MBs and rGO into a TiO2 DSSC photoanode are investigated here in detail using a solar simulator, electrochemical impedance spectroscopy, X-ray diffraction, UV–visible spectroscopy and Raman spectroscopy. This study compared to an unmodified TiO2 PCE 4.06% and a modified photoanode PCE (η) 5.45%. Nyquist plots showed that incorporation of MBs and rGO decreased electron transfer impedance and increased the charge transfer rate. Increased dye-loading could be detected through UV–visible absorption enhancement of 26% for the addition of rGO. Incorporation of MBs and rGO can produce higher photovoltaic conversion efficiency.","1941-0085","","10.1109/TNANO.2020.2991413","Ministry of Science and Technology of the People's Republic of China(grant numbers:107-2221-E-224-030,108-2221-E-224-020); Ministry of Education of the People's Republic of China(grant numbers:107-A055-8); ","https://ieeexplore.ieee.org/stamp/stamp.jsp?arnumber=9090997","Titanium dioxide (TiO $_{2}$ );magnetic beads (MBs) reduced graphene oxide (rGO);dye-sensitized solar cell;electrochemical impedance spectroscopy;photovoltaic conversion efficiency","Electrodes;Photovoltaic cells;Absorption;Powders;Photovoltaic systems;Impedance","","3","","25","IEEE","11 May 2020","2020","","IEEE","IEEE Journals"
"Investigation on the Effects of Gate-Source Overlap/Underlap and Source Doping Gradient of n-Type Si Cylindrical Gate-All-Around Tunnel Field-Effect Transistors","K. -M. Liu; C. -P. Cheng","Electrical Engineering Department, National Dong Hwa University, Hualien, Taiwan; Electrical Engineering Department, National Dong Hwa University, Hualien, Taiwan",IEEE Transactions on Nanotechnology,"25 May 2020","2020","19","","382","389","Tunnel field-effect transistor (TFET) has been considered as one of the promising next-generation transistors due to its potentially limit-breaking low subthreshold swing. In this work, we comprehensively examined the effects of the gate-source (G-S) overlap/underlap and the source doping gradient (SDG) of the n-type Si cylindrical gate-all-around (GAA) TFET by the TCAD tools. The simulation results indicate that the G-S overlapping structure has superior device performance than the G-S underlapping structure. However, increasing the G-S overlapping length does not further improve the device performance. Besides, SDG hardly affects the device characteristics of the G-S overlapping TFETs and for the G-S underlapping TFETs, larger SDG can mend the device performance.","1941-0085","","10.1109/TNANO.2020.2991787","","https://ieeexplore.ieee.org/stamp/stamp.jsp?arnumber=9089313","TFET;overlap;underlap;doping gradient;TCAD simulation","TFETs;Logic gates;Tunneling;Silicon;Ions;Electric fields","","28","","25","IEEE","7 May 2020","2020","","IEEE","IEEE Journals"
"Characteristics of Poly-Si Junctionless FinFETs With HfZrO Using Forming Gas Annealing","S. -T. Chung; Y. -J. Lee; T. -S. Chao","Department of Electrophysics, National Chiao Tung University, Hsinchu, Taiwan; Taiwan Semiconductor Research Institute, Hsinchu, Taiwan; Department of Electrophysics, National Chiao Tung University, Hsinchu, Taiwan",IEEE Transactions on Nanotechnology,"27 May 2020","2020","19","","390","396","In this study, an effective method was proposed to enhance the current drivability of junctionless field-effect transistors (JL-FETs) by utilizing ferroelectric effects. The ferroelectric layers were deposited on JL-FinFETs. The poly-Si junctionless FinFETs (JL-FinFETs) with HfZrO were successfully fabricated and demonstrated. The subthreshold slope (S.S.) of JL-FinFETs with HfZrO was very sensitive to post-metal annealing (PMA) conditions and fin width. With PMA at 700 °C, steeper S.S. and Ion/Ioff>107 could be obtained owing to the ferroelectric effect. JL-FinFETs with PMA at 700 °C possessed lower Ioff and offered the promise of higher integration flexibility for Si CMOS compatible process for future applications. Besides, the JL-FinFETs with forming gas annealing (FGA) had a small hysteresis and achieved the improved S.S.","1941-0085","","10.1109/TNANO.2020.2992797","Taiwan Semiconductor Research Institute facilities; Ministry of Science and Technology(grant numbers:MOST-107-2221–E-492-016-MY3,109-2923–E-492-001-MY3,108-2622-8-002-016-,109-2634-F-009-029-); ","https://ieeexplore.ieee.org/stamp/stamp.jsp?arnumber=9091928","Junctionless field-effect-transistor (JL-FET);ferroelectric;PMA;FinFETs;forming gas annealing (FGA)","Annealing;Capacitors;Films;Logic gates;FinFETs;Leakage currents","","1","","45","IEEE","13 May 2020","2020","","IEEE","IEEE Journals"
"Highly Sensitive Plasmonic Sensor Based on Ring Shape Nanoparticles for the Detection of Ethanol and D-Glucose Concentration","H. Heidarzadeh","Department of Electrical and Computer Engineering, University of Mohaghegh, Ardabili, Ardabil, Iran",IEEE Transactions on Nanotechnology,"27 May 2020","2020","19","","397","404","Today bioelectronics needs more sensitive sensors in their development. The main aim of this work is to design a highly sensitive optical sensor for the quantitative detection of ethanol and D-glucose through particular localized surface plasmon resonances (LSPRs) depending on shape and type of ring shape core@shell nanoparticles. The simulated plasmoniccore@shell nanoparticles consist of Ag or Au shell and air, Ag, or Au cores. The obtained results show the plasmonic resonance wavelength of the air@Ag nanoparticles strongly depends on their inner radiuses and using an air-core improves their resolution. Also, it is investigated that ring shape air@Agcore@shell nanoparticles are more sensitive to surrounding medium refractive index variation. It is showed that ~1.26 nm to ~6.27 nm and ~0.9 nm to ~2.6 nm in scattering plasmonic peak shifts are obtained corresponding to 1 g/dl to 10 g/dl D-glucose and 1 ml/dl to 10 ml/dl ethanol concentration changes. The sensitivity of the air@Ag nanostructure is 890.84 nm/RIU for D-glucose concentration changes from 0 to 1 g/dl. This higher sensitivity with the full width at half-maximum of 61.3 nm yields the figure of merit of 14.53. The findings of this work provide a novel perspective in the field of the optical sensors and can be applied to detect any other components.","1941-0085","","10.1109/TNANO.2020.2993907","","https://ieeexplore.ieee.org/stamp/stamp.jsp?arnumber=9095235","Plasmonic;optical sensor;Ethanol;D-glucose;Localized surface plasmon resonance (LSPR);Gold nanoparticles (AuNPs);Silver nanoparticles (AgNPS)","Nanoparticles;Plasmons;Shape;Optical sensors;Refractive index;Optical surface waves;Gold","","7","","55","IEEE","18 May 2020","2020","","IEEE","IEEE Journals"
"Low-Frequency Noise Characterization of AlGaN/GaN HEMTs and MIS-HEMTs Under UV Illumination","V. Nagarajan; K. -M. Chen; H. -Y. Lin; H. -H. Hu; G. -W. Huang; C. -J. Lin; B. -Y. Chen; D. Anandan; S. K. Singh; C. -H. Wu; E. Y. Chang","Department of Materials Science and Engineering, National Chiao Tung University, Hsinchu, Taiwan; Electronic Measurement Division, Taiwan Semiconductor Research Institute, Hsinchu, Taiwan; Department of Electronic Engineering, National Taipei University of Technology, Taipei, Taiwan; Department of Electronic Engineering, National Taipei University of Technology, Taipei, Taiwan; Taiwan Semiconductor Research Institute, Hsinchu, Taiwan; Electronic Measurement Division, Taiwan Semiconductor Research Institute, Hsinchu, Taiwan; Electronic Measurement Division, Taiwan Semiconductor Research Institute, Hsinchu, Taiwan; Department of Materials Science and Engineering, National Chiao Tung University, Hsinchu, Taiwan; Department of Materials Science and Engineering, National Chiao Tung University, Hsinchu, Taiwan; Department of Materials Science and Engineering, National Chiao Tung University, Hsinchu, Taiwan; Department of Materials Science and Engineering, National Chiao Tung University, Hsinchu, Taiwan",IEEE Transactions on Nanotechnology,"27 May 2020","2020","19","","405","409","The low-frequency noise characteristics of AlGaN/GaN HEMTs and MIS-HEMTs are investigated in the dark condition and under UV illumination. The test devices with a 3-μm-thick GaN buffer and a 25-nm-thick Al0.22Ga0.78N barrier layer were fabricated on the silicon wafer. For MIS-HEMTs, a 25-nm-thick SiN layer was deposited as a gate dielectric. The measured low-frequency noises show a 1/f spectrum and can be described by the carrier number fluctuation model. Different noise responses to the UV light between HEMTs and MIS-HEMTs were observed. By comparing the noise data in dark and under UV illumination, the noise sources under the gate and in the ungated gate-drain access region have been identified. From these results, we can find a design guideline to improve the noise and reliability of GaN-based devices for optoelectronic applications.","1941-0085","","10.1109/TNANO.2020.2992732","Center for the Semiconductor Technology Research; Ministry of Education in Taiwan; Ministry of Science and Technology, Taiwan(grant numbers:MOST-109-2634-F-009-029); National Chung-Shan Institute of Science & Technology, Taiwan(grant numbers:NCSIST-402-V205(109)); ","https://ieeexplore.ieee.org/stamp/stamp.jsp?arnumber=9093974","GaN;HEMT;low-frequency noise;optoelec- tronic;UV illumination","HEMTs;MODFETs;Logic gates;Aluminum gallium nitride;Wide band gap semiconductors;Gallium nitride;Low-frequency noise","","8","","34","IEEE","14 May 2020","2020","","IEEE","IEEE Journals"
"Study of Laterally Stacked Nanostructures Using an Organic Semiconducting Channel Fabricated by Trench Isolation Technique","J. Ghosh; G. Salvan; D. Reuter","Faculty of Electrical Engineering and Information Technology, Technical University of Chemnitz, Chemnitz, Germany; Institute of Physics, Technical University of Chemnitz, Chemnitz, Germany; Faculty of Electrical Engineering and Information Technology, Technical University of Chemnitz, Chemnitz, Germany",IEEE Transactions on Nanotechnology,"27 May 2020","2020","19","","410","414","In this article, we present a fast and cost-effective approach of fabricating laterally stacked nanostructures using a trench isolation technique. The essential part of this process is the patterning of sub-micrometer trenches onto the silicon substrate in a single lithographic step. The trenches are further tuned to make the channel length in the range of 100 nm, where the metallic electrodes are formed. An organic semiconductor (copper phthalocyanine, CuPc) is then selectively deposited onto the trenches by thermal evaporation method in order to successfully form a conducting channel. The current-voltage characteristics of such a nanostructure are also measured and analyzed.","1941-0085","","10.1109/TNANO.2020.2994640","","https://ieeexplore.ieee.org/stamp/stamp.jsp?arnumber=9097419","Copper phthalocyanines;laterally stacked device;space-charge limited current;UV lithography","Nanostructures;Electrodes;Silicon;OFETs;Gold;Substrates","","1","","40","IEEE","20 May 2020","2020","","IEEE","IEEE Journals"
"The Influence of Superlattice Structure on the Dynamic Buffer Response of AlInN/GaN-on-Si HEMTs","Y. -C. Chen; I. Sanyal; T. -Y. Hu; Y. -H. Ju; J. -I. Chyi","Department of Electrical Engineering, National Central University, Chungli, Taiwan; Department of Electrical Engineering, National Central University, Chungli, Taiwan; Department of Electrical Engineering, National Central University, Chungli, Taiwan; Department of Electrical Engineering, National Central University, Chungli, Taiwan; Department of Electrical Engineering, National Central University, Chungli, Taiwan",IEEE Transactions on Nanotechnology,"5 Jun 2020","2020","19","","415","420","In this work, we investigate the dynamic buffer response of AlInN/GaN high electron mobility transistors (HEMTs) grown on silicon substrates. Significant improvements in vertical breakdown voltage, reduced buffer conduction and charge trapping effect are observed on the samples with a superlattice layer (SL) in the buffer. The dynamic response of the buffer layer largely depends on the composition, thickness and position of the SL in the stress-mitigating buffer. The vertical breakdown voltage increases consistently with decreasing edge-type dislocations when the density of screw-type dislocations is low. Negative back-gating measurements show the lowest buffer current hysteresis in the sample with the lowest edge-type dislocation density, indicating least charge trapping in the sample. Four terminal positive back-gating measurements in the on-state, further confirm the observed trend. Based on the experimental observations, we propose that the total density of threading dislocations, (acts as vertical leakage path) and the acceptor like edge-type dislocations should be accounted along with the electron injection from the silicon substrate to the buffer. Therefore, resulting in higher vertical breakdown voltage by alleviating serious dynamic buffer response in GaN-based HEMTs.","1941-0085","","10.1109/TNANO.2020.2992312","Ministry of Science and Technology, Taiwan(grant numbers:MOST-104-2221-E-008-035-MY3,MOST-108-2218-E-008-006); ","https://ieeexplore.ieee.org/stamp/stamp.jsp?arnumber=9091104","AlInN;HEMTs;GaN-on-Si;Superlattice;dynamic buffer response","HEMTs;MODFETs;Gallium nitride;Substrates;Silicon;Electric breakdown;Superlattices","","6","","27","IEEE","11 May 2020","2020","","IEEE","IEEE Journals"
"Novel Design Approach of Extended Gate-On-Source Based Charge-Plasma Vertical-Nanowire TFET: Proposal and Extensive Analysis","N. Kumar; A. Raman","VLSI Lab, Department of Electronics and Communications, Dr. B. R. Ambedkar National Institute of Technology, Jalandhar, India; VLSI Lab, Department of Electronics and Communications, Dr. B. R. Ambedkar National Institute of Technology, Jalandhar, India",IEEE Transactions on Nanotechnology,"15 Jun 2020","2020","19","","421","428","While quenching the thirst of device scaling, it is utmost necessary not to compromise device performance. Thus, the scaling of tunnel devices is much efficient as compared to Field-Effect Transistors. A dopingless Nanowire (NW) Tunnel Field Effect Transistor (TFET) is proposed and analyzed in the submitted work. Intrinsic silicon is used as a base material for the NWTFET structure. The required doping for the proper working of TFET is induced by implementing the Charge-Plasmatechnique. The vertical NWTFET structure is scaled down to smaller dimensions to show the possibility and consistent performance of Nano-TFET devices. The proposed structure provides a better solution for the requirement of stringent conditions. The scaled-down source/drain length is kept equal to the Debye length to compensate for the need of abrupt junction at the source-channel interface. Several device parameters and analog characteristics are calculated to understand the proposed device behavior at different operating biases. The proposed deviceswitches with a steep subthreshold slope while maintaining ultra-low OFF-state current. The subthreshold slope is lowest for silicon-based TFET devices ever reported. The linearity parameters are calculated to check the effect of noise introduced within the device due to scaled-down dimensions. The proposeddevice is optimized by using Dual-Metal-Gate and Gate-On-Source technique. The achieved drain current is approx. 10 μA/μm for gate bias equal to 1 V.","1941-0085","","10.1109/TNANO.2020.2993565","","https://ieeexplore.ieee.org/stamp/stamp.jsp?arnumber=9094317","Dopingless;nanowire;tunnel field effect transistor;subthreshold slope","TFETs;Logic gates;Tunneling;Electrodes;Charge carriers;Electric fields;Electric potential","","39","","25","IEEE","15 May 2020","2020","","IEEE","IEEE Journals"
"Intrinsic Bounds for Computing Precision in Memristor-Based Vector-by-Matrix Multipliers","M. R. Mahmoodi; A. F. Vincent; H. Nili; D. B. Strukov","Department of Electrical and Computer Engineering, University of California at Santa Barbara, Santa Barbara, USA; Department of Electrical and Computer Engineering, University of California at Santa Barbara, Santa Barbara, USA; Department of Electrical and Computer Engineering, University of California at Santa Barbara, Santa Barbara, USA; Department of Electrical and Computer Engineering, University of California at Santa Barbara, Santa Barbara, USA",IEEE Transactions on Nanotechnology,"5 Jun 2020","2020","19","","429","435","Analog computing with crossbars of memristors is a promising approach to build compact energy-efficient vector-by-matrix multiplier (VMM), a key block in many data-intensive algorithms. However, device non-linearity, process variations, interconnect parasitics, noise, and memory state drift limit the computing precision of such systems. In this article, we investigate the impact of such non-idealities in analog current-mode memristive VMMs through simulations and experiments on the most prospective passive crossbars. We show that there is an optimal tuning voltage to minimize the computation error. Furthermore, error balancing and bootstrapping are introduced as two techniques for improving the precision. It is also shown that when size of N × N crossbar is scaled up, the optimum interconnect wire conductance should increase quadratically with N to preserve the computing precision when using naive error balancing approach, and that the differential scheme is imperative for temperature insensitive operation and also to reduce the IR-drop effect.","1941-0085","","10.1109/TNANO.2020.2992493","Semiconductor Research Corporation (SRC) funded JUMP CRISP; NSF/SRC E2CDA(grant numbers:1740352); ","https://ieeexplore.ieee.org/stamp/stamp.jsp?arnumber=9091094","ReRAM;analog computing;computing precision;vector-by-matrix multiplier;artificial neural network","Virtual machine monitors;Topology;Memristors;Integrated circuit modeling;Computational modeling;Tuning;Current measurement","","18","","25","IEEE","11 May 2020","2020","","IEEE","IEEE Journals"
"Coordinated and Simultaneous Formation of Paired Ge Quantum Dots by Thermal Oxidation of Designer Poly-SiGe Spacer Structures","H. -Y. Chen; K. -P. Peng; T. George; H. -C. Lin; P. -W. Li","Institute of Electronics, National Chiao Tung University, Hsinchu, Taiwan; Institute of Electronics, National Chiao Tung University, Hsinchu, Taiwan; Institute of Electronics, National Chiao Tung University, Hsinchu, Taiwan; Institute of Electronics, National Chiao Tung University, Hsinchu, Taiwan; Institute of Electronics, National Chiao Tung University, Hsinchu, Taiwan",IEEE Transactions on Nanotechnology,"15 Jun 2020","2020","19","","436","438","We report a novel self-organized approach for the controllable placement of paired Ge quantum dots (QDs) along each sidewall edge of poly-Si ridges by simply thermally oxidizing spacer layers of poly-SiGe and Si3N4 that conformally encapsulate the poly-Si ridges. Additionally, controllable diameters ranging from 20-50 nm and precise location of paired Ge QDs are enabled by adjusting the thickness of poly-SiGe spacer layers in combination with specific processing conditions. These conditions include the subsequent lithographic patterning through direct etch-back for forming spacer stripes and spacer islands. The spacing between paired Ge QDs across the ridge is essentially determined by the width of the patterned poly-Si ridge. Inter-QD spacings along the sidewall of the poly-Si ridge are a consequence of heterogeneous nucleation and Ostwald Ripening.","1941-0085","","10.1109/TNANO.2020.2991429","Ministry of Science and Technology, Taiwan(grant numbers:MOST108-2221-E-009-007-MY3,MOST 109-2633-E-009-001); ","https://ieeexplore.ieee.org/stamp/stamp.jsp?arnumber=9088228","Germanium;quantum dot;selective oxidation;interstitial diffusion","Germanium;Oxidation;Silicon;Quantum dots;Photomicrography;Fabrication;Substrates","","2","","20","IEEE","6 May 2020","2020","","IEEE","IEEE Journals"
"Analysis and Optimization of GaN Based Multi-Channels FinFETs","C. -L. Yu; C. -H. Lin; Y. -R. Wu","Graduate Institute of Photonics and Optoelectronics, and Department of Electrical Engineering, National Taiwan University, Taipei, Taiwan; Graduate Institute of Photonics and Optoelectronics, and Department of Electrical Engineering, National Taiwan University, Taipei, Taiwan; Graduate Institute of Photonics and Optoelectronics, and Department of Electrical Engineering, National Taiwan University, Taipei, Taiwan",IEEE Transactions on Nanotechnology,"15 Jun 2020","2020","19","","439","445","In this work, the design of multi-channels tri-gate AlGaN/GaN high-electron-mobility transistors (HEMTs) is optimized for high-power and high-frequency applications. With a full self-consistent 3D modeling on carrier transport and heating issues, the optimized design of multi-channel AlGaN/GaN layer thickness, modulation doping of channel layer, and fin width are investigated and the influences of self-heating effects had been studied. After a proper design, the performance of experimental work can be further improved. The optimized enhance mode FinFET with four channels shows a 3.2 times higher maximum transconductance compared to the single channel tri-gate device. And the performance of unit current gain frequency also has an improvement in multi-channel FinFETs.","1941-0085","","10.1109/TNANO.2020.2998840","Ministry of Science and Technology, Taiwan(grant numbers:MOST 108-2628-E-002-010-MY3,MOST 108-2622-8-002-016); ","https://ieeexplore.ieee.org/stamp/stamp.jsp?arnumber=9109716","Tri-gate;FinFETs;multi-channels;power ampli-fiers;high transconductance","Aluminum gallium nitride;Wide band gap semiconductors;Gallium nitride;HEMTs;MODFETs;Charge carrier density;Doping","","16","","36","IEEE","5 Jun 2020","2020","","IEEE","IEEE Journals"
"Erase-Hidden and Drivability-Improved Magnetic Non-Volatile Flip-Flops With NAND-SPIN Devices","Z. Wang; Z. Wang; Y. Xu; B. Wu; W. Zhao","School of Electronics and Information Engineering, Beihang University, Beijing, China; School of Microelectronics, Beijing Advanced Innovation Center for Big Data and Brain Computing (BDBC), Fert Beijing Research Institute, Beihang Univertisy, Beijing, China; School of Electronics and Information Engineering, Beihang University, Beijing, China; School of Electronics and Information Engineering, Beihang University, Beijing, China; School of Microelectronics, Beijing Advanced Innovation Center for Big Data and Brain Computing (BDBC), Fert Beijing Research Institute, Beihang Univertisy, Beijing, China",IEEE Transactions on Nanotechnology,"24 Jun 2020","2020","19","","446","454","Non-volatile flip-flops (NVFFs) using power gating techniques promise to overcome the soaring leakage power consumption issue with the scaling of CMOS technology. Magnetic tunnel junction (MTJ) is a good candidate for constructing the NVFF thanks to its low power, high speed, good CMOS compatibility, etc. In this article, we propose a novel magnetic NVFF based on an emerging memory device called NAND-SPIN. The data writing of NAND-SPIN is achieved by successively applying two unidirectional currents, which respectively generate the spin orbit torque (SOT) and spin transfer torque (STT) for erase and programming operations. This characteristic allows us to design an erase-hidden and drivability-improved magnetic NVFF. Furthermore, more design flexibility could be obtained since the backup operation of the proposed NVFF is not limited by the inherent slave latch. Simulation results show that our proposed NVFF achieves performance improvement in terms of power, delay and area, compared with conventional slave-latch-driven SOT-NVFF designs.","1941-0085","","10.1109/TNANO.2020.2999751","National Natural Science Foundation of China(grant numbers:61704005); ","https://ieeexplore.ieee.org/stamp/stamp.jsp?arnumber=9112683","Non-volatile flip-flop;NAND-SPIN;spin orbit torque (SOT);spin transfer torque (STT);magnetic tunnel junction (MTJ)","Magnetic tunneling;Switches;Flip-flops;Latches;Transistors;Nonvolatile memory;Torque","","6","","45","IEEE","9 Jun 2020","2020","","IEEE","IEEE Journals"
"Laser-Based Fabrication of Microstructures on Nickel Thin Films and Its Applications in On-Chip Thin Film Inductors","S. Itapu; V. Borra; D. G. Georgiev","Department of Electrical Engineering and Computer Science, University of Toledo, Toledo, USA; Department of Applied Engineering and Technology, California University of Pennsylvania, California, USA; Department of Electrical Engineering and Computer Science, University of Toledo, Toledo, USA",IEEE Transactions on Nanotechnology,"15 Jun 2020","2020","19","","455","460","This work reports on the fabrication of microbump structures on nickel (Ni) films by single-pulse, localized laser irradiation. Conditions for the reproducible formation of such microstructures have been identified in terms of laser-irradiation and film parameters after systematic studies involving a relevant parameter space. Ni films deposited by vacuum evaporation were found to be better suited for reproducible laser microstructuring because they lack the typical cracks and voids morphology of sputtered films. The continuous and smooth nature of the evaporated films facilitated a radially symmetric heat flow propagation upon laser irradiation, which then resulted in a complex combination of thermal expansion, deformation, and other processes leading to a high yield of microstructures. An improvement in the inductance and the quality factor of on-chip spiral inductors, incorporating such laser-microstructured ferromagnetic nickel thin films was observed, which demonstrates the potential of such a laser-based method for fabrication or fine tuning of various micro-/nano-electric/electronic sensor and other components and systems.","1941-0085","","10.1109/TNANO.2020.2998955","","https://ieeexplore.ieee.org/stamp/stamp.jsp?arnumber=9109709","Inductance;nanosecond laser irradiation;microstructuring;nickel thin films;on-chip spiral inductor;vacuum evaporation","Nickel;Films;Radiation effects;Inductors;Spirals;Sputtering","","6","","33","IEEE","5 Jun 2020","2020","","IEEE","IEEE Journals"
"Closed Form Resonance Solution in Metallic Nanoparticles With Cubic Nonlinearity","M. U. Khan; A. Kousar; M. Alam; Y. Massoud","Department of Electrical Engineering, Mirpur University of Science and Technology (MUST), Mirpur, Pakistan; Department of Electrical Engineering, Mirpur University of Science and Technology (MUST), Mirpur, Pakistan; Department of Electrical Engineering, Mirpur University of Science and Technology (MUST), Mirpur, Pakistan; School of Systems and Enterprises, Stevens Institute of Technology, Hoboken, USA",IEEE Transactions on Nanotechnology,"1 Jul 2020","2020","19","","461","468","Higher order intensity of light introduces third order nonlinear susceptibility in metallic nanostructures. Circuit theory is often used to represent complex phenomena and adequately models the frequency dependent linear resonance in metallic nanostructures with great accuracy. In this article, we use the linear circuit approach and propose a compact impedance model to represent resonance in metallic nanoparticle with cubic nonlinearity. The model uses full-wave dipole equation by employing all time-dependent fields and introduces the concept of nonlinear radiation impedances. Analytical expressions for the nonlinear radiation (internal and external) impedances are derived and used for the first time to get the close-form expression of nonlinear (NL) scattering cross-sectional area using voltages, currents and circuit elements. The effects of nanoparticle parameters i.e. radius, intensity and dielectric function of surrounding medium on cubic nonlinearity are analyzed using impedance model. The validated close-form impedance model preserves the macroscopic properties to give intuitive understanding of NL behavior necessary in facilitating next-generation nanophotonics applications.","1941-0085","","10.1109/TNANO.2020.2999475","","https://ieeexplore.ieee.org/stamp/stamp.jsp?arnumber=9116818","Cubic nonlinearity;nonlinear susceptibility;nanoparticle;impedance model;Mie solution;scattering;cross-sectional area","Nanoparticles;Impedance;Scattering;Dielectrics;Gold;Mathematical model","","12","","33","IEEE","15 Jun 2020","2020","","IEEE","IEEE Journals"
"Enhancement of Thermal Spin Transfer Torque via Bandpass Energy Filtering","P. Priyadarshi; A. Sharma; B. Muralidharan","Department of Electrical Engineering, IIT Bombay, Mumbai, India; Department of Electrical Engineering, IIT Bombay, Mumbai, India; Department of Electrical Engineering, IIT Bombay, Mumbai, India",IEEE Transactions on Nanotechnology,"29 Jun 2020","2020","19","","469","474","We propose employing the energy bandpass filtering approach in a magnetic tunnel junction device as a route to enhance the thermal spin transfer torque. Using the spin-resolved non-equilibrium Green's function formalism, we propose to harness the optical analog of anti-reflective coatings in a heterostructure MTJ device, and report a large boost in spin torque in the linear regime of temperature bias. In particular, we discuss the position of transmission function with respect to the Fermi energy that caters the maximum thermal effect. A “boxcar” transmission feature resulting from the anti-reflective configuration enhances charge and spin transport through the structure in comparison to a normal superlattice configuration. The thermally excited spin transfer torque is enhanced by almost five times with our device designs. Although, the thermally driven spin torque is much smaller than the voltage driven torque, this technique could potentially be an energy efficient way to switch the magnetization. This opens up a new viable area for spintronics applications and with the existing advanced thin-film growth technology, the optimized superlattice configurations can be achieved.","1941-0085","","10.1109/TNANO.2020.3002854","Research and Development work undertaken; Ministry of Electronics and Information Technology; Digital India Corporation; Science and Engineering Research Board(grant numbers:EMR/2017/002853,STR/2019/000030); ","https://ieeexplore.ieee.org/stamp/stamp.jsp?arnumber=9122423","Spin transfer torque;Superlattice;Thermoelectrics","Torque;Frequency modulation;Magnetic tunneling;Magnetization;Switches;Superlattices;Transmission line matrix methods","","5","","35","IEEE","22 Jun 2020","2020","","IEEE","IEEE Journals"
"Fabrication and Characterization of TiOx Memristor for Synaptic Device Application","T. -H. Kim; M. -H. Kim; S. Bang; D. K. Lee; S. Kim; S. Cho; B. -G. Park","Inter-university Semiconductor Research Center (ISRC), Department of Electrical and Computer Engineering, Seoul National University, Seoul, South Korea; Inter-university Semiconductor Research Center (ISRC), Department of Electrical and Computer Engineering, Seoul National University, Seoul, South Korea; Inter-university Semiconductor Research Center (ISRC), Department of Electrical and Computer Engineering, Seoul National University, Seoul, South Korea; Inter-university Semiconductor Research Center (ISRC), Department of Electrical and Computer Engineering, Seoul National University, Seoul, South Korea; Division of Electronics and Electrical Engineering, Dongguk University, Seoul, South Korea; Department of Electronic Engineering, Gachon University, Seongnam-si, South Korea; Inter-university Semiconductor Research Center (ISRC), Department of Electrical and Computer Engineering, Seoul National University, Seoul, South Korea",IEEE Transactions on Nanotechnology,"29 Jun 2020","2020","19","","475","480","In this work, a two-terminal TiOx-based memristor device has been fabricated and the methods for controlling its conductance are demonstrated. The fabricated memristor device exhibits bipolar analog resistive-switching characteristics and the conductance margin over 10 fold between the highest and the lowest resistance states (RS). It is revealed that the conductance can be adjusted with high resolution by either continuous voltage sweep mode or pulse mode. In the former mode, the conductance is controlled as set/reset sweep stop voltages are changed by −0.2 V/ 0.2 V, respectively. In the latter method, the conductance is controlled by modulating the pulse width and amplitude. When the fabricated device is utilized as a synaptic device, consequently, the potentiation and depression operations start at voltages below −1.8 V and over 1.0 V, respectively. It has been found that the conductance changes and nonlinearity characteristics of weight update are tuned with various pulse widths and amplitudes. These results support that the fabricated memristor in a highly simple material configuration of Al/TiOx/Al can be a strong candidate for a synaptic device for the hardware-driven neuromorphic system as well as a novel nonvolatile memory device by the accurate conductance adjustability.","1941-0085","","10.1109/TNANO.2020.2996814","National Research Foundation of Korea; Koran Ministry of Science and ICT(grant numbers:2018R1A2A1A05023517); Brain Korea 21 Plus Program; ","https://ieeexplore.ieee.org/stamp/stamp.jsp?arnumber=9103975","  $\text{TiO}_{x}$  ;memristor;bipolar analog resistive-switching characteristics;synaptic device;hardware-driven neuromorphic system","Memristors;Switches;Electrodes;Resistance;Depression;Neuromorphics;Electric breakdown","","32","","31","IEEE","29 May 2020","2020","","IEEE","IEEE Journals"
"High Performance Transparent a-IGZO Thin Film Transistors With ALD-HfO2 Gate Insulator on Colorless Polyimide Substrate","M. -C. Yu; D. -B. Ruan; P. -T. Liu; T. -C. Chien; Y. -C. Chiu; K. -J. Gan; S. M. Sze","Department of Photonics, National Chiao-Tung University, Hsinchu, Taiwan; Department of Electronics Engineering and Institute of Electronics, National Chiao-Tung University, Hsinchu, Taiwan; Department of Photonics, National Chiao-Tung University, Hsinchu, Taiwan; Department of Photonics, National Chiao-Tung University, Hsinchu, Taiwan; Department of Photonics, National Chiao-Tung University, Hsinchu, Taiwan; Department of Electronics Engineering and Institute of Electronics, National Chiao-Tung University, Hsinchu, Taiwan; Department of Electronics Engineering and Institute of Electronics, National Chiao-Tung University, Hsinchu, Taiwan",IEEE Transactions on Nanotechnology,"15 Jul 2020","2020","19","","481","485","High performance and transparent amorphous indium gallium zinc oxide thin-film transistors (a-IGZO TFT) have been successfully fabricated on the colorless polyimide plastic substrate using a high quality HfO2 dielectric film formed by the low temperature atomic layer deposition process as the gate insulator. Besides, the effects of source/drain material, ITO film and Mo metal, are also studied and compared in this work. With the optimized process condition, the devices with ITO source/drain exhibit a high ION/IOFF current ratio of ~4.25 × 1011, a lower sub-threshold swing value of 0.087 V/decade, a desirable positive threshold voltage value of 0.1379 V and an acceptable field effect mobility of 19.69 cm2/Vs. while it also shows excellent reliability characteristic and low hysteresis. These results may appear highly promising potentials for the next generation fully transparent flexible display application.","1941-0085","","10.1109/TNANO.2020.3004222","Ministry of Science and Technology, Taiwan(grant numbers:MOST-108-2622-E-009-016-CC1,MOST 106-2221-E-009-107-MY3); Microcosm Technology Co., LTD; ","https://ieeexplore.ieee.org/stamp/stamp.jsp?arnumber=9127827","Indium-gallium-zinc-oxide;thin-film transistors;high-k;source-drain effect;colorless polyimide substrate","Logic gates;Thin film transistors;Indium tin oxide;Polyimides;Substrates;Threshold voltage;Stress","","32","","20","IEEE","29 Jun 2020","2020","","IEEE","IEEE Journals"
"Highly Sensitive Ethanol Sensor Based on Two-Dimensional Layered Mesoporous In2O3 Nanosheets","J. Zhao; Z. Yuan; H. Ji; H. Zhang; F. Meng; H. Gao","College of Information Science and Engineering, Northeastern University, Shenyang, China; State Key Laboratory of Synthetical Automation for Process Industries and the College of Information Science and Engineering, Northeastern University, Shenyang, China; College of Information Science and Engineering, Northeastern University, Shenyang, China; College of Information Science and Engineering, Northeastern University, Shenyang, China; State Key Laboratory of Synthetical Automation for Process Industries and the College of Information Science and Engineering, Northeastern University, Shenyang, China; College of Information Science and Engineering, Northeastern University, Shenyang, China",IEEE Transactions on Nanotechnology,"15 Jul 2020","2020","19","","486","491","Two-Dimensional layered mesoporous In2O3 nanosheets are successfully fabricated through a facile one-step hydrothermal method. The test methods include scanning electron microscope (SEM), X-ray diffraction (XRD) and transmission electron microscope (TEM) are used to characterize the as-prepared sample to identify the sample characteristics. The gas sensing properties are also tested. The as-prepared materials exhibit remarkable sensitivity and selectivity to ethanol at the ppb level. The response is 52 for 50 ppb ethanol gas at the optimum operating temperature of 270 °C, and the detection limit of the sensor for ethanol is 0.5 ppb. The synergistic effect of the mesoporous nanosheet structure, large specific surface area and large number of active sites provided by the layered structure can be responsible for the remarkably ethanol sensing performance.","1941-0085","","10.1109/TNANO.2020.3004358","National Natural Science Foundation of China(grant numbers:61973058,61833006,616733673); Fundamental Research Funds for the Central Universities in China(grant numbers:N180408018,N2004019,N2004028); Liao Ning Revitalization Talents Program(grant numbers:XLYC1807198); CAST-BISEE Foundation(grant numbers:CAST-BISEE2019-007); ","https://ieeexplore.ieee.org/stamp/stamp.jsp?arnumber=9127777","Highly sensitive ethanol sensor;Two-Dimensional layered mesoporous;one-step hydrothermal method;0.5 ppb","Ethanol;Sensitivity;Temperature sensors;Adsorption;Mesoporous materials;Indium","","4","","40","IEEE","29 Jun 2020","2020","","IEEE","IEEE Journals"
"Modeling of Carbon Nanotube-Based Differential Through-Silicon Vias in 3-D ICs","W. -S. Zhao; Q. -H. Hu; K. Fu; Y. -Y. Zhang; D. -W. Wang; J. Wang; Y. Hu; G. Wang","Engineering Research Center of Smart Mcirosensors and Microsystems of MOE, School of Electronics and Information, Hangzhou Dianzi University, Hangzhou, China; Engineering Research Center of Smart Mcirosensors and Microsystems of MOE, School of Electronics and Information, Hangzhou Dianzi University, Hangzhou, China; Engineering Research Center of Smart Mcirosensors and Microsystems of MOE, School of Electronics and Information, Hangzhou Dianzi University, Hangzhou, China; Engineering Research Center of Smart Mcirosensors and Microsystems of MOE, School of Electronics and Information, Hangzhou Dianzi University, Hangzhou, China; Engineering Research Center of Smart Mcirosensors and Microsystems of MOE, School of Electronics and Information, Hangzhou Dianzi University, Hangzhou, China; Engineering Research Center of Smart Mcirosensors and Microsystems of MOE, School of Electronics and Information, Hangzhou Dianzi University, Hangzhou, China; Engineering Research Center of Smart Mcirosensors and Microsystems of MOE, School of Electronics and Information, Hangzhou Dianzi University, Hangzhou, China; Engineering Research Center of Smart Mcirosensors and Microsystems of MOE, School of Electronics and Information, Hangzhou Dianzi University, Hangzhou, China",IEEE Transactions on Nanotechnology,"15 Jul 2020","2020","19","","492","499","This article proposes a novel differential through-silicon via (D-TSV) structure, which is filled with vertically aligned carbon nanotube (VACNT) array. Two metal pads are deposited on the sides of the surface of the proposed D-TSV to form differential signal transmission paths. The equivalent circuit model is established for the proposed D-TSV, with the frequency-dependent impedance extracted using partial-element equivalent-circuit (PEEC) method. By virtue of the equivalent circuit model, the electrical performance of the proposed D-TSV is investigated, with some design guidance presented.","1941-0085","","10.1109/TNANO.2020.3004825","National Natural Science Foundation of China(grant numbers:61874038); National Key Research and Development Program of China Stem Cell and Translational Research(grant numbers:2018YFE0120000); Hangzhou Dianzi University; ","https://ieeexplore.ieee.org/stamp/stamp.jsp?arnumber=9130889","3-D ICs;crosstalk;differential through-silicon vias (D-TSVs);equivalent-circuit model;transmission coefficients;vertically aligned carbon nanotube (VACNT)","Through-silicon vias;Integrated circuit modeling;Silicon;Equivalent circuits;Couplings;Inductance","","24","","27","IEEE","1 Jul 2020","2020","","IEEE","IEEE Journals"
"Approaching the Design of Energy Recovery Logic Circuits Using TFETs","J. Núñez; M. J. Avedillo","Instituto de Microelectrónica de Sevilla, IMSE-CNM (CSIC/Universidad of Sevilla), Sevilla, Spain; Instituto de Microelectrónica de Sevilla, IMSE-CNM (CSIC/Universidad of Sevilla), Sevilla, Spain",IEEE Transactions on Nanotechnology,"15 Jul 2020","2020","19","","500","507","Reducing supply voltage is an effective way to reduce power consumption, however, it greatly reduces CMOS circuits speed. This translates in limitations on how low the supply voltage can be reduced in many applications due to frequency constraints. In particular, in the context of low voltage adiabatic circuits, another well-known technique to save power, it is not possible to obtain satisfactory power-speed trade-offs. Tunnel field-effect transistors (TFETs) have been shown to outperforms CMOS at low supply voltage in static logic implementations, operation due to their steep subthreshold slope (SS), and have potential for combining low voltage and adiabatic. To the best of our knowledge, the adiabatic circuit topologies reported with TFETs do not take into account the problems associated with their inverse current due to their intrinsic p-i-n diode. In this article, we propose a solution to this problem, demonstrating that the proposed modification allows to significantly improving the performance in terms of power/energy savings compared to the original ones, especially at medium and low frequencies. In addition, we have evaluated the relative advantages of the proposed TFET adiabatic circuits with respect to their static implementations, demonstrating that these are greater than for FinFET transistor designs.","1941-0085","","10.1109/TNANO.2020.3004941","Ministerio de Economía y Competitividad(grant numbers:TEC2017-87052-P); ","https://ieeexplore.ieee.org/stamp/stamp.jsp?arnumber=9130950","Energy recovery;adiabatic logic;tunnel field-effect transistors;steep subthreshold slope;low power","Adiabatic;TFETs;Capacitance;Logic gates;Power demand","","3","","40","IEEE","1 Jul 2020","2020","","IEEE","IEEE Journals"
"Incorporating Variability of Resistive RAM in Circuit Simulations Using the Stanford–PKU Model","J. Reuben; M. Biglari; D. Fey","Chair of Computer Science 3 – Computer Architecture, Friedrich-Alexander-Universität Erlangen-Nürnberg (FAU), Erlangen, Germany; Chair of Computer Science 3 – Computer Architecture, Friedrich-Alexander-Universität Erlangen-Nürnberg (FAU), Erlangen, Germany; Chair of Computer Science 3 – Computer Architecture, Friedrich-Alexander-Universität Erlangen-Nürnberg (FAU), Erlangen, Germany",IEEE Transactions on Nanotechnology,"15 Jul 2020","2020","19","","508","518","Intrinsic variability observed in resistive-switching devices (cycle-to-cycle and device-to-device) is widely recognised as a major hurdle for widespread adoption of Resistive RAM technology. While physics-based models have been developed to accurately reproduce the resistive-switching behaviour, reproducing the observed variability behavior of a specific RRAM has not been studied. Without a properly fitted variability in the model, the simulation error introduced at the device-level propagates through circuit-level to system-level simulations in an unpredictable manner. In this work, we propose an algorithm to fit a certain amount of variability to an existing physics-based analytical model (Stanford-PKU model). The extent of variability exhibited by the device is fitted to the model in a manner agnostic to the cause of variability. Further, the model is modified to better reproduce the variations observed in a device. The model, fitted with variability can well reproduce cycle-to-cycle, as well as device-to-device variations. The significance of integrating variability into RRAM models is underscored using a sensing example.","1941-0085","","10.1109/TNANO.2020.3004666","Deutsche Forschungsgemeinschaft; Integrierte Memristor-Basierte Rechner-Architekturen(grant numbers:389549790); ","https://ieeexplore.ieee.org/stamp/stamp.jsp?arnumber=9130168","Resistive RAM (RRAM);physics-based models;cycle-to-cycle variability;device-to-device variability;Stanford model;memristor;sense amplifier;resistive-switching;1T-1R","Integrated circuit modeling;Mathematical model;Analytical models;Switches;Computational modeling;Resistance;Resistive RAM","","34","","44","IEEE","30 Jun 2020","2020","","IEEE","IEEE Journals"
"Enhanced Optical and Electrical Properties of Metallic Surface Plasmon Sensitized TiO2 Nanowires","K. K. Kashyap; B. Choudhuri; P. Chinnamuthu","Department of Electronics and Communication Engineering, National Institute of Technology Nagaland, Dimapur, India; Department of Electronics and Communication Engineering, National Institute of Technology Silchar, Assam, India; Department of Electronics and Communication Engineering, National Institute of Technology Nagaland, Dimapur, India",IEEE Transactions on Nanotechnology,"15 Jul 2020","2020","19","","519","526","In this report, pristine TiO2 nanowire (NW) and gold (Au) nanoparticles (NP) decorated TiO2-NW are synthesized by glancing angle deposition (GLAD) technique on Si substrate. Transmission electron microscopy (TEM) exhibits the vertical growth of TiO2-NW. The average length and diameter of TiO2NWs are ~11O nm and ~15 nm, respectively and Au-NP has an average diameter of ~7 nm. Selected area electron diffraction (SAED) and x-ray diffraction (XRD) analyses confirm the polycrystalline nature of synthesized TiO2-NW and Au-NP. Photoluminescence (PL) emission is reduced for the sample Au-NP:TiO2-NW as compared to TiO2-NW. The enhanced Raman scattering and optical absorption are observed for the sample Au-NP:TiO2-NW compared to TiO2-NW. Improved performance in terms of current density, responsivity, detectivity, noise equivalent power (NEP), and photo-switching were obtained for device Au-NP:TiO2-NW as compared to TiO2-NW in both UV and visible region. The superior performances of the Au-NP:TiO2-NW device establishes it as a potential and promising candidate for photodetector application.","1941-0085","","10.1109/TNANO.2020.3004876","","https://ieeexplore.ieee.org/stamp/stamp.jsp?arnumber=9130952","Glancing angle deposition (GLAD);gold-nanoparticle;localized surface plasmon resonance (LSPR);Raman scattering;TiO  ${}_{2}$  -nanowire","Titanium dioxide;Gold;Absorption;Optical scattering;Optical sensors;Optical imaging","","6","","56","IEEE","1 Jul 2020","2020","","IEEE","IEEE Journals"
"Prospective Sensing Applications of Novel Heteromaterial Based Dopingless Nanowire-TFET at Low Operating Voltage","N. Kumar; A. Raman","Department of Electronics and Communications, VLSI Lab, Dr. B. R. Ambedkar National Institute of Technology, Jalandhar, India; Department of Electronics and Communications, VLSI Lab, Dr. B. R. Ambedkar National Institute of Technology, Jalandhar, India",IEEE Transactions on Nanotechnology,"23 Jul 2020","2020","19","","527","534","Most of the sensors are based on different device architectures depending on the application type. A novel dopingless (DL) vertical Nanowire (VNW)-TFET is proposed that is used for the implementation of the gas sensor, biosensor, photo-detector and temperature sensor. Charge-plasma technique is used to provide the necessary doping for the proper functioning of the device; where metals with specific work functions are deposited on the source/drain region to accumulate charge carriers within the region. The device is designed with a spacer length of 5 nm that provided the enhanced device parameters. Smaller source/drain length helped in maintaining abrupt junction at the source/drain-channel interface even with a large spacer length. Heteromaterials such as Silicon-Germanium, Indium Antimonide, Indium Arsenide and Germanium-Tin are used as source materials for DL-VNW-TFET to compensate the low ON-current of the TFET devices. Exposed source/gate catalytic electrode, open source-cavity, photo-dielectric material/transparent conductive oxide (high work function) and heteromaterials are the key sensing elements of the implemented sensors. ON-current, OFF-current and threshold voltage are considered as the sensing parameters. Obtained results of the sensing parameters confirm the possible use of the proposed device for adaptive multi-sensing applications.","1941-0085","","10.1109/TNANO.2020.3005026","","https://ieeexplore.ieee.org/stamp/stamp.jsp?arnumber=9130885","Photo-dielectric effect;biosensor;temperature;dopingless;nanowire;tunnel field effect transistor;Germanium-Tin;Indium Arsenide","TFETs;Silicon;Charge carriers;Temperature sensors;Tunneling;Doping","","39","","65","IEEE","1 Jul 2020","2020","","IEEE","IEEE Journals"
"Millimeter Waveband Dielectric Permittivity of Nanocomposites Containing Vanadium Oxides","Y. A. Pakhomov; A. B. Rinkevich; A. F. Belyanin; E. A. Kuznestov; D. V. Perov","Institute of Metal Physics, Ural Branch of Russian Academy of Science, Ekaterinburg, Russia; Institute of Metal Physics, Ural Branch of Russian Academy of Science, Ekaterinburg, Russia; Central Research Technological Institute “TECHNOMASH”, Moscow, Russia; Institute of Metal Physics, Ural Branch of Russian Academy of Science, Ekaterinburg, Russia; Institute of Metal Physics, Ural Branch of Russian Academy of Science, Ekaterinburg, Russia",IEEE Transactions on Nanotechnology,"27 Jul 2020","2020","19","","535","544","Dielectric properties of opal-based nanocomposites with particles of oxides and other vanadium compounds are studied. Microwave measurements are carried out in two frequency ranges: from 26 to 38 GHz and from 53 to 78 GHz. The frequency dependences of transmission and reflection coefficients have been measured for a plate of the nanocomposite and the results have been compared to the theoretical approximation of these dependences. The microwave complex dielectric permittivity has been retrieved from these coefficients. Magnetic field dependences of the transmission and reflection coefficients are measured, and it has been established that these dependences involve some characteristic features caused by ferromagnetic resonance and antiresonance.","1941-0085","","10.1109/TNANO.2020.3005897","MSE of Russia; Russian Foundation for Basic Research(grant numbers:18-32-00008); RSF(grant numbers:17-12-01002); ","https://ieeexplore.ieee.org/stamp/stamp.jsp?arnumber=9134952","Nanocomposites;dielectric permittivity;millimeter waveband;opal matrix;vanadium oxides","Nanocomposites;Vanadium;Compounds;X-ray diffraction;Dielectrics;Annealing;Metals","","","","18","IEEE","7 Jul 2020","2020","","IEEE","IEEE Journals"
"Numerical Investigation of Reconfigurable Photonic Crystal Switch Based on Phase Change Nanomaterial","R. Rajasekar; G. T. Raja; S. Robinson","Department of ECE, National Institute of Technology, Thiruchirapalli, India; Department of ECE, National Institute of Technology, Thiruchirapalli, India; Department of ECE, Mount Zion College of Engineering and Technology, Pudukkottai, India",IEEE Transactions on Nanotechnology,"17 Aug 2020","2020","19","","545","552","In this article, the novel reconfigurable all-optical switches are designed with ultracompact size, fast response time and high extinction ratio. The hybrid silicon (Si) and phase change material of Germanium-Antimony-Tellurides (GST) based nanoresonator coupled photonic crystal platform is used to realize the 1 × 1, 2 × 2, 3 × 3, and 4 × 4 switches. The GST-based nano-rods are playing a very significant role in “ON” and “OFF” states of the optical switch which can be triggered by changing the phase of the material. The introduction of GST rods within nanocavity provide high output power at the amorphous state and very low output power at the crystalline state, which in turn provide a very high extinction ratio. The designed nanoswitch is optimized through the Finite-Difference-Time-Domain (FDTD) method. The non-volatile 1 × 1 nanoswitch is designed with a low footprint of 44 μm2, the low delay time of 293.86 femtoseconds (fs) and high data rate of 3.40 Tbps. Hence, the reported switching platform is more appropriate for photonic interconnects and quantum computing.","1941-0085","","10.1109/TNANO.2020.3001832","","https://ieeexplore.ieee.org/stamp/stamp.jsp?arnumber=9119835","Optical switches;GST;photonic crystal;nano- resonator;delay time","Optical switches;Optical waveguides;Optical ring resonators;Ultrafast optics;Extinction ratio;Delays","","21","","33","IEEE","17 Jun 2020","2020","","IEEE","IEEE Journals"
"Comprehensive Read Margin and BER Analysis of One Selector-One Memristor Crossbar Array Considering Thermal Noise of Memristor With Noise-Aware Device Model","W. Bae; K. J. Yoon","Department of Electrical Engineering and Computer Sciences, University of California at Berkeley, Berkeley, USA; Intel Corporation, Santa Clara, USA",IEEE Transactions on Nanotechnology,"27 Jul 2020","2020","19","","553","564","It can never be overemphasized the importance of understanding noise in electronics. However, it has not been deeply considered in memristor-based circuits and systems, while there have been tons of efforts to utilize the memristors to improve the present computing system. This article presents comprehensive read margin and bit-error-rate (BER) analyses, where the noise contributions from the memristor and selector devices are fully considered. The analyses provide an accurate BER estimation of a huge crossbar array (CBA) based on a I-V measurement of a single device, which considerably accelerates the engineering time for device and system by eliminating full-array level noise simulations from the iteration loop. Generic noise-aware device models of memristor and selector are also proposed in this paper, and the validity of the analyses is verified from CBA based on the device models.","1941-0085","","10.1109/TNANO.2020.3006114","","https://ieeexplore.ieee.org/stamp/stamp.jsp?arnumber=9134814","Crossbar array (CBA);device modeling;memristor;noise;read margin;sneak current","Memristors;Computational modeling;Analytical models;Thermal noise;Standards;Computer architecture;Transistors","","8","","43","IEEE","7 Jul 2020","2020","","IEEE","IEEE Journals"
"A Magnetic Field-to-Digital Converter Employing a Spin-Torque Nano-Oscillator","D. I. Albertsson; J. Åkerman; A. Rusu","Department of Electrical Engineering, School of EECS, KTH Royal Institute of Technology, Kista, Sweden; Department of Physics, University of Gothenburg, Gothenburg, Sweden; Department of Electrical Engineering, School of EECS, KTH Royal Institute of Technology, Kista, Sweden",IEEE Transactions on Nanotechnology,"23 Jul 2020","2020","19","","565","570","In this work, a novel magnetic field-to-digital converter based on emerging spin-torque nano-oscillators (STNOs) is proposed. The architecture is inspired by voltage controlled oscillator (VCO)-based analog-to-digital converters (ADCs) which have shown inherent first-order noise shaping of both quantization- and phase-noise without the need for feedback. In the proposed architecture, the STNO acts both as a magnetic field sensor and VCO. The architecture's performance is evaluated in terms of signal-to-noise and distortion ratio (SNDR) utilizing Verilog-AMS modeling, where a macrospin model fitted to experimental data is employed for accurate description of the STNO operation. The presented simulation results demonstrate the potential of the STNO-based magnetic field-to-digital converter architecture.","1941-0085","","10.1109/TNANO.2020.3007344","Swedish Research Council VR; ","https://ieeexplore.ieee.org/stamp/stamp.jsp?arnumber=9139390","Magnetic field sensor;spin-torque nano-oscillator;spintronics;verilog","Magnetic tunneling;Voltage-controlled oscillators;Perpendicular magnetic anisotropy;Magnetic circuits;Phase noise;Magnetization","","8","","31","IEEE","13 Jul 2020","2020","","IEEE","IEEE Journals"
"InGaN/GaN Quantum Dots on Silicon With Coalesced Nanowire Buffer Layers: A Potential Technology for Visible Silicon Photonics","D. Das; A. Aiello; W. Guo; P. Bhattacharya","Department of Electrical Engineering and Computer Science, University of Michigan, Ann Arbor, USA; Department of Electrical Engineering and Computer Science, University of Michigan, Ann Arbor, USA; Department of Electrical Engineering and Computer Science, University of Michigan, Ann Arbor, USA; Department of Electrical Engineering and Computer Science, University of Michigan, Ann Arbor, USA",IEEE Transactions on Nanotechnology,"17 Aug 2020","2020","19","","571","574","We have investigated the structural and optical characteristics of planar GaN epitaxial layers on silicon substrates, formed by coalescing an array of GaN nanowires, and of In0.32Ga0.68N/GaN self-organized quantum dots grown on the GaN layer. The as-grown coalesced GaN layer is of the cubic crystalline form, with a large density of stacking faults, that transforms to the wurtzite form, devoid of most of the stacking faults, upon post-growth annealing. Multiple layers of the quantum dots emit at 550 nm. Temperature-dependent and time-resolved photoluminescence measurements have been made to determine the temperature dependent radiative and non-radiative lifetimes of the quantum dots.","1941-0085","","10.1109/TNANO.2020.3007732","University of Michigan College of Engineering Blue Sky Research Program; Rackham Merit Fellowship; ","https://ieeexplore.ieee.org/stamp/stamp.jsp?arnumber=9136739","GaN epilayer on (001)Si;InGaN QD on (001)Si;coalesced GaN NW template on (001) Si","Gallium nitride;Annealing;Temperature measurement;Quantum dots;Silicon;Substrates;Scanning electron microscopy","","4","","32","USGov","8 Jul 2020","2020","","IEEE","IEEE Journals"
"Miniaturized Platform With Nanocomposite Optimized Pencil Electrodes for Selective Non-Interfering Electrochemical Sensing","M. Salve; K. Amreen; P. K. Pattnaik; S. Goel","Department of Electrical and Electronics Engineering, MEMS, Microfluidics and Nanoelectronics Laboratory, Birla Institute of Technology and Science, Hyderabad, India; Department of Electrical and Electronics Engineering, MEMS, Microfluidics and Nanoelectronics Laboratory, Birla Institute of Technology and Science, Hyderabad, India; Department of Electrical and Electronics Engineering, MEMS, Microfluidics and Nanoelectronics Laboratory, Birla Institute of Technology and Science, Hyderabad, India; Department of Electrical and Electronics Engineering, MEMS, Microfluidics and Nanoelectronics Laboratory, Birla Institute of Technology and Science, Hyderabad, India",IEEE Transactions on Nanotechnology,"12 Aug 2020","2020","19","","575","578","Herein, a simple, miniaturized and low-cost electrochemical sensing platform integrated with three-electrode system has been presented. A two-layer microfluidic device has been fabricated entirely on a PMMA sheet using a CO2 laser. Pencil graphite electrode (PGE), chemically modified electrode with a nanocomposite of MWCNT@polysterene-chitosan (PGE/MWCNT@PS-CS) as a working electrode (WE), PGE coated with Ag/AgCl ink as a reference electrode (RE) and a plain PGE as a counter electrode (CE) were inserted into the microreactor with reagent consumption of 2 mL. As a proof of concept, the analytical performance of the developed microfluidic electrochemical sensor was investigated for non-enzymatic glucose sensing. Highly selective, non-interfering sensing of glucose in presence of various bioanalytes, was obtained. The nanocomposite lead to an exceptional limit of detection as 0.309 nM. With fine-tuning and electrode surface modification, the designed miniaturized platform could be used for diverse electrochemical biosensing application.","1941-0085","","10.1109/TNANO.2020.3008530","Science and Engineering Research Board(grant numbers:SERB NPDF Scheme (PDF/2018/003658)); ","https://ieeexplore.ieee.org/stamp/stamp.jsp?arnumber=9142432","Miniaturized electrochemical platform;CO  $_{2}$   laser;three electrodes;polystyrene;non-enzymatic","Sugar;Electrodes;Sensors;Microfluidics;Fabrication;Microchannels;Interference","","7","","12","IEEE","16 Jul 2020","2020","","IEEE","IEEE Journals"
"Nanoscale Organization and Functional Analysis of Carnivorous Plant Mucilage by Atomic Force Microscopy","M. Li; N. Xi; Y. Wang; L. Liu","Shenyang Institute of Automation, State Key Laboratory of Robotics, Chinese Academy of Sciences, Shenyang, China; Department of Industrial and Manufacturing Systems Engineering, The University of Hong Kong, Hong Kong, China; Shenyang Institute of Automation, State Key Laboratory of Robotics, Chinese Academy of Sciences, Shenyang, China; Shenyang Institute of Automation, State Key Laboratory of Robotics, Chinese Academy of Sciences, Shenyang, China",IEEE Transactions on Nanotechnology,"27 Jul 2020","2020","19","","579","593","Uncovering the underlying mechanisms guiding the behaviors of natural sticky glue is of important significance for developing novel biomimetic or bioinspired materials to regulate cellular activities. Carnivorous plants secrete adhesive mucilage to capture insects, but the nanoscale organizations of the mucilage are still not fully understood. In particular, the advent of atomic force microscopy (AFM) provides a powerful tool for investigating the structures and properties of biological samples in their native states with unprecedented spatial resolution, offering novel possibilities for the studies of characterizing biomaterials. In this work, AFM was utilized to reveal the nanostructures of mucilage secreted by carnivorous plant (Pinguicula and Sarracenia) for promoting cell growth. AFM imaging of the mucilage-coated substrates in air showed that nanostructures (nanoparticles and nanofibers) with different assembly behaviors were significantly observed in mucilage, which were confirmed by electron microscopy imaging. AFM in situ imaging in liquids remarkably revealed that nanoparticles were contained in native mucilage. The mechanical properties of individual nanofibers were visualized and quantified by AFM indenting assays. The elemental organizations of the mucilage were analyzed, and the experiments of cells grown on mucilage-coated substrates indicated that carnivorous plant mucilage could facilitate cell growth. The research provides novel insights into the nanostructures and mechanical properties as well as biological functions of mucilage secreted by carnivorous plants, which will have potential impacts on the studies of biomaterials for tuning cell behaviors.","1941-0085","","10.1109/TNANO.2020.3005731","National Natural Science Foundation of China(grant numbers:61922081,61873258,U1613220,91748212); Key Research Program of Frontier Sciences CAS(grant numbers:ZDBS-LY-JSC043); Youth Innovation Promotion Association(grant numbers:2017243); LiaoNing Revitalization Talents Program(grant numbers:XLYC1907072); ","https://ieeexplore.ieee.org/stamp/stamp.jsp?arnumber=9134779","Atomic force microscopy;carnivorous plant mucilage;Pinguicula;Sarracenia;nanofiber;nanoparticle","Force;Substrates;Organizations;Nanostructures;Scanning electron microscopy","","5","","68","IEEE","7 Jul 2020","2020","","IEEE","IEEE Journals"
"WOx-Based Synapse Device With Excellent Conductance Uniformity for Hardware Neural Networks","W. Choi; S. -G. Gi; D. Lee; S. Lim; C. Lee; B. -G. Lee; H. Hwang","Department of Materials Science and Engineering, Center for Single Atom-based Semiconductor Device, Pohang University of Science and Technology, Pohang, South Korea; School of Electrical Engineering and Computer Science, Gwangju Institute of Science and Technology, Gwangju, South Korea; Department of Materials Science and Engineering, Center for Single Atom-based Semiconductor Device, Pohang University of Science and Technology, Pohang, South Korea; Department of Materials Science and Engineering, Center for Single Atom-based Semiconductor Device, Pohang University of Science and Technology, Pohang, South Korea; Department of Materials Science and Engineering, Center for Single Atom-based Semiconductor Device, Pohang University of Science and Technology, Pohang, South Korea; School of Electrical Engineering and Computer Science, Gwangju Institute of Science and Technology, Gwangju, South Korea; Department of Materials Science and Engineering, Center for Single Atom-based Semiconductor Device, Pohang University of Science and Technology, Pohang, South Korea",IEEE Transactions on Nanotechnology,"31 Jul 2020","2020","19","","594","600","Hardware neural networks (HNNs) which use synapse device (SD) arrays show promise as an approach to energy efficient parallel computation of massive vector-matrix multiplication. To maximize the inference accuracy of application-specific HNNs, we propose a highly reliable 2-terminal SD with fixed resistance based on WOx films. First, we investigate the device requirements of an array-based HNN through MATLAB and SPICE simulations taking into account the parasitic resistance effects in the array. On top of that, to fabricate the SD we utilize the intrinsic properties of the WOx film, which exhibits substantial changes in conductivity from 10-8 to 104 Ω-1cm-1 by varying the oxygen vacancy concentration. After the process optimization of oxide stoichiometry and electrode materials, we can form nanoscale WO×-based SDs with excellent conductance uniformity and I-V linearity. Our results show that inference accuracy is significantly improved by using WOx-based SD arrays even in advanced node scaling. Through experimental hardware implementation, 16 × 16 pixel images are correctly classified and we show the potential of WOx-based SD for future large-scale HNN applications.","1941-0085","","10.1109/TNANO.2020.3010070","Ministry of Trade, Industry and Energy(grant numbers:10067794); Korea Semiconductor Research Consortium; ","https://ieeexplore.ieee.org/stamp/stamp.jsp?arnumber=9143509","Neuromorphic;synapse device;hardware neural network;inference system","Resistance;Synapses;Linearity;Biological neural networks;Neurons;Performance evaluation;Hardware","","17","","35","IEEE","17 Jul 2020","2020","","IEEE","IEEE Journals"
"Study on Inter Band and Inter Sub-Band Optical Transitions With Varying InAs/InGaAs Sub-Monolayer Quantum Dot Heterostructure Stacks Grown by Molecular Beam Epitaxy","S. R. Shriram; R. Kumar; D. Panda; J. Saha; B. Tongbram; M. R. Mantri; S. A. Gazi; A. Mandal; S. Chakrabarti","Department of Electrical Engineering, Indian Institute of Technology Bombay, Mumbai, India; Department of Electrical Engineering, Indian Institute of Technology Bombay, Mumbai, India; Department of Electrical Engineering, Indian Institute of Technology Bombay, Mumbai, India; Center for Research in Nano Technology and Science, Indian Institute of Technology Bombay, Mumbai, India; Center for Research in Nano Technology and Science, Indian Institute of Technology Bombay, Mumbai, India; Department of Electrical Engineering, Indian Institute of Technology Bombay, Mumbai, India; Department of Electrical Engineering, Indian Institute of Technology Bombay, Mumbai, India; Department of Electrical Engineering, Indian Institute of Technology Bombay, Mumbai, India; Department of Electrical Engineering, Indian Institute of Technology Bombay, Mumbai, India",IEEE Transactions on Nanotechnology,"31 Jul 2020","2020","19","","601","608","Multiple stacking of sub-monolayer (SML) quantum dot (QD) heterostructure exhibits high optical quality and is seen in devices like lasers diodes, photodetectors, etc. In this study, we have investigated the optical and material characterization of InAs/InGaAs SML quantum dot (QD) heterostructure with multiple stacking layers (nSML) on GaAs substrates. The experimentally calculated PL emission energies were found to be 1.19, 1.13, 1.11 and 1.12 eV for 4, 6, 8 and 10 QD stacks at 19 K, excitation power of 1.1 kW/cm2 (25 mW) respectively. A feature of increased strain with increasing nSML was verified experimentally by high-resolution X-ray diffraction (HRXRD) and Raman measurements as well. The experimental PL peak energy data were then validated with nextnano++ simulations based on Schrödinger – Poisson device solver. The hydrostatic and biaxial strain components were computed to correlate the experimental and simulation data. Hence with these enunciated understandings, we conclude that an ideal choice on the number of SML stacks that can be grown on a GaAs substrate was found to be 6 stacks, helpful to realize and fabricate QD based infrared photodetectors (QDIPs) devices in long wavelength regime.","1941-0085","","10.1109/TNANO.2020.3009597","DST Nano Mission(grant numbers:SR/NM/NS-1178/2015(G)); Science and Engineering Research Board(grant numbers:EMR/2016/005338); DST-SERI(grant numbers:DST/TMC/SERI/FR/117(G)); Indian Space Research Organisation(grant numbers:09SUBH001); ","https://ieeexplore.ieee.org/stamp/stamp.jsp?arnumber=9143511","Quantum dots;sub-monolayer growth;photoluminescence;strain;infrared photodetectors","Strain;Gallium arsenide;Temperature measurement;Stacking;Photoluminescence;Photodetectors;Substrates","","8","","27","IEEE","17 Jul 2020","2020","","IEEE","IEEE Journals"
"Modeling of Short-Term Synaptic Plasticity Effects in ZnO Nanowire-Based Memristors Using a Potentiation-Depression Rate Balance Equation","E. Miranda; G. Milano; C. Ricciardi","Departament d'Enginyeria Electrònica, Universitat Autònoma de Barcelona (UAB), Barcelona, Spain; Department of Applied Science and Technology (DISAT), Politecnico di Torino, Torino, Italy; Department of Applied Science and Technology (DISAT), Politecnico di Torino, Torino, Italy",IEEE Transactions on Nanotechnology,"31 Jul 2020","2020","19","","609","612","This letter deals with short-term plasticity (STP) effects in the conduction characteristics of single crystalline ZnO nanowires, including potentiation, depression and relaxation phenomena. The electrical behavior of the structures is modeled following Chua's approach for memristive systems, i.e. one equation for the electron transport and one equation for the memory state of the device. Linear conduction is assumed in the first case together with a voltage-controlled rate balance equation for the normalized conductance. The devices are subject to electrical stimuli such as ramped and pulsed voltages of both polarities with varying amplitude and frequency. In each case, the proposed model is able to account for the STP effects exhibited by ZnO highlighting its neuromorphic capabilities for bio-inspired circuits. An equivalent circuit representation and the SPICE implementation of the compact model is also provided.","1941-0085","","10.1109/TNANO.2020.3009734","Ministerio de Economia, Industria y Competitividad, Spain(grant numbers:TEC2017-84321-C4-4-R); Visiting Professor Project 2019 - Politecnico di Torino, Italy; ","https://ieeexplore.ieee.org/stamp/stamp.jsp?arnumber=9142442","ZnO;nanowire;short-term plasticity;memristor","Mathematical model;Integrated circuit modeling;Zinc oxide;Equivalent circuits;II-VI semiconductor materials;Nanowires;Memristors","","36","","18","IEEE","16 Jul 2020","2020","","IEEE","IEEE Journals"
"Area Efficient High Through-put Dual Heavy Metal Multi-Level Cell SOT-MRAM","K. Ali; F. Li; S. Y. H. Lua; C. -H. Heng","Electrical and Computer Engineering Department, National University of Singapore, Singapore, Singapore; Institute of Microelectronics, A*STAR, Singapore, Singapore; Data Storage Institute, A*STAR, Singapore, Singapore; Electrical and Computer Engineering Department, National University of Singapore, Singapore, Singapore",IEEE Transactions on Nanotechnology,"26 Aug 2020","2020","19","","613","619","This paper proposes a novel multi-level cell spin-orbit torque magnetic random-access memory (MLC SOT-MRAM) cell structure and validates its functionality and performance through simulation. The proposed memory cell comprises two uniform magnetic tunnel junctions (MTJs) that can be programmed separately by the energy efficient SOT technology through two different heavy metal electrodes. This permit employing both single and dual port architectures. The uniform cross-sectional area of the in-series MTJs stack simplifies the fabrication process. In addition, the cell structure requires only four terminals to successfully read and write the two bits. This allows accessing the two bits with only three access transistors, which achieves 25% smaller 1-bit effective area compared to the conventional single level cell (SLC) SOT-MRAM that requires four transistors. Simulation results based on an approximated dynamic model shows it offers nearly similar write energy consumption compared to the conventional SOT-MRAM.","1941-0085","","10.1109/TNANO.2020.3012669","SpOT-LITE program(grant numbers:A18A6b0057); Singapore SINGA A<sup>*</sup>STAR; ","https://ieeexplore.ieee.org/stamp/stamp.jsp?arnumber=9152173","MRAM;SOT-MTJ;SOT-MRAM;MLC;SLC","Computer architecture;Microprocessors;Magnetic tunneling;Writing;Resistance;Transistors;Random access memory","","11","","19","IEEE","29 Jul 2020","2020","","IEEE","IEEE Journals"
"Analytical Current Transport Modeling of Monolayer Molybdenum Disulfide-Based Dual Gate Tunnel Field Effect Transistor","M. A. U. Khan; A. Srivastava; C. Mayberry; A. K. Sharma","Division of Electrical and Computer Engineering, Louisiana State University, Baton Rouge, USA; Division of Electrical and Computer Engineering, Louisiana State University, Baton Rouge, USA; United States Air Force Research Laboratory, RVBYS, Kirtland Air Force Base, USA; United States Air Force Research Laboratory, RVBYS, Kirtland Air Force Base, USA",IEEE Transactions on Nanotechnology,"17 Aug 2020","2020","19","","620","627","In this paper, we present a current transport model of MoS2-based dual gate tunnel field effect transistor from both analytical and numerical techniques. In analytical modeling, two-dimensional (2D) model of potential distribution with its corresponding energy level for the hetero-junction has been solved and implemented with Landauer current transport mechanism. The output characteristics have been compared with the quantum mechanical solution obtained from non-equilibrium Green's function (NEGF) formalism. The sub-threshold slope (SS), obtained from analytical and NEGF methods are 10 mV/decade and 12.6 mV/decade with on/off current ratio of 107 and 106, respectively at VDS = 0.5 V. We have considered scattering mechanism into our calculation and have shown that carrier transportation for 20 nm channel length is diffusive. In addition, scattering reduces the on current by an order of magnitude, and resembles good agreement with the atomistic simulation. Lastly, mobility and ionized impurity concentration for our proposed structure have been calculated as 27.2 cm2/Vs and 1.17 × 1013/cm2.","1941-0085","","10.1109/TNANO.2020.3012772","Air Force Research Laboratory(grant numbers:FA9453-18-1-0103); Norfolk State University; Virginia NSF CREST-CREAM(grant numbers:HRD-157771); LSU Economic Development Assistantship; ","https://ieeexplore.ieee.org/stamp/stamp.jsp?arnumber=9152140","Tunnel FET;single-layer molybdenum disulfide;current transport;NEGF;scattering;mobility","Molybdenum;Sulfur;Electric potential;Scattering;Logic gates;Analytical models;Tunneling","","18","","43","IEEE","29 Jul 2020","2020","","IEEE","IEEE Journals"
"Investigation of Optoelectronic Properties in Germanium Nanowire Integrated Silicon Substrate Using Kelvin Probe Force Microscopy","H. M. Singh; B. Choudhuri; P. Chinnamuthu","Department of Electronics and Communication Engineering, National Institute of Technology Nagaland, Dimapur, India; Department of Electronics and Communication Engineering, National Institute of Technology Silchar, Silchar, India; Department of Electronics and Communication Engineering, National Institute of Technology Nagaland, Dimapur, India",IEEE Transactions on Nanotechnology,"18 Aug 2020","2020","19","","628","634","Catalyst free Germanium (Ge) nanowires (NW) and thin film (TF) have been synthesized by employing GLAD technique inside an electron-beam evaporator. X-ray diffraction patterns confirmed the successful growth of polycrystalline Ge-NW and Ge-TF. The FEG-SEM image revealed the growth of highly oriented vertical nanowires with an average length of ~110 nm and a diameter of ~48 nm. The optical absorption of Ge-NW showed enhancement over the Ge-TF. The blue shift observed in optical absorption for the NW and TF samples is due to the quantum confinement. The work function is computed using Kelvin probe force microscopy (KPFM) for Ge-NW (~4.11 eV) and Ge-TF (~4.18 eV) samples. The current density for Ge-TF and Ge-NW, when exposed to light, is ~0.85 mA/cm2 and ~6.95 mA/cm2 at 5 V bias, respectively. Ag/Ge-NW/n-Si device exhibits maximum photosensitivity of 35 times compared to the Ge-TF device at -5.5 V. Additionally, better switching is observed for Ge-NW device compared to Ge-TF device, which is a good candidate for photodetector application.","1941-0085","","10.1109/TNANO.2020.3010691","","https://ieeexplore.ieee.org/stamp/stamp.jsp?arnumber=9145852","Glancing angle deposition (GLAD);Kelvin probe force microscopy (KPFM);nanowire (NW);thin film (TF);Ge","Silicon;Substrates;Optical diffraction;Absorption;Electric potential;Germanium;X-ray diffraction","","6","","38","IEEE","21 Jul 2020","2020","","IEEE","IEEE Journals"
"Valley-Coupled-Spintronic Non-Volatile Memories With Compute-In-Memory Support","S. K. Thirumala; Y. -T. Hung; S. Jain; A. Raha; N. Thakuria; V. Raghunathan; A. Raghunathan; Z. Chen; S. Gupta","School of Electrical and Computer Engineering, Purdue University, West Lafayette, USA; School of Electrical and Computer Engineering, Purdue University, West Lafayette, USA; IBM Thomas J. Watson Research, Yorktown Heights, USA; Intel Corporation, Santa Clara, USA; School of Electrical and Computer Engineering, Purdue University, West Lafayette, USA; School of Electrical and Computer Engineering, Purdue University, West Lafayette, USA; School of Electrical and Computer Engineering, Purdue University, West Lafayette, USA; School of Electrical and Computer Engineering, Purdue University, West Lafayette, USA; School of Electrical and Computer Engineering, Purdue University, West Lafayette, USA",IEEE Transactions on Nanotechnology,"17 Aug 2020","2020","19","","635","647","In this work, we propose valley-coupled spin-hall memories based on monolayer WSe2. The key features of the proposed memories are (a) the ability to switch magnets with perpendicular magnetic anisotropy and (b) an integrated gate that can modulate the charge/spin current (IC/IS) flow. The former attribute results in high energy efficiency (compared to the Giant-Spin Hall (GSH) effect-based devices with in-plane magnetic anisotropy magnets). The latter feature leads to a compact accesstransistor-less memory array design. We experimentally measure the gate controllability of the current as well as the non-local resistance associated with valley-coupled spin-hall effect. Based on the measured data, we develop a simulation framework to propose and analyze single-ended and differential valley-coupled spin-hall effect based magnetic memories (VSH-MRAM and DVSH-MRAM, respectively). At the array level, the proposed VSH/DVSH-MRAMs achieve 50%/11% lower write time, 59%/67% lower write energy, 12%/30% lower read time and 35%/41% lower read energy at iso-sense margin, compared to single-ended/differential Giant-Spin Hall (GSH/DGSH)-MRAMs. System level evaluation in the context of general-purpose processor and intermittently-powered system shows up to 3.14X and 1.98X better energy efficiency for the proposed (D)VSH-MRAMs over (D)GSH-MRAMs respectively. Further, the differential sensing of the proposed DVSH-MRAM leads to natural and simultaneous in-memory computation of bit-wise AND and NOR logic functions. Using this feature, we design a computation-in-memory (CiM) architecture that performs Boolean logic and addition with a single array access. System analysis performed by integrating our DVSH-MRAM: CiM in the Nios II processor shows up to 2.57X total energy savings, compared to DGSH-MRAM: CiM.","1941-0085","","10.1109/TNANO.2020.3012550","SRC as the NEWLIMITS Center and NIST(grant numbers:70NANB17H041); C-BRIC center in JUMP, an SRC program(grant numbers:#40001859); ","https://ieeexplore.ieee.org/stamp/stamp.jsp?arnumber=9151383","Computing in memory;magnetic RAM;non-volatile memory;spin currents;VSH/GSH effect","Switches;Metals;Perpendicular magnetic anisotropy;Magnetic tunneling;Energy efficiency;Transistors","","9","","47","IEEE","28 Jul 2020","2020","","IEEE","IEEE Journals"
"A Novel Transverse Read Technique for Domain-Wall “Racetrack” Memories","K. Roxy; S. Ollivier; A. Hoque; S. Longofono; A. K. Jones; S. Bhanja","Department of Electrical Engineering, University of South Florida, Tampa, USA; Department of Electrical and Computer Engineering, University of Pittsburgh, USA; Department of Electrical Engineering, University of South Florida, Tampa, USA; Department of Electrical and Computer Engineering, University of Pittsburgh, USA; Department of Electrical and Computer Engineering, University of Pittsburgh, USA; Department of Electrical Engineering, University of South Florida, Tampa, USA",IEEE Transactions on Nanotechnology,"18 Aug 2020","2020","19","","648","652","Domain-wall memory (DWM), an extension to spin transfer torque-magnetic random access memory (STT-MRAM), stores multiple bits, each bit in an individual domain within a nanowire. The access mechanism of a DWM is carried out with the help of an access point orthogonal to the nanowire, similar to a conventional magneto-tunnel junction (MTJ) of STT-MRAM. In this context, the MTJ free layer is one of the domains of the nanowire. Prior to an access, the desired bit is brought under the access point by shifting, and then its spin orientation is detected by a traditional sensing circuit or overwritten with a write current. However, the nanowire can also be viewed as a multi-level cell (MLC)-like device when tested with an end-to-end current. Based on this observation, we devised a novel transverse read (TR) technique to detect the number of `1's stored in a DWM without shifting any domains. TR is non-destructive and requires ultra-low power insomuch as the TR current is small compared to the shifting current. The TR has interesting applications in DWM such as a neuron in a neuromorphic engine, a multi-bit digital storage device, or as a fault tolerance tool for shifting reliability in DWM memories. In this work, we experimentally demonstrate the feasibility of TR in both perpendicular and in-plane magnetic anisotropy nanowires and determine the critical requirements of successful TR operation.","1941-0085","","10.1109/TNANO.2020.3014091","National Science Foundation(grant numbers:1619027); Laboratory of Physical Sciences and in part by the NSA; ","https://ieeexplore.ieee.org/stamp/stamp.jsp?arnumber=9158538","Magnetic domain walls;magnetoresistance;spintronic devices","Resistance;Perpendicular magnetic anisotropy;Magnetic domains;Magnetic tunneling;Magnetization;Electrical resistance measurement","","14","","23","IEEE","4 Aug 2020","2020","","IEEE","IEEE Journals"
"Analytical Study of Chiral Multi-Layer Structures Containing Graphene Sheets for THz Applications","M. B. Heydari; M. H. V. Samiei","School of Electrical Engineering, Iran University of Science and Technology (IUST), Tehran, Iran; School of Electrical Engineering, Iran University of Science and Technology (IUST), Tehran, Iran",IEEE Transactions on Nanotechnology,"31 Aug 2020","2020","19","","653","660","This paper presents a novel analytical model for chiral multi-layer waveguides incorporating graphene sheets. The general structure is composed of various chiral layers, where a graphene sheet has been sandwiched between two adjacent chiral layers. We have chosen and studied this general structure to suggest a new platform for novel emerging sciences such as optical sensing. An analytical model has been proposed for the general structure to find its dispersion relation and other modal properties such as the effective index and the propagation length. To show the richness of our general structure, two novel chiral waveguides containing graphene sheets have been introduced and investigated. Our analytical results show that high values of effective indices, e.g. neff = 15 at the frequency of 8 THz for the second structure, is achievable. Moreover, it has been shown that the chemical potential of the graphene and the chirality can adjust and control the plasmonic features. Our multi-layer structure and its analytical model can be utilized in several potential applications such as switches, absorbers, cloaks, polarization rotators, and directional couplers in the THz frequencies.","1941-0085","","10.1109/TNANO.2020.3018015","","https://ieeexplore.ieee.org/stamp/stamp.jsp?arnumber=9171600","Analytical model;graphene layer;chiral medium;multi-layer structure","Graphene;Optical waveguides;Plasmons;Analytical models;Dispersion;Indexes","","20","","42","IEEE","19 Aug 2020","2020","","IEEE","IEEE Journals"
"Design of CNTFET-Based Ternary ALU Using 2:1 Multiplexer Based Approach","S. Gadgil; C. Vudadha","Department of Electrical and Electronics Engineering, Birla Institute of Technology and Science, Pilani, India; Department of Electrical and Electronics Engineering, Birla Institute of Technology and Science, Pilani, India",IEEE Transactions on Nanotechnology,"21 Sep 2020","2020","19","","661","671","In view of the problems arising due to the scaling of the silicon transistor, different post-silicon, post-binary logic technologies are being explored by researchers. Implementation of Ternary Logic Circuits using Carbon Nanotube Field Effect Transistors (CNTFETs) is one such alternative. CNTFETs are an ideal choice for implementing ternary logic circuits since using CNTFETs multiple threshold voltages can be obtained by changing their physical dimensions. This paper presents a new design for a 2-digit Ternary Arithmetic and Logic Unit (TALU) using CNTFETs. The proposed TALU architecture consists of a function select block, a transmission gate block, and functional modules. In this design, the functional modules are implemented using a 2:1 multiplexer based design approach. This eliminates the need for decoders at the input resulting in lesser number of transistors when compared to existing designs. The proposed 2:1 multiplexer based approach results in lower power consumption in proposed Adder-subtractor and Multiplier modules as compared to existing ones. HSPICE based circuit simulations were performed on the proposed and existing TALU designs. Simulation results show an improvement of up to 96% in power and up to 95% in PDP for the Adder-subtractor and Multiplier modules. An improvement of up to 90% in power and up to 93% in PDP is obtained for the proposed TALU design as compared to the designs existing in the literature.","1941-0085","","10.1109/TNANO.2020.3018867","BITS- Research Initiation(grant numbers:BITS/GAU/RIG/2019/H0283); ","https://ieeexplore.ieee.org/stamp/stamp.jsp?arnumber=9174868","Adder;ALU;CNTFET;multiplexer;multiplier;subtractor;ternary logic","CNTFETs;Multivalued logic;Decoding;Multiplexing;Logic gates;Threshold voltage","","47","","30","IEEE","24 Aug 2020","2020","","IEEE","IEEE Journals"
"A Dynamic Reference and Variation-Tolerant Sensing Circuit for Deep Nanometer STT-MRAM","G. Cheng; G. Pan; Y. Jiang","Department of Microelectronics, Internet of Things Engineering College, Jiangnan University, Wuxi, China; Department of Microelectronics, Internet of Things Engineering College, Jiangnan University, Wuxi, China; Department of Microelectronics, Internet of Things Engineering College, Jiangnan University, Wuxi, China",IEEE Transactions on Nanotechnology,"21 Sep 2020","2020","19","","672","681","STT-MRAM has received wide attention with its promising properties as the next generation memory. Over the years, with entering into nanometer technology, as process-temperature-voltage (PTV) variations being intensified increasingly, the read reliability of STT-MRAM becomes a critical problem. Therefore, it is highly required to design a sensing circuit with good sensing margin (SM) and anti-interference. This paper presents a dynamic reference (DR) and variation-tolerant sensing circuit for deep nanometer STT-MRAM. The circuit is composed with a clamp voltage generator (CVG), a dynamic reference generator (DRG), and a fully differential charge transfer amplifier (FDCTA). It is demonstrated that the proposed sensing circuit is capable of immunizing the PTV variations by increasing the sensing margin (SM) while lowering the read disturbance (RD). The sensing margin of the proposed circuit can be as high as 312 mV on condition of VDD to be 1.2 V and TMR value to be 150%.","1941-0085","","10.1109/TNANO.2020.3019511","National Natural Science Foundation of China(grant numbers:61774078); ","https://ieeexplore.ieee.org/stamp/stamp.jsp?arnumber=9178488","STT-MRAM,clamp voltage generator (CVG);PTV;dynamic reference generator(DRG);sensing margin (SM);tunnel magnetoresistance (TMR)","Sensors;Magnetic tunneling;Tunneling magnetoresistance;Generators;Resistance;Transistors;Integrated circuit reliability","","1","","31","IEEE","26 Aug 2020","2020","","IEEE","IEEE Journals"
"Mechanisms of a Rectifying TiN Gate Contact for AlGaN$/$GaN HEMTs on Silicon Substrate","H. O. Chahdi; B. Benbakhti; M. Mattalah; J. C. Gerbedoen; A. Jaouad; N. E. Bourzgui; A. Soltani","Institute of Electronics, Microelectronics and Nanotechnology, UMR CNRS 8520, Université de Lille, Villeneuve d’Ascq, France; School of Engineering, Liverpool John Moores University, Liverpool, U.K.; Département de Physique, Université Saad Dahleb, Blida, Algeria; Laboratory for Integrated Micro-Mechatronic Systems, Lille, France; Laboratoire Nanotechnologies Nanosystèmes, CNRS UMI-3463 3IT, Université de Sherbrooke, Sherbrooke, Canada; Institute of Electronics, Microelectronics and Nanotechnology, UMR CNRS 8520, Université de Lille, Villeneuve d’Ascq, France; Institute of Electronics, Microelectronics and Nanotechnology, UMR CNRS 8520, Université de Lille, Villeneuve d’Ascq, France",IEEE Transactions on Nanotechnology,"25 Sep 2020","2020","19","","682","688","Rectifying Titanium Nitride (TiN) gate contact technology is developed for AlGaN/GaN based micro and nanometer HEMTs. A high compressive strain occurring in thinner TiN films (ranging from 5 nm to 60 nm), deposited by sputtering, leads to a reduction in tensile strain at the surface of AlGaN barrier. The diminution in tensile strain forms a pseudo-p-type layer (diodelike). This strain reduction has no effect on the bandgap of the AlGaN barrier layer, allowing the gate to withstand a reverse gate bias larger than 100 V. Characterization using the high-resolution transmission electron microscopy combined with the X-ray photoelectron spectroscopy reveals a good TiN/AlGaN interface quality and no diffusion of TiN into AlGaN. The effective energy barrier of the rectifying nanoscale TiN gate contact has a relatively large height of 1.1 eV associated with an ideality factor of 1.4. A dramatic drop of the reverse-bias leakage current down to 11 pA/mm is measured at -30 V. In addition, electrical measurements show very low gate and drain lag effects of 4.2% and 6.7%, respectively.","1941-0085","","10.1109/TNANO.2020.3019916","Agence Nationale de la Recherche(grant numbers:ANR-15-CE09-0021 CLEANING); ","https://ieeexplore.ieee.org/stamp/stamp.jsp?arnumber=9179001","Titanium nitride;rectifying gate contact;pseudo- $p/n$  junction;AlGaN $/$ GaN HEMTs;X-ray photoelectron spectroscopy;transmission electron microscopy","Aluminum gallium nitride;Wide band gap semiconductors;Tin;Logic gates;Annealing;Strain","","6","","35","IEEE","27 Aug 2020","2020","","IEEE","IEEE Journals"
"Adaptive Simultaneous Topography and Broadband Nanomechanical Mapping of Heterogeneous Materials on Atomic Force Microscope","T. Li; Q. Zou; T. Ma; J. Singer; C. Su","Department of Electrical and Computer Engineering, Rutgers University, Piscataway, USA; Department of Mechanical and Aerospace Engineering, Rutgers University, Piscataway, USA; Department of Mechanical and Aerospace Engineering, Rutgers University, Piscataway, USA; Department of Mechanical and Aerospace Engineering, Rutgers University, Piscataway, USA; Shenzhen Academy of Robotics, Shenzhen, China",IEEE Transactions on Nanotechnology,"25 Sep 2020","2020","19","","689","698","In this article, an approach is proposed to achieve simultaneous imaging and broadband nanomechanical mapping of heterogeneous soft materials in air by using atomic force microscope (AFM). Simultaneous imaging and mechanical mapping (SIMM) is developed to, for example, correlate morphological and mechanical evolutions of the sample together. Current methods, however, are limited to nanomechanical mapping at a single frequency one at a time, or at frequencies much higher than those of interests for majority of soft polymers and live biological species. These limitations have been tackled through the recently-developed simultaneous imaging and broadband nanomechanical mapping (SIBNM) technique for materials of relatively small mechanical spatial variations. We propose, in this work, to extend the SIBNM technique to heterogeneous materials by developing a gradient-based adaptive Kalman-filtering technique to account for spatial variations of the sample mechanical properties when decoupling the sample topography tracking and the nanomechanical mapping from each other. A compressed-sensing technique is introduced to adaptively tune the gain of the adaptive Kalman filter. Experimental implementation of the proposed approach shows that both the topography and the broadband mechanical mapping of a heterogeneous soft sample can be reliably quantified.","1941-0085","","10.1109/TNANO.2020.3010737","NSF(grant numbers:IDBR-1353890,CMMI-1663055,CMMI-1851907); ","https://ieeexplore.ieee.org/stamp/stamp.jsp?arnumber=9145826","Atomic force microscope imaging;nanomechanical mapping;adaptive Kalman filter;compressed sensing;iterative learning control","Surfaces;Force;Imaging;Kalman filters;Frequency measurement;Broadband communication;Nanobioscience","","3","","31","IEEE","21 Jul 2020","2020","","IEEE","IEEE Journals"
"Enhanced Performance Organic Light Emitting Diode With CuI:CuPC Composite Hole Transport Layer","V. Mohan; A. K. Gautam; S. D. Choudhary; M. K. M. Bee; R. Puviarasi; S. Saranya; N. Agrawal","Department of Electronics Communication Engineering, GBPIET, Pauri Garhwal, India; Department of Electronics Communication Engineering, GBPIET, Pauri Garhwal, India; Department of Electronics and Communication Engineering, Noida Institute of Engineering and Technology, Greater Noida, India; Department of Electronics and Communication Engineering, Saveetha School of Engineering, Kuthambakkam, India; Department of Electronics and Communication Engineering, Saveetha School of Engineering, Kuthambakkam, India; Department of Electronics and Communication Engineering, Saveetha School of Engineering, Kuthambakkam, India; Department of Electronics and Communication Engineering, School of ICT, Gautam Buddha University, Greater Noida, India",IEEE Transactions on Nanotechnology,"25 Sep 2020","2020","19","","699","703","Composite materials have attracted significant attention owing to their effective application in producing high-efficiency organic light emitting diodes (OLEDs). Hole transport layers are important and play a noteworthy character in improving the efficiency and stability of OLED. In this work, we have investigated the doping effect of the copper iodide (CuI) into copper (II) phthalocyanine (CuPC) hole transport layer on the performance of OLED. The composite hole transport layer was employed in solution processed OLED consisting 4,4′-Bis(N-carbazolyl)-1,1′-biphenyl (CBP) as a host, Tris (2-phenylpyridine) iridium (III) (Ir(ppy)3) as dopant, 2,2',2""-(1,3,5-Benzinetriyl)-tris(1-phenyl-1-H-benzimidazole) (TPBi) as electron transport layer, lithium fluoride as electron injection layer, and aluminum as cathode. We perceived that doping of CuI into CuPC led to a higher performance enhancement for the OLED than the use of PEDOT:PSS as hole transport layer. The OLED reveals maximum power efficiency (PE), current efficiency (CE) and external quantum efficiency (EQE) 74.1 lmW−1, 70 cdA−1 and 18.5%, respectively, with doping 20 wt % CuI into CuPC, while PEDOT:PSS based OLED exhibits PE of 48 lmW−1, CE of 49 cdA−1 and EQE of 14%. The enhancement of PE, CE and EQE of 33.3, 34.6 and 32%, which may be attributed to the optimized doping ratio of the CuPC and the CuI showing improved hole transport ability, optical properties, surface roughness, and the reduced hole injection barrier. Our outcomes deliver an efficient tactic to replace PEDOT:PSS and enhance the performance of OLED by incorporating CuI as dopants into CuPC.","1941-0085","","10.1109/TNANO.2020.3019096","","https://ieeexplore.ieee.org/stamp/stamp.jsp?arnumber=9174922","High efficiency;solution process;inorganic hole transporting layer;OLEDs","Organic light emitting diodes;Performance evaluation;Charge carrier processes;Indium tin oxide;Rough surfaces;Surface roughness;Electronic mail","","13","","42","IEEE","24 Aug 2020","2020","","IEEE","IEEE Journals"
"A Kinetic Monte Carlo Study of Retention Time in a POM Molecule-Based Flash Memory","O. Badami; T. Sadi; F. Adamu-Lema; P. Lapham; D. Mu; V. Georgiev; J. Ding; A. Asenov","Indian Institute of Technology Hyderabad, Sangareddy, India; Engineered Nanosystems Group, Aalto University, Finland; School of Engineering, University of Glasgow, Glasgow, U.K.; School of Engineering, University of Glasgow, Glasgow, U.K.; Taiyuan University of Technology, Taiyuan, China; School of Engineering, University of Glasgow, Glasgow, U.K.; Taiyuan University of Technology, Taiyuan, China; School of Engineering, University of Glasgow, Glasgow, U.K.",IEEE Transactions on Nanotechnology,"1 Oct 2020","2020","19","","704","710","The modelling of conventional and novel memory devices has gained significant traction in recent years. This is primarily because the need to store an increasingly larger amount of data demands a better understanding of the working of the novel memory devices, to enable faster development of the future technology generations. Furthermore, in-memory computing is also of great interest from the computational perspectives, to overcome the data transfer bottleneck that is prevalent in the von-Neumann architecture. These important factors necessitate the development of comprehensive TCAD simulation tools that can be used for modeling carrier dynamics in the gate oxides of the flash memory cells. In this work, we introduce the kinetic Monte Carlo module that we have developed and integrated within the Nano Electronic Simulation Software (NESS) - to model electronic charge transport in Flash memory type structures. Using the developed module, we perform retention time analysis for a polyoxometalate (POM) molecule-based charge trap flash memory. Our simulation study highlights that retention characteristics for the POM molecules have a unique feature that depends on the properties of the tunneling oxide.","1941-0085","","10.1109/TNANO.2020.3016182","Engineering and Physical Sciences Research Council(grant numbers:EP/S000224/1,EP/S001131/1); National Natural Science Foundation of China(grant numbers:61604105); ","https://ieeexplore.ieee.org/stamp/stamp.jsp?arnumber=9172097","Tunneling;flash memory;polyoxometalate;kinetic Monte Carlo","Tunneling;Electron traps;Electrodes;Phonons;Logic gates;Monte Carlo methods;Kinetic theory","","6","","33","IEEE","20 Aug 2020","2020","","IEEE","IEEE Journals"
"Enhancement of a Green Supercapacitor With a Hydrogel/Carbon Nanotubes-Based Electrolyte","M. Pacheco; M. F. Monroy; A. Santana-Diaz; J. Pacheco; R. Valdivia-Barrientos; X. Tu; A. González-Pedroza; M. T. Ramírez-Palma","Instituto Nacional de Investigaciones Nucleares (ININ), México; ININ and with the Engineering Faculty of the Universidad Autónoma del Estado de México (UAEM), México; Instituto Tecnológico y de Estudios Superiores de Monterrey, Mexico; Instituto Nacional de Investigaciones Nucleares (ININ), México; Instituto Nacional de Investigaciones Nucleares (ININ), México; Department of Electrical Engineering and Electronics, University of Liverpool, Liverpool, U.K.; ININ; Engineering Faculty, (UAEM), Mexico",IEEE Transactions on Nanotechnology,"1 Oct 2020","2020","19","","711","718","The purpose of this work is to suggest the conception of a supercapacitor using environment-friendly materials, in addition to exhibiting good electrochemical performances. In order to lower the environmental footprint of supercapacitors, one current attempt in the literature is to replace efficient but toxic organic electrolytes by harmless, bio-friendly electrolytes such as a mixture of sodium salt with a hydrogel. However, those bio-friendly electrolytes have not been demonstrated yet to be a relevant alternative, as they are still not able of similar performances as toxic organic electrolytes. The work reported in this paper demonstrates, as a different approach, that the capacitance of a bio-friendly, hydrogel-based electrolyte combined with sodium salt can be significantly increased by adding carbon nanotubes (CNTs) to the gel. As a result, the supercapacitor using the CNT-loaded bio-friendly electrolyte has registered not only an enhanced capacitance, but also better energy and power densities compared to both the same but CNT-free electrolyte, and a toxic DMSO-based organic electrolyte.","1941-0085","","10.1109/TNANO.2020.3019764","CONACyT-SENER(grant numbers:245225,AM608 ININ); ","https://ieeexplore.ieee.org/stamp/stamp.jsp?arnumber=9178503","Energy storage;supercapacitors;nanotechnology;nanotubes","Electrolytes;Supercapacitors;Capacitance;Electrodes;Sodium;Resistance;Carbon","","5","","35","IEEE","26 Aug 2020","2020","","IEEE","IEEE Journals"
"Analysis of Partial Hybridization and Probe Positioning on Sensitivity of a Dielectric Modulated Junctionless Label Free Biosensor","A. Bhattacharyya; M. Chanda; D. De","Department of Electronics and Communication Engineering, Haldia Institute of Technology, Haldia, India; Department of Electronics and Communication Engineering, Meghnad Saha Institute of Technology, Kolkata, India; Department of Computer Science and Engineering, Maulana Abul Kalam Azad University of Technology, Kolkata, India",IEEE Transactions on Nanotechnology,"8 Oct 2020","2020","19","","719","727","The effect of partial hybridization and probe positioning on the performance of a label free biosensor has been investigated in this article. Dielectric modulated dual-metal double-gate oxide stacked junctionless MOSFET based biosensor device has been considered as a reference during analysis. Primarily, an optimized device dimension has been proposed based on device parameters, cavity positions, etc. Later, Sensitivity parameter variations in terms of threshold voltage (VTH) and drain current (IDS) have been investigated by considering partial hybridization (PH) and arrangement of receptor-biotarget pairs. Analytical modeling has been detailed to study the performance of the sensor. Extensive simulations using the SILVACO ATLAS investigate the effects. Mainly, irregular arrangements of biomolecules like an enzyme (Staphylococcal nuclease) and DNA (negatively-charged) are examined here. Also, the minimum detection limit of the biosensor has been addressed including a capacitive model. It was observed that the optimized cavity with dimension (400 nm × 10 nm) can accommodate almost 1.016 × 105 (~ 17 aM) number of Myoglobin enzyme. Analysis of these practical issues during the label free detection of charged/neutral biomolecules with higher sensitivity would be efficacious to find out the promising alternative in biosensing applications.","1941-0085","","10.1109/TNANO.2020.3025544","","https://ieeexplore.ieee.org/stamp/stamp.jsp?arnumber=9204415","Biosensors;oxide stack;detection limit;partial hybridization;probe positioning;sensitivity parameters","Cavity resonators;Proteins;Biosensors;Biological system modeling;Molecular biophysics;Sensitivity;Adsorption","","47","","40","IEEE","22 Sep 2020","2020","","IEEE","IEEE Journals"
"Experimental Analysis of Transition Metal (Ni-V) Codoped ZnO Nanorods for Piezoelectric Accelerometer Application","K. Ramany; R. Shankararajan; K. Savarimuthu; I. Gunasekaran; G. Rajamanickam; S. Narendhiran; R. Perumalsamy","Electronics and Communication Engineering Department, Sri Sivasubramaniya Nadar College of Engineering, Chennai, India; Electronics and Communication Engineering Department, Sri Sivasubramaniya Nadar College of Engineering, Chennai, India; Electronics and Communication Engineering Department, Sri Sivasubramaniya Nadar College of Engineering, Chennai, India; Physics Department, Sri Sivasubramaniya Nadar College of Engineering, Chennai, India; Physics Department, Sri Sivasubramaniya Nadar College of Engineering, Chennai, India; Physics Department, Sri Sivasubramaniya Nadar College of Engineering, Chennai, India; Physics Department, Sri Sivasubramaniya Nadar College of Engineering, Chennai, India",IEEE Transactions on Nanotechnology,"6 Oct 2020","2020","19","","728","735","Growth of Nickel (Ni) and Vanadium (V) codoped Zinc Oxide (ZVN) nanorods (NRs) using the hydrothermal method, and its application in low-frequency accelerometer have been explored in this study. Poly (3,4-ethylene dioxythiophene) polystyrene sulfonate (PEDOT:PSS) is spin-coated on ZVN NRs grown on a rigid substrate to establish p-n junction. Structural analysis exhibited dominant (002) plane revealing the c-axis orientation and improved quality of ZVN NRs. Morphological examination showed growth of NRs with the hexagonal top surface. Study about the optical properties evinced a bandgap of ~3.03 eV with decreased defects. Electrical properties evidenced a typical p-n junction rectifying behavior with less turn-on voltage and internal resistance of 0.1 V and ~158 Ω respectively depicting increased conductivity. Experimental accelerometer performance evaluation manifested a maximum output voltage of 2.9 V and 3.6 V at resonant frequency 7 Hz and 1 g acceleration respectively. The sensitivity calculated is ~6.9 V/g which is considerable in comparison with the literature reported. The fabricated ZNV accelerometer has been reported to have satisfactory linearity.","1941-0085","","10.1109/TNANO.2020.3026213","","https://ieeexplore.ieee.org/stamp/stamp.jsp?arnumber=9204810","Accelerometer;hydrothermal;nanorods;Zinc Oxide","Zinc oxide;II-VI semiconductor materials;Accelerometers;Nickel;Sensitivity;Photonic band gap;Optical device fabrication","","10","","42","IEEE","23 Sep 2020","2020","","IEEE","IEEE Journals"
"Electrical Control of Spin-Injection Using Mixed Dimensional van der Waals Heterostructures","J. E. Tiessen; J. Shi","Department of Electrical and Computer Engineering, University of Illinois at Chicago, Chicago, IL, USA; Department of Electrical and Computer Engineering, University of Illinois at Chicago, Chicago, IL, USA",IEEE Transactions on Nanotechnology,"8 Oct 2020","2020","19","","736","743","We demonstrate that van der Waals heterostructures based on CrI3, MoS2 and a 3D semiconductor source may allow for all electrical control of spin polarized carrier injection into MoS2. We demonstrate this possibility using a simple resonant tunneling device structure and model it using the transfer matrix method. Our results show that electrically controlled spin polarized carrier injection is theoretically possible at low device bias.","1941-0085","","10.1109/TNANO.2020.3025481","Army Research Office(grant numbers:W911NF-19-1-0309); ","https://ieeexplore.ieee.org/stamp/stamp.jsp?arnumber=9201372","2D materials;CrI  $_3$  ;MoS  $_2$  ;In  $_x$  Ga  $_1-x$  N;GaN;mixed dimensional structures;spin-polarization;van der waals heterostructures","Two dimensional displays","","","","63","CCBY","21 Sep 2020","2020","","IEEE","IEEE Journals"
"Enhancement of Responsivity and Sensitivity of p-Silicon/n-Zinc Oxide-Based Photodetector Using Titanium Dioxide Nanoparticles","M. Monshipouri; S. Molavi; A. Mosaddegh; M. Sasar; Y. Abdi","Department of Physics, University of Tehran, Tehran, Iran; Department of Physics, University of Tehran, Tehran, Iran; Department of Physics, University of Tehran, Tehran, Iran; Department of Physics, University of Tehran, Tehran, Iran; Department of Physics, University of Tehran, Tehran, Iran",IEEE Transactions on Nanotechnology,"8 Oct 2020","2020","19","","744","748","Here we report band structure design, fabrication and characterization of a novel ultraviolet photodetector which functions based on the heterostructure between silicon, zinc Oxide, and titanium dioxide nanostructures. For this purpose, Zinc Oxide nanowires were grown on p-type (100) oriented silicon wafer by hydrothermal method and covered by a ~20nm film of titanium dioxide which were deposited by chemical vapor deposition (CVD) method. Results reveal that in forward bias, the shell titanium dioxide layer reduces the dark current and enhances the sensitivity of photodetector, while in reverse bias titanium dioxide layer increases the responsivity. Responsivity and sensitivity as high as 2.5 A/W and 0.95 are obtained in this work, respectively. In our structure, photocurrent showed a linear dependence to illumination intensity. This linearity together with short response time demonstrate that the titanium dioxide nanostructure lowered the effect of trap states on the photo-response of the device, therefore, the dominant role in photocurrent generation was found to be related to the band structure design of the device.","1941-0085","","10.1109/TNANO.2020.3022662","Iran National Science Foundation; ","https://ieeexplore.ieee.org/stamp/stamp.jsp?arnumber=9187790","Heterojunction;TiO  $_2$   nanoparticle;ZnO based photodiode;ZnO nanowire;UV photodetector","Zinc oxide;II-VI semiconductor materials;Photoconductivity;Photodetectors;Nanowires;Silicon;Sensitivity","","14","","45","IEEE","8 Sep 2020","2020","","IEEE","IEEE Journals"
"Mathematical Framework of Tetramorphic MWCNT Configuration for VLSI Interconnect","A. B. Amin; M. S. Ullah","Department of Electrical and Computer Engineering, Florida Polytechnic University, Lakeland, FL, USA; Department of Electrical and Computer Engineering, Florida Polytechnic University, Lakeland, FL, USA",IEEE Transactions on Nanotechnology,"12 Oct 2020","2020","19","","749","759","Having a 1D material like Multiwall Carbon Nanotube (MWCNT) as a potential candidate for high speed Very Large Scale Integration (VLSI) interconnect creates a good scope to reduce the delay by estimating the parasitic elements i.e. Resistance (R), Inductance (L) and Capacitance (C) properly. We have contrived an innovative configuration namely Tetramorphic (TM) for the bundle of MWCNTs with four different diameters. We have focused on 45 nm, 22 nm, 11 nm and 7 nm technology nodes to justify the novelty of our proposed configuration over the existing MWCNT bundle configurations. Having the parasitic RLC elements for a specific technology node, the diameter optimization took place in this work. Subsequently, we obtain the propagation delay results for local, semi-global and global level interconnect. Finally, we compare the results with the other existing configuration to show the supremacy of our introduced configuration for MWCNT bundle to explore high speed VLSI interconnect and represent crosstalk delay and power dissipation. Moreover, this configuration is highly dense which will offer the size shrinkage feature in a substantial manner.","1941-0085","","10.1109/TNANO.2020.3026609","Florida Polytechnic University; ","https://ieeexplore.ieee.org/stamp/stamp.jsp?arnumber=9205629","Interconnects;multiwall carbon nanotube (MWCNT);propagation delay;very large scale integration;tetramorphic configuration","Quantum capacitance;Delays;Resistance;Inductance;Very large scale integration;Couplings","","23","","41","IEEE","24 Sep 2020","2020","","IEEE","IEEE Journals"
"Simple and Low-Cost Technique for Carbon Nanotube Synthesis","M. Isoldi; E. M. Ozono; D. L. Rodrigues Junior; R. D. Mansano","LSI-EPUSP, University of São Paulo, São Paulo, SP, Brazil; LSI-EPUSP, University of São Paulo, São Paulo, SP, Brazil; LSI-EPUSP, University of São Paulo, São Paulo, SP, Brazil; LSI-EPUSP, University of São Paulo, São Paulo, SP, Brazil",IEEE Transactions on Nanotechnology,"15 Oct 2020","2020","19","","760","763","Currently, the methods that use microwaves to promote the growth of carbon nanotubes (CNT) employ waveguides in their configuration. We describe a method for synthesizing CNT based on the use of a microwave plasma at atmospheric pressure, and maintained by a resonant cavity. The replacement of waveguides by the resonant cavity results in deposition areas greater than 15 cm2, and is therefore not limited by the equipment configuration, since plasma is formed in almost the entire length of the quartz tube. As a result, confirmed by Raman spectroscopy and scanning and transmission electron microscopy, good quality carbon nanotubes were obtained, with an ID/IG ratio less than one unit in addition to the possibility of tuning the nanostructure diameter through process conditions.","1941-0085","","10.1109/TNANO.2020.3028779","Coordenação de Aperfeiçoamento de Pessoal de Nível Superior(grant numbers:001); CNPq, Fapesp and CAPES; ","https://ieeexplore.ieee.org/stamp/stamp.jsp?arnumber=9214461","Atmospheric pressure plasma;carbon nanotubes;microwave;resonant cavity","Cavity resonators;Electron tubes;Plasma temperature;Carbon nanotubes;Microwave theory and techniques","","9","","15","CCBY","6 Oct 2020","2020","","IEEE","IEEE Journals"
"Barrier Layer Induced Switching Stability in Ga:ZnO Nanorods Based Electrochemical Metallization Memory","D. Panda; F. M. Simanjuntak; S. Chandrasekaran; B. Pattanayak; P. Singh; T. -Y. Tseng","Department of Physics, National Institute of Science and Technology, Berhampur, India; Institute of Electronics, National Chiao Tung University, Hsinchu, Taiwan; Department of Electrical Engineering and Computer Science, National Chiao Tung University, Hsinchu, Taiwan; Department of Electrical Engineering and Computer Science, National Chiao Tung University, Hsinchu, Taiwan; Department of Electrical Engineering and Computer Science, National Chiao Tung University, Hsinchu, Taiwan; Institute of Electronics, National Chiao Tung University, Hsinchu, Taiwan",IEEE Transactions on Nanotechnology,"4 Nov 2020","2020","19","","764","768","The effect of the TiW barrier layer on the switching properties of Ga-doped ZnO (GZO) nanorods based on Electrochemical Metallization Memory is investigated. Vertically well-aligned and uniform GZO nanorods having a diameter of approximately 35 nm are hydrothermally grown on a seeding layer of ZnO deposited on indium tin oxide (ITO) coated glass substrate, to fabricate Cu/TiW/nanorods/ITO/Glass devices. The remarkable enhancement in the memory window (on/off ratio) is achieved in the 5 nm TiW barrier layer embedded device. This device exhibits endurance of more than 103 cycles and a large memory window of ~103. The conduction mechanism at different current regions is studied, and it is found that Schottky emission is dominated in the low field region. The TiW barrier layer helps to retain the Cu ions and control the Cu ions diffusion, hence control the filament growth into the resistive layer, confirmed from the X-ray photoelectron spectroscopy (XPS) analysis. This device is suitable for the future low power non-volatile memory devices.","1941-0085","","10.1109/TNANO.2020.3029588","Ministry of Science and Technology, Taiwan(grant numbers:MOST 105-2221-E-009-134-MY3); National Chiao Tung University; DST-SERB(grant numbers:SRG/2019/00012); ","https://ieeexplore.ieee.org/stamp/stamp.jsp?arnumber=9217940","Electrochemical metallization memory;barrier layer;ZnO;nanorods","Switches;Zinc oxide;II-VI semiconductor materials;Indium tin oxide;Nanoscale devices;Ions;Electrodes","","18","","33","IEEE","8 Oct 2020","2020","","IEEE","IEEE Journals"
"Analysis of Noise-Immune Dopingless Heterojunction Bio-TFET Considering Partial Hybridization Issue","A. Bhattacharyya; M. Chanda; D. De","Deptartment of ECE, Haldia Institute of Technology, Haldia, India; Deptartment of ECE, Meghnad Saha Institute of Technology, Kolkata, India; Deptartment of Computer Science Engineering, Maulana Abul Kalam Azad University of Technology, Kolkata, India",IEEE Transactions on Nanotechnology,"6 Nov 2020","2020","19","","769","777","A dielectric modulated (DM) dual-sided dopingless (DL) GaAs0.5Sb0.5/In0.53Ga0.47As hetero-junction (HJ) Tunnel FET (DM-DDL-HTFET) based label-free biosensor architecture having hetero-gate-dielectric (HGD) has been offered. Here, virtual pocket of N+-category with differing electronic concentration (Ne) has been realized through the adjustment of source-sided-channel length (LSC) below the gate region. Primarily, the optimized structure has been investigated considering energy-band gap, mole fraction of HJ material and gate-to-source spacer thickness (Lgap,S). Next, the efficiency of optimized DDL-HTFET model excluding nano-gap has been juxtaposed with the Si-based TFET contenders. The effect on Ne, surface potential (ψ), drain-current (IDS), and their equivalent sensitivity have been analyzed by the ATLAS device simulator considering the steric hindrance issues. 37.54% and 54% improvement in threshold voltage sensitivity can be obtained for DM-DDL-HTFET over single side DL-SiTFET (DM-SDL-SiTFET) due to variation of oxide layer thickness (Tox) and source-side dielectric material respectively. Moreover, DM-DDL-HTFET offers 58.64% (42.18%) and 44.44% (73.33%) inferior minimum noise figure and noise conductance over DM-SDL-SiTFET at 50 (250) GHz frequency correspondingly after immobilization of APTES biomolecules.","1941-0085","","10.1109/TNANO.2020.3033966","TEQIP-III/MAKAUT(grant numbers:WB/2017); Maulana Abul Kalam Azad University of Technology; ","https://ieeexplore.ieee.org/stamp/stamp.jsp?arnumber=9239979","Label-free biosensing;doping-less;dielectric modulation;hetero-structure;sensitivity;minimum noise figure","Logic gates;Biosensors;Sensitivity;Biological system modeling;TFETs;Ions;Tunneling","","39","","42","IEEE","26 Oct 2020","2020","","IEEE","IEEE Journals"
"Conductance Parametric Analysis of Graphene Nanoribbons With Magnetic Contacts","S. Moysidis; K. Rallis; I. G. Karafyllidis","Department of Electrical and Computer Engineering, Democritus University of Thrace, Xanthi, Kimmeria, Greece; Department of Electrical and Computer Engineering, Democritus University of Thrace, Xanthi, Kimmeria, Greece; Department of Electrical and Computer Engineering, Democritus University of Thrace, Xanthi, Kimmeria, Greece",IEEE Transactions on Nanotechnology,"9 Nov 2020","2020","19","","778","783","Graphene nanoribbons with non-magnetic contacts have been extensively studied and are widely used in graphene based devices. In these devices, the nanoribbon conductance is modulated and controlled by applying potentials through top and back gates. Graphene nanoribbons with magnetic contacts have been studied and used as spin valves, mostly at liquid-helium temperatures. The operation of graphene nanoribbons with magnetic contacts at room temperature, where nanoelectronic devices and circuits are expected to operate, has received little attention. Here we study and simulate the operation of graphene nanoribbons with magnetic contacts using tight-binding Hamiltonians and the non-equilibrium Green's functions(NEGF) method, which we extend to incorporate the effect of magnetic contacts. Our results are in very good agreement with experimental measurements of the conductance of graphene nanoribbons with NiFe ferromagnetic contacts. We also perform extensive parametric analysis of the dependence of the nanoribbon conductance on the relative orientations of the contact magnetic polarizations, combined with potentials applied through top and back gates. Our results revealed a very rich parametric space that can be exploited to develop multifunctional platforms which, among others, can be used for digital, analog and neuromorphic computations.","1941-0085","","10.1109/TNANO.2020.3033835","Greece and the European Union; “GRAPHENE NANOELECTRONIC AND QUANTUM CIRCUITS”(grant numbers:MIS 5049529); ","https://ieeexplore.ieee.org/stamp/stamp.jsp?arnumber=9239987","Nanoelectronic circuits;Graphene;nanoribbons;graphene devices;NEGF","Nanoribbons;Graphene;Magnetic devices;Magnetic tunneling;Magnetic separation;Logic gates;Magnetic circuits","","7","","22","IEEE","26 Oct 2020","2020","","IEEE","IEEE Journals"
"True Random Number Generator for Reliable Hardware Security Modules Based on a Neuromorphic Variation-Tolerant Spintronic Structure","A. Amirany; K. Jafari; M. H. Moaiyeri","Faculty of Electrical Engineering, Shahid Beheshti University, Tehran, Iran; Faculty of Electrical Engineering, Shahid Beheshti University, Tehran, Iran; Faculty of Electrical Engineering, Shahid Beheshti University, Tehran, Iran",IEEE Transactions on Nanotechnology,"24 Nov 2020","2020","19","","784","791","The generation of true random numbers is one of the most important tasks in a hardware security module (HSM), particularly for cryptography applications. The stochastic behavior of electronic devices can be used to generate random numbers. In this paper, a reliable neuromorphic true random number generator (TRNG) relying on stochastic switching of the magnetic tunnel junction (MTJ) in the subcritical current regime is proposed. Thanks to the efficient structure of the proposed design as well as the fascinating features of the MTJs and carbon nanotube field-effect transistors (CNTFET), the proposed TRNG consumes low power. Moreover, the neuromorphic structure of the proposed design leads to variation tolerance and guarantees the truly random number generation even in the presence of the process variations. HSPICE simulations verify the functionality of the proposed TRNG. Furthermore, by considering the corners of the fabrication process, the randomness of the bitstream, generated by the proposed TRNG, is validated by the statistical randomness test provided by the U.S National Institute of Standards and Technology (NIST).","1941-0085","","10.1109/TNANO.2020.3034818","","https://ieeexplore.ieee.org/stamp/stamp.jsp?arnumber=9244639","Neuromorphic Design;Spintronic;Magnetic Tunnel Junction (MTJ);Critical Current;Hardware Security Modules;True Random Number Generator (TRNG)","Magnetic tunneling;Switches;CNTFETs;Neuromorphics;Thermal stability;Logic gates;Power demand","","43","","54","IEEE","29 Oct 2020","2020","","IEEE","IEEE Journals"
"Suppression of Blinking and Enhancement of Optical Properties of Core-Shell Quantum Dots by Structural Formulation","S. Rani; J. Kumar","Department of Electronics Engineering, Indian Institute of Technology (Indian School of Mines) Dhanbad, Jharkhand, India; Department of Electronics Engineering, Indian Institute of Technology (Indian School of Mines) Dhanbad, Jharkhand, India",IEEE Transactions on Nanotechnology,"21 Dec 2020","2020","19","","792","799","Core-shell quantum dots (QDs) have gained immense significance in various technological applications due to their unique size-dependent optical properties. However, their efficiency in lightning and display applications can be limited by fluorescence intermittency or blinking which limits the viability of the QDs. In this work, a theoretical study on the causes and mitigation process of the blinking phenomenon in core-shell QDs has been carried out. An approach to eliminate blinking behavior is to modify the traditional core-shell structure where the interface between the core and shell materials is discontinuous and abrupt. A graded alloy core-shell QD where there is a gradual transition between pure core material and pure shell material shows suppressed blinking behavior. Another alternate strategy is the growth of core-shell QDs with giant shell structures and appropriate surrounding matrix considering the traps being few nanometers away from the core. The study of the effect of fluctuations in the local environment of the QDs helps in understanding the mechanisms of blinking and hence in curtailing its effect. These approaches have been applied and analyzed to suppress the blinking phenomenon and improve the optical properties of QDs.","1941-0085","","10.1109/TNANO.2020.3034369","","https://ieeexplore.ieee.org/stamp/stamp.jsp?arnumber=9242245","Blinking;charging;core-shell quantum dots;trap state;tunnelling","Mathematical model;Fluorescence;Electron traps;Radiative recombination;Quantum dots","","9","","30","IEEE","28 Oct 2020","2020","","IEEE","IEEE Journals"
"Investigation of Temperature and Source/Drain Overlap Impact on Negative Capacitance Silicon Nanotube FET (NC Si NTFET) with Sub-60mV/decade Switching","S. Moparthi; P. K. Tiwari; V. R. Samoju; G. K. Saramekala","Department of Electronics and Communication Engineering, NIT Calicut, Kozhikode, India; Department of Electrical Engineering, IIT Patna, Patna, India; Department of Electronics and Communication Engineering, Gayatri Vidya Parishad College of Engineering, Vishakapatnam, India; Department of Electronics and Communication Engineering, NIT Calicut, Kozhikode, India",IEEE Transactions on Nanotechnology,"18 Nov 2020","2020","19","","800","806","In this paper, the impact of temperature and source/drain overlap on DC characteristics and analog/RF performance of the negative capacitance silicon nanotube FET (NC Si NTFET) have been presented. The performance of the device is examined by coupling the 3D TCAD numerical simulation with 1D Landau-Khalatnikov (LK) equation. The effect of negative capacitance has been investigated for different source/drain overlap lengths (Lov) at 300 K and 380 K. The optimal values of source/drain overlap lengths and effective ferroelectric thickness (tf) have been found to attain significant improvement in device performance in terms of drain current (Id), subthreshold swing (SS), gate capacitance (Cg), and cut-off frequency (ft). It is reported that a minimum SS of 30.7 mV/decade, and maximum ft of 2.35 THz are achieved for NC Si NTFET at 300 K for an operating frequency of 1 GHz. It is observed that the core (inner gate) radius (tc) can be used to increase the minimum SS and ION to delay the hysteresis and to achieve a better drive current.","1941-0085","","10.1109/TNANO.2020.3033802","","https://ieeexplore.ieee.org/stamp/stamp.jsp?arnumber=9239990","Ferroelectric material;overlap capacitance;negative capacitance (NC);silicon nanotube FET (Si NTFET)","Logic gates;Silicon;Capacitance;Field effect transistors;Dielectrics;Fabrication;Mathematical model","","10","","25","IEEE","26 Oct 2020","2020","","IEEE","IEEE Journals"
"Atomic Silicon Quantum Dot: A New Designing Paradigm of an Atomic Logic Circuit","A. N. Bahar; K. A. Wahid; S. -S. Ahmadpour; M. Mosleh","Department of Electrical and Computer Engineering, University of Saskatchewan, Saskatoon, SK, Canada; Department of Electrical and Computer Engineering, University of Saskatchewan, Saskatoon, SK, Canada; Materials and Energy Research Center, Dezful Branch, Islamic Azad University, Dezful, Iran; Materials and Energy Research Center, Dezful Branch, Islamic Azad University, Dezful, Iran",IEEE Transactions on Nanotechnology,"26 Nov 2020","2020","19","","807","810","The recent fabrication progress in logic circuits using atomic-scale silicon dangling bond (DB) makes it a promising candidate for field coupled nanocomputing. Moreover, the use of silicon substrate opens the possibilities to integrate DB circuits with existing infrastructure for the complementary metal-oxide-semiconductors (CMOS) devices. However, this emerging technology is still in its initial stage. This paper presents a T-shape structure to realize logic circuits. In addition, fundamental logic gates, such as, two-input AND, NAND, OR, XOR, and XNOR gates, are reported using the T-shape structure. Besides, a novel three-input majority (Si-DBM3) gate and a three-input XOR (Si-DBX3) gate, based on DB pairs, have been presented. Using the proposed Si-DBX3 and Si-DBM3 logic gates, a Full-adder (FA) is designed. All the logic gates are designed and verified using the SiQAD simulation tool.","1941-0085","","10.1109/TNANO.2020.3036629","Natural Sciences and Engineering Research Council of Canada; ","https://ieeexplore.ieee.org/stamp/stamp.jsp?arnumber=9250562","Atomic silicon quantum dot (ASiQD);silicon quantum atomic designer (SiQAD);dangling bond (DB);three-input majority (MV  $_3$  )","Logic gates;Silicon;Quantum dots;Wires;Logic circuits;Tools;Mathematical model","","37","","16","IEEE","6 Nov 2020","2020","","IEEE","IEEE Journals"
"Breakdown Field Strength Variations and Energy Density Limits of Nanoparticle Composite Materials","B. Costello; J. A. Davis","Department of Electrical and Computer Engineering, Georgia Institute of Technology, Atlanta, GA, USA; Department of Electrical and Computer Engineering, Georgia Institute of Technology, Atlanta, GA, USA",IEEE Transactions on Nanotechnology,"2 Dec 2020","2020","19","","811","819","In response to the growing demand for renewable energy storage technologies, current research into nanoparticle (NP) composite materials seeks to push the boundaries of energy density for solid-state capacitive energy storage. To understand the limits of these composites, it is important to understand the electric field patterns and breakdown events that prevent such devices from storing more energy per unit volume. To this end, a novel breakdown path detection algorithm is designed to mimic breakdown events by using the internal electric fields to determine the breakdown voltage of simulated composite materials. This breakdown path detection model is used to calculate the energy density for over 1200 different geometries for BaTiO3 NPs embedded in a P(VDFHFP) host matrix. These simulations reveal a large normalized variation in the volumetric energy density of up to 54%. Furthermore, these P(VDF-HFP)/BaTiO3 composites are found to have only a modest improvement in energy density of 1.08× compared to the pure P(VDF-HFP) host; however, alternative hypothetical NP compositions composed of SrTiO3, SiO2, and HfO2 NP inclusions showed increases in energy density of up to 5.64× for SrTiO3 (volume fraction of 0.48), 8.87× for SiO2 (volume fraction of 0.34), and 2.89× for HfO2 (volume fraction of 0.38).","1941-0085","","10.1109/TNANO.2020.3037897","Research Cyberinfrastructure Resources and Services; Partnership for an Advanced Computing Environment; Georgia Institute of Technology; ","https://ieeexplore.ieee.org/stamp/stamp.jsp?arnumber=9259205","Energy Storage;NPs;composite materials;breakdown field strength;energy density;simulation","Geometry;Electric breakdown;Composite materials;Nanocomposites;Hafnium compounds;Energy storage;Load flow analysis","","2","","28","IEEE","13 Nov 2020","2020","","IEEE","IEEE Journals"
"Enhancing Programming Variability in Multi-Bit Phase Change Memory Cells for Security","N. Noor; S. Muneer; R. S. Khan; A. Gorbenko; H. Silva","Department of Electrical and Computer Engineering, University of Connecticut, Storrs, CT, USA; Department of Electrical and Computer Engineering, University of Connecticut, Storrs, CT, USA; Department of Electrical and Computer Engineering, University of Connecticut, Storrs, CT, USA; Department of Electrical and Computer Engineering, University of Connecticut, Storrs, CT, USA; Department of Electrical and Computer Engineering, University of Connecticut, Storrs, CT, USA",IEEE Transactions on Nanotechnology,"2 Dec 2020","2020","19","","820","828","We performed gradual programming of phase change memory (PCM) line cells with repeated pulses to transition from the crystalline to the amorphous state through various intermediate states and analyzed the variability in programming trends for different cell shapes and sizes. The crystalline PCM cells experienced sequences of repeated applied voltage pulses of either identical amplitudes or gradually increasing amplitudes. With repeated identical amplitude pulses, large number of pulses (∼1,000) were required to reach a full reset of the cells through partial reset and partial set steps. With repeated increasing amplitude pulses, ∼20-30 pulses were sufficient to fully reset the cells through gradual partial reset steps. Both programming approaches resulted in significant cell-to-cell variability for all cells, with stronger variability for narrower cells. However, the latter pulsing approach was more practical and resulted in more uniform distribution of all states. The stronger cell-to-cell programming variability for the narrower cells is attributed to the smaller number of crystalline grains in each cell and to the larger relative impact of manufacturing process variations. Statistical analysis of two example data sets shows promise of PCM programming variability for hardware security applications.","1941-0085","","10.1109/TNANO.2020.3037097","multi-university research initiative; Air Force Office of Scientific Research(grant numbers:FA9550-14-1-0351Z); National Science Foundation; Research Experience for Undergraduate(grant numbers:ECCS 1150960); ","https://ieeexplore.ieee.org/stamp/stamp.jsp?arnumber=9253567","Amorphous;crystalline;process variations;reset;set;void;intermediate state;phase change memory (PCM);physical unclonable functions;hardware security","Resistance;Phase change materials;Shape;Programming;Market research;Phase change memory;Security","","4","","33","IEEE","10 Nov 2020","2020","","IEEE","IEEE Journals"
"Investigation of Ring-TFET for Better Electrostatics Control and Suppressed Ambipolarity","T. Kumari; J. Singh; P. K. Tiwari","Department of Electrical Engineering, Indian Institute of Technology Patna, Bihar, India; Department of Electrical Engineering, Indian Institute of Technology Patna, Bihar, India; Department of Electrical Engineering, Indian Institute of Technology Patna, Bihar, India",IEEE Transactions on Nanotechnology,"4 Dec 2020","2020","19","","829","836","The inherent asymmetry in area and position of drain/source region in the ring field-effect transistor (Ring-FET) provides a unique channel electrostatic, different from symmetric double-gate FET, which renders it with immunity to short channel effects (SCEs). This electrostatics of ring-FET has the potential to mitigate ambipolarity in tunnel FET (TFET). In this article, using a well-calibrated TCAD simulation and analytical model, we investigate the electrostatics of all-silicon n-type Ring-TFET (R-TFET). The results are compared with conventional all-silicon n-type double gate TFET (DG-TFET). Two possible configurations of R-TFET obtained by interchanging the source and the drain positions are termed as source-inside TFET (SI-TFET) and drain-inside TFET (DI-TFET). We observed that DI-TFET mitigates the ambipolarity by 100× at VDS = 0.5 V and 2000× at VDS = 1 V compared to DG-TFET. Besides, the drain induced barrier thinning (DIBT) of DI-TFET is (89 mV/V) less than DG-TFET (108 mV/V), for a channel length of 32 nm, thus the proposed DI-TFET also offers better short channel immunity.","1941-0085","","10.1109/TNANO.2020.3038655","","https://ieeexplore.ieee.org/stamp/stamp.jsp?arnumber=9262077","Tunnel Field-Effect Transistor (TFET);Ring-FET;Ring-TFET;band-to-band tunneling;ambipolar current","TFETs;Logic gates;Analytical models;Tunneling;Mathematical model;Two dimensional displays;Electrostatics","","16","","30","IEEE","17 Nov 2020","2020","","IEEE","IEEE Journals"
"Memristive State Equation for Bipolar Resistive Switching Devices Based on a Dynamic Balance Model and Its Equivalent Circuit Representation","E. Miranda; J. Suñé","Departament d'Enginyeria Electrònica, Universitat Autònoma de Barcelona (UAB), Barcelona, Spain; Departament d'Enginyeria Electrònica, Universitat Autònoma de Barcelona (UAB), Barcelona, Spain",IEEE Transactions on Nanotechnology,"2 Dec 2020","2020","19","","837","840","A memory state equation consistent with a number of experimental observations is presented and discussed within the framework of Chua's memristive systems theory. The proposed equation describes the evolution of the memory state corresponding to a bipolar resistive switching device subject to a variety of electrical stimuli. It is shown that the memory equation agrees with: i) the characteristic switching time associated with the ion/vacancy hopping mechanism within the dielectric film, ii) the SET/RESET voltage logarithmic dependence on the voltage sweep ramp rate, iii) the hysteretic behavior of the remnant conductance for cycled input signals, iv) the generation of self-similar conductance loops for arbitrary initial conditions, and v) the collapse of the resistive window with the increment of the input signal frequency. It is also shown that the proposed equation admits a circuital representation suitable for circuit simulations.","1941-0085","","10.1109/TNANO.2020.3039391","Ministerio de Economía, Industria y Competitividad, Spain(grant numbers:TEC2017-84321-C4-4-R); ","https://ieeexplore.ieee.org/stamp/stamp.jsp?arnumber=9264731","Memristor;resistive switching;memory","Mathematical model;Switches;Integrated circuit modeling;Switching circuits;Differential equations;Equivalent circuits;Resistance","","32","","41","IEEE","19 Nov 2020","2020","","IEEE","IEEE Journals"
"Compact I-V Model for Ambipolar Field-Effect Transistors With 2D Transition Metal Dichalcogenide as Semiconductor","L. Deng; J. Li; Q. Liu; H. Huang; J. Wang; D. Cheng; H. Wen; S. Im","College of Electrical and Information Engineering, Hunan University, Changsha, China; College of Electrical and Information Engineering, Hunan University, Changsha, China; The State Key Laboratory of Advanced Power Semiconductor Devices, Zhuzhou CRRC Times Semiconductor Company, Ltd., Zhuzhou, China; College of Electrical and Information Engineering, Hunan University, Changsha, China; College of Electrical and Information Engineering, Hunan University, Changsha, China; College of Electrical and Information Engineering, Hunan University, Changsha, China; College of Electrical and Information Engineering, Hunan University, Changsha, China; Department of Physics and Institute of Physics and Applied Physics, Yonsei University, Seoul, South Korea",IEEE Transactions on Nanotechnology,"11 Dec 2020","2020","19","","841","848","In this work, a compact current-voltage (I-V) model is proposed for 2-dimensional transition metal dichalcogenides (TMDs) ambipolar field-effect transistors (ambipolar FETs). Charge control method was used to derive the I-V model. Impurity dopant, interface traps and dependence of carrier mobility on gate voltage are considered in the model. The compact I-V model is based on semiconductor device physics. I-V characteristics of TMD ambipolar FETs predicted by the compact model agree well with those obtained by 2-dimensional numeric simulator and no fitting parameter is needed. In addition, I-V characteristics and carrier area density calculated by the compact model are compared with experimental data published elsewhere. And the result derived from the compact model is consistent with the experimental data published. The compact I-V model provides a tool to evaluate the performance of TMD ambipolar FETs and integrated circuits based on these devices.","1941-0085","","10.1109/TNANO.2020.3034658","National Natural Science Foundation of China(grant numbers:61404048); National Natural Science Foundation of China(grant numbers:51877073); Specialized Research Fund for the Doctoral Program of Higher Education of China(grant numbers:20120161120012); Natural Science Foundation of Hunan Province(grant numbers:2015JJ3043); ","https://ieeexplore.ieee.org/stamp/stamp.jsp?arnumber=9244634","Compact model;ambipolar field-effect transistor (ambipoalr FET);2D;transition metal dichalcogenide (TMD);molybdenum disulphide (MoS  $_2$  );molybdenum diselenide (MoSe  $_2$  )","Two dimensional displays;Field effect transistors;Mathematical model;Numerical models;Integrated circuit modeling;Semiconductor device modeling;Logic gates","","11","","33","IEEE","29 Oct 2020","2020","","IEEE","IEEE Journals"
"Studies of Different Swarm Modes for the MNPs Under the Rotating Magnetic Field","K. Abolfathi; M. R. H. Yazdi; A. K. Hoshiar","School of Mechanical Engineering, University of Tehran, Tehran, P.C., Iran; School of Mechanical Engineering, University of Tehran, Tehran, P.C., Iran; School of Computer Science and Electronic Engineering, University of Essex, Colchester, P.C., U.K.",IEEE Transactions on Nanotechnology,"15 Dec 2020","2020","19","","849","855","The principal constraint in the application of the microrobots in drug delivery is swarm control. The rotating magnetic field has shown the potential of capturing and controlling the swarm of magnetic nanoparticle-based microrobots. Despite various experimental studies to capture the swarm of the magnetic nanoparticle-based microrobot in a rotating magnetic field, a simulation platform for the swarm of aggregated magnetic nanoparticles (MNPs) has not been introduced. This study proposes a simulation platform to study the swarm of aggregated magnetic nanoparticles in a rotating field. An experimental setup was developed to investigate the different swarm modes in a rotating magnetic field, and the results show an agreement between the experimental and simulation results for the micro- and nanoparticles. The effects of the environmental parameters (initial dispersion of nanoparticles), process parameters (magnetic field intensity, frequency, actuation time), and geometrical parameters (particle diameter) were studied to describe the swarm behavior in a rotating magnetic field. These studies revealed the role of each parameter in creating the swarm and showed how the size of aggregates can be controlled. The presented approach can be used to design the magnetic nanoparticle-based microrobots effectively.","1941-0085","","10.1109/TNANO.2020.3041798","","https://ieeexplore.ieee.org/stamp/stamp.jsp?arnumber=9275367","Magnetic nanoparticles;microrobots;swarm steering;rotating magnetic field;targeted drug delivery","Force;Magnetic resonance imaging;Mathematical model;Magnetic separation;Magnetic nanoparticles;Dynamics;Permeability","","18","","33","IEEE","1 Dec 2020","2020","","IEEE","IEEE Journals"
"Ag Nanoparticles Sheltered In2O3 Nanowire as a Capacitive MOS Memory Device","A. Nath; B. K. Mahajan; M. B. Sarkar","Department of Electronics and Communication Engineering, National Institute of Technology, Agartala, India; School of Electrical and Computer Engineering, Purdue University, West Lafayette, IN, USA; Department of Electronics and Communication Engineering, National Institute of Technology, Agartala, India",IEEE Transactions on Nanotechnology,"21 Dec 2020","2020","19","","856","863","A capacitive memory effect has been reported for Ag nanoparticles (NPs) sheltered In2O3 nanowires (NWs) devices. To compare the performance with that of bare In2O3 NWs, two devices (viz. In2O3 NW/Ag NPs and In2O3 NW) were fabricated on n-Si substrate inside the electron beam (e-beam) evaporator using the double-step glancing angle deposition (GLAD) technique. The field emission scanning electron microscopy (FESEM) shows the formation of In2O3 NWs and Ag NPs. The high-resolution transmission electron microscopy (HRTEM) shows the formation of uneven NWs and selected area electron diffraction (SAED) analysis confirmed the amorphous nature of the NWs. An averagely ~7.5 and ~9.3 fold enhanced absorption was observed in the UV region and visible region for In2O3 NW/Ag NPs. The modulation in current density of ~4.5 fold at +10 V and ~5.7 fold at -10 V were observed for the fabricated In2O3 NW/Ag NPs MOS device. At 2 MHz frequency response, the In2O3 NW/Ag NPs device depicted a low interface trap density (Dit) of ~0.2 × 1010 cm-2 eV-1. The maximum memory window of 5.61 V at ±8 V was extracted for the In2O3 NW/Ag NPs device from the large C-V hysteresis curve, thus establishing a strong presence of memory window in the device.","1941-0085","","10.1109/TNANO.2020.3035179","National Institute of Technology Agartala; ","https://ieeexplore.ieee.org/stamp/stamp.jsp?arnumber=9246735","Glancing angle deposition (GLAD);In2O3 nano-wire;Silver nanoparticles;MOS;C-V hysteresis;memory window","Silicon;Substrates;Nanoparticles;Absorption;Temperature measurement;Optical reflection;Optical imaging","","16","","42","IEEE","2 Nov 2020","2020","","IEEE","IEEE Journals"
"2020 Index IEEE Transactions on Nanotechnology Vol. 19","",,IEEE Transactions on Nanotechnology,"3 Feb 2021","2020","19","","864","893","This index covers all technical items - papers, correspondence, reviews, etc. - that appeared in this periodical during the year, and items from previous years that were commented upon or corrected in this year. Departments and other items may also be covered if they have been judged to have archival value. The Author Index contains the primary entry for each item, listed under the first author's name. The primary entry includes the co-authors' names, the title of the paper or other item, and its location, specified by the publication abbreviation, year, month, and inclusive pagination. The Subject Index contains entries describing the item under all appropriate subject headings, plus the first author's name, the publication abbreviation, month, and year, and inclusive pages. Note that the item title is found only under the primary entry in the Author Index.","1941-0085","","10.1109/TNANO.2021.3055152","","https://ieeexplore.ieee.org/stamp/stamp.jsp?arnumber=9346117","","","","","","","IEEE","3 Feb 2021","2020","","IEEE","IEEE Journals"
