"Document Title",Authors,"Author Affiliations","Publication Title",Date Added To Xplore,"Publication Year","Volume","Issue","Start Page","End Page","Abstract","ISSN",ISBNs,"DOI",Funding Information,PDF Link,"Author Keywords","IEEE Terms","Mesh_Terms",Article Citation Count,Patent Citation Count,"Reference Count","License",Online Date,Issue Date,"Meeting Date","Publisher",Document Identifier
"Front Cover","",,IEEE Transactions on Nanotechnology,"27 Dec 2023","2023","22","","C1","C1","","1941-0085","","10.1109/TNANO.2023.3335873","","https://ieeexplore.ieee.org/stamp/stamp.jsp?arnumber=10375281","","","","","","0","IEEE","27 Dec 2023","2023","","IEEE","IEEE Journals"
"IEEE Transactions on Nanotechnology Publication Information","",,IEEE Transactions on Nanotechnology,"27 Dec 2023","2023","22","","C2","C2","","1941-0085","","10.1109/TNANO.2023.3335871","","https://ieeexplore.ieee.org/stamp/stamp.jsp?arnumber=10375272","","","","","","0","IEEE","27 Dec 2023","2023","","IEEE","IEEE Journals"
"Table of Contents","",,IEEE Transactions on Nanotechnology,"27 Dec 2023","2023","22","","i","v","","1941-0085","","10.1109/TNANO.2023.3335869","","https://ieeexplore.ieee.org/stamp/stamp.jsp?arnumber=10375275","","","","","","0","IEEE","27 Dec 2023","2023","","IEEE","IEEE Journals"
"Nano Flex Screen Protectors for 2D Material Piezotronics","S. S. Yarajena; A. K. Naik","Centre for Nano Science and Engineering, Indian Institute of Science, Bangalore, India; Centre for Nano Science and Engineering, Indian Institute of Science, Bangalore, India",IEEE Transactions on Nanotechnology,"16 Jan 2023","2023","22","","1","7","We propose nano flex film, a commercially available mobile screen protector, as a prospective flexible substrate for piezotronic devices. Reliable fabrication methods on flexible substrates and robust testing methods are essential to explore piezotronic properties in emerging 2D materials. Unlike conventional rigid substrates, flexible substrates are challenging to handle during fabrication and subsequent testing. The fabrication process on the proposed flexible substrate is as seamless as on rigid substrates. The optimized methods to fabricate 2D material devices on nano flex films are presented. Inorganic dielectric materials such as silicon dioxide (SiO2) offer good adhesion, better lifetime, and optical contrast to the 2D material flakes compared to polymer alternatives. The devices made on nano flex films with SiO2 have shown almost three-fold improvement in open circuit voltage generated (50 mV) and strain gauge values (1997 at 0.44% strain). Also, a simple setup proposed for strain-dependent electrical measurements enables us to characterize the piezotronic properties of different 2D materials without wire bonding or probe needles.","1941-0085","","10.1109/TNANO.2022.3231815","Ministry of Education, India; Ministry of Electronics and Information Technology, Government of India; DST Nano Mission; ","https://ieeexplore.ieee.org/stamp/stamp.jsp?arnumber=9998109","2D materials;fabrication;flexible substrates;nano flex film;piezoelectricity;piezotronics;strain","Substrates;Flexible printed circuits;Nanoscale devices;Fabrication;Optical device fabrication;Piezoelectricity;Strain","","2","","31","IEEE","23 Dec 2022","2023","","IEEE","IEEE Journals"
"Temperature Dependent Band Gap Correction Model Using Tight-Binding Approach for UTB Device Simulations","N. V. Mishra; R. Solanki; H. Kansal; A. S. Medury","Department of Electrical Engineering and Computer Science, Indian Institute of Science Education and Research, Bhopal, India; Department of Electrical Engineering and Computer Science, Indian Institute of Science Education and Research, Bhopal, India; Department of Electrical Engineering and Computer Science, Indian Institute of Science Education and Research, Bhopal, India; Department of Electrical Engineering and Computer Science, Indian Institute of Science Education and Research, Bhopal, India",IEEE Transactions on Nanotechnology,"12 Jan 2023","2023","22","","8","13","In order to accurately determine the electrostatics of Ultra-Thin-Body (UTB) devices, the semi-empirical tight-binding (TB) approach is widely used for calculating the channel thickness dependent band structure of any material at those temperatures where TB parameters are available (generally defined at 0 K and 300 K). In this work, we analyze the variation of band structure for Si, Ge, and GaAs over different channel thicknesses at 0 K and 300 K, and show that the band curvature at the band minima remains unchanged with temperature, while the band gap changes significantly and affects the channel electrostatics. Based on this finding, we propose an approach to simulate the electrostatics of UTB devices, at any temperature between 0 K and 300 K, using the band structure obtained at 0 K, along with a suitable channel thickness and temperature-dependent band gap correction. From the results obtained for the channel charge density, we show good agreement with band structure based simulation results, at 300 K, over a wide range of channel thicknesses, for Si, Ge, and GaAs, while also showing good agreement with TCAD simulation results, at a typical intermediate temperature of 150 K, thus highlighting the accuracy, simplicity and wide applicability of the proposed approach.","1941-0085","","10.1109/TNANO.2022.3232778","Department of Science and Technology; Science and Engineering Research Board (SERB), Government of India(grant numbers:ECR/2017/000011); ","https://ieeexplore.ieee.org/stamp/stamp.jsp?arnumber=10002861","Device simulation;full band simulation;sp  $^{3}$  d  $^{5}$  s*;tight binding;Ultra-Thin Body (UTB)","Photonic band gap;Band structures;Gallium arsenide;Silicon;Temperature dependence;Germanium;Temperature distribution;Electrostatics","","10","","21","IEEE","29 Dec 2022","2023","","IEEE","IEEE Journals"
"Investigation on Impact of Doped HfO$_{2}$ Thin Film Ferro-Dielectrics on FDSOI NCFET Under Back-Gate Bias Influence","R. R. Shaik; K. P. Pradhan","ECE Department, Indian Institute of Information Technology, Design and Manufacturing (IIITDM), Kancheepuram, Chennai, India; ECE Department, Indian Institute of Information Technology, Design and Manufacturing (IIITDM), Kancheepuram, Chennai, India",IEEE Transactions on Nanotechnology,"12 Jan 2023","2023","22","","14","19","In this article, negative capacitance effect on metal-ferro-metal-insulator-semiconductor (MFMIS) type FDSOI negative-capacitance-FET (NCFET) has been investigated by considering two well known thin-film ferro-dielectric ($ Fe$) materials HZO (zirconium:HfO$_{2}$) and HSO (silicon:HfO$_{2}$). The investigations are carried out in a well calibrated TCAD environment, where the gate-charge ($ Q_{G}$) is extracted from the TCAD simulation. And, subsequently computing the ferro-voltage ($ V_{Fe}$) across $ Fe$-capacitor to estimate the total effective gate voltage ($ V_{GS}$) on the gate-stack of FDSOI NCFET. The depicted values are subjected to increment in $ Fe$-thickness ($ t_{Fe}$) to optimize HZO and HSO $ Fe$-materials for FDSOI NCFET(s). The optimised NCFET(s) are later levied with back-gate bias (V$_{\mathrm{B}}$) variation with the motivation of utilizing the attributes of FDSOI MOSFETs of V$_{\text{TH}}$ shift can further enhance the device performance. Depicted results has shown the HZO-$ Fe$ offers superior improvement in sub-threshold slope (SS), peak-transconductance (g$ _{m}$) and off-current (I$_{\text{OFF}}$) at lower $ t_{Fe}$ with the expense of lower endurance to hysteresis. On the other hand, the HSO-$ Fe$ predicts improvement in SS, peak-g$ _{m}$ and I$_{\text{OFF}}$ with higher endurance towards hysteresis in-spite of $ t_{Fe}$ thickness under sub-10 nm regime. Similarly, the V$_{\mathrm{B}}$ variation have shown similar results where the HSO NCFET has predicted slightly higher enhancement in performance aspect than HZO NCFET owing to the V$_{\text{TH}}$ shift phenomena attributed to FDSOI architecture and HSO-$ Fe$ comprehensible polarization duality.","1941-0085","","10.1109/TNANO.2022.3231693","Science and Engineering Research Board(grant numbers:SRG/2020/001622); ","https://ieeexplore.ieee.org/stamp/stamp.jsp?arnumber=9998110","FDSOI;ferro-dielectric;HSO;HZO;NCFET","Iron;Silicon-on-insulator;MOSFET;Hysteresis;Hafnium oxide;Ferroelectric materials","","6","","31","IEEE","23 Dec 2022","2023","","IEEE","IEEE Journals"
"Graphene Quantum Dots as a Co-Sensitizer With Improving Light Absorption for Dye-Sensitized Solar Cells","J. -C. Chou; R. -H. Syu; P. -H. Yang; P. -Y. Kuo; Y. -H. Nien; C. -H. Lai; P. -F. Chen; Y. -T. Wu; S. -W. Zhuang","Graduate School of Electronic Engineering, National Yunlin University of Science and Technology, Douliou, Taiwan; Graduate School of Electronic Engineering, National Yunlin University of Science and Technology, Douliou, Taiwan; Graduate School of Electronic Engineering, National Yunlin University of Science and Technology, Douliou, Taiwan; Graduate School of Electronic Engineering, National Yunlin University of Science and Technology, Douliou, Taiwan; Graduate School of Chemical and Materials Engineering, National Yunlin University of Science and Technology, Douliou, Taiwan; Graduate School of Electronic Engineering, National Yunlin University of Science and Technology, Douliou, Taiwan; Graduate School of Electronic Engineering, National Yunlin University of Science and Technology, Douliou, Taiwan; Graduate School of Chemical and Materials Engineering, National Yunlin University of Science and Technology, Douliou, Taiwan; Graduate School of Chemical and Materials Engineering, National Yunlin University of Science and Technology, Douliou, Taiwan",IEEE Transactions on Nanotechnology,"16 Jan 2023","2023","22","","20","27","We improve photovoltaic performance by incorporating graphene quantum dots (GQDs) into dye-sensitized solar cells (DSSCs). GQD can emit green fluorescence (∼530 nm) in the ultraviolet wavelength range (∼340 nm), and this characteristic is applied to enhance the light absorption ability of N719 dye. Using GQDs as auxiliary sensitizers to achieve co-sensitization with N719 dye can enhance the photovoltaic performance of DSSCs. We observed the photoresponse characteristics of DSSCs with different sensitization effects by incident photon-to-current conversion efficiency (IPCE). According to the results, the photoelectric conversion efficiency of DSSCs using the GQD+N719 co-sensitized photoanode was increased to 5.14%, which is a 20% improvement.","1941-0085","","10.1109/TNANO.2023.3235335","National Science and Technology Council, Republic of China(grant numbers:111-2221-E-224-058-); ","https://ieeexplore.ieee.org/stamp/stamp.jsp?arnumber=10012439","Graphene quantum dots (GQDs);dye-sensitized solar cells (DSSCs);co-sensitizer;fluorescent emission;nanostructured graphene","Absorption;Fluorescence;Photovoltaic systems;Photovoltaic cells;Graphene;Quantum dots;Powders","","13","","50","IEEE","9 Jan 2023","2023","","IEEE","IEEE Journals"
"A Smart Measurement System for the Combined Nanoscale and Device Level Characterization of Electron Devices: Implementation Using Ink-Jet Printing Technologies","S. Claramunt; J. Arrese; A. Ruiz; M. Porti; A. Cirera; M. Nafria","Electronic Engineering Department, Universitat Autònoma de Barcelona, Barcelona, Spain; MIND, Electronics and Biomedical Engineering Department and Institute of Nanoscience and Nanotechnology, Universitat de Barcelona, Barcelona, Spain; Electronic Engineering Department, Universitat Autònoma de Barcelona, Barcelona, Spain; Electronic Engineering Department, Universitat Autònoma de Barcelona, Barcelona, Spain; MIND, Electronics and Biomedical Engineering Department and Institute of Nanoscience and Nanotechnology, Universitat de Barcelona, Barcelona, Spain; Electronic Engineering Department, Universitat Autònoma de Barcelona, Barcelona, Spain",IEEE Transactions on Nanotechnology,"19 Jan 2023","2023","22","","28","35","In this article, the integration into a single measurement system of device level and nanoscale measurement equipment is presented and applied to the electrical characterization of emerging electron devices. This system is a smart solution to simplify the test procedure, since it allows a fast switching between measurement modes (device or nanoscale level), also featuring an enlarged testing capability. Key in the system is a custom-made inkjet-printed circuit board (I-PCB) that connects the device terminals to the proper instrumentation. The flexibility offered by inkjet-printing technologies is a clear advantage, since many kinds of devices can be tested, without the need of expensive hardware modifications. As a particular case of study, the proposed strategy is demonstrated by implementing a system that alternates between standard electrical measurements with a Semiconductor Parameter Analyzer (SPA) and Conductive Atomic Force Microscopy (CAFM) nanoscale measurements on back-gate graphene field-effect transistors.","1941-0085","","10.1109/TNANO.2023.3234357","VIGILANT Project(grant numbers:PID2019-103869RB/AEI/10.13039/501100011033); AEI/FEDER, UE(grant numbers:TEC2016-75151-C3-R); Spanish Ministry of Science, Innovation and Universities(grant numbers:PID2019-105658RB-I00); ","https://ieeexplore.ieee.org/stamp/stamp.jsp?arnumber=10014664","Ink-jet printing;graphene transistor;electrical measurements;CAFM;HCI degradation","Nanoscale devices;Semiconductor device measurement;Transistors;Ink jet printing;Graphene;Atomic force microscopy","","","","54","IEEE","10 Jan 2023","2023","","IEEE","IEEE Journals"
"The Sensing Characteristics Investigation of a Potentiometric Ascorbic Acid Biosensor Integrated With Analog-to-Digital Converter","P. -Y. Kuo; W. -H. Lai; M. -J. Huang; C. -H. Chang; T. -H. Wang","Graduate School of Electronic Engineering, National Yunlin University of Science and Technology, Douliou, Taiwan; Graduate School of Electronic Engineering, National Yunlin University of Science and Technology, Douliou, Taiwan; Graduate School of Electronic Engineering, National Yunlin University of Science and Technology, Douliou, Taiwan; Graduate School of Electronic Engineering, National Yunlin University of Science and Technology, Douliou, Taiwan; Graduate School of Electronic Engineering, National Yunlin University of Science and Technology, Douliou, Taiwan",IEEE Transactions on Nanotechnology,"19 Jan 2023","2023","22","","36","44","In this study, an enzymatic ascorbate oxidase/(AO) ruthenium dioxide (RuO2) ascorbic acid (AA) biosensor was realized by a radio frequency (RF) sputtering system. The characteristics of the RuO2 sensing membrane were analyzed by field-emission scanning electron microscope (FE-SEM) and energy-dispersive X-ray spectroscopy (EDS). Moreover, electrochemical impedance spectroscopy (EIS) was performed to show that a higher concentration of AA caused a larger capacitance of the RuO2 membrane. Therefore, more charges can be accumulated on the sensing membrane. To read out the AA sensing signals, an instrumentation amplifier (IA) integrated with an analog-to-digital converter (ADC) was utilized to substitute the traditional data acquisition (DAQ) device. Then, the analog signals were converted into binary codes and transmitted to the computer, and the binary codes were multiplied by the weighting and converted to decimal codes. Hence, the average sensitivity and the linearity were obtained which were 58.22 mV/decade and 0.991, respectively. The hysteresis effects of the AO/RuO2 AA biosensor were also discussed. The hysteresis voltages in forward and reverse cycles were 3.77 mV and 4.59 mV, respectively.","1941-0085","","10.1109/TNANO.2023.3235331","National Science and Technology Council, Taiwan(grant numbers:NSTC 111-2221-E-224-050,NSTC 111-2221-E-224-058); Taiwan Semiconductor Research Institute; ","https://ieeexplore.ieee.org/stamp/stamp.jsp?arnumber=10012438","Analog-to-digital converter (ADC);ascorbic acid biosensor;hysteresis effect;potentiometric sensor;ruthenium dioxide (RuO2)","Biosensors;Biomembranes;Analog-digital conversion;Hysteresis;Potentiometers;Ruthenium","","1","","49","IEEE","9 Jan 2023","2023","","IEEE","IEEE Journals"
"Development of Eco-Friendly TiO2 Doped ZnO Nanorods Based Dual Functional Sensor for the Sewage System Monitoring","K. Ramany; R. Shankararajan; K. Savarimuthu","Electronics and Communication Engineering Department, Sri Sivasubramaniya Nadar College of Engineering, Chennai, India; Electronics and Communication Engineering Department, Sri Sivasubramaniya Nadar College of Engineering, Chennai, India; Electronics and Communication Engineering Department, Sri Sivasubramaniya Nadar College of Engineering, Chennai, India",IEEE Transactions on Nanotechnology,"19 Jan 2023","2023","22","","45","51","Pertaining to the drainage of urban runoff and the expulsion of sewage, sewer systems are a vital component of urban engineering. Owing to this, a dual functional sensor to detect the toxic gases and pipeline leakages was developed with TiO2 doped (1, 3 and 5Wt. %) ZnO nanorods using a wet chemical approach. The morphological and structural analysis depicts the formation of nanorods morphology and characteristic ZnO hexagonal wurtzite structure (dominant (002) peak plane) despite doping. A decrease in bandgap (optical analysis −3.03 eV) and internal resistance (Nyquist plot–74 Ω) was observed when doped with 5Wt.% of TiO2. A distinguishing p-n junction curve was observed in all the doped samples during the photoconductivity (J-V) study. A systematic experimental exploratory of the developed sensors at room temperature unfolds the improved dual functional property of the developed sensors when exposed to target gases (10 ppm) (CH4–0.60 and CO–0.64) and acceleration (2.45 V at 1 g).","1941-0085","","10.1109/TNANO.2022.3230347","","https://ieeexplore.ieee.org/stamp/stamp.jsp?arnumber=9992092","Acceleration;dual function;gas;sensors","Zinc oxide;II-VI semiconductor materials;Sensors;Sensitivity;Gases;Nanorods;Sewage treatment;Titanium compounds","","1","","22","IEEE","19 Dec 2022","2023","","IEEE","IEEE Journals"
"Gate Tunable Lateral 2D Pn Junctions: An Analytical Study of Its Electrostatics","F. A. Chaves; A. Pacheco-Sanchez; D. Jiménez","Departament d'Enginyeria Electrònica, Escola d'Enginyeria, Universitat Autònoma de Barcelona, Bellaterra, Spain; Departament d'Enginyeria Electrònica, Escola d'Enginyeria, Universitat Autònoma de Barcelona, Bellaterra, Spain; Departament d'Enginyeria Electrònica, Escola d'Enginyeria, Universitat Autònoma de Barcelona, Bellaterra, Spain",IEEE Transactions on Nanotechnology,"1 Feb 2023","2023","22","","52","57","The electrostatics of two-dimensional (2D) lateral pn homojunctions considering the impact of electrostatic doping by means of two split bottom-gates are studied here. Analytical expressions are obtained from the solution of the 2D Poisson equation considering a depletion approximation. Straightforward analytical models for the electrostatic potential and the depletion width within both the dielectric and the 2D semiconductor are obtained for both the symmetrical and asymmetrical cases. In contrast to the case of devices with chemical doping, the obtained depletion width model of devices with electrostatic doping do not depend on the dielectric constant but only on the electrostatic potential and oxide thickness. The models describe the electrostatics of gate-tunable 2D pn junctions at arbitrary bias. A benchmark against numerical device simulations of MoS$_{2}$-based pn junctions validate the analytical models.","1941-0085","","10.1109/TNANO.2023.3238815","European Union's Horizon 2020 Research and Innovation Programme(grant numbers:GrapheneCore3 881603); Ministerio de Ciencia, Innovación y Universidades(grant numbers:RTI2018-097876-B-C21(MCIU/AEI/FEDER, UE),FJC2020-046213-I); European Union Regional Development Fund; Department de Recerca i Universitat(grant numbers:50%); GraphCAT(grant numbers:001-P-001702); Spanish Government(grant numbers:PID2021-127840NB-I00); ","https://ieeexplore.ieee.org/stamp/stamp.jsp?arnumber=10024312","2D pn junction;electrostatic potential;depletion width","Electrostatics;Junctions;Logic gates;Electric potential;Doping;Analytical models","","2","","19","IEEE","23 Jan 2023","2023","","IEEE","IEEE Journals"
"The CTH Network: An NoC Platform for Scalable and Energy Efficient Application Mapping Solution","A. Bose; P. Ghosal","Indian Institute of Engineering Science and Technology, Shibpur, Howrah, India; Indian Institute of Engineering Science and Technology, Shibpur, Howrah, India",IEEE Transactions on Nanotechnology,"30 Jan 2023","2023","22","","58","69","Multi-threaded design of the applications has given a new dimension to the execution concurrency. The Network-on-Chip (NoC) infrastructure has evolved as the communication backbone in multiprocessor System-on-Chips (MPSoCs) to exploit Thread-Level Parallelism (TLP). Mapping the threads of various applications on the processing cores is crucial in utilizing the resources of a many-core system. An application's performance depends primarily on the mapping strategy. However, the performance of an application gets influenced significantly by the underlying network architecture of the NoC. The present work proposes a run-time application mapping technique based on the Cube-Tree-Hybrid (CTH) topology focusing on the traffic load balancing across the network. The mapping overhead decreased significantly by exploiting the low network diameter of CTH with its high scalability and path diversity, projecting a 31% reduction in normalized execution time over the prevalent algorithms on the existing mapping platforms. Rigorous experimentation with varying application and network sizes is carried out across mesh, ZMesh, torus, and Mest-of-Tree (MoT) networks. The experimental observations project that the proposed algorithm results in sustainable application performance with 15%-21% gain in the overall energy consumption over the existing state-of-the-art techniques across various benchmark workloads.","1941-0085","","10.1109/TNANO.2023.3237128","","https://ieeexplore.ieee.org/stamp/stamp.jsp?arnumber=10018942","Application;CTH;energy;mapping;network;NoC;performance;power;run-time;task","Topology;Network topology;Telecommunication traffic;Network-on-chip;Runtime;Program processors","","6","","29","IEEE","17 Jan 2023","2023","","IEEE","IEEE Journals"
"Improved Capacitive Memory in Glancing Angle Electron-Beam Synthesized Isotropic Bilayer n-TiO2/In2O3 Nanowires Array","P. Pooja; P. Chinnamuthu","Department of Electronics and Communication Engineering, National Institute of Technology Nagaland, Dimapur, India; Department of Electronics and Communication Engineering, National Institute of Technology Nagaland, Dimapur, India",IEEE Transactions on Nanotechnology,"22 Feb 2023","2023","22","","70","75","We report on the memory performance study of vertically stacked TiO2/In2O3 metal oxides heterostructure (MOH) nanowire (NW). Two typical structures p-Si/TiO2 TF/TiO2 NW/Ag and p-Si/TiO2 TF/TiO2 NW/In2O3 NW/Ag device were deposited using electron-beam evaporator incorporating glancing angle deposition technique. Frequency dependent studies ranging from 1 MHz to 6 MHz on capacitance-voltage characteristic was conducted to investigate charge trapping nature of both devices. TiO2/In2O3 MOH NW displayed wide memory window of 8.8 V and low interface trap density (Dit) ∼2.55 × 1011 eV−1cm−2. Flat band voltage shift (ΔVFB) was obtained from CV hysteresis and the electron as well as hole trapping density were found for the devices. In addition, the endurance of ON/OFF switching cycles for the TiO2/In2O3 MOH NW device was up to 1000 cycles. A resistance ON/OFF ratio of ∼20 was displayed with a stable retention time of 6500 s showing improved performance and reliability compared to TiO2 NW with resistance ON/OFF ratio of ∼3 and unstable retention time. Our work delivers an opportunity for developing the next generation stable and high-performance nonvolatile memory devices.","1941-0085","","10.1109/TNANO.2023.3243112","","https://ieeexplore.ieee.org/stamp/stamp.jsp?arnumber=10039492","Capacitive memory;hysteresis;In  $_2$  O  $_3$  ;metal-oxide heterostructure;nanowire;TiO  $_2$  ","Voltage;Titanium dioxide;Hysteresis;Nonvolatile memory;Capacitance-voltage characteristics","","5","","36","IEEE","7 Feb 2023","2023","","IEEE","IEEE Journals"
"Edge Modified Stanene Nanoribbons for Potential Nanointerconnects","M. S. Krishna; S. Singh; B. K. Kaushik","Microelectronics & VLSI lab, National Institute of Technology, Patna, India; Microelectronics & VLSI lab, National Institute of Technology, Patna, India; Department of Electronics and Communication Engineering, Indian Institute of Technology Roorkee, Roorkee, India",IEEE Transactions on Nanotechnology,"7 Feb 2023","2023","22","","76","83","For the theoretical investigation of stanene nanoribbons (SnNRs) as metal interconnect, first principles calculations are carried out using density functional theory (DFT). The structural, electronic, and transport characteristics of SnNRs with hydrogen/fluorine (H/F) edge passivations are evaluated. Computations of the binding energy ($E_{b}$) and formation energy ($E_{forn}$) show that fluorination enhances the thermodynamic stability of SnNRs. The considered SnNRs are observed to be metallic from the bandstructure and density of states computations. Owing to the metallicity, SnNRs are proposed for nanoscale metal interconnect applications. For the quantum transport computations, the non-equilibrium Green's function (NEGF) formalism is used. Current-voltage ($I$-$V$) characteristics are linear for both edge hydrogenated (H-SnNR-H) and both edge fluorinated (F-SnNR-F) SnNRs. Typical parasitic parameters that influence the nanoscale interconnect performance such as quantum resistance ($R_{Q}$), quantum capacitance ($C_{Q}$), and kinetic inductance ($L_{K}$) are evaluated. Further, the small scale driver-interconnect-load (DIL) circuit model of the SnNR nanoribbons is considered to evaluate the interconnect performance. Performance metrics such as delay ($\tau _{delay}$), power delay product ($PDP$), stability, frequency response analysis, and crosstalk effect are evaluated for H-SnNR-H and F-SnNR-F interconnects. Thus, the obtained findings suggest that SnNRs can be considered as promising candidates for nanoscale metal interconnect applications.","1941-0085","","10.1109/TNANO.2022.3232575","","https://ieeexplore.ieee.org/stamp/stamp.jsp?arnumber=10002331","Stanene nanoribbon;edge-passivation;electronic properties;transport properties;and interconnect","Nanoribbons;Nanoscale devices;Integrated circuit interconnections;Green's function methods;Passivation","","7","","36","IEEE","28 Dec 2022","2023","","IEEE","IEEE Journals"
"Design and Analytical Assessment of Non-Ideal Ion-Sensitive β-MIS-(AlGa)2O3/Ga2O3 High Electron Mobility Transistor","R. Ranjan; N. Kashyap; A. Raman","VLSI Lab, ECE Department, Dr. B.R. Ambedkar National Institute of Technology, Jalandhar, India; VLSI Lab, ECE Department, Dr. B.R. Ambedkar National Institute of Technology, Jalandhar, India; VLSI Lab, ECE Department, Dr. B.R. Ambedkar National Institute of Technology, Jalandhar, India",IEEE Transactions on Nanotechnology,"23 Feb 2023","2023","22","","84","90","In this work, for the first time, we have investigated an analytical model for β-MIS-(AlGa)2O3/Ga2O3 ion-sensitive FET by using commercial Silvaco and MATLAB tools for non-ideality behavior around the isoelectric point. Gouy-Chapman-Stern theory is used to analyze the electrical double layer with the electrolyte. Al2O3 is used as a dielectric between (AlGa)2O3 and electrolyte. The pH sensor detects the variation in hydrogen ion concentration in the aqueous solution. Different electrolyte concentrations (1 mM, 0.01 M, 0.1 M) are used in aqueous solution to find sensitive parameters such as surface potential, charge density, Alpha, βint, Cdiff and CDL for different pH values. Changes in surface potential and other sensitive parameters affect the intensity of 2DEG at the interface of (AlGa)2O3 and Ga2O3 in β-MIS-(AlGa)2O3/Ga2O3 HEMT. The behavior of pH- sensitive parameters are also discussed before and after the isoelectric point. Variation in electrolyte concentration shows that lower electrolyte concentration has high sensitivity. Effects of variation of pH on potential, H+ and OH− concentration with bulk distance have also been discussed. Transfer characteristics, threshold voltage, ION/IOFF of β-MIS-(AlGa)2O3/Ga2O3 HEMT have been investigated for different pH values. Threshold voltage increases with pH when pH moves from acidic to basic medium.","1941-0085","","10.1109/TNANO.2023.3243842","","https://ieeexplore.ieee.org/stamp/stamp.jsp?arnumber=10041796","Analytical model;HEMT;pH sensor;sensitivity parameter;surface potential","Electrolytes;HEMTs;Electric potential;Mathematical models;MODFETs;Sensitivity","","5","","30","IEEE","9 Feb 2023","2023","","IEEE","IEEE Journals"
"Demonstration of Sub-THz Traveling-Wave Resonant-Tunneling-Diode Oscillators","Z. Jéhn; M. Feiginov","Department of Electrical Engineering, Information Technology, TU Wien, Vienna, Austria; Department of Electrical Engineering, Information Technology, TU Wien, Vienna, Austria",IEEE Transactions on Nanotechnology,"22 Feb 2023","2023","22","","91","101","As a proof of principle, operation of traveling-wave resonant-tunneling-diodes (RTDs) oscillators has been demonstrated experimentally in the frequency range 100-400 GHz. A theoretical model describing a realistic coupled system, consisting of a traveling-wave RTD and a patch antenna, has been developed. The model describes the eigen resonances and the eigen modes, which have a mixed character of both subsystems. The model and the experimental results are in agreement with each other. We also demonstrate that some oscillators were switching between different resonant modes of the system with the change of bias. The phenomenon could be used for an extended frequency control of the RTD oscillators.","1941-0085","","10.1109/TNANO.2023.3243462","European Union's Horizon 2020 Research and Innovation Program; Marie Sklodowska-Curie(grant numbers:765426); CzechNanoLab Project(grant numbers:LM2018110); Nano Research Infrastructure; Open Access Funding Programme; ","https://ieeexplore.ieee.org/stamp/stamp.jsp?arnumber=10041720","Measurement;modeling;oscillators;resonant-tunneling diodes (RTDs);resonators","Oscillators;Coplanar waveguides;Resonant frequency;Semiconductor waveguides;Modeling;Resonant tunneling devices;Resonators","","5","","29","CCBY","9 Feb 2023","2023","","IEEE","IEEE Journals"
"Energy Efficient Circuit Design of Single Edge Triggered Ternary Shift Registers Using CNT Technology","T. Sharma; D. Sharma","School of Computing Science and Engineering, VIT Bhopal University, Bhopal, India; Indian Institute of Information Technology(IIIT), Bhopal, India",IEEE Transactions on Nanotechnology,"27 Feb 2023","2023","22","","102","111","With the miniaturization of digital integrated circuits, electronic systems with increased functionality and enhanced performance are preferred. Multi-valued logic design is a promising alternative that offers a higher number of data/information which leads to energy efficiency, higher information density and reduced circuit overheads in terms of interconnect complexity. Hence in this work multi-valued logic design benefits of increased computational capability and reduced interconnect complexity are being explored for the implementation of sequential elements viz. ternary shift registers. Carbon nanotube field-effect transistors(CNTFETs) unique feature of alteration of threshold voltage by variations in CNT diameter further favor its suitability to implement ternary logic designs. Here single-edge triggered ternary shift registers design methodology is presented using multiplexer based D-flip-flop cells. The design of D-flip-flops is performed using multiplexer based positive and negative latches. After this series connection of D-flip-flop is performed to construct serial input serial output and parallel input serial output registers. The parallel input serial output registers can operate in two modes of loading and shifting and three different configurations of AND-OR logic, NAND logic and latch based selection circuitry are proposed. For performance analysis Synopsis HSPICE simulations are conducted using the 32 nm CNTFET Stanford model. According to simulation results, for the proposed ternary shift registers maximum reduction in power consumption and energy consumption of more than 80% are obtained as compared to recent counterparts.","1941-0085","","10.1109/TNANO.2023.3244746","","https://ieeexplore.ieee.org/stamp/stamp.jsp?arnumber=10043755","Carbon nano-tube field-effect transistor;clock-power;D-flip-flops;multiple-valued logic design;ternary shift registers","Shift registers;CNTFETs;Magnetic tunneling;Multivalued logic;Clocks;Flip-flops;Logic design","","10","","32","IEEE","13 Feb 2023","2023","","IEEE","IEEE Journals"
"The Strong Sensitivity of the Characteristics of Binary Stochastic Neurons Employing Low Barrier Nanomagnets to Small Geometrical Variations","R. Rahman; S. Bandyopadhyay","Department of Electrical and Computer Engineering, Virginia Commonwealth University, Richmond, VA, USA; Department of Electrical and Computer Engineering, Virginia Commonwealth University, Richmond, VA, USA",IEEE Transactions on Nanotechnology,"3 Mar 2023","2023","22","","112","119","Binary stochastic neurons (BSNs) are excellent activators for machine learning. An ideal platform for implementing them is low- or zero-energy-barrier nanomagnets (LBMs) possessing in-plane anisotropy (e.g., circular or slightly elliptical disks) whose fluctuating magnetization encodes a probabilistic (p-) bit. Here, we show that such a BSN's activation function, the pinning current (which pins the output to a particular binary state), and the response time – all exhibit strong sensitivity to very slight geometric variations in the LBM's cross-section. A mere 1% change in the diameter of a circular nanomagnet in any arbitrary direction can alter the response time by a factor of ∼4 at room temperature and a 10% change can alter the pinning current by a factor of ∼2. All this causes large device-to-device variation which is detrimental to integration. we also show that the energy dissipation is lowered but the response time is increased by replacing a circular cross-section with a slightly elliptical one and then encoding the p-bit in the magnetization component along the major axis. Encoding the p-bit in the magnetization component along the minor axis has the opposite effect. The energy-delay-product, however, is relatively independent of whether the cross-section is a circle or an ellipse and which magnetization component encodes the p-bit in the case of the ellipse.","1941-0085","","10.1109/TNANO.2023.3244139","National Science Foundation(grant numbers:CCF-2001255,CCF-2006843); ","https://ieeexplore.ieee.org/stamp/stamp.jsp?arnumber=10041954","Binary stochastic neurons;low barrier nanomagnets;pinning current;correlation time;device-to-device variation","Magnetization;Time factors;Mathematical models;Anisotropic magnetoresistance;Neurons;Nanomagnetics","","9","","26","IEEE","10 Feb 2023","2023","","IEEE","IEEE Journals"
"Memristive Pixel-CNN Loop Generate for CNN Generalisations","V. Nair; A. Radhakrishnan; C. R; A. James","Digital University Kerala, Thonnakkal, India; Digital University Kerala, Thonnakkal, India; Indian Institute of Information Technology and Management- Kerala, Kazhakkoottam, India; Digital University Kerala, Thonnakkal, India",IEEE Transactions on Nanotechnology,"7 Mar 2023","2023","22","","120","125","Noisein test images can significantly reduce the inference accuracy of Convolution Neural Networks (CNNs). The learning alogrithm that optimise the CNN for inference often use training images that represent a limited number of variations of objects. Any variations from the training set makes it harder to recognise test images, thereby indicating lose of generalisation. We propose to use Gated Pixel Convolution Neural Network (PixelCNN) for generating training images to readjust the weights of pretrained CNN network. This way, the readjustment of weights using generated images, helps to improve the generalisation ability of the CNNs. Through this approach the CNN learning becomes continuous even with a limited training data and can be limited by the amount of generalisation and robustness to variability required for a given task. The proposed memristive loop generate architecture was designed using 22 nm CMOS technology and Knowm Meta-Stable Switch (MSS) memristor model ($WO_{x}$ device parameters) with an on-chip area of $\text{1.54}\;\text{mm}^{2}$ and reduced power consumption.","1941-0085","","10.1109/TNANO.2023.3248108","Ministry of Electronics and IT, Government of India(grant numbers:GG-11/2/2021-R&D-E); ","https://ieeexplore.ieee.org/stamp/stamp.jsp?arnumber=10050814","Memristors;CNN;PixelCNN;CNN learning;Analog circuits","Convolutional neural networks;Integrated circuit modeling;Memristors;Neural networks;Analog circuits","","13","","17","IEEE","23 Feb 2023","2023","","IEEE","IEEE Journals"
"BIST-Supported Cryogenic Write Trimming With In-MRAM Computing Case Study","Y. Hou; C. Liu-Sun; B. Liu; H. Zhang; H. Cai","National ASIC System Engineering Center, School of Electronic Science and Engineering, Southeast University, Nanjing, China; National ASIC System Engineering Center, School of Electronic Science and Engineering, Southeast University, Nanjing, China; National ASIC System Engineering Center, School of Electronic Science and Engineering, Southeast University, Nanjing, China; Nanjing Research Institute of Electronics Technology, Nanjing, China; National ASIC System Engineering Center, School of Electronic Science and Engineering, Southeast University, Nanjing, China",IEEE Transactions on Nanotechnology,"13 Mar 2023","2023","22","","126","135","In the processor-memory separated von-Neumann computation paradigm, the “memory-wall” effect becomes critical due to large access latency and tremendous amount of data movement. In this work, we pursue cryogenic temperature based memory design and focus on spin-transfer-torque magnetoresistive random access memory (STT-MRAM) at 77-Kelvin (achieved with low-cost liquid nitrogen). Cryogenic compact model and its related cryogenic bit-cell are investigated, based on 77 K experiment data of magnetic tunnel junction (MTJ) and CMOS transistor. Compared with the simulated room temperature results, 70% reduction of sensing latency can be obtained at 0.7 V supply voltage, whereas writing latency and yield performance are significantly degraded. In order to overcome the above drawbacks, a novel joint trimming system is proposed including a build-in-self-test (BIST) block and a string of multi-stage level shifters (LS). A case study is executed with in-MRAM computing (IMC). Results show that cryogenic IMC with write trimming provides performance improvements of 33% on average, and concurrently reduces memory energy consumption by 70% on average. The proposed 77 K cryogenic design method can be further applied to other energy constrained applications.","1941-0085","","10.1109/TNANO.2023.3248662","National Natural Science Foundation of China(grant numbers:62274029,61904028); ","https://ieeexplore.ieee.org/stamp/stamp.jsp?arnumber=10052718","Cryogenic MRAM;compact model;build-in-self-test;in-MRAM computing","Cryogenics;Magnetic tunneling;Semiconductor device modeling;Transistors;Threshold voltage;Random access memory;Built-in self-test","","3","","35","IEEE","24 Feb 2023","2023","","IEEE","IEEE Journals"
"An Oscillator-Synchronization-Based Off-Line Learning Algorithm, With On-Chip Inference on an Array of Spin Hall Nano-Oscillators","S. V. H. Bhotla; N. Garg; T. Aggarwal; P. K. Muduli; D. Bhowmik","Department of Physics, Indian Institute of Technology Delhi, New Delhi, India; Department of Physics, Indian Institute of Technology Delhi, New Delhi, India; Department of Electrical Engineering, Indian Institute of Technology Delhi, New Delhi, India; Department of Physics, Indian Institute of Technology Delhi, New Delhi, India; Department of Electrical Engineering, Indian Institute of Technology Bombay, Mumbai, India",IEEE Transactions on Nanotechnology,"14 Mar 2023","2023","22","","136","148","Learning algorithms based on synchronization of oscillators are currently being pursued as an alternative to standard neural-network algorithms for data classification. For such oscillator-based algorithms, while learning can be implemented off-line on a computer, on-chip inference/ testing can be implemented on an array of uniform-mode spin Hall nano-oscillators (SHNOs), leading to a scalable and energy-efficient technology. Here, we propose a modification to an existing oscillator-based off-line learning algorithm for binary classification: unlike in the previous version of the algorithm, here the difference between natural frequencies of the output oscillators is kept constant throughout the learning process. This helps in preservation of the shape of the synchronization region and leads to higher classification accuracy, as we show for binary-classification tasks using two popular data sets: Fisher's Iris and MNIST. Next, in this paper, we show how a synchronization pattern obtained after such training, using our proposed algorithm, can be implemented on an array of dipole-coupled uniform-mode SHNOs for on-chip inference. We model the SHNO system through the macro-spin model, which is computationally much less resource-intensive to simulate compared to the micromagnetic model used previously for this kind of study. We also extend our algorithm to multi-class classification and thereby discuss scaling of our system.","1941-0085","","10.1109/TNANO.2023.3250261","Ministry of Human Resource Development, India; STARS Program(grant numbers:MoE-STARS/STARS-1/304); IMPRINT Program(grant numbers:7519,7058); Industrial Research and Consultancy Centre; Indian Institute of Technology Bombay; ","https://ieeexplore.ieee.org/stamp/stamp.jsp?arnumber=10056284","Oscillator-based computing;Neuromorphic computing;Spin Hall Nano-Oscillator","Oscillators;Classification algorithms;Inference algorithms;Synchronization;Neuromorphic engineering","","4","","35","IEEE","28 Feb 2023","2023","","IEEE","IEEE Journals"
"All-Photonic Magnetic Resonance in Silicon Nanoparticles","M. H. Amjad; M. U. Khan; M. Alam; Y. Massoud","Department of Electrical Engineering, Mirpur University of Science and Technology (MUST), Mirpur, AJK, Pakistan; Department of Electrical Engineering, Mirpur University of Science and Technology (MUST), Mirpur, AJK, Pakistan; Department of Electrical Engineering, University of Poonch Rawalakot, Azad Jammu and Kashmir, Pakistan; Innovative Technologies Laboratories (ITL), King Abdullah University of Science and Technology (KAUST), Thuwal, Saudi Arabia",IEEE Transactions on Nanotechnology,"14 Mar 2023","2023","22","","149","156","All-photonic response in Silicon (Si) nanoparticles is dominated by magnetic resonance, leading to enhance light concentration for energy harvesting and magnetic imaging applications. The resonance phenomena occur when the natural frequency of the system matches external excitation and is well-explained by linear circuit analysis. In this paper, we propose a spherical wave impedance approach by employing the basic concept of impedance known at microwave frequencies, where it is defined as the ratio of the electric and magnetic fields to derive necessary magnetic resonance conditions. The model is used to derive various cross-section efficiencies, with results showing close agreement with the Mie solution. The proposed model is simple and compact and defines the resonance phenomena in Si nanoparticles using lumped circuit components, which is necessary for the large-scale all-photonic application of magnetic resonance using dielectric nanoparticles.","1941-0085","","10.1109/TNANO.2023.3250560","","https://ieeexplore.ieee.org/stamp/stamp.jsp?arnumber=10056229","Magnetic resonance;photonic;magnetic dipole;silicon nanoparticles;mie solution","Nanoparticles;Silicon;Magnetic resonance;Impedance;Scattering;RLC circuits;Energy harvesting","","6","","26","IEEE","28 Feb 2023","2023","","IEEE","IEEE Journals"
"Assessment of Negative Bias Temperature Instability Due to Interface and Oxide Trapped Charges in Gate-All-Around TFET Devices","P. Kumar; K. Koley; S. S. A. Askari; A. Maurya; S. Kumar","Department of Electronics Engineering, Indian Institute of Technology, Dhanbad, Jharkhand, India; Department of Electronics and Communication Engineering, Birla Institute of Technology, Mesra, Ranchi, Jharkhand, India; Department of Electronics Engineering, Indian Institute of Technology, Dhanbad, Jharkhand, India; Department of Electronics Engineering, Indian Institute of Technology, Dhanbad, Jharkhand, India; Department of Electronics Engineering, Indian Institute of Technology, Dhanbad, Jharkhand, India",IEEE Transactions on Nanotechnology,"31 Mar 2023","2023","22","","157","165","The effects of negative bias temperature instability (NBTI) on emerging tunnel FET (TFET) devices are setting of important reliability concern for analog/digital circuit design. In this work, NBTI effects in gate-all-around tunnel FET (GAA TFET) devices have been thoroughly analyzed and the unstressed p-type GAA TFET transfer characteristics are calibrated with the experimentally published data to tune the models used for the numerical analysis. The GAA device is stressed for different time durations and for different temperatures to analyze the capture and emission probabilities of the trapped charges. The effect of oxide trapping, interface trapping, and trapping of charges at several regions in the channel are analyzed individually, as well as collectively. The sub-threshold voltage of the TFET device is also investigated and it has been found that the change in the sub-threshold slope is not at all degraded by NBTI stress.","1941-0085","","10.1109/TNANO.2023.3255012","Department of Science and Technology, Government of India; INSPIRE Scheme(grant numbers:DST/INSPIRE/04/2016/000032); ","https://ieeexplore.ieee.org/stamp/stamp.jsp?arnumber=10065460","NBTI;pTFET;non-radiative multiphonon;non-local BTBT;interface trap;oxide trap","TFETs;Logic gates;Thermal variables control;Negative bias temperature instability;Gallium arsenide;Degradation;Electric fields","","7","","33","IEEE","10 Mar 2023","2023","","IEEE","IEEE Journals"
"Comb-Like Hybrid Plasmonic Ring Resonator for Large and Voltage Tunable Group Delay","R. D. Mishra; L. Singh; S. Rajput; V. Kaushik; S. K. Pandey; P. Babu; M. Kumar","Optoelectronic Nanodevice Research Laboratory, Department of Electrical Engineering, Indian Institute of Technology, Indore, MP, India; Centre for optoelectronics and Biophtonics, School of Electrical and Electronics Engineering, Nanyang Technological University, Singapore; Department of Electrical and Computer Engineering, University of Toronto, ON, Canada; Optoelectronic Nanodevice Research Laboratory, Department of Electrical Engineering, Indian Institute of Technology, Indore, MP, India; Optoelectronic Nanodevice Research Laboratory, Department of Electrical Engineering, Indian Institute of Technology, Indore, MP, India; Optoelectronic Nanodevice Research Laboratory, Department of Electrical Engineering, Indian Institute of Technology, Indore, MP, India; Optoelectronic Nanodevice Research Laboratory, Department of Electrical Engineering, Indian Institute of Technology, Indore, MP, India",IEEE Transactions on Nanotechnology,"3 Apr 2023","2023","22","","166","171","A nanophotonic ring resonator based on hybrid plasmonic waveguide is numerically proposed. Introduction of a comb-like structure in the resonator results in large group delay which can be tuned electrically. The proposed silicon-based nanophotonic structure incorporates comb-like design with copper-air subwavelength grating on $\text{Si}{\mathrm{O}}_{2}$ which supports resonance enhanced propagation of hybrid plasmonic mode confined in 50 nm thick $\text{Si}{\mathrm{O}}_{2}$. The device with its engineered design shows an ultra-large group delay of 208 ps for 1 mm length. The proposed device also exhibits a voltage tunable group delay with a tuning of 48 ps on varying the voltage from −5 V to 5 V. The proposed device with its CMOS compatible and scalable design is useful for integrated optoelectronic circuits. The reported large delay and wide tuning make it a perfect candidate for applications in optical delay lines, signal processing, beam steering in phase array antennas and in microwave photonics.","1941-0085","","10.1109/TNANO.2023.3259006","Ministry of Electronics and Information Technology(grant numbers:1341/2020-CC&BT); Science and Engineering Research Board(grant numbers:CRG/2020/000144); ","https://ieeexplore.ieee.org/stamp/stamp.jsp?arnumber=10078308","Group delay;hybrid plasmonic waveguide;nanophotonics;optoelectronics;tunable group delay","Delays;Optical waveguides;Optical ring resonators;Plasmons;Silicon;Nanophotonics;Optoelectronic devices","","6","","44","IEEE","22 Mar 2023","2023","","IEEE","IEEE Journals"
"BTBT Based LIF Junctionless FET Neuron With Plausible Mimicking Efficiency","V. Rajakumari; K. P. Pradhan","Department of ECE, Indian Institute of Information Technology Design and Manufacturing, Kancheepuram, Chennai, India; Department of ECE, Indian Institute of Information Technology Design and Manufacturing, Kancheepuram, Chennai, India",IEEE Transactions on Nanotechnology,"3 Apr 2023","2023","22","","172","177","Amid the quest for nanoscale devices to mimic the biological neuronal dynamics, this article demonstrates a SOI Junctionless Field Effect Transistor (JLFET) based leaky integrate and fire (LIF) neuron in sub-20 nm technology. The band-to-band-tunneling (BTBT) mechanism is considered to imitate the leaky-integration behavior. As JLFET has strongly doped channel that supports fully depletion in the OFF state with considerable band overlapping of channel and drain regions that is subsequently allowing the BTBT in lateral direction. Moreover, the proposed device based LIF neuron requires neither metallurgical junction nor back gate bias to induce the floating body to confine the excess carrier. And, it requires only 0.4 V of supply voltage, which is much lower compared to its equivalent bulk FinFET and PD-SOI MOSFET based LIF neurons and it shows a GHz range of spiking frequency i.e., $\sim$8 orders greater than biological neuron. Hence, it presumes that the proposed SOI JLFET based LIF neuron is more suitable for large scale hardware implementation of spiking neural network (SNN) due to its energy and area efficiency comparable with biological neuron along with CMOS compatibility.","1941-0085","","10.1109/TNANO.2023.3247424","Science and Engineering Research Board(grant numbers:SRG/2020/001622); ","https://ieeexplore.ieee.org/stamp/stamp.jsp?arnumber=10049703","Band-to-Band Tunneling (BTBT);leaky-integrate and fire (LIF);SOI Junctionless FET (JLFET);spiking neural network (SNN)","Neurons;Doping;Neural networks;Voltage;Tunneling;Silicon-on-insulator;Nanoscale devices","","11","","23","IEEE","22 Feb 2023","2023","","IEEE","IEEE Journals"
"A Robust-Compact Model to Emulate Neuro-Mimetic Dynamics With Doped-HfO2 Ferroelectric-FET Based Neurons","R. R. Shaik; L. Chandrasekar; K. P. Pradhan","ECE Department, Indian Institute of Information Technology, Design and Manufacturing Kanchipuram, Chennai, India; GlobalFoundries, Bengaluru, India; ECE Department, Indian Institute of Information Technology, Design and Manufacturing Kanchipuram, Chennai, India",IEEE Transactions on Nanotechnology,"10 Apr 2023","2023","22","","178","183","A leap towards deriving a robust-compact model for ferroelectric-FET (FeFET) oscillator based spiking neurons has been developed. The compact model can capture and emulate neurons that exhibit both excitatory and inhibitory coupled dynamical behaviour, native to cortical neurons. The proposed model can reliably mimic neuronal dynamics for a broad-spectrum of FeFETs when, factored with appropriate validation of numerical simulations and physics-based models. The emulation of neuronal attributes based on FDSOI FeFET having qualitative agreement with previously reported data. The robustness of this analytical model has been investigated by tuning with ferro-dielectric (Fe) materials i.e., zirconium-doped HfO2 (HZO) and silicon-doped HfO2 (HSO) for mimicking the neurons. In continuance, the model is examined for emulating the cortical neurons by altering the inhibition (high-VGF) and excitation (low-VGF) inputs with a suitable frequency of operation for spiking neurons.","1941-0085","","10.1109/TNANO.2023.3262542","Science and Engineering Research Board(grant numbers:SRG/2020/001622); ","https://ieeexplore.ieee.org/stamp/stamp.jsp?arnumber=10083245","Cortical;ferroelectric;FDSOI;HSO;HZO;neuromorphic computing;neural-network;neuron;spiking","FeFETs;Neurons;Silicon-on-insulator;MOSFET;Ferroelectric devices;Neuromorphic engineering;Neural networks","","7","","31","IEEE","28 Mar 2023","2023","","IEEE","IEEE Journals"
"Microcantilever Printed CuO Single Nanowire Field-Effect Transistors for Sensing Applications","S. Raveesh; V. K. S. Yadav; R. Paily","Department of Electronics and Electrical Engineering, IIT Guwahati, Guwahati, India; Department of Electronics and Communication Engineering, Birla Institute of Technology - Mesra, Ranchi, India; Department of Electronics and Electrical Engineering, IIT Guwahati, Guwahati, India",IEEE Transactions on Nanotechnology,"10 Apr 2023","2023","22","","184","189","This work reports the synthesis of copper oxide (CuO) nanowires (NWs) using thermal oxidation followed by microcantilever contact print ($\mu$CCP) of silver nanoparticles (AgNP) on Si-SiO$_{2}$ substrate to get field-effect transistors (FETs) in back, coplanar, and top gate configurations. CuO single NWs (SNWs) FETs with channel lengths 10–50 $\mu$m, and diameter 200–250 nm are fabricated and characterized to understand the transport properties of SNW devices. The fabricated FETs exhibit p-type conduction with hole mobility 0.14–0.36 cm$^{2}$V$^{-1}$ s$^{-1}$ and the hole concentration in dark and photo-excitation found to be in the range of 10$^{16}$–10$^{17}$ cm$^{-3}$ and 10$^{17}$–10$^{19}$ cm$^{-3}$, respectively. The developed CuO SNW two-terminal and FETs are used to detect the white light at room temperature and ethanol at 150 $^{\circ }$C. The FETs have limited performance but are stable for months.","1941-0085","","10.1109/TNANO.2023.3262279","Ministry of Electronics and Information Technology; Government of India(grant numbers:5(9)/2012-NANO); Centre for Excellence in Nanoelectronics and Theranostic Devices; ","https://ieeexplore.ieee.org/stamp/stamp.jsp?arnumber=10082941","Copper oxide;printing;single-nanowire FET;thermal oxidation;photodetctor;volatile organic compounds (VOCs)","Field effect transistors;Substrates;Oxidation;Printing;Copper compounds;Nanowires;Photodetectors;Volatile organic compounds","","2","","39","IEEE","27 Mar 2023","2023","","IEEE","IEEE Journals"
"An Efficient Light Trapping Method to Enhance the Efficiency of Thin Film Solar Cell","T. Ahmed; S. S. A. Askari; M. K. Das","Centre of Excellence in Renewable Energy (CERE), and Department of Electronics Engineering, IIT(ISM), Dhanbad, Jharkhand, India; Centre of Excellence in Renewable Energy (CERE), and Department of Electronics Engineering, IIT(ISM), Dhanbad, Jharkhand, India; Centre of Excellence in Renewable Energy (CERE), and Department of Electronics Engineering, IIT(ISM), Dhanbad, Jharkhand, India",IEEE Transactions on Nanotechnology,"11 Apr 2023","2023","22","","190","199","An efficient light management technique is proposed and investigated by developing a TCAD model for microcrystalline silicon based thin film solar cell. The model includes physical insight related to some optical phenomenon like scattering and diffusive reflection of light as well as some electrical phenomena like carrier transport at the heterointerfaces. Two different structures, which comprises of sawtooth and grating-type back nanotextured in combination with random front nano-textured absorber layers are considered in this work. It has been observed that sawtooth or grating type back nano-textured absorber layer results in enhanced absorption of incident photons as compared to the planar back absorber layer. Also, the grating type back-textured absorber provides better performance compared to its sawtooth counterparts. Finally, the depth and period of grating are optimized in order to maximize the power conversion efficiency of grating-back-textured with random-front-textured absorber. The optimized structure results in an efficiency of 12.325% which corresponds to an improvement of 3.975% compared to the random front and back nano-textured thin film solar cell.","1941-0085","","10.1109/TNANO.2023.3262367","Ministry of Human Resource Development; Government of India; Establishment of Centres of Excellence; Centre of Excellence in Renewable Energy at IIT(grant numbers:F.No.5-6/2013-TS-VII); ","https://ieeexplore.ieee.org/stamp/stamp.jsp?arnumber=10082963","Thin film;sawtooth;grating;textured;absorber","Absorption;Gratings;Silicon;Light trapping;Charge carrier processes;Thin films;Photovoltaic cells","","4","","45","IEEE","27 Mar 2023","2023","","IEEE","IEEE Journals"
"Plasmonic Ring Resonator Sensor With High Sensitivity and Enhanced Figure of Merit Using an Ag–Si–Ag Bus Waveguide","S. Kumari; Y. K. Verma; S. M. Tripathi","Centre for Lasers and Photonics, Indian Institute of Technology Kanpur, Kanpur, India; Department of Physics, Indian Institute of Technology Kanpur, Kanpur, India; Department of Physics and Centre for Lasers and Photonics, Indian Institute of Technology Kanpur, Kanpur, India",IEEE Transactions on Nanotechnology,"14 Apr 2023","2023","22","","200","205","A plasmonic miniaturized ring resonator based on Ag-analyte-Ag ring cavity coupled with an Ag-Si-Ag input bus waveguide has been numerically analyzed for bulk refractive index and surface adlayer sensing applications. The opto-geometric parameters of the sensor structure have been thoroughly optimized to maximize field confinement in the sensing zone, which significantly improves the sensitivity. Using an Ag-Si-Ag input bus waveguide results in the reduction of propagation loss which offers an improved quality factor and figure of merit due to narrowing of full width at half maximum (FWHM) of the transmission spectrum. The average bulk refractive index sensitivity over biologically relevant refractive index range (1.33-1.38 RIU) and gas-sensitivity (1-1.01 RIU) values are 1757.71 nm/RIU with an FWHM of 37 nm, and 1787.14 nm/RIU with an FWHM of 24 nm, respectively. We have also investigated the optimized sensor's performance as an adlayer biosensor and the maximum adlayer sensitivity obtained is 2.72 nm/nm. We have also analyzed the sensor's optical tolerance by incorporating a 10% change in Ag's and Si's real part of dielectric constants. Owing to excellent sensitivity and high figure of merit the proposed sensor may find applications in designing highly sensitive on-chip nano-sensors with improved detection limit.","1941-0085","","10.1109/TNANO.2023.3263371","Science and Engineering Research Board, Government of India(grant numbers:EMR/2016/007936); ","https://ieeexplore.ieee.org/stamp/stamp.jsp?arnumber=10088445","Nano-ring plasmonic resonator;refractive index sensor;surface plasmon polaritons;adlayer sensor","Optical waveguides;Sensitivity;Optical ring resonators;Refractive index;Silicon;Resonators;Surface plasmon polaritons;Nanosensors","","10","","37","IEEE","30 Mar 2023","2023","","IEEE","IEEE Journals"
"Complementary Resistive Switching in ZnO/Al2O3 Bi-Layer Devices","J. A. Lekshmi; T. N. Kumar; K. B. Jinesh","Department of Electrical and Electronic Engineering, University of Nottingham Malaysia, Semenyih, Malaysia; Department of Electrical and Electronic Engineering, University of Nottingham Malaysia, Semenyih, Malaysia; Department of Physics, Indian Institute of Space Science and Technology, Thiruvananthapuram, India",IEEE Transactions on Nanotechnology,"5 May 2023","2023","22","","206","213","This paper reports the complementary resistive switching (CRS) characteristics exhibited by Au/ZnO/Al2O3/ Fluorine doped tin oxide (FTO) bilayer device for the first time, where both ZnO and Al2O3 are active switching layers exhibiting resistive switching properties. The I-V characteristics of the device initially show bipolar resistive switching (BRS) for a few cycles (∼12) before permanently switching to CRS with the extension of SET voltage. The stable CRS state of the device exhibits a high current of ∼500 μA during the ON-state and low current of 3 × 10−7 A during OFF-state at low input voltages (−0.5 V to 0.5 V) enables the proposed device suitable to use in crossbar array to mitigate the sneak path current. The device performance to write and read processes is evaluated with pulses of magnitudes ∼|2.5| V and 1.3 V, respectively, and showed a ∼60 μA difference in read-out current between data bits 0 and 1. Similarly, the device's power consumption is also measured to elucidate that the device is suitable to use as a memory unit with power consumption in the order of microwatts (μW). Further, the possible switching mechanism is demonstrated based on oxygen vacancies migration.","1941-0085","","10.1109/TNANO.2023.3268204","","https://ieeexplore.ieee.org/stamp/stamp.jsp?arnumber=10104115","Complementary resistive switching;nonvolatile memory;power;resistive random-access memory;sneak path current;ZnO","Switches;Zinc oxide;II-VI semiconductor materials;Gold;Nonvolatile memory;Resistive RAM","","3","","41","IEEE","18 Apr 2023","2023","","IEEE","IEEE Journals"
"A Novel Cascadable TCAM Using RRAM and Current Race Scheme for High-Speed Energy-Efficient Applications","K. Pan; A. M. S. Tosson; N. Wang; N. Y. Zhou; L. Wei","Department of Electrical and Computer Engineering, University of Waterloo, Waterloo, Canada; Synopsys Inc, Mountain View, CA, USA; Department of Electrical and Computer Engineering, University of Waterloo, Waterloo, Canada; Department of Mechanical and Mechatronics Engineering, University of Waterloo, Waterloo, ON, Canada; Department of Electrical and Computer Engineering, University of Waterloo, Waterloo, Canada",IEEE Transactions on Nanotechnology,"5 May 2023","2023","22","","214","221","In this work, a novel ternary content addressable memory (TCAM) design is proposed using resistive random-access memory (RRAM) array in 2T2R configuration. The suggested memory array adopts the current-race (CR) sensing mechanism incorporated with a match-line (ML) booster in the sensing amplifier (SA) to improve energy efficiency, search speed and tolerance to RRAM switching variation. Several innovations are implemented to enhance the design further. For large TCAM arrays, match-line sensing amplifier (MLSA) direct cascading (DC) and an SR-latch cascading (SRC) schemes are proposed and compared in search speed, energy efficiency and MLSA noise margin. A same clock phase cascading (SCPC) scheme is also introduced to reduce latency in cascading structure by placing evaluation phase of all stages in the same clock phase. Furthermore, an RRAM-based tunable delay element (RRAM-TDE) is used in the TCAM design to provide flexibility and robustness against RRAM switching variation. The resulting system demonstrates excellent speed, energy and area efficiency against other TCAM designs using CMOS and emerging non-volatile memory (eNVM). To the best of our knowledge, the proposed 64-bit 1-stage TCAM system's speed and energy consumption match the best performance reported by other eNVM-based TCAM designs. The proposed design on a 128-bit 2-stage system also has speed and energy consumption comparable to SRAM-based TCAMs with the extra advantages of (a) compact size (90% reduction) and (b) non-volatility.","1941-0085","","10.1109/TNANO.2023.3271308","NSERC Discovery Program; ","https://ieeexplore.ieee.org/stamp/stamp.jsp?arnumber=10111053","RRAM;2T2R;TCAM;Current race;Tunable delay element;Low-power memory design;Cascading;Neural Network Acceleration","Sensors;Energy consumption;Switching circuits;Energy efficiency;Resistive RAM;Associative memory;Low-power electronics","","16","","35","IEEE","28 Apr 2023","2023","","IEEE","IEEE Journals"
"A Configurable 10T SRAM-Based IMC Accelerator With Scaled-Voltage-Based Pulse Count Modulation for MAC and High-Throughput XAC","P. K. Saragada; S. Manna; A. Singh; B. P. Das","Department of Electronics and Communication Engineering, Indian Institute of Technology (IIT) Roorkee, Roorkee, India; Department of Electronics and Communication Engineering, Indian Institute of Technology (IIT) Roorkee, Roorkee, India; Department of Electronics and Communication Engineering, Indian Institute of Technology (IIT) Roorkee, Roorkee, India; Department of Electronics and Communication Engineering, Indian Institute of Technology (IIT) Roorkee, Roorkee, India",IEEE Transactions on Nanotechnology,"12 May 2023","2023","22","","222","227","This work proposes a 10T SRAM-based in-memory computation (IMC) architecture that can be configured to perform linear multiply-and-accumulate (MAC) operations and high-throughput XNOR-and-accumulate (XAC) operations. The IMC-MAC operation is performed by using the proposed scaled-voltage-based pulse count modulation (PCM) technique, which improves the linearity and signal margin of the MAC operation. The IMC-XAC operation is performed by using the proposed single capacitor discharge (SCD) approach with various advantages such as no deterministic error in XAC output, low latency, and less variation compared to the traditional charge sharing (TCS)-based XAC operation. The post-layout simulations of the proposed IMC architecture in a 65-nm CMOS process shows that the IMC architecture achieves a signal margin of 44.3 mV using the proposed scaled-voltage-based PCM approach in IMC-MAC mode whereas 37% less variation using the proposed SCD approach in IMC-XAC mode. In IMC-MAC mode, we achieve a 54.6 GOPS, 273 TOPS/W, and 98.67%/88.72% classification accuracy on MNIST/CIFAR-10 dataset using the convolution neural network (CNN)/ResNet20 algorithm. In IMC-XAC mode, we achieve a 3276.8 GOPS, 1092.2 TOPS/W, and 97.12% classification accuracy on the MNIST dataset using the binary neural network (BNN) algorithm.","1941-0085","","10.1109/TNANO.2023.3269946","YFRF, MeitY, India(grant numbers:CRG/2021/007437); SERB, India; ","https://ieeexplore.ieee.org/stamp/stamp.jsp?arnumber=10107807","Hardware accelerator;In-memory computation (IMC);machine learning algorithm;multiply-and-accumulate (MAC);SRAM;XNOR-and-accumulate (XAC)","Random access memory;Discharges (electric);Hardware acceleration;In-memory computing;Machine learning algorithms;SRAM chips","","17","","18","IEEE","25 Apr 2023","2023","","IEEE","IEEE Journals"
"Hybrid CMOS-PCM Ternary Logic for Digital Circuit Applications","M. Kumar; M. Suri","Indian Institute of Technology Delhi, New Delhi, India; Indian Institute of Technology Delhi, New Delhi, India",IEEE Transactions on Nanotechnology,"12 May 2023","2023","22","","228","237","This paper presents hybrid design of a Ternary Inverter (TI) circuit by integrating an Ovonic-Threshold-Switching (OTS) based Phase-Change-Memory (PCM) cell between Complementary-Metal-Oxide-Semiconductor (CMOS) transistors. Volatile OTS behaviour of the PCM structure helps to generate the ternary state. Reliability of the proposed TI design has been demonstrated through the Monte-Carlo simulations in Cadence-Spectre simulator incorporating both Process and Mismatch variability at all corners. The proposed inverter cell consumes 10.44 $\mu$W power and 1.47 ns delay on UMC-180 nm technology node. Moreover to demonstrate the scaling potential, we have simulated the proposed inverter at various technology nodes i.e 180/90/65/28 nm. At advanced feature sizes, power and delay are improved by significant amount. For benchmarking, we have compared the proposed TI design with various state-of-the-art hybrid structures. Furthermore, to demonstrate potential applications, we designed and simulated ternary universal logic gates i.e NAND/NOR. Benefits of the proposed TI in circuit applications are shown through a Ternary Multiplier (TMUL) arithmetic circuit implementation. Finally, a Ternary-Static-Random-Access-Memory (TSRAM) is proposed with two back-to-back connected CMOS-PCM TIs with three bit storing capability.","1941-0085","","10.1109/TNANO.2023.3272831","","https://ieeexplore.ieee.org/stamp/stamp.jsp?arnumber=10115006","Ternary Inverter (TI);Multi Valued logic (MVL);Phase-Change Memory (PCM);Ovonic Threshold Switching (OTS);Negative Differential Resistance (NDR);Emerging Non-Volatile Memory (NVM);Ternary Static Random-Access Memory (TSRAM)","Phase change materials;Resistance;Inverters;Integrated circuit modeling;Multivalued logic;Nonvolatile memory","","13","","55","IEEE","3 May 2023","2023","","IEEE","IEEE Journals"
"Ovarian-Cancer Biomarker (HE4) Recognition in Serum Using Hetero TFET Biosensor","A. Bhattacharyya; D. De; M. Chanda","Department of ECE, Haldia Institute of Technology, Haldia, India; Department of CSE, Maulana Abul Kalam Azad University of Technology, Kolkata, India; Department of ECE, Meghnad Saha Institute of Technology, Kolkata, India",IEEE Transactions on Nanotechnology,"19 May 2023","2023","22","","238","244","Recognition of ovarian-cancer biomarker (HE4) in serum using dual-material In0.53Ga0.47As/Si hetero-structure charge-plasma-based extended gate TFET biosensor (DCE-HTFET) has been depicted in this article. The virtual fabrication flow for the configuration has been mentioned here. Silvaco ATLAS TCAD device simulator is used to optimize the device for better sensitivity. The sensitivity of the proposed model in the serum biosphere for different HE4 concentrations in histological subgroups of ovarian cancer has been investigated. An optimum ON-current to OFF-current sensitivity (SION/IOFF) of 18.2 × 106 and sensitivity regarding sub-threshold swing (SSS) of 95% have been achieved for the “Mucinous” type histological sub-group of ovarian-cancer biomarker having 74 pmol/L concentration. The proposed biosensor has been compared with the state-of-the-art literature to highlight its efficacy.","1941-0085","","10.1109/TNANO.2023.3272926","","https://ieeexplore.ieee.org/stamp/stamp.jsp?arnumber=10115489","Ambipolarity;charge-plasma;hetero-structure;label-free biosensing;ovarian-cancer biomarker;sensitivity","Biological system modeling;Sensitivity;Biosensors;Tunneling;Ovarian cancer;Biomarkers","","21","","31","IEEE","4 May 2023","2023","","IEEE","IEEE Journals"
"Ultra-Low Power Reconfigurable Synaptic and Neuronal Transistor for Spiking Neural Network","N. Kamal; J. Singh; A. Lahgere; P. K. Tiwari","Department of Electrical Engineering, Indian Institute of Technology Patna, Patna, India; Department of Electrical Engineering, Indian Institute of Technology Patna, Patna, India; Department of Electrical Engineering, Indian Institute of Technology Kanpur, Kanpur, India; Department of Electrical Engineering, Indian Institute of Technology Patna, Patna, India",IEEE Transactions on Nanotechnology,"19 May 2023","2023","22","","245","251","In this article, we have proposed a novel reconfigurable synaptic and neuronal transistor (RSNT) at sub-10 nm regime for the spiking neural network (SNN). From calibrated TCAD simulations, we demonstrated that the proposed RSNT mimics both synaptic and neuronal functionalities. The proposed RSNT comprises of two gates, front gate (FG) and back gate (BG) to configure as a synapse and neuron, respectively. We investigated the synapse characteristics such as short-term (ST) and long-term (LT) synaptic plasticity (STSP/LTSP). The STSP is distinguished in terms of short-term potentiation/depression and paired-pulse facilitation/depression (PPF/PPD). And the LTSP is characterized by analyzing the long-term potentiation/depression (LTP/LTD) and spike-timing-dependent plasticity (STDP). Moreover, the energy consumption of the RSNT device during the facilitation and depression events is 4.5 pJ and 6.0 pJ, respectively. The reconfigurable leaky integrate-and-fire (LIF) neuron requires 1.2 fJ energy per spike (E$_{spike}$) for firing which is $\sim$ 10$^{4}$ × less E$_{spike}$ and $\sim$ 9 × lower supply voltage as compared to the PD-SOI MOSFET based LIF neuron. The simulation results assures that the proposed RSNT with various synaptic and LIF neuronal characteristics at sub-10 nm regime has potential application for the neuromorphic systems as it increases the integration density and eases the fabrication complexity.","1941-0085","","10.1109/TNANO.2023.3273624","Department of Science and Technology-Science and Engineering Research Board, Government of India, New Delhi, India(grant numbers:CRG/2021/007278); ","https://ieeexplore.ieee.org/stamp/stamp.jsp?arnumber=10120989","Reconfigurable synaptic neuronal transistor (RSNT);short-term and long-term potentiation/depression (STP/STD and LTP/LTD);spike-timing-dependent plasticity (STDP);leaky integrated fire (LIF)","Logic gates;Neurons;Synapses;Silicon;Neuromorphics;Reconfigurable devices;Neural networks","","8","","28","IEEE","8 May 2023","2023","","IEEE","IEEE Journals"
"Eco-Friendly Synthesis of Wrinkle-Free Ultra-Flat Multi-Layer Graphene by Femtosecond Laser Irradiation of Graphite Under Ambient Conditions","R. K. Gadde; G. Srikanth; C. Byram; M. A. Taher; S. G. Acharyya; V. R. Soma; T. N. De","School of Engineering Sciences and Technology, University of Hyderabad, Hyderabad, India; School of Engineering Sciences and Technology, University of Hyderabad, Hyderabad, India; Advanced Centre of Research in High Energy Materials, University of Hyderabad, Hyderabad, India; Electrical Engineering Department, Indian Institue of Technology Hyderabad, Sangareddy, India; School of Engineering Sciences and Technology, University of Hyderabad, Hyderabad, India; Advanced Centre of Research in High Energy Materials, University of Hyderabad, Hyderabad, India; Advanced Systems Laboratory, Hyderabad, India",IEEE Transactions on Nanotechnology,"19 May 2023","2023","22","","252","259","Here, we report a single-step, high-yield technique for producing planar sheets of wrinkle-free multi-layer graphene (MLG) under ambient conditions by ablation of graphite powder dispersed in ethanol using a femtosecond laser. The parameters for the synthesis of MLG have been optimized and established. The number of layers and quality of MLG produced at several laser fluences (39.4 J/cm2, 98.72 J/cm2, 197.45 J/cm2, 296.16 J/cm2) was established based on detailed characterization using field emission scanning electron microscopy (FESEM), high-resolution transmission electron microscopy (HRTEM) with selected area electron diffraction (SAED), atomic force microscopy (AFM), Raman spectroscopy, X-ray photoelectron spectroscopy (XPS), and Fourier transform infrared spectroscopy (FTIR). Wrinkle-free, ultra-flat crystalline MLG sheets with 2-12 layers were produced in each case with an average lateral dimension of ∼1--3 μm. The associated oxy- functional groups were characterized and quantified using FTIR and XPS. The highest percentage of sp2 C atoms and C/O ratio for MLG was achieved at the lowest laser fluence. The higher the laser fluence higher the defects produced in the MLG sheets. The technique produces zero chemical waste, has a very high yield of ∼ 95%, and is promising for bulk-scale production of MLG.","1941-0085","","10.1109/TNANO.2023.3272009","Defence Research and Development Organisation(grant numbers:ASL/31/14/4051/CARS/051); Institute of Eminence, University of Hyderabad; DST-SERB; ","https://ieeexplore.ieee.org/stamp/stamp.jsp?arnumber=10124148","Eco-friendly;high yield;large-scale production;laser ablation;multi-layer graphene","Graphene;Graphite;Laser ablation;Powders;Quantum dot lasers","","","","66","IEEE","12 May 2023","2023","","IEEE","IEEE Journals"
"Design of Leaky Integrate and Fire Neuron for Spiking Neural Networks Using Trench Bipolar I-MOS","A. Lahgere","Department of Electrical Engineering, Indian Institute of Technology, Kanpur, India",IEEE Transactions on Nanotechnology,"29 May 2023","2023","22","","260","265","In this article, using calibrated 2-D TCAD simulations we report a trench Bipolar I-MOS for the realization of a spiking neural network. We demonstrated that the proposed trench Bipolar I-MOS LIF neuron can emulate the biological neuronal nature and exhibits a low threshold voltage (−0.16 V), which is ∼|400 mV| lower than the past reported LBIMOS LIF neuron. Moreover, the trench Bipolar I-MOS neuron consumes 0.35 pJ energy per spike, which is ∼100x lower in comparison to the PDSOI LIF neuron. Further, the proposed LIF neuron shows ∼10x reduction in energy per spike than the recently published Ge MOSFET and JLFET based LIF neurons. In addition, the proposed trench Bipolar I-MOS LIF neuron exhibits ∼6 orders high spiking frequency than the biological neuron. Also, the proposed device shows a ∼1.1x reduction in the breakdown voltage as compared to the conventional Bipolar I-MOS. This is due to the crowding of the electric field near the gate edges.","1941-0085","","10.1109/TNANO.2023.3278537","Department of Science and Technology-Science and Engineering Research Board(grant numbers:EEQ/2022/000023); ","https://ieeexplore.ieee.org/stamp/stamp.jsp?arnumber=10130327","Bipolar I-MOS;impact ionization;leaky integrate fire (LIF);spiking neural network (SNN)","Neurons;BiCMOS integrated circuits;Doping;Impact ionization;Neural networks;Threshold voltage","","12","","24","IEEE","22 May 2023","2023","","IEEE","IEEE Journals"
"Ultra Low Energy Charge Trapping MOSFET With Neuro-Inspired Learning Capabilities","A. Kumar; A. K. Kamal; J. Singh; B. Gupta","Department of Electronics and Communication Engineering, National Institute of Technology, Patna, India; Department of Electrical and Electronics Engineering, ABV-IIITM, Gwalior, India; Department of Electrical Engineering, Indian Institute of Technology, Patna, India; Department of Electronics and Communication Engineering, National Institute of Technology, Patna, India",IEEE Transactions on Nanotechnology,"23 Jun 2023","2023","22","","266","272","In this article, a synaptic semiconductor device and its crossbar have been demonstrated for real-time artificial intelligence (AI) applications. The proposed device is a dual gate, metal-oxide-semiconductor field-effect transistor (MOSFET) with charge trapping and de-trapping capabilities to emulate synaptic weight modulation. It achieves ultra-low energy consumption in the range few-tenth of femto-Joules and can be further reduced by adjusting device parameters. Moreover, to prove the potential of the proposed device as an analog AI accelerator, it was trained and tested for an ANN based underwater image enhancement algorithm on Underwater Image Enhancement Benchmark (UIEB) dataset. The results were compared to the state-of-arts which show that our proposed algorithm works better than most of the previous works on qualitative as well as quantitative grounds. The ultra-low energy consumption of the order of one-tenth of femto-Joules makes the proposed crossbar architecture (AI accelerator) a potential candidate for real-time data intensive AI/ML applications.","1941-0085","","10.1109/TNANO.2023.3283987","Department of Science and Technology-Science and Engineering Research Board, Government of India, New Delhi, India(grant numbers:CRG/2021/007278); Atal Bihari Vajpayee Indian Institute of Information Technology and Management, Gwalior(grant numbers:ABV-IIITM/DORC/FIG/001/2023-3997); ","https://ieeexplore.ieee.org/stamp/stamp.jsp?arnumber=10146483","AI accelerator;ANN;synaptic weight;synaptic crossbar;synaptic depression;synaptic facilitation;underwater","Synapses;Neurons;MOSFET;Energy consumption;Real-time systems;AI accelerators;Artificial neural networks","","7","","44","IEEE","8 Jun 2023","2023","","IEEE","IEEE Journals"
"High-Speed Tapping Mode AFM Utilizing Recovery of Tip-Sample Interaction","J. Noom; C. Smith; G. J. Verbiest; A. J. Katan; O. Soloviev; M. Verhaegen","Delft Center for Systems and Control (DCSC), Delft University of Technology, Delft, The Netherlands; Delft Center for Systems and Control (DCSC), Delft University of Technology, Delft, The Netherlands; Department of Precision and Microsystems Engineering, Delft University of Technology, Delft, The Netherlands; Department of Bionanoscience, Kavli Institute of Nanoscience Delft, Delft University of Technology, Delft, The Netherlands; DCSC, Delft University of Technology, Delft, The Netherlands; Delft Center for Systems and Control (DCSC), Delft University of Technology, Delft, The Netherlands",IEEE Transactions on Nanotechnology,"22 Jun 2023","2023","22","","273","279","We propose to use the State Estimation by Sum-of-Norms Regularisation (STATESON-)algorithm for recovering the tip-sample interaction in high-speed tapping mode atomic force microscopy (AFM). This approach enables accurate sample height estimation for each independent cantilever oscillation period, provided that the tip-sample interaction dominates the noise. The entire course of the cantilever deflection signal is compared to a modelled counterpart in subsequent convex minimisations, such that the sparse tip-sample interaction can be recovered. Afterwards, the sample height is determined using the minimum smoothed cantilever deflection per cantilever oscillation period. Results from simulation experiments are in favour of the proposed approach as it consistently reveals sharp edges in sample height, as opposed to both the conventional and a closely related existing approach. However, the non-processed cantilever deflection provided most accurate sample height estimation. It is recommended to implement the STATESON-algorithm in the form of a filter to use it in feedback control of the scanner and cantilever excitation.","1941-0085","","10.1109/TNANO.2023.3284654","Electronic Components and Systems for European Leadership(grant numbers:826589); European Union's Horizon 2020 Research and Innovation Programme; The Netherlands, Belgium, Germany, France, Italy, Austria, Hungary, Romania, Sweden and Israel; ","https://ieeexplore.ieee.org/stamp/stamp.jsp?arnumber=10147309","Atomic force microscopy;tip-sample interaction;state estimation","Oscillators;Kalman filters;Time measurement;State estimation;Atomic force microscopy","","1","","26","CCBY","9 Jun 2023","2023","","IEEE","IEEE Journals"
"IMPLY-Based High-Speed Conditional Carry and Carry Select Adders for In-Memory Computing","N. Kaushik; S. Bodapati","School of Computing and Electrical Engineering, Indian Institute of Technology, Mandi, India; School of Computing and Electrical Engineering, Indian Institute of Technology, Mandi, India",IEEE Transactions on Nanotechnology,"22 Jun 2023","2023","22","","280","290","Big data applications involved with neural networks requires frequent data transfer between memory and processing elements and thus, take a significant portion of energy. One possible method is to realize logic operations inside the memory, often known as in-memory computing. The memristor employed in a crossbar can also conduct logic operations, making it a promising candidate for enabling such designs. In-memory computing can vastly improve speed efficiency by significantly reducing memory access time and energy. Therefore, efficient operations inside the memory are crucial for data-intensive applications. This article presents two high-speed adders in memristive technology, which are derived using IMPLY-based logic operations and can be implemented on a crossbar architecture for in-memory computing. One is a carry select adder, which uses efficient ripple carry adders and multiplexers. While the other is a conditional carry adder, designed using a modified half adder and multiplexers. An IMPLY-based multiplexer and modified half adder are proposed as part of these adders. A modified half adder calculates the sum of two inputs and two carry outputs for various carry inputs. Compared to conventional adder designs, the speed of these two adders has been significantly enhanced. In particular, the proposed 32-bit Carry Select Adder and Conditional Carry Adder take 123 and 90 computational steps, respectively. The proposed adders have improved the speed by 30% and 49%, respectively, compared to the best-existing adder in IMPLY. Further, this article presents computational steps and the number of memristors required for $n$-bit adders. The proposed circuits were simulated using the VTEAM model, and energy consumed for each adder is calculated from the simulations.","1941-0085","","10.1109/TNANO.2023.3284845","","https://ieeexplore.ieee.org/stamp/stamp.jsp?arnumber=10148800","Adder;carry select;conditional carry;memristor;imply and emerging technologies;in-memory computing","Adders;Memristors;Multiplexing;Neural networks;In-memory computing","","22","","35","IEEE","12 Jun 2023","2023","","IEEE","IEEE Journals"
"Zooming-Free Hand-Eye Self-Calibration for Nanorobotic Manipulation Inside SEM","Y. Yang; T. Li; X. Fu; Z. Sun; Y. F. Li; S. Liu","School of Information Science and Technology, ShanghaiTech University, Shanghai, China; School of Information Science and Technology, ShanghaiTech University, Shanghai, China; School of Information Science and Technology, ShanghaiTech University, Shanghai, China; School of Information Science and Technology, ShanghaiTech University, Shanghai, China; Department of Mechanical Engineering, City University of Hong Kong, Kowloon, Hong Kong; School of Information Science and Technology, ShanghaiTech University, Shanghai, China",IEEE Transactions on Nanotechnology,"23 Jun 2023","2023","22","","291","300","Nanorobotic manipulation inside Scanning Electron Microscope (SEM) is widely used in nanomaterial characterization and assembly tasks. However, tedious and time-consuming hardware regulations, like axis alignment, are still critical and mandatory to keep the functionality of nanorobot systems. This article proposes a novel zooming-free hand-eye self-calibration method for nanorobotic manipulation inside SEM to circumvent the hardware regulation problem, which is applicable to a wide range of system configurations. The hand-eye relationship calibration method is based on the active incremental motion of the nanorobot without referring to expensive and complicated calibration patterns. Both perspective projection at low magnification and affine projection at high magnification are modelled, and unified by the image Jacobian matrix technique. With several times active calibration at different magnification factors in advance, the hand-eye relationship can be, thereafter, determined from the model at arbitrary status. The calibration model can be applied to both accurate SEM visual measurement and precision visual servo control. The corresponding methods regarding two-dimensional (2D) measurement, in-plane positioning, and constrained three-dimension (3D) positioning based on the proposed hand-eye relationship model are also presented in this article. Experiments show that practical contact between robot end-effector and silicon nanowire under 1500× is well established with standard deviation less than one pixel.","1941-0085","","10.1109/TNANO.2023.3285360","Shanghai Pujiang Talents Program(grant numbers:21PJ1410500); ","https://ieeexplore.ieee.org/stamp/stamp.jsp?arnumber=10149503","Hand-eye relationship;nanorobotic manipulation;scanning electron microscope","Calibration;Scanning electron microscopy;Jacobian matrices;End effectors;Robot kinematics;Nanotechnology","","4","","31","IEEE","13 Jun 2023","2023","","IEEE","IEEE Journals"
"Fuzzy-Inspired Nanobiosensing for Multi-Feature Soft Classification of Tumor","Z. Gong; H. N. Ingabire; Y. Chen","School of Engineering, The University of Waikato, Hamilton, New Zealand; School of Life Science and Technology, University of Electronic Science and Technology of China, Chengdu, China; School of Life Science and Technology, The University of Electronic Science and Technology of China, Chengdu, China",IEEE Transactions on Nanotechnology,"28 Jun 2023","2023","22","","301","308","This article proposes a novel fuzzy-inspired nanobiosensing framework for soft classification of tumor by using multiple features of the tumor, where interrelationships between different features are accounted for. For illustration purpose, two features of breast cancer, namely, tumor tissue abnormality and tumor foci separation, are utilized to determine the disease state. The sensing performance is then evaluated through the fuzzy relation transfer analysis. This analysis enables an intuitive yet systematic way to characterize the variation of classification fuzziness occurred during the sensing process facilitated by nanoscale contrast agents. Subsequently, the mean absolute error of the pre- and post-contrast membership functions is employed to evaluate the sensing integrity. Finally, numerical results are presented to demonstrate the principles of the proposed framework.","1941-0085","","10.1109/TNANO.2023.3287235","Sichuan Science and Technology Program of China(grant numbers:2021JDRC0036); ","https://ieeexplore.ieee.org/stamp/stamp.jsp?arnumber=10155205","Fuzzy system;fuzzy-inspired sensing;biomedical signal processing;soft classification;contrast-enhanced imaging","Tumors;Biomedical imaging;Fuzzy set theory;Nanoscale devices;Medical diagnostic imaging;Biomedical signal processing;Fuzzy systems;Biosensors","","3","","26","IEEE","19 Jun 2023","2023","","IEEE","IEEE Journals"
"Multifunctional Metallic Anode for Optimizing Organic Light-Emitting Devices Performance","H. Lou; C. Ma","Department of Applied Physics, School of Science, Jiangsu University of Science and Technology, Zhenjiang, China; Department of Optoelectronic Information of Science and Engineering, School of Science, Jiangsu University of Science and Technology, Zhenjiang, China",IEEE Transactions on Nanotechnology,"30 Jun 2023","2023","22","","309","312","The optical nanostructures with high-integration have attracted considerable attentions in the function expansion for the organic light-emitting devices (OLEDs). However, these nanostructures are usually fabricated by hard brittle materials, such as Si, and applied as attached equipment into device system. The traditional integration strategy gradually cannot meet the requirement for ultrathin, high-flexibility and multifunction in the new generation OLEDs. In this work, the electron beam lithography (EBL) has been applied to integrated the optical nanostructures into metallic electrode, realizing the high functional integration into ultrathin OLEDs. After carefully designed the structured electrode, we have successfully integrated the function of charge injection, trapped photons extraction and light collimation into one. And this attempt may provide a feasible strategy for the fabrication of next-generation ultrathin and multifunctional photoelectric devices.","1941-0085","","10.1109/TNANO.2023.3287808","National Natural Science Foundation of China(grant numbers:62204102); Basic Science Research Project of Jiangsu Province(grant numbers:22KJB510019); ","https://ieeexplore.ieee.org/stamp/stamp.jsp?arnumber=10159504","Nanostructured electrode;organic light emitting devices;optical manipulation","Organic light emitting diodes;Optical device fabrication;Optical films;Nanostructures;Indium tin oxide;Electron beam applications;Lithography","","1","","22","IEEE","22 Jun 2023","2023","","IEEE","IEEE Journals"
"Unipolar Potentiation and Depression in Memristive Devices Utilizing the Subthreshold Regime","D. J. Mannion; V. C. Vu; W. H. Ng; A. Mehonic; A. J. Kenyon","Department of Electronic & Electrical Engineering, Univeristy College London, London, U.K.; Department of Electronic & Electrical Engineering, Univeristy College London, London, U.K.; Department of Electronic & Electrical Engineering, Univeristy College London, London, U.K.; Department of Electronic & Electrical Engineering, Univeristy College London, London, U.K.; Department of Electronic & Electrical Engineering, Univeristy College London, London, U.K.",IEEE Transactions on Nanotechnology,"4 Jul 2023","2023","22","","313","320","We present a resistance switching device that exhibits analogue potentiation and depression of conductance under the same voltage polarity. This contrasts with previously studied devices that potentiate and depress under opposite polarities. We refer to this mode of operation as the subthreshold regime due to it occurring at voltage or current biases that are insufficient to produce discrete or non-volatile switching. This behaviour has the potential to reduce the complexity of neuronal and synaptic circuitry in neuromorphic computing by removing the need for voltage pulses of both positive and negative polarities. The characteristically long timescales may also help replicate bio-realistic timings. In this article, we detail how to induce this unique behaviour, how to tune its properties to a desired response, and finally, we demonstrate one potential application.","1941-0085","","10.1109/TNANO.2023.3284144","Engineering and Physical Sciences Research Council(grant numbers:EP/T517793/1,2576207); ","https://ieeexplore.ieee.org/stamp/stamp.jsp?arnumber=10146466","Current transient;memristor;neuromorphic;ReRAM;resistance switching;silicon oxide;subthreshold regime;synapse","Transient analysis;Electric potential;Synapses;Memristors;Neuromorphic engineering;Resistive RAM;Silicon compounds","","7","","34","IEEE","8 Jun 2023","2023","","IEEE","IEEE Journals"
"Effects of Argon (Ar) on Synthesis and Photocatalytic Activities of Graphene","J. A. Rafi; M. A. Islam; T. Nuzhat; M. Honda; Y. Ichikawa","Department of Physical Science and Engineering, Nagoya Institute of Technology, Nagoya, Aichi, Japan; Department of Electrical and Electronic Engineering and Department of Computer Science and Engineering, International Islamic University Chittagong, Chittagong, Bangladesh; Department of Electrical and Electronic Engineering and Department of Computer Science and Engineering, International Islamic University Chittagong, Chittagong, Bangladesh; Department of Physical Science and Engineering, Nagoya Institute of Technology, Nagoya, Aichi, Japan; Department of Physical Science and Engineering, Nagoya Institute of Technology, Nagoya, Aichi, Japan",IEEE Transactions on Nanotechnology,"30 Jun 2023","2023","22","","321","327","The effects of Argon (Ar) on the Synthesis and Photocatalytic activities of monolayer Graphene under the flow of Methane (CH4) and Hydrogen (H2) gas has been studied. The Chemical Vapor Deposition (CVD) method was used to create a large area of monolayer graphene with features that meet the needs of a wide variety of applications. With this, the possibility of varying the dimensions of graphene by differing the argon gas while keeping other parameters constant was demonstrated. This helps with the ability to control the size and number of layers of graphene for different applications. Further, the photocatalytic activities of produced graphene were examined during CVD at various argon gas flow rates to observe their effects on the performances of graphene. The result shows that the synthesized graphene at Ar = 80 sccm is a monolayer with perfectly shaped edges. After exfoliation, the graphene obtained was properly formed with a large surface area, which helped achieve the results of higher photocatalytic activity.","1941-0085","","10.1109/TNANO.2023.3284547","","https://ieeexplore.ieee.org/stamp/stamp.jsp?arnumber=10147325","Graphene;argon;photocatalytic activity;chemical vapor deposition (CVD);photodegradation","Graphene;Argon;Surface treatment;Plasma temperature;Chemical vapor deposition;Degradation;Photocatalysis","","3","","35","IEEE","9 Jun 2023","2023","","IEEE","IEEE Journals"
"High Sensitive Metasurface Absorber for Refractive Index Sensing","R. Agrahari; S. Dwivedi; P. K. Jain; M. Mahto","Electronics and Communication Engineering Department, National Institute of Technology Patna, Patna, India; Electronics and Communication Engineering Department, National Institute of Technology Patna, Patna, India; Electronics and Communication Engineering Department, National Institute of Technology Patna, Patna, India; Electronics and Communication Engineering Department, National Institute of Technology Patna, Patna, India",IEEE Transactions on Nanotechnology,"10 Jul 2023","2023","22","","328","335","Metasurface absorber-based terahertz biosensors are one of the emerging fields for sensing devices because of their quick response to changes in the background refractive index, small size, easier fabrication and measurement. In this article, a simple design and highly sensitive metasurface absorber is presented for the detection of the change in background refractive index. The proposed device provides maximum sensitivity of 2.37 THz/RIU, Q-factor of 574.46, and FOM of 540 RIU−1 for the refractive index ranges from 1.0 to 1.37. The meta-atom consists of a bow-tie metallic patch that exhibits dual-band absorptance at 1.93 THz and 2.7 THz for the x-polarized incident wave. The surface resonances at 2.7 THz result in narrow bandwidth with a very high Q-factor which enable the sensing ability of the proposed device. The sensing performance of the proposed metasurface is demonstrated by detecting the tuberculosis bacteria in the blood sample. The extremely good traits of the proposed metasurface absorber-based sensor can be utilized to detect other viruses and bacteria present in the blood cells for diagnosis applications.","1941-0085","","10.1109/TNANO.2023.3290953","","https://ieeexplore.ieee.org/stamp/stamp.jsp?arnumber=10169113","Metasurface;absorber;biosensor;tuberculosis detection;sensitivity;quality factor","Metasurfaces;Q-factor;Sensitivity;Sensors;Refractive index;Biosensors;Tuberculosis","","44","","37","IEEE","30 Jun 2023","2023","","IEEE","IEEE Journals"
"Metamaterial-Based THz Polarization-Insensitive Multi-Controllable Sensor Comprising MgF2-Graphene Periodic Nanopillers Over InSb Thin Film","E. M. Sheta; A. . -B. M. A. Ibrahim; P. K. Choudhury","Institute of Microengineering and Nanoelectroics, Universiti Kebangsaan Malaysia, Bangi, Selangor, Malaysia; Faculty of Applied Sciences, Universiti Teknologi MARA, Shah Alam, Selangor, Malaysia; International Research Center or Advanced Photonics, Zhejiang University, Haining, China",IEEE Transactions on Nanotechnology,"10 Jul 2023","2023","22","","336","341","A specially designed metamaterial was investigated wherein the top metasurface was comprised of MgF2-graphene periodic nanopillers formed over an InSb nanolayer. The transmission characteristics of metamaterial was artificially controlled, and the effects due to altering external stimuli, such as thermal ambience, graphene chemical potential and magnetostatic bias, were studied in the 6–15 THz regime. The structure exhibits vanishing transmission with sharp (transmission) minima in certain frequencies, the positions of which essentially depend on the external stimuli. The angular dependence and polarization-insensitive properties were also discussed, apart from the effect of using different numbers of graphene layers in the nanopillers. The results show potential of the metamaterial as sensor due to the thermal, electrical and magnetic variations.","1941-0085","","10.1109/TNANO.2023.3290589","","https://ieeexplore.ieee.org/stamp/stamp.jsp?arnumber=10168297","Hyperbolic metamaterials;THz devices;multi-controllable sensors","Graphene;Magnetostatics;Permittivity;Metamaterials;Perpendicular magnetic anisotropy;Terahertz materials;Sensors","","7","","31","IEEE","29 Jun 2023","2023","","IEEE","IEEE Journals"
"Theoretical Study on Vertically Coupled Stranski-Krastanov (SK) on Sub Monolayer (SML) InAs Quantum Dot Heterostructures Employing Ternary and Quaternary Barrier Materials","R. Kumar; S. Choudhary; J. Saha; S. Chakrabarti","Electrical Engineering, Indian Institute of Technology Bombay, Mumbai, India; Center for Research in Nanotechnology and Sciences, Indian Institute of Technology Bombay, Mumbai, India; Electrical Engineering, Indian Institute of Technology Gandhinagar, Gandhinagar, India; Electrical Engineering, Indian Institute of Technology Bombay, Mumbai, India",IEEE Transactions on Nanotechnology,"17 Jul 2023","2023","22","","342","348","This work presents the impact of barrier spacer on the structural and optical properties of strain-coupled Stranski-Krastanov (SK) on Sub Monolayer (SML) quantum dot (QD) heterostructures. Various ternary and quaternary materials have been employed as the barrier layer of SK-SML QD heterostructures. In the coupled SK-SML QDs, the residual strain propagates from the SML seed layer towards the top SK dots, introducing defects and dislocations. After employing the ternary (GaAs1-ySby) and quaternary (InxAl0.21Ga1-.0.21-xAs and In0.18Ga0.82As1-ySby) materials, the residual strain reduces, reducing the defects which thereby helps in increasing the crystalline quality of the heterostructure. Nextnano software has been used to compute the structures' strain, energy band profile, probability density functions, and emission wavelength. Two strain components, viz. hydrostatic as well as biaxial strain, have been computed and compared for all the heterostructures to understand the distribution of the strain profile. The emission wavelength is red-shifted for the SK-SML QD heterostructures with ternary and quaternary materials as a barrier layer as compared to that of the GaAs barrier. Moreover, type-I and II energy band profiles are observed for Sb-based barrier material, appropriate for various optoelectronic applications. This is a comparative study of SK-SML QDs with various barrier materials helps minimize the strain and defects and improve the device performance.","1941-0085","","10.1109/TNANO.2023.3276210","DST Nano Mission(grant numbers:SR/NM/NS 1178/2015(G)); Science and Engineering Research Board(grant numbers:EMR/2016/005338); DST-SERI(grant numbers:DST/TMC/SERI/FR/117(G)); Indian Space Research Organization(grant numbers:09SUBH001); Abdul Kalam Technology Innovation National Fellowship(grant numbers:INAE/121/AKF); National Central of Excellence in Technology for Internal Security(grant numbers:NCETIS); ","https://ieeexplore.ieee.org/stamp/stamp.jsp?arnumber=10124278","Emission wavelength;energy band;quantum dot;SK-SML;strain;type-I/II","Strain;Gallium arsenide;Probability density function;Photonic band gap;Lattices;Quantum dots","","3","","64","IEEE","15 May 2023","2023","","IEEE","IEEE Journals"
"A Novel Approach for Achieving Slow Light With Ultra-Low Dispersion in Plasmonic Device","J. Chai; Y. Xie; Y. Ye; B. Liu; X. Jiang; Y. Su; R. Yang; M. Liu","College of Electronic and Information Engineering, Southwest University, Chongqing, China; Chongqing Key Laboratory of Nonlinear Circuits and Intelligent Information Processing, The Key Laboratory of Networks and Cloud Computing Security of Universities in Chongqing, College of Electronic and Information Engineering, Southwest University, Chongqing, China; College of Electronic and Information Engineering, Southwest University, Chongqing, China; College of Electronic and Information Engineering, Southwest University, Chongqing, China; College of Electronic and Information Engineering, Southwest University, Chongqing, China; College of Electronic and Information Engineering, Southwest University, Chongqing, China; College of Electronic and Information Engineering, Southwest University, Chongqing, China; College of Electronic and Information Engineering, Southwest University, Chongqing, China",IEEE Transactions on Nanotechnology,"13 Jul 2023","2023","22","","349","358","Compact slow light devices are essential components for performing data caching and signal processing in photonic integrated loops. In this article, an integrated ultra-low-dispersion slow light device with a novel method is proposed. The device consists of three parts (hexagonal resonator with elliptical core, stub cavity, and tooth cavities) coupled to the waveguide, respectively. Dual Fano resonances occur in the structure, and transmission characteristics of the structure are investigated in detail by temporal coupled-mode theory. Finite-difference time-domain simulations reveal that the transmission bandwidth, group index, and delay time can be manipulated by adjusting the separation between two Fano resonances, which is related to the eccentricity of the oval core. At the 850.7 nm window, transmission bandwidth and average group index are optimized to 21.1 nm and 12.19, respectively. Moreover, multiple dispersionless wavelengths within the slow light bandwidth are obtained based on dual Fano resonances. Furthermore, feasibility of the device to perform slow light function in different channels is researched, and device performance is presented and analyzed. This device has a great impact on improving the quality of signals on chips, and the method introduced is of great significance for designing other photonic devices.","1941-0085","","10.1109/TNANO.2023.3290595","Chongqing Talent Plan(grant numbers:cstc2022ycjh-bgzxm0165); Innovation Research 2035 Pilot Plan of Southwest University and Fundamental Research Funds; Central Universities(grant numbers:SWU-XDPY22013); ","https://ieeexplore.ieee.org/stamp/stamp.jsp?arnumber=10168258","Integrated optics;surface plasmon polaritons;Fano resonance;slow light;signal processing","Slow light;Photonics;Performance evaluation;Integrated optics;Surface plasmon polaritons;Signal processing;Plasmons","","","","58","IEEE","29 Jun 2023","2023","","IEEE","IEEE Journals"
"Heterojunction Infrared Photodiodes With High Dynamic Range Based on Lead Sulfide Quantum Dot and Zinc Oxide Nanomembrane","H. Wang; Y. Dong; X. Fu; X. Zhao; Q. Zhao; M. Xia; M. Kang; C. Zhao; Z. Xu; Y. Zhu; L. Gao; J. Tang; L. Dong; J. Miao; W. Hu","State Key Laboratory of Infrared Physics, Shanghai Institute of Technical Physics, Chinese Academy of Sciences, Shanghai, China; State Key Laboratory of Infrared Physics, Shanghai Institute of Technical Physics, Chinese Academy of Sciences, Shanghai, China; State Key Laboratory of Infrared Physics, Shanghai Institute of Technical Physics, Chinese Academy of Sciences, Shanghai, China; Huazhong University of Science and Technology, Wuhan, China; State Key Laboratory of Infrared Physics, Shanghai Institute of Technical Physics, Chinese Academy of Sciences, Shanghai, China; State Key Laboratory of Infrared Physics, Shanghai Institute of Technical Physics, Chinese Academy of Sciences, Shanghai, China; State Key Laboratory of Infrared Physics, Shanghai Institute of Technical Physics, Chinese Academy of Sciences, Shanghai, China; State Key Laboratory of Infrared Physics, Shanghai Institute of Technical Physics, Chinese Academy of Sciences, Shanghai, China; State Key Laboratory of Infrared Physics, Shanghai Institute of Technical Physics, Chinese Academy of Sciences, Shanghai, China; State Key Laboratory of Infrared Physics, Shanghai Institute of Technical Physics, Chinese Academy of Sciences, Shanghai, China; Huazhong University of Science and Technology, Wuhan, China; Huazhong University of Science and Technology, Wuhan, China; Biomedical Engineering, City University of Hong Kong, Hong Kong, China; State Key Laboratory of Infrared Physics, Shanghai Institute of Technical Physics, Chinese Academy of Sciences, Shanghai, China; State Key Laboratory of Infrared Physics, Shanghai Institute of Technical Physics, Chinese Academy of Sciences, Shanghai, China",IEEE Transactions on Nanotechnology,"17 Jul 2023","2023","22","","359","364","Photodetectors and imagers with short-wave infrared (SWIR) sensitivities at wavelengths beyond the bandgap of silicon (Eg ∼ 1.1 eV) are currently subject to a rapidly expanding application space. Despite continued technological advancement, linear dynamic range and high costs associated with processing III–V semiconductors still limit their widespread usage. Solution-processed colloidal quantum dots (CQDs) – with tunable bandgap and strong light-matter interaction – are highly suitable as infrared absorbers for cost-effective photodetection. Here, we demonstrate a SWIR photodiode architecture with n-type zinc oxide (ZnO) nanomembrane and p-type lead sulfide (PbS) CQD thin film vertically stacked together. In the PbS CQD/ZnO nanomembrane p-n photodiode, the incident SWIR photons can be absorbed in the PbS CQD film and the photoexcited electron-hole pairs are rapidly separated by the built-in electric field. The fabricated heterojunction p-n photodiodes show a broad short-circuit photocurrent response with a peak responsivity of ∼75 mA/W and a maximum linear dynamic range of ∼100 dB. Finally, to demonstrate the uniformity and scalability, 16 × 16 photodetectors arrays (256 pixels) have been realized showing a very uniform photocurrent response with Isc in the range of 100 nA. As the increased maturity of large-scale film fabrication of PbS CQD along with CMOS readout integrated circuit technology, focal plane arrays can be realized based on PbS CQD/ZnO nanomembrane heterostructures.","1941-0085","","10.1109/TNANO.2023.3292258","National Natural Science Foundation of China(grant numbers:62261136552,62005303,62134001,62104053); National Key Research and Development Program of China(grant numbers:2021YFA0715602); Science and Technology Commission of Shanghai Municipality(grant numbers:23YF1455400); Shanghai Post-Doctoral Excellence Program(grant numbers:2022669); Open Research Projects of Zhejiang Lab(grant numbers:2022NK0AB01); Fund of SITP Innovation Foundation(grant numbers:CX-401); ","https://ieeexplore.ieee.org/stamp/stamp.jsp?arnumber=10172308","Lead sulfide (PbS);colloidal quantum dots;infrared photodetectors;linear dynamic range;visible and infrared imaging","Photodiodes;Zinc oxide;II-VI semiconductor materials;Photoconductivity;Lead compounds;Quantum dots;Infrared detectors;Dynamic range;Infrared imaging","","9","","33","IEEE","4 Jul 2023","2023","","IEEE","IEEE Journals"
"On-Chip Unsupervised Learning Using STDP in a Spiking Neural Network","A. Gupta; S. Saurabh","Department of Electronics and Communication Engineering, Indraprastha Institute of Information Technology, Delhi, India; Department of Electronics and Communication Engineering, Indraprastha Institute of Information Technology, Delhi, India",IEEE Transactions on Nanotechnology,"17 Jul 2023","2023","22","","365","376","In this article, we propose an energy-efficient Ge-based device that enables on-chip unsupervised learning using Spike-Timing-Dependent-Plasticity (STDP) in a Spiking Neural Network (SNN). A Ferromagnetic Domain Wall (FM-DW) based device, which has decoupled read and write paths, is used as a synapse in this work. The proposed device comprises a dual pocket Fully-Depleted Silicon-on-Insulator (FD-SOI) MOSFET with dual asymmetric gates. Using a well-calibrated 2D device simulation model, we show that a pair of such devices can generate a current, which depends exponentially on the temporal correlation of spiking events in the pre- and post-neuronal layer. This current is fed to the FM-DW synapse, which in turn modulates the conductance of the synapse in accordance with the STDP learning rule. The proposed implementation requires 2-3× fewer transistors and offers a lower latency compared to existing literature. We further demonstrate the application of the proposed device at the system-level to train an SNN to recognize handwritten digits in the MNIST dataset and obtained a classification accuracy of 84%.","1941-0085","","10.1109/TNANO.2023.3293011","University Grants Commission; Senior Research Fellowship scheme; Science and Engineering Research Board; Department of Science and Technology, India(grant numbers:SRG/2021/001777); ","https://ieeexplore.ieee.org/stamp/stamp.jsp?arnumber=10174725","LIF neuron;Neuromorphic Computing;Spiking Neural Network (SNN);Spike-Timing-Dependent-Plasticity (STDP);Synapse;Band to band Tunneling (BTBT)","Synapses;Neurons;Unsupervised learning;System-on-chip;Neuromorphic engineering;Neural networks;Tunneling","","9","","37","IEEE","6 Jul 2023","2023","","IEEE","IEEE Journals"
"Towards Efficient In-Memory Computing Hardware for Quantized Neural Networks: State-of-the-Art, Open Challenges and Perspectives","O. Krestinskaya; L. Zhang; K. N. Salama","Electrical and Computer Engineering Program, the Division of Computer, Electrical and Mathematical Sciences and Engineering, King Abdullah University of Science and Technology, Thuwal, Saudi Arabia; Electrical and Computer Engineering Program, the Division of Computer, Electrical and Mathematical Sciences and Engineering, King Abdullah University of Science and Technology, Thuwal, Saudi Arabia; Electrical and Computer Engineering Program, the Division of Computer, Electrical and Mathematical Sciences and Engineering, King Abdullah University of Science and Technology, Thuwal, Saudi Arabia",IEEE Transactions on Nanotechnology,"17 Jul 2023","2023","22","","377","386","The amount of data processed in the cloud, the development of Internet-of-Things (IoT) applications, and growing data privacy concerns force the transition from cloud-based to edge-based processing. Limited energy and computational resources on edge push the transition from traditional von Neumann architectures to In-memory Computing (IMC), especially for machine learning and neural network applications. Network compression techniques are applied to implement a neural network on limited hardware resources. Quantization is one of the most efficient network compression techniques allowing to reduce the memory footprint, latency, and energy consumption. This article provides a comprehensive review of IMC-based Quantized Neural Networks (QNN) and links software-based quantization approaches to IMC hardware implementation. Moreover, open challenges, QNN design requirements, recommendations, and perspectives along with an IMC-based QNN hardware roadmap are provided.","1941-0085","","10.1109/TNANO.2023.3293026","KAUST CRG(grant numbers:URF/1/4704-01-01); ","https://ieeexplore.ieee.org/stamp/stamp.jsp?arnumber=10174681","In-memory computing;quantized neural network;hardware;quantization","Quantization (signal);Neural networks;Hardware;In-memory computing","","20","","72","IEEE","6 Jul 2023","2023","","IEEE","IEEE Journals"
"CuO Single-Nanowire Printed Devices for Volatile Organic Compounds (VOCs) Detection","S. Raveesh; V. K. S. Yadav; T. T. Daniel; R. Paily","Department of Electronics and Electrical Engineering, IIT Guwahati, Guwahati, Assam, India; Department of Electronics and Communication Engineering, Motilal Nehru National Institute of Technology Allahabad, Prayagraj, Uttar Pradesh, India; Centre for Materials for Electronics Technology, India; Department of Electronics and Electrical Engineering, IIT Guwahati, Guwahati, Assam, India",IEEE Transactions on Nanotechnology,"20 Jul 2023","2023","22","","387","392","This work reports the copper oxide (CuO) single nanowire (SNW) based devices for the detection of volatile organic compounds (VOCs). Fabrication involves the synthesis of CuO nanowires by thermal oxidation of copper. The SNW back-to-back Schottky diode electrodes are fabricated by microcantilever contact print ($\mu$CCP) of silver nanoparticles (AgNP) on Si-SiO $_{2}$ substrate. Devices with channel lengths 10, 20, and 30 $\mu$m are employed to detect VOCs such as ethanol, acetone, and 2-propanol, etc., with concentrations ranging from 25–100 ppm. Sensing is carried out at room temperature, 150 $^{\circ }$C, and in white light (1 mWcm$^{-2}$). The device exhibits a maximum response of 1.1% and 4.86% under various operating conditions with a limit of detection (LOD) of 15.4 ppm. The device has limited performance, but is stable for four months.","1941-0085","","10.1109/TNANO.2023.3294131","Ministry of Electronics and Information Technology(grant numbers:5(9)/2012-NANO); Centre for Excellence in Nanoelectronics and Theranostic Devices; ","https://ieeexplore.ieee.org/stamp/stamp.jsp?arnumber=10179174","Back-to-back schottky diode;copper oxide;printing;single-nanowire;volatile organic compounds (VOCs)","Sensors;Sensor phenomena and characterization;Schottky diodes;Copper compounds;Printing;Volatile organic compounds;Nanowires","","8","","42","IEEE","11 Jul 2023","2023","","IEEE","IEEE Journals"
"Axial Plane Nanoscale Measurements of Cardiomyocytes Based on Microspheres","S. Tang; H. Shi; P. Yu; J. Shi; Y. Fu; C. Su; L. Liu","State Key Laboratory of Robotics, Shenyang Institute of Automation, Chinese Academy of Sciences, Shenyang, China; State Key Laboratory of Robotics, Shenyang Institute of Automation, Chinese Academy of Sciences, Shenyang, China; State Key Laboratory of Robotics, Shenyang Institute of Automation, Chinese Academy of Sciences, Shenyang, China; State Key Laboratory of Robotics, Shenyang Institute of Automation, Chinese Academy of Sciences, Shenyang, China; Department of Histology and Embryology Basic Medical College, China Medical University, Shenyang, China; State Key Laboratory of Robotics, Shenyang Institute of Automation, Chinese Academy of Sciences, Shenyang, China; State Key Laboratory of Robotics, Shenyang Institute of Automation, Chinese Academy of Sciences, Shenyang, China",IEEE Transactions on Nanotechnology,"24 Jul 2023","2023","22","","393","399","After eons of evolution, biological systems have developed excellent actuating methodology in micro-nano scale, which inspired the design and development of advanced microrobots. Cardiomyocytes have received extensive attention following the development of bio-syncretic robots in terms of its spontaneous contraction and high energy efficiency. However, the multipoint, high-precision synchronized, and comprehensive acquisition of the axial motion parameters of cardiomyocytes still constitutes the major factor hindering the development of quantitative control methods for bio-syncretic robots. Herein, off-focus imaging method was proposed to quantify the axial beating of cardiomyocyte. The spontaneously beating of cardiomyocytes were quantitative analyzed based on the combination of cross-correlation and off-focusing imaging. We also validated the use of the proposed SiO2 microspheres in cardiotoxicity test. Following the administration of isoproterenol, cardiomyocytes exhibited positive inotropic and chronotropic effects. Finally, we analyzed the beating responses of individual cardiomyocytes at different locations, and we validated the feasibility of multipoint, synchronized measurements. In the future, this study can also be extended to the analysis of the motion coupling relationship between individual cardiomyocytes and cardiomyocyte clusters, thus providing a data acquisition platform for the dynamic analysis and modeling of bio-syncretic robot actuators.","1941-0085","","10.1109/TNANO.2023.3295850","National Natural Science Foundation of China(grant numbers:61925307,61927805,61903359,62127811); Instrument Developing Project of the Chinese Academy of Sciences(grant numbers:YJKYYQ20210050); Youth Innovation Promotion Association of the Chinese Academy of Sciences; ","https://ieeexplore.ieee.org/stamp/stamp.jsp?arnumber=10184494","Axial measurement;beating measurement;cardiomyocyte;microsphere","Robots;Current measurement;Nanoscale technology;Nanoscale devices;Actuators","","1","","28","IEEE","17 Jul 2023","2023","","IEEE","IEEE Journals"
"DACA: Dynamic Accuracy-Configurable Adders for Energy-Efficient Multi-Precision Computing","X. Fan; T. Zhang; H. Li; H. Liu; S. Lu; J. Han","National ASIC System Engineering Technology Research Center, Southeast University, Nanjing, Jiangsu, China; Department of Electrical and Computer Engineering, University of Alberta, Edmonton, AB, Canada; National ASIC System Engineering Technology Research Center, Southeast University, Nanjing, Jiangsu, China; National ASIC System Engineering Technology Research Center, Southeast University, Nanjing, Jiangsu, China; National ASIC System Engineering Technology Research Center, Southeast University, Nanjing, Jiangsu, China; Department of Electrical and Computer Engineering, University of Alberta, Edmonton, AB, Canada",IEEE Transactions on Nanotechnology,"4 Aug 2023","2023","22","","400","408","An accuracy-configurable adder (ACA) meets various requirements in energy efficiency and accuracy of many applications. However, it suffers from problems such as a large hardware cost for performing configurations. In this article, we propose two energy-efficient transistor-level accuracy-configurable full adders, referred to as a positive ACA (PACA) and a negative ACA (NACA). Each design uses only two transistors as switches driven by an enable signal to configure the accurate and approximate modes. Dynamic accuracy-configurable adders (DACAs) are further developed by cascading the PACAs or NACAs. The DACA design realizes a remarkable trade-off between accuracy and performance by switching between different degrees of approximations. Simulation results show that compared with an accurate adder, a 16-bit DACA provides a saving of up to 43.61% in power and a reduction of 83.31% in delay, with only a loss of 11.96% in accuracy. The advantage of the DACA is illustrated by applications of image processing and classification using a neural network model.","1941-0085","","10.1109/TNANO.2023.3297325","Fundamental Research Funds for the Central Universities(grant numbers:3206002204C3); Natural Sciences and Engineering Research Council of Canada(grant numbers:RES0048688); ","https://ieeexplore.ieee.org/stamp/stamp.jsp?arnumber=10195240","Accuracy configuration;image processing;neural network;energy efficiency;approximate computing","Adders;Transistors;Energy efficiency;Image processing;Neural networks;Approximate computing","","10","","30","IEEE","26 Jul 2023","2023","","IEEE","IEEE Journals"
"Silicon Nanowire Charge Trapping Memory for Energy-Efficient Neuromorphic Computing","M. H. R. Ansari; U. M. Kannan; N. El-Atab","SAMA Labs, Division of Computer, Electrical and Mathematical Science and Engineering Division, Electrical and Computer Engineering, King Abdullah University of Science and Technology, Thuwal, Saudi Arabia; Department of Electronic Engineering, Gachon University, Seongnam, South Korea; SAMA Labs, Division of Computer, Electrical and Mathematical Science and Engineering Division, Electrical and Computer Engineering, King Abdullah University of Science and Technology, Thuwal, Saudi Arabia",IEEE Transactions on Nanotechnology,"31 Jul 2023","2023","22","","409","416","This work highlights the utilization of the floating body effect and charge-trapping/de-trapping phenomenon of a Silicon-nanowire (Si-nanowire) charge-trapping memory for an artificial synapse of neuromorphic computing application. Charge trapping/de-trapping in the nitride layer characterizes the long-term potentiation (LTP)/depression (LTD). The accumulation of holes in the potential well achieves short-term potentiation (STP) and controls the transition from STP to LTP. Also, the transition from STP to LTP is analyzed through gate length scaling and high-κ material (Al2O3) for blocking oxide. Furthermore, the conductance values of the device are utilized for system-level simulation. System-level hardware parameters of a convolutional neural network (CNN) for inference applications are evaluated and compared to a static random-access memory (SRAM) device and charge-trapping memory. The results confirm that the Si-nanowire transistor with better gate controllability has a high retention time for LTP states, consumes low power, and archives better accuracy (91.27%). These results make the device suitable for low-power neuromorphic applications.","1941-0085","","10.1109/TNANO.2023.3296673","King Abdullah University of Science and Technology Baseline Fund; ","https://ieeexplore.ieee.org/stamp/stamp.jsp?arnumber=10186234","Si-nanowire;gate all around (GAA);synaptic transistor;short term potentiation (STP);long term potentiation (LTP);long term depression (LTD);neural network;neuromorphic computing","Synapses;Transistors;Silicon;Tunneling;Neuromorphic engineering;Nanowires;Neural networks","","4","","43","IEEE","18 Jul 2023","2023","","IEEE","IEEE Journals"
"Effects of Post-Transfer Annealing and Pre-Treatments of the SiO2 Substrate on Transferred Graphene Doping","M. Abbasi; M. Khaje; A. Erfanian","Faculty of Electrical & Computer Engineering, Malek-Ashtar University of Technology, Tehran, Iran; Faculty of Electrical & Computer Engineering, Malek-Ashtar University of Technology, Tehran, Iran; Faculty of Electrical & Computer Engineering, Malek-Ashtar University of Technology, Tehran, Iran",IEEE Transactions on Nanotechnology,"31 Jul 2023","2023","22","","417","423","The presence of PMMA residues resulting from the graphene transfer process on the Si/SiO2 substrate, the adsorption of H2O and O2 molecules on the graphene surface, and the surface charges trapped between graphene and the substrate can all increase the density of the positive charge carriers, thus leading to hole doping. This article investigates the doping of CVD-grown graphene transferred onto a SiO2/Si substrate, considering the effects of substrate preparation treatments (before the transfer) and thermal annealing processes of transferred graphene (to remove PMMA residues). The effect of post-transfer annealing on the doping of graphene was investigated by measuring the changes in the sheet resistance, mobility, and carrier density at 200 and 550 °C in vacuum conditions. The Five different pre-treatments of the SiO2 surface, i.e., using solvents (acetone and IPA, piranha, HF), spin-coating with HMDS, and O2 plasma, were investigated to modify the hydrophobic or hydrophilic character of the SiO2 surface. Then the effects of substrate hydrophilicity on the amount of transferred graphene cavity and doping before and after annealing were studied according to the electrical resistance and shift and intensity ratios of the graphene Raman peaks (D, G, and 2D).","1941-0085","","10.1109/TNANO.2023.3297019","","https://ieeexplore.ieee.org/stamp/stamp.jsp?arnumber=10187685","Annealing;doping;electrical resistance;graphene;raman spectroscopy;Si/SiO2 substrate","Graphene;Substrates;Annealing;Doping;Electrical resistance measurement;Raman scattering;Silicon","","2","","46","IEEE","19 Jul 2023","2023","","IEEE","IEEE Journals"
"1F-1T Array: Current Limiting Transistor Cascoded FeFET Memory Array for Variation Tolerant Vector-Matrix Multiplication Operation","M. R. Sk; S. Thunder; F. Müller; N. Laleni; Y. Raffel; M. Lederer; L. Pirro; T. Chohan; J. -H. Hsuen; T. -L. Wu; K. Seidel; T. Kämpfe; S. De; B. Chakrabarti","Department of Electrical Engineering, IIT Madras, Chennai, India; Fraunhofer-IPMS, CNT, Dresden, Germany; Fraunhofer-IPMS, CNT, Dresden, Germany; Fraunhofer-IPMS, CNT, Dresden, Germany; Fraunhofer-IPMS, CNT, Dresden, Germany; Fraunhofer-IPMS, CNT, Dresden, Germany; GlobalFoundries, Dresden, Germany; GlobalFoundries, Dresden, Germany; IPSI, NYCU, Hsinchu, Taiwan; IPSI, NYCU, Hsinchu, Taiwan; Fraunhofer-IPMS, CNT, Dresden, Germany; Fraunhofer-IPMS, CNT, Dresden, Germany; Fraunhofer-IPMS, CNT, Dresden, Germany; Department of Electrical Engineering, IIT Madras, Chennai, India",IEEE Transactions on Nanotechnology,"2 Aug 2023","2023","22","","424","429","This letter proposes a memory cell, denoted by 1F-1 T, consisting of a ferroelectric field-effect transistor (FeFET) cascaded with another current-limiting transistor (T). The transistor reduces the impact of drain current ($I_{d}$) variations by limiting the on-state current in FeFET. The experimental data from our 28 nm high-k-metal-gate (HKMG) based FeFET calibrates and simulates the memory arrays. The simulation indicates a significant improvement in bit-line (BL) current ($I_{BL}$) variation and the accuracy of vector-matrix multiplication of the 1F-1 T memory array. The system-level in-memory computing simulation with 1F-1T synapses shows an inference accuracy of 97.6% for the MNIST hand-written digits with multi-layer perceptron (MLP) neural networks.","1941-0085","","10.1109/TNANO.2023.3295093","Research Center on Advanced Memory and Computing; IoE scheme at the IIT Madras; European Union's ECSEL(grant numbers:826655,876925); ","https://ieeexplore.ieee.org/stamp/stamp.jsp?arnumber=10184149","1F-1T;FeFET;HfO  $_{2}$  ;memory array;vector-matrix-multiplication","FeFETs;Transistors;Microprocessors;1/f noise;Neural networks;In-memory computing","","16","","59","CCBY","14 Jul 2023","2023","","IEEE","IEEE Journals"
"Exploiting Steep Sub-Threshold Swing of Tunnel FET for Energy-Efficient Leaky Integrate-and-Fire Neuron Model","M. A. Khanday; F. A. Khanday; F. Bashir; F. Zahoor","Department of Electronics and Instrumentation Technology, University of Kashmir, Srinagar, India; Department of Electronics and Instrumentation Technology, University of Kashmir, Srinagar, India; Department of Computer Engineering, College of Computer Sciences and Information Technology, King Faisal University, Saudi Arabia; School of Computer Science and Engineering, Nanyang Technological University, Singapore",IEEE Transactions on Nanotechnology,"4 Aug 2023","2023","22","","430","435","In this work, a single transistor (1-T) leaky-integrate-and-fire neuron based on band to band tunneling mechanism is proposed with significant improvement in energy consumption and integration density. For the first time, Tunnel FET's forward transfer characteristics with steep sub-threshold swing have been exploited to emulate neuronal behavior. Using calibrated simulation, it is validated that the proposed device is able to imitate the spiking behavior of a biological neuron accurately without using external circuitry. Since the underlying mechanism is the modulation of a tunneling barrier, the proposed LIF neuron shows significantly lower energy consumption of 750 fJ/spike, which is at least ∼10 folds lesser than previously reported 1-T neurons. To verify the applicability, the proposed neuron has been explored for reconfigurable threshold logic gates to implement various linearly separable Boolean functions including OR, AND, NOT, NOR, and NAND. Finally, a multilayer SNN has been designed that confirms the image recognition ability of the proposed neuron with an accuracy of 96.27%. The proposed neuron provides a solution to implement highly scalable and energy efficient threshold logic circuits for future neuromorphic computing.","1941-0085","","10.1109/TNANO.2023.3296557","University Grants Commission, Government of India; Junior Research Fellowship(grant numbers:3724/(NET-JULY 2018)); ","https://ieeexplore.ieee.org/stamp/stamp.jsp?arnumber=10185654","Leaky integrate and fire;tunnel FET;neuromorphic computing;spiking neural network (SNN);threshold logic gates (TLG)","Tunneling;Logic gates;Field effect transistors;TFETs;Energy consumption;Neuromorphic engineering;Neural networks","","24","","26","IEEE","18 Jul 2023","2023","","IEEE","IEEE Journals"
"Variation Tolerant RRAM Based Synaptic Architecture for On-Chip Training","A. Dongre; G. Trivedi","Department of Electronics and Electrical Engineering, Indian Institute of Technology Guwahati, Guwahati, India; Department of Electronics and Electrical Engineering, Indian Institute of Technology Guwahati, Guwahati, India",IEEE Transactions on Nanotechnology,"4 Aug 2023","2023","22","","436","444","Neuromorphic computing has emerged as a better alternative for developing next-generation artificial intelligent systems. Resistive Random Access Memory (RRAM) have been widely explored to represent the synaptic weights in artificial neural networks. Despite significant advances in device technology, precise modulation of conductance required for maintaining high accuracy remains a challenge. These devices suffer mainly from Cycle-to-Cycle and Device-to-Device variations, which make it even more difficult to implement reliable neuromorphic systems. To address these issues, we propose an RRAM-based synaptic architecture with continuous sensing and feedback scheme to stop RRAM programming when the required conductance is achieved. The weight change mechanism is incorporated in the proposed architecture enabling it to be used for on-chip training. Unlike contemporary architectures, which require a precise gap between different resistive states, the proposed feedback scheme to stop RESET operation provides flexibility in choosing resistive states. Thus, employing the proposed architecture, 4-bits/cell can be programmed simultaneously, which is at par with the existing start-of-the-art designs. The proposed architecture is tolerant to 22% variation in RRAM resistance. The minimal resistance margin between two resistive states is $4\ K\Omega$, with an average energy consumption of $0.1\ pJ/cell$ and an average latency of $1.07\, \mu s$.","1941-0085","","10.1109/TNANO.2023.3298962","Ministry of Electronics and Information Technology's; Sponsored Project Electronics and ICT Academy at IIT Guwahati; ","https://ieeexplore.ieee.org/stamp/stamp.jsp?arnumber=10194983","Synapse;RRAM;neuromorphic computing","Microprocessors;Synapses;Neuromorphics;Resistive RAM;Neuromorphic engineering","","2","","38","IEEE","26 Jul 2023","2023","","IEEE","IEEE Journals"
"High Performance Inversion-Mode In0.53Ga0.47As FinFETs for Logic and RF Applications","J. -Y. Wu; P. Huang; Q. -H. Luc; H. -L. Ko; Y. -C. Chiang; H. -C. Yu; M. -Y. Chen; E. Y. Chang","International College of Semiconductor Technology, National Yang Ming Chiao Tung University, Hsinchu, Taiwan; International College of Semiconductor Technology, National Yang Ming Chiao Tung University, Hsinchu, Taiwan; Department of Materials Science and Engineering, National Yang Ming Chiao Tung University, Hsinchu, Taiwan; International College of Semiconductor Technology, National Yang Ming Chiao Tung University, Hsinchu, Taiwan; Department of Materials Science and Engineering, National Yang Ming Chiao Tung University, Hsinchu, Taiwan; Department of Materials Science and Engineering, National Yang Ming Chiao Tung University, Hsinchu, Taiwan; Department of Electronics Engineering, National Yang Ming Chiao Tung University, Hsinchu, Taiwan; Department of Materials Science and Engineering, National Yang Ming Chiao Tung University, Hsinchu, Taiwan",IEEE Transactions on Nanotechnology,"24 Aug 2023","2023","22","","445","448","An inversion-mode In0.53Ga0.47As FinFET exhibiting a transition frequency (fT) of 271 GHz and a maximum oscillation frequency (fmax) of 78 GHz at Vds = 0.5 V is reported in this work. Simultaneously, the transconductance (gm) of 2056 (μS/μm) and drain induced barrier lowering (DIBL) of 121 (mV/V) obtained were also exhibited. Moreover, a subthreshold swing (SS) of 86 and 97 (mV/dec) was obtained at Vds = 0.05 and 0.5 V, respectively. These exceptional properties are the result of employing N2 remote plasma treatment, enhancing the quality of high-k/III-V interface and carrier mobility. The fin structure contributes to good suppression of short channel effects (SCEs), and the superior transfer characteristics are due to the improved gate controllability. We also extracted an effective electron velocity (νeff) of 2.18 × 107 (cm/s) by delay time analysis, providing a probable explanation for the obtained fT performance. This work explicitly exhibits the potential of high-performance inversion-mode InGaAs FinFETs, positioning them as promising candidates for future high-frequency system applications.","1941-0085","","10.1109/TNANO.2023.3303832","Semiconductor Technology Research; The Featured Areas Research Center Program; Higher Education Sprout Project by the Ministry of Education; Ministry of Science and Technology, Taiwan(grant numbers:MOST 110-2622-8-A49-008-SB,MOST 111-2622-8-A49-018-SB,MOST 111-2634-F-A49-008); ","https://ieeexplore.ieee.org/stamp/stamp.jsp?arnumber=10214047","InGaAs;FinFET;inversion channel layer;transition frequency","Delays;FinFETs;Logic gates;Indium gallium arsenide;Transconductance;Performance evaluation","","8","","31","IEEE","9 Aug 2023","2023","","IEEE","IEEE Journals"
"An Ultra-Compact Pure Magnetic Arbiter PUF With High Reliability and Low Power Consumption","M. Akbari; S. Mirzakuchaki; V. Jamshidi; M. Fazeli; M. R. Tarihi","Department of Electrical Engineering, Iran University of Science and Technology, Tehran, Iran; Department of Electrical Engineering, Iran University of Science and Technology, Tehran, Iran; Department of Computer Engineering, Shahid Bahonar University of Kerman, Kerman, Iran; School of Information Technology, Halmstad University, Halmstad, Sweden; Department of Information and Communication Technology, Niroo Research Institute (NRI), Tehran, Iran",IEEE Transactions on Nanotechnology,"23 Aug 2023","2023","22","","449","456","Due to the rugged environmental factors in IoT applications and constrained on-chip resources, PUF, as a critical hardware primitive, is a promising solution for key storage, authentication, and ID generation. The existing CMOS-based Arbiter PUFs mainly suffer from low reliability and vulnerability against modeling attacks due to metastability of flipflops and linearity of additive path delays, respectively. Techniques that have been used to enhance the reliability mainly increased the area occupation. Recently magnetic tunnel junction (MTJ) devices have been widely investigated in various circuits. In this article, the proposed PUF utilizes mCell devices, a class of Magnetoresistive devices employing only Magnetic Tunnel Junction (MTJ) devices, as a building block. In this article a novel nonvolatile latch is proposed to act as an arbiter and generates the responses by comparing the current values instead of delays which leads to increased the reliability by subtracting the constant variation rates of MTJs under environmental variation without adding hardware overhead. The characteristics of MTJ like nonvolatility, stochastic switching, chaotic magnetization, low power consumption, and low occupied area have made the proposed PUF to a low power, highly reliable, high randomness and ultra-compact pure magnetic arbiter PUF. The Monte Carlo HSPICE simulation results reveal that the uniformity, uniqueness, bit-aliasing, power consumption, and area of the proposed PUF are 49.24%, 49.87%, 48.64%, 10.771 $\mu \text{W}$ and 0.106 $\mu \text{m}^{2}$, respectively. In addition, the average BER across a wide temperature range (−50$\,^\circ \text{C}$–150$\,^\circ \text{C}$) and voltage range (0.05 V–0.1 V) is 0.08% and 0.18%, respectively.","1941-0085","","10.1109/TNANO.2023.3292481","","https://ieeexplore.ieee.org/stamp/stamp.jsp?arnumber=10173592","Hardware security;physical unclonable function (PUF);magnetic tunnel junction (MTJ);ultra-compact","Magnetic tunneling;Logic gates;Reliability;Physical unclonable function;Power demand;Integrated circuit reliability","","6","","47","IEEE","5 Jul 2023","2023","","IEEE","IEEE Journals"
"Design Space Exploration for Threshold Switch Assisted Memristive Memory","S. Alam; M. M. Islam; J. Hutchins; N. Cady; S. K. Gupta; G. Rose; A. Aziz","Deptartment of Electrical Engineering and Computer Science, University of Tennessee, Knoxville, TN, USA; Deptartment of Electrical Engineering and Computer Science, University of Tennessee, Knoxville, TN, USA; Deptartment of Electrical Engineering and Computer Science, University of Tennessee, Knoxville, TN, USA; College of Nanoscale Science and Engineering, SUNY Polytechnic Institute, Albany, NY, USA; Department of Electrical and Computer Engineering, Purdue University, West Lafayette, IN, USA; Deptartment of Electrical Engineering and Computer Science, University of Tennessee, Knoxville, TN, USA; Deptartment of Electrical Engineering and Computer Science, University of Tennessee, Knoxville, TN, USA",IEEE Transactions on Nanotechnology,"23 Aug 2023","2023","22","","457","465","Here we present a variation-aware design space analysis for threshold switch (TS) assisted memristive memory. TS is augmented in series with the standard one-transistor one-resistor (1T1R) cell structure of memristive memory, improving the read performance. The selective phase transitions in TS lead to an enhanced distinguishability between the stored data and lower power consumption during the read operation. Compared to the standard 1T1R cell, TS-augmented design achieves (for the nominal condition) 275% increase in read current ratio, 19% reduction in average read power, better read disturb margin, and 4% reduction in average write power at the cost of 75% increase in write ‘0’ delay and 50% increase in write energy. Here, we thoroughly explore the design space to show that the proper co-design of the components can further improve the proposed design. Our analyses will enable the proper choice of material and device parameters of the memristor and TS to utilize the full potential of the proposed design. We also explore the impacts of process variation through 10000-point $3\sigma$ Monte-Carlo analysis.","1941-0085","","10.1109/TNANO.2023.3305931","Air Force Research Laboratory(grant numbers:FA8750-21-1-1018); ","https://ieeexplore.ieee.org/stamp/stamp.jsp?arnumber=10221732","Memristor;non-volatile;phase transition;resistive RAM;threshold switch","Memristors;Transistors;Microprocessors;Resistive RAM","","1","","32","IEEE","16 Aug 2023","2023","","IEEE","IEEE Journals"
"AlGaN/GaN HEMT Based pH Detection Using Atomic Layer Deposition of Al2O3 as Sensing Membrane and Passivation","A. M. Bhat; C. Periasamy; R. Poonia; A. Varghese; N. Shafi; S. Tripathy","Department of Electronics and Communication Engineering, Malaviya National Institute of Technology, Jaipur, India; Department of Electronics and Communication Engineering, National Institute of Technology Calicut, Kerala, India; Department of Electronics and Communication Engineering, Malaviya National Institute of Technology, Jaipur, India; School of Engineering, Cardiff University, Cardiff, U.K.; School of Electronics Engineering, Vellore Institute of Technology, Vellore, India; Institute of Materials Research and Engineering, A*STAR (Agency for Science, Technology, and Research), Singapore, Singapore",IEEE Transactions on Nanotechnology,"23 Aug 2023","2023","22","","466","472","Herein, we report the design and implementation of planar and circular aluminium gallium nitride/Gallium nitride high electron mobility transistor (AlGaN/GaN HEMT) designs for pH sensing applications along with the insights into pH sensing to elucidate the underlying mechanism. The planar and circular devices were fabricated on the same wafer where the sensing membrane and passivation is realized by $\rm Al_{2}O_{3}$. The devices were encapsulated with photoresist and small openings are created for source/drain electrode contact pads and the sensing region where pH solution is confined to test the device response. The response of sensors is compared after normalizing circular HEMT output for a width of 100 $\mu{\rm m}$. The output current sensitivity is in the range of 75 (0.5 V) to 222.5 (2 V) $\mu {\rm A}$/pH for planar HEMT device, whereas sensitivity values for circular HEMT is in the range of 0.152 (0.5 V) to 0.5 (2 V) mA/pH, respectively between pH 2 to 10. The circular HEMT device design depicted higher sensitivity and better linearity in response to pH due to the conduction throughout its circumference. The transient response is also studied and the results suggest a stable pH resolution and good linearity for both acidic and basic phosphate buffer saline (PBS). The higher current values are obtained, which is an advantage in terms of signal processing and conditioning unit for proper measurement that will help in reducing complexities in the integrated circuit (IC) and, therefore ease in point-of-care diagnosis.","1941-0085","","10.1109/TNANO.2023.3305360","","https://ieeexplore.ieee.org/stamp/stamp.jsp?arnumber=10219025","AlGaN/GaN HEMT;atomic layer deposition (ALD);pH sensor;sensitivity;transient analysis","Sensors;HEMTs;Wide band gap semiconductors;Aluminum gallium nitride;Sensitivity;Atomic layer deposition;Transient analysis","","17","","33","IEEE","15 Aug 2023","2023","","IEEE","IEEE Journals"
"Environmentally Benign Nanostructured Kesterite Binate Quantum Dot Well (BQDW) Solar Cell: A Proposal Towards High Efficiency","P. Chandrasekar; S. Routray; S. K. Palaniswamy; Y. Massoud","Department of Electronics and Communication Engineering, SRM Institute of Science and Technology, Kattankulathur, Tamil Nadu, India; Department of Electronics and Communication Engineering, SRM Institute of Science and Technology, Kattankulathur, Tamil Nadu, India; Department of Electronics and Communication Engineering, SRM Institute of Science and Technology, Kattankulathur, Tamil Nadu, India; Innovative Technologies Laboratories, King Abdullah University of Science and Technology, Thuwal, Saudi Arabia",IEEE Transactions on Nanotechnology,"29 Aug 2023","2023","22","","473","480","Regardless of the fact that the confirmed Power Conversion Efficiency (PCE) of kesterite materials for photovoltaic cells is lower than that of other chalcogenide materials, there is still sign of improvement due to their high absorption rate, flexibility to have a tunable bandgap, abundance in nature, and so on.The primary objectives of this study was to assess the combined utilisation of quantum dots and quantum wells in kesterite material. This was achieved through three key approaches: firstly, by altering the quantity of quantum dots and wells present in the nanostructure; secondly, by modifying the composition of the dots and well material through adjustments in the Sulphur and Selenium ratio of CZTSSe. The third aspect to consider is the analysis of the effect of changes in operating temperature on high-performing nanostructures, building upon the information gathered from the previous two processes. Electrical properties such as PCE, $ V_{oc}$, $ J_{sc}$, and IV curve have been analyzed so that the performance of the hybrid structure can be examined. A quantum well and a quantum dot layer are both present in the p-i-n structure. The quantum dot layer is composed of ten quantum dots placed in an array. The effects of quantum dot thickness (5 and 10 nm) were also investigated. According to the findings, as few as three quantum dot layers and three quantum wells resulted in a 21% PCE. By varying the operating temperature between 250 K to 500 K, the temperature dependency of high-PCE structures was examined.","1941-0085","","10.1109/TNANO.2023.3306546","","https://ieeexplore.ieee.org/stamp/stamp.jsp?arnumber=10224802","Quantum confinement;kesterite;quantum dot;quantum well;  $CZTS_{x}Se_{1-x}$  /CZTS;temperature dependancies","Quantum dots;Photovoltaic cells;Photonic band gap;Thermal stability;Potential well;Quantum wells;Temperature dependence","","5","","48","IEEE","18 Aug 2023","2023","","IEEE","IEEE Journals"
"Density Functional Characterization of Electronic and Optical Properties of Strontium Titanate Under Doping and Strain for Optoelectronic Applications","A. Raturi; P. Mittal; S. Choudhary","Department of Electronics and Communication Engineering, Delhi Technological University, Delhi, India; Department of Electronics and Communication Engineering, Delhi Technological University, Delhi, India; SEECS-University of North Dakota, Grand Forks, ND, USA",IEEE Transactions on Nanotechnology,"1 Sep 2023","2023","22","","481","489","We perform first-principles calculations, to investigate the effect of doping of metal dopants (silver, gold, aluminum, and copper) on the electronic, structural, and optical properties of strontium titanate SrTiO3. We further explore the impact of varying strains (compressive and tensile) on the optical and electronic properties of pristine and doped SrTiO3. Our results suggest that the undoped SrTiO3 exhibit a wide bandgap of 2.94 eV with high optical absorption only in the ultraviolet (UV) region. On doping the SrTiO3 by metal dopants, the bandgap is significantly narrowed and most of the absorption peaks are found to shift towards the lower energies (red-shift). Subsequently, the absorption is enhanced in the visible region (∼380 to 800 nm) of the optical spectrum. The decrease in the bandgap is highest for the dopant Cu. Further, on the application of the biaxial strain (tensile and compressive) on the doped-SrTiO3, the optical absorption is enhanced in the visible region, particularly for the high compressive strain of 20%. The calculated refractive index and dielectric function for all the structures of SrTiO3 are found to follow the trend of absorption. The enhanced absorption in the desired visible region through doping and strain may find prospective applications in the fabrication of photovoltaic, optoelectronic, and solar devices.","1941-0085","","10.1109/TNANO.2023.3280083","","https://ieeexplore.ieee.org/stamp/stamp.jsp?arnumber=10135125","Absorption;strain;optical;doping;Perovskite","Strain;Doping;Absorption;Optical refraction;Photonic band gap;Perovskites;Optical device fabrication","","1","","50","IEEE","25 May 2023","2023","","IEEE","IEEE Journals"
"Microstructurally Correlated Flexural Nanomechanics of Single Nanowires Using an On-Chip Platform","M. Barua; M. R. A. Shikder; S. K. Singh; E. Pomerantseva; A. Subramanian","Department of Mechanical and Industrial Engineering, University of Illinois at Chicago, Chicago, IL, USA; Department of Mechanical and Industrial Engineering, University of Illinois at Chicago, Chicago, IL, USA; Department of Mechanical and Industrial Engineering, University of Illinois at Chicago, Chicago, IL, USA; Department of Materials Science and Engineering, Drexel University, Philadelphia, PA, USA; Department of Mechanical and Industrial Engineering, University of Illinois at Chicago, Chicago, IL, USA",IEEE Transactions on Nanotechnology,"1 Sep 2023","2023","22","","490","496","This article presents a new on-chip platform for combining atomic force microscopy (AFM) based flexural nanomechanics with ex-situ transmission electron microscopy (TEM) based microstructural investigation of single nanowire beams. The on-chip platform facilitates the dielectrophoretic assembly of a single nanowire (NW) into a doubly-clamped nanobeam on a pre-fabricated membrane, which contains a through-hole as an electron-transparent viewing window for TEM imaging. Contact-mode AFM is employed to perform loading-unloading experiments on the NW with a concomitant acquisition of force vs. displacement plots and device topographical scans. TEM imaging delivers complementary data involving NW dimensions, loading orientation with respect to the material crystallographic directions, and pre- / post-mechanics imaging as well as electron diffraction patterns. Moreover, a finite-element model is utilized to extract material mechanical parameters such as Young's modulus and fracture strength from the experimental data sets. Through the use of battery-relevant, tunnel-structured Na0.17MnO2 NWs as the model material system, this new capability delivers the following contributions: i) obtaining flexural nanomechanics induced force vs deflection data, ii) direct microstructural investigation of the pre- and post-mechanics sample, and iii) a methodology to quantify the impact of NW contamination during the electron-beam induced deposition (EBID) based clamping metal process, which is commonly used in the sample preparation steps of similar doubly-clamped nanobeams, and to thereby, accurately determine the intrinsic mechanical properties of the NW material system.","1941-0085","","10.1109/TNANO.2023.3305837","National Science Foundation(grant numbers:1655496); National Science Foundation(grant numbers:1604483); U.S. Department of Energy; Office of Science; Basic Energy Sciences(grant numbers:DE-AC02-06CH11357); Center for Nanoscale Materials; Office of Science user Facility; ","https://ieeexplore.ieee.org/stamp/stamp.jsp?arnumber=10225382","Atomic force microscopy;finite element analysis;nanomechanics;nanowires;transmission electron microscopy","Nanowires;Transmission electron microscopy;System-on-chip;Atomic force microscopy;Finite element analysis;Nanowires","","","","33","CCBYNCND","21 Aug 2023","2023","","IEEE","IEEE Journals"
"An SEM-TEM Joint Nanorobotic Manipulation System for Extreme Manufacturing","W. Zhang; D. Chen; C. Hou; S. Wang; K. Wang; L. Dong","Department of Biomedical Engineering, City University of Hong Kong, Hong Kong, China; Department of Biomedical Engineering, City University of Hong Kong, Hong Kong, China; Department of Biomedical Engineering, City University of Hong Kong, Hong Kong, China; Department of Biomedical Engineering, City University of Hong Kong, Hong Kong, China; Department of Biomedical Engineering, City University of Hong Kong, Hong Kong, China; Department of Biomedical Engineering, City University of Hong Kong, Hong Kong, China",IEEE Transactions on Nanotechnology,"1 Sep 2023","2023","22","","497","502","Nanorobotic manipulation (NRM) provides a feasible and efficient method for nanofabrication and specialized processing, exhibiting distinct advantages from different microscopes. For the NRM in a scanning electron microscope (SEM), its superiority is mainly in task complexity with a big room and manifold tools, while the NRM in a transmission electron microscope (TEM) emphasizes on high-precision manipulation and atomic characterization. It is necessary to combine these two types of NRM to integrate their strengths in manipulation complexity and accuracy. Here, a joint NRM system is proposed to connect a dual-beam SEM and a spherical aberration-corrected TEM (Cs-TEM) by sharing a specially designed TEM holder. Combined with the SEM-based manipulators, this system can be used for device prototyping and structure construction. To illustrate its outstanding capabilities, the fabrication process of a bio-electrical-nano probe is reported in this article, involving the fabrication of basic structures by the manipulators inside an SEM and the preparation of a pair of electrodes via the electron beam irradiation inside a Cs-TEM. A selective removal phenomenon was observed and used in the electrodes’ preparation. The bombardment of electron beam removed the lighter element (carbon), while the heavier metallic element (platinum) remained, resulting in a pair of platinum electrodes with a gap of 8.33 nm. Experimental results demonstrate our NRM system is an ultrahigh precision and cost-efficient method for specialized manufacturing and indicates a new trend for NRM.","1941-0085","","10.1109/TNANO.2023.3305553","Research Grants Council; Hong Kong Special Administrative Region, China(grant numbers:CityU 11217221,CityU 11219419,CityU 11213720); National Natural Science Foundation of China(grant numbers:62127810); ","https://ieeexplore.ieee.org/stamp/stamp.jsp?arnumber=10221717","Nanorobotic manipulation;Extreme manufacturing;in-situ TEM","Scanning electron microscopy;Manipulators;Transmission electron microscopy;Microscopy;Manufacturing","","3","","28","IEEE","16 Aug 2023","2023","","IEEE","IEEE Journals"
"Preparation of Nanomaterials Containing MoO3 and Z-Type Zeolite Photocatalysts","Y. -H. Nien; Z. -J. Syu; Y. -L. Lin; M. -S. Liu","Graduate School of Chemical and Materials Engineering, National Yunlin University of Science and Technology, Douliou, Taiwan; Graduate School of Chemical and Materials Engineering, National Yunlin University of Science and Technology, Douliou, Taiwan; Graduate School of Chemical and Materials Engineering, National Yunlin University of Science and Technology, Douliou, Taiwan; Graduate School of Chemical and Materials Engineering, National Yunlin University of Science and Technology, Douliou, Taiwan",IEEE Transactions on Nanotechnology,"1 Sep 2023","2023","22","","503","508","In order to improve the efficiency of TiO2 photocatalyst, MoO3 and Z-type zeolite are combined with TiO2 to lower energy gap of photocatalyst, reduce electron-hole recombination and increase adsorption area, which can enhance the efficiency of photodegradation and adsorption to remove organic pollutants. In this study, MoO3 and Z-type zeolite are successfully combined with TiO2 by sol gel method, and then nanoparticles are prepared by electrospinning. The results prove that the composite of MoO3 and Z-type zeolite combined with TiO2 is able to degrade organic matter under visible light and possesses high adsorption ability. Its removal efficiency of methylene blue can reach to 99.86%.","1941-0085","","10.1109/TNANO.2023.3308375","","https://ieeexplore.ieee.org/stamp/stamp.jsp?arnumber=10229228","Sol-gel;molybdenum trioxide (MoO  ${}_3$  );titanium dioxide (TiO  ${}_2$  ) and Z-type zeolite;photodegradation. Nanomaterial. Electrospinning","Water pollution;Wastewater;Photocatalysts;Adsorption;Titanium dioxide;Degradation;Nanomaterials","","1","","21","IEEE","24 Aug 2023","2023","","IEEE","IEEE Journals"
"Arithmetic Logic Unit Circuit Designed for Near-Sensor Computing Architecture With Complementary Carbon Nanotube Field-Effect Transistor Technology","H. Ding; L. Chen; X. Hao; Y. Ji","EDA center, Institute of Microelectronics, Chinese Academy of Sciences, Beijing, China; EDA center, Institute of Microelectronics, Chinese Academy of Sciences, Beijing, China; EDA center, Institute of Microelectronics, Chinese Academy of Sciences, Beijing, China; EDA center, Institute of Microelectronics, Chinese Academy of Sciences, Beijing, China",IEEE Transactions on Nanotechnology,"8 Sep 2023","2023","22","","509","517","Novel circuits designed using carbon nanotube field-effect transistors (CNFETs) are gaining increasing attention because of advantages such as low-power operation, high operating speed, and support of advanced integration technology. In this work, we present a novel arithmetic logic unit (ALU) circuit that is designed entirely using complementary CNFETs. The ALU is intended to process a custom-made algorithm for a near-sensor computing architecture that requires low power and large bit width operation. We completed the ALU design using a large-scale complementary CNFET circuit (number of CNFETs in this circuit is 8160). The total power consumption of the ALU is 218.64 μW, which will satisfy the low-power requirements of the wireless sensor terminal. To verify the behavioral functionality of the circuit, we designed a lightweight binarized neural network and accomplished Modified National Institute of Standards and Technology (MNIST) standard handwritten digit recognition successfully through a register-transfer logic simulation using the proposed circuit and external logic. The accuracy of the algorithm can reach 90.20%. Our research demonstrates the feasibility of employing CNFET circuits in fields that involve the use of complex algorithms, e.g., image classification. The circuits based on the aligned-CNFET model is simulated and compared with MOSFET circuits based on a commercial silicon-based process design kit (PDK). Compared with MOSFET circuits, the aligned-CNFET circuits have an average increase in speed by more than 93% and an order-of-magnitude improvement in the power-delay product (PDP). The ALU and algorithm proposed here are suitable for near-sensor computing architectures for future smart sensors.","1941-0085","","10.1109/TNANO.2023.3308650","Big Data and Artificial Intelligence(grant numbers:CAS-WX2021SF-0113); ","https://ieeexplore.ieee.org/stamp/stamp.jsp?arnumber=10230865","Binarized neural network;CNFET LSI;image classification;near-sensor computing;sequential logic circuit","CNTFETs;Neural networks;Integrated circuit modeling;Image classification;Logic circuits","","7","","30","IEEE","25 Aug 2023","2023","","IEEE","IEEE Journals"
"Sensitivity Analysis of I-Shape TFET Biosensor Considering Repulsive Steric and Trap Effects","S. Tiwari; R. Saha","Department of Electronics and Communication Engineering, Malaviya National Institute of Technology Jaipur, Jaipur, Rajasthan, India; Department of Electronics and Communication Engineering, Malaviya National Institute of Technology Jaipur, Jaipur, Rajasthan, India",IEEE Transactions on Nanotechnology,"7 Sep 2023","2023","22","","518","524","In this work, a dielectric modulated (DM) I-shape Tunnel FET based label-free biosensor has been explored on considering both the repulsive steric effect (RSE) and trap effect in the TCAD simulator. The gate oxide layer is aligned over the N+ pocket on both side source regions to enhance the tunneling rate. Moreover, the impact of trap impurities and steric effects are reported by extracting the drain current (ID), energy band diagram, surface potential (ψ), current ratio, and drain current sensitivity (SION) for the variation in length of cavity (LC), thickness of cavity (TC), and supply voltage (VDS). Furthermore, the noise assessment parameter has been explored on considering of same non-idealistic effects. It is seen that on considering RSE and trap impurities, the streptavidin biomolecules report an error in sensitivity (60.1%)NoTrap and (108.6%)Trap.","1941-0085","","10.1109/TNANO.2023.3309411","","https://ieeexplore.ieee.org/stamp/stamp.jsp?arnumber=10233095","Horizontal pocket;repulsive steric effect;sensitivity;trap effect;tunnel field effect transistor","TFETs;Sensitivity;Biosensors;Molecular biophysics;Tunneling;Impurities","","18","","31","IEEE","28 Aug 2023","2023","","IEEE","IEEE Journals"
"Photoresponsivity-Enhanced PbS Quantum Dots/Graphene/Silicon Near-Infrared Photodetectors","J. Wang; J. Chen","School of Electronic and Information Engineering, Soochow University, Suzhou, China; School of Electronic and Information Engineering, Soochow University, Suzhou, China",IEEE Transactions on Nanotechnology,"18 Sep 2023","2023","22","","525","530","The high carrier mobility in graphene, together with the ease of handling and good optical properties of colloidal quantum dots, provide high-performance materials for next-generation photodetectors. In this article, we investigated PbS quantum dots/graphene/Si near-infrared (NIR) photodetectors. The absorption of infrared light was increased by inserting a layer of Al2O3 between graphene and Si to reduce the tunneling of carriers, and spin-coating PbS quantum dots on graphene to form a thin film by liquid phase exchange to replace ligands, thereby improving the device performance of PbS quantum dots/graphene/Si NIR photodetectors. Under the incident 1550 nm light, the responsivity of the detector is 0.16 A/W. Our work contributes to the study of related near-infrared silicon-based photodetectors.","1941-0085","","10.1109/TNANO.2023.3309898","National Natural Science Foundation of China(grant numbers:61774108); ","https://ieeexplore.ieee.org/stamp/stamp.jsp?arnumber=10234015","PbS quantum dots;graphene;near-infrared;photodetector","Photodetectors;Graphene;Quantum dots;Silicon;Lead compounds;Passivation;Dark current","","6","","33","IEEE","29 Aug 2023","2023","","IEEE","IEEE Journals"
"An Efficient Architecture of Adder Using Fault-Tolerant Majority Gate Based on Atomic Silicon Nanotechnology","S. -S. Ahmadpour; N. Jafari Navimipour; A. N. Bahar; S. Yalcin","Department of Computer Engineering, Kadir Has University, Istanbul, Turkey; Department of Computer Engineering, Kadir Has University, Istanbul, Turkey; Department of Electrical and Computer Engineering, University of Saskatchewan, Saskatoo, SK, Canada; Department of Computer Engineering, Nisantasi University, Istanbul, Turkey",IEEE Transactions on Nanotechnology,"19 Sep 2023","2023","22","","531","536","It is expected that Complementary Metal Oxide Semiconductor (CMOS) implementation with ever-smaller transistors will soon face significant issues such as device density, power consumption, and performance due to the requirement for challenging fabrication processes. Therefore, a new and promising computation paradigm, nanotechnology, can replace CMOS technology. In addition, a new frontier in computing is opened up by nanotechnology called atomic silicon, which has the same extraordinary behavior as quantum dots. On the other hand, atomic silicon circuits are highly prone to defects, so suggested fault-tolerant structures in this technology play important roles. The full adders have gained popularity and find widespread use in efficiently solving mathematical problems. In the following article, we will explore the development of an efficient fault-tolerant 3-input majority gate (FT-MV3) using DBs, further enhancing the capabilities of digital circuits. A rule-based approach to the redundant DB achieves a less complex and more robust atomic silicon layout for the MV3. We use the SiQAD tool to simulate proposed circuits. In addition, to confirm the efficiency of the proposed gate, all common defects, such as single and double dangling bond omission defects and DB dislocation defects, are examined. The suggested gate is 100% and 66.66% tolerant against single and double DB omission defects, respectively. Furthermore, a new adder design is introduced using the suggested FT-MV3 gate. The results show that the suggested adder is 44.44% and 35.35% tolerant against single and double DB omission defects. Finally, a fault-tolerant four-bit adder is designed based on the proposed adder.","1941-0085","","10.1109/TNANO.2023.3309908","","https://ieeexplore.ieee.org/stamp/stamp.jsp?arnumber=10234018","Atomic silicon;silicon quantum atomic designer;dangling bond (DB);fault-tolerant","Logic gates;Adders;Silicon;Fault tolerant systems;Fault tolerance;Quantum dots","","9","","12","IEEE","29 Aug 2023","2023","","IEEE","IEEE Journals"
"Design and Sensitivity Investigation of Dielectric Modulated and Electrolyte-Based pH Sensing of Vertical TFET Biosensor","P. K. Bera; R. R. Sahoo; R. Kar; D. Mandal","Department of Electronics and Communication Engineering, NIT Durgapur, Durgapur, WB, India; Department of Electronics and Instrumentation Engineering, OUTR Bhubaneswar, Bhubaneswar, Odisha, India; Department of Electronics and Communication Engineering, NIT Durgapur, Durgapur, WB, India; Department of Electronics and Communication Engineering, NIT Durgapur, Durgapur, WB, India",IEEE Transactions on Nanotechnology,"18 Sep 2023","2023","22","","537","544","The potential for nanoscale devices to serve as a platform for the detection of biomolecules is immense. Several challenges have been faced in the device fabrication process. To address these issues, the uniformly doped concept was introduced. This study suggests the use of a vertical tunnel field-effect (VTFET) transistor with a pH base and a gate overlap dielectric modulation for label-free electrical recognition of biomolecules such as cells, deoxyribonucleic acids, proteins, enzymes, and others. In the present article, two simple approaches of sensitivity analysis are compared, the first one is the dielectric modulated analysis and the second one is the electrolytic-based pH sensing of vertical TFET biosensor. The proposed model incorporates the effects of pH and the dielectric constant to provide a generalised solution applicable to neutral biomolecules. To test the effectiveness of the proposed sensors, a thorough simulation is run using an ATLAS device simulator. The effects of pH changes on device characteristics like the device current (IDS) and surface potential sensitivity are investigated. Additionally, pH sensors measure changes in hydrogen ion concentration in aqueous solutions and shifts in drain current caused by changes in the dielectric constant that have been used to analyse the sensitivity of dielectric modulated biosensors. The drain current sensitivity of the pH-hetero-VTFET biosensor is estimated as 8.8 × 105 which is higher than the sensitivity (9.1 × 104) of DM-hetero-VTFET at the cavity length of 30 nm. Since it has been found that the proposed sensor exhibits significant variations in its surface potential and drain current (ION), so this device is preferable as an appropriate sensing transducer.","1941-0085","","10.1109/TNANO.2023.3307632","","https://ieeexplore.ieee.org/stamp/stamp.jsp?arnumber=10226206","DM-hetero-VTFET;double gate vertical TFET;subthreshold swing (SS);sensitivity;pH-hetero-VTFET;surface potential;pH sensor","Electric potential;Sensitivity;Dielectric constant;TFETs;Molecular biophysics;Sensor phenomena and characterization;Biosensors","","13","","34","IEEE","22 Aug 2023","2023","","IEEE","IEEE Journals"
"Analog/RF and Linearity Performance Assessment of a Negative Capacitance FinFET Using High Threshold Voltage Techniques","R. K. Jaisawal; S. Rathore; P. N. Kondekar; N. Bagga","VLSI Design and Nano-Scale Computational Lab, Electronics and Communication Engineering Department, PDPM IIITDM, Jabalpur, India; VLSI Design and Nano-Scale Computational Lab, Electronics and Communication Engineering Department, PDPM IIITDM, Jabalpur, India; VLSI Design and Nano-Scale Computational Lab, Electronics and Communication Engineering Department, PDPM IIITDM, Jabalpur, India; School of Electrical Sciences, Indian Institute of Technology, Bhubaneswar, India",IEEE Transactions on Nanotechnology,"18 Sep 2023","2023","22","","545","551","The continued exploration of the ferroelectric-based negative capacitance field effect transistor (NCFET) for energy-efficient and higher current drivability merits has called for an investigation of the device compatibility for analog/RF applications. In this article, we assessed the analog/RF and linearity performance of NC-FinFET by employing high threshold voltage (HVT) techniques. Such techniques are essential to suppress the leakage current and improve the performance in scaled devices. Using well-calibrated TCAD models, we present insight into the advent of incorporating three different HVT approaches: 1) increase in the channel doping (Nch′), 2) drain underlap architecture (Ldsu), and 3) increase in the channel length (Lg’) to investigate the analog/RF behavior. Further, various linearity figure-of-merits (FoMs) has been examined using gm2, gm3, VIP2, VIP3, IIP3, IMD3, and 1-dB compression point. We also varied Nch′, Ldsu, and Lg’ to optimize the proposed HVT techniques for optimum performance. Moreover, the Gummel symmetry test, as a linearity measure, has been done for the optimized HVT-NCFinFET to investigate the drain current symmetry. Thus, the obtained results serve as a design guideline for adopting the NC-FinFET pertaining to low-power RF applications.","1941-0085","","10.1109/TNANO.2023.3308814","","https://ieeexplore.ieee.org/stamp/stamp.jsp?arnumber=10230871","Negative capacitance;FinFET;high threshold voltage (HVT);analog/RF;linearity;gummel symmetry","Logic gates;FinFETs;Linearity;Performance evaluation;Threshold voltage;Doping","","12","","32","IEEE","25 Aug 2023","2023","","IEEE","IEEE Journals"
"Comparison of Porous Germanium Thin Films on SS and Mo as Anode for High-Performance LIBs","V. Diolaiti; A. Andreoli; S. Chauque; P. Bernardoni; G. Mangherini; M. Ricci; R. P. Zaccaria; M. Ferroni; D. Vincenzi","Physics, University of Ferrara, Ferrara, Italy; Physics and Earth Science, University of Ferrara, Ferrara, Italy; Istituto Italiano di Tecnologia, Genova, Italy; Department of Chemical, Pharmaceutical and Agricultural Sciences, University of Ferrara, Ferrara, Italy; Physics and Earth Science, University of Ferrara, Ferrara, Italy; Istituto Italiano di Tecnologia, Genova, Italy; Italian Institute of Technology, Genova, Italy; DICATAM, University of Brescia, Brescia, Italy; Physics and Earth Science, University of Ferrara, Ferrara, Italy",IEEE Transactions on Nanotechnology,"18 Sep 2023","2023","22","","552","557","The increasing demand for high performance lithium ion batteries is pushing the research toward the development of new materials for electrodes. Our study focuses on the usage of Germanium as the active material for the negative electrode since it has a higher theoretical specific capacity than standard graphite-based electrodes. This research article provides insight into the electrochemical performance of thin films of Germanium deposited on metallic substrates and then nanostructured via electrochemical etching. Molybdenum and stainless steel are investigated as substrates and compared with regard to the performance of the resulting electrodes. The nanostructured Germanium electrodes show promising results, demonstrating a stable and high specific capacity for hundreds of cycles. The long-term stability of the cell together with a high rate capability proves the reliability of the cell engineered.","1941-0085","","10.1109/TNANO.2023.3311757","Italian Space Agency; New Ideas for Future Space Tools(grant numbers:2018-1-U.O); Project ANGELS; Interdisciplinary Enabling Technologies(grant numbers:2021-2-U.0); Project GLITTERY(GermaniumLithium-Ion baTTERY); Italian Space Agency; ","https://ieeexplore.ieee.org/stamp/stamp.jsp?arnumber=10243542","Nanostructured Germanium;PECVD;electrochemical etching;high capacity anode material;LIBs","Germanium;Substrates;Etching;Anodes;Graphite;Chemical vapor deposition;Electrochemical processes;Lithium-ion batteries","","4","","27","CCBY","7 Sep 2023","2023","","IEEE","IEEE Journals"
"Highly Sensitive, Low Operating Power Cardiac Troponin Biosensor Using PANI Nanofiber OFET","A. Ali; A. M. Sallam; M. Mohsen; A. Kasry; S. O. Abdellatif","Nanotechnology Research Centre (NTRC), British University in Egypt (BUE), Cairo, Egypt; Physics Department, Faculty of Science, Ain Shams University, Cairo, Egypt; Physics Department, Faculty of Science, Ain Shams University, Cairo, Egypt; Nanotechnology Research Centre (NTRC), British University in Egypt (BUE), Cairo, Egypt; Electrical Engineering Department, Faculty of Engineering and FabLab, Centre for Emerging Learning Technologies (CELT), The British University in Egypt (BUE), Cairo, Egypt",IEEE Transactions on Nanotechnology,"19 Sep 2023","2023","22","","558","563","Cardiovascular diseases (CVDs) are the leading cause of death worldwide, killing over 17 million people yearly. A key biomarker for identifying myocardial infarction (MI) is the regulatory protein Cardiovascular Troponin I (cTnI), released into the blood following heart muscle injury. Significant efforts have been made in recent years to develop highly sensitive biosensors for the detection of cTnI. Field effect transistors (FETs) in general and organic FETs (OFETs) in specific have shown computability in detecting such cordial protein. In this study, we provide a complete attempt to fabricate and characterize polyaniline nanofiber (PANI-NFs) OFET for biosensing applications. The FTIR spectrum of PANI-NFs is examined before and after pAbs immobilization. To study the biosensor performance parameters, the biomarker drain current is investigated against the cTnI biomarker concentrations. The proposed OFET recorded high sensitivity of 484 nA.(g/mL)−1, with a minimum detection limit (0.36 pg/mL) and power consumption varying from 7 μW to 11.4 μW. Finally, the biosensing repeatability was examined regarding variation in the P-FET device and the biasing conditions.","1941-0085","","10.1109/TNANO.2023.3312819","Nanotechnology Research Centre (NTRC); British University in Egypt (BUE); ","https://ieeexplore.ieee.org/stamp/stamp.jsp?arnumber=10243047","Organic field effect transistor;polyaniline nanofibers;cardiac troponin biosensor;  $limit\ of\ detection$  ;low threshold voltage","Biosensors;OFETs;Sensors;Antibodies;Polymers;Threshold voltage;Sensitivity","","7","","52","IEEE","7 Sep 2023","2023","","IEEE","IEEE Journals"
"Offset Field Control for VCMA-MRAM","R. Carpenter; W. Kim; K. Sankaran; M. B. Chroud; M. G. Monteiro; J. Swerts; G. S. Kar; S. Couet","IMEC, Leuven, Belgium; IMEC, Leuven, Belgium; IMEC, Leuven, Belgium; IMEC, Leuven, Belgium; IMEC, Leuven, Belgium; IMEC, Leuven, Belgium; IMEC, Leuven, Belgium; IMEC, Leuven, Belgium",IEEE Transactions on Nanotechnology,"19 Sep 2023","2023","22","","564","568","One of the key challenges in the industrialisation of Voltage Controlled Magnetic Anisotropy-Magnetic Random Access Memory (VCMA-MRAM) is the reliability of the writing process. As VCMA is a non-deterministic write process, it is more sensitive to any offset of the Free Layer (FL) ($\mu _{0}H_{off}$) due to stray fields generated by the Hard Layer (HL)/Reference Layer (RL), as compared to alternative MRAM technologies. In this work, a simple method for the control of $\mu _{0}H_{off}$ is demonstrated. The relative moments of the HL and RL can be tuned by varying the Co concentration, and number of repeats, in a typical Co/Pt HL. The effect of this is demonstrated at thin film and device level where a FL offset of $\mu _{0}H_{off}=0$ mT is obtained, with minimal change in any other device properties. Furthermore, the switching probability distribution, with respect to VCMA pulse width, is shown to be symmetric in the optimised device. This result shows that with simple tuning, one of the key challenges to VCMA-MRAM can be solved.","1941-0085","","10.1109/TNANO.2023.3312949","IMEC's Industrial Affiliation Program on STT-MRAM devices; ","https://ieeexplore.ieee.org/stamp/stamp.jsp?arnumber=10243158","Magnetic materials;MRAM;VCMA;voltage control","Magnetic tunneling;Magnetic field measurement;Voltage control;Anisotropic magnetoresistance;Magnetic materials;Magnetic anisotropy","","4","","32","IEEE","7 Sep 2023","2023","","IEEE","IEEE Journals"
"Design and Simulation of MIM Optical Filter Structure Based on Plasmonic Diagonal T-Shaped Resonators Using ANN Method","S. A. Zonouri; M. Hayati","Faculty of Engineering, Department of Electrical Engineering, Razi University, Kermanshah, Iran; Faculty of Engineering, Department of Electrical Engineering, Razi University, Kermanshah, Iran",IEEE Transactions on Nanotechnology,"19 Sep 2023","2023","22","","569","575","In this article, a novel nanoplasmonic wavelength filter using new T-shaped resonators is designed. In the proposed design, T-shaped resonators are placed diagonally in the waveguide. This dual band-pass filter, wavelengths 1080 nm and 1320 nm, has a metal-insulation-metal structure, and the Drude, Drude-Lorentz, and Drude-Critical Points models have also been used in the numerical simulations. Moreover, the intensity of transmission power and the amount of resonance can be adjusted and changed in accordance with the base length of the resonators. The proposed filter can limit light to dimensions below the wavelength (in the nanometer range), making it suitable for optoelectronic integrated circuits. Furthermore, by tuning the parameters of the structure, it will be possible to achieve 93% and 73% of the transmission power intensity. Also, the artificial neural network model is presented to predict the transmission rate of the filter and optimize the dimensions of the resonators for better performance.","1941-0085","","10.1109/TNANO.2023.3305020","","https://ieeexplore.ieee.org/stamp/stamp.jsp?arnumber=10219014","ANN method;diagonal T-shaped resonator;dual-mode;FDTD method;plasmonic filter","Optical filters;Resonators;Plasmons;Artificial neural networks;Finite difference methods","","9","","39","IEEE","15 Aug 2023","2023","","IEEE","IEEE Journals"
"High-Efficiency Field-Free Spin-Orbit Switching Based on PtW Alloy Layer","X. Liu; X. Lan; Z. A. Bekele; W. Li; S. Zhu; P. Dou; Y. Wang; J. Zhang; S. Wang; K. Wang","State Key Laboratory for Superlattices and Microstructures, Institute of Semiconductors, Chinese Academy of Sciences, Beijing, China; State Key Laboratory for Superlattices and Microstructures, Institute of Semiconductors, Chinese Academy of Sciences, Beijing, China; State Key Laboratory for Superlattices and Microstructures, Institute of Semiconductors, Chinese Academy of Sciences, Beijing, China; State Key Laboratory for Superlattices and Microstructures, Institute of Semiconductors, Chinese Academy of Sciences, Beijing, China; State Key Laboratory for Superlattices and Microstructures, Institute of Semiconductors, Chinese Academy of Sciences, Beijing, China; Beijing Advanced Innovation Center for Materials Genome Engineering, School of Materials Science and Engineering, University of Science and Technology Beijing, Beijing, China; Beijing Advanced Innovation Center for Materials Genome Engineering, School of Materials Science and Engineering, University of Science and Technology Beijing, Beijing, China; Beijing Advanced Innovation Center for Materials Genome Engineering, School of Materials Science and Engineering, University of Science and Technology Beijing, Beijing, China; Beijing Advanced Innovation Center for Materials Genome Engineering, School of Materials Science and Engineering, University of Science and Technology Beijing, Beijing, China; State Key Laboratory for Superlattices and Microstructures, Institute of Semiconductors, Chinese Academy of Sciences, Beijing, China",IEEE Transactions on Nanotechnology,"20 Sep 2023","2023","22","","576","580","Current-driven spin-orbit-torque (SOT)-induced device is a promising candidate with nonvolatility, low energy consumption, and ultrafast speed for the next-generation storage and computing technique. However, the requirement of the assistant magnetic field hinders its application. Besides, the switching current density in SOT-induced devices still needs to be further reduced. Here, we prepared devices with stacks of Ta/Pt100-xWx/Co/AlOy/Pt and systematically investigated changes in the switching efficiency with W content. A high damping-like effective field per unit current density ηDL up to 40.57 ± 3.32 (Oe/(106 A/cm2)) was observed in the device with a Pt74W26 layer, which is one order of magnitude higher than that in the typical spin-orbit devices with pure heavy metal layer reported in the previous articles. In addition, field-free switching is observed in devices with a wide range of W content using the competing spin currents generated from the Pt100-xWx layer. Zero-field switching (ZFS) critical current densities of them are less than 1.09 ± 0.05 (107 A/cm2) with the minimum of 1.58 ± 0.13 (106 A/cm2), indicating the highly efficient field-free spin-orbit switching in the PtW system. Our findings pave the way to high-energy-efficiency spin-orbit devices.","1941-0085","","10.1109/TNANO.2023.3313313","National Key Research and Development Program of China(grant numbers:2022YFA1405100); Beijing Natural Science Foundation Key Program(grant numbers:Z190007); National Natural Science Foundation of China(grant numbers:12241405,52130103,51971026); Strategic Priority Research Program of Chinese Academy of Sciences(grant numbers:XDB44000000,XDB28000000); Beijing Natural Science Foundation(grant numbers:IS23028); ","https://ieeexplore.ieee.org/stamp/stamp.jsp?arnumber=10244052","High-efficiency spin-orbit-torque device;zero-field switching;competing spin current;magnetic heterostructure","Harmonic analysis;Magnetization;Magnetic field measurement;Platinum alloys;Spintronics","","6","","52","IEEE","8 Sep 2023","2023","","IEEE","IEEE Journals"
"A Multi-Domain Magneto Tunnel Junction for Racetrack Nanowire Strips","P. Dutta; A. Lee; K. L. Wang; A. K. Jones; S. Bhanja","University of South Florida, Tampa, FL, USA; ECE Department, University of California at Los Angeles, Los Angeles, CA, USA; ECE Department, University of California at Los Angeles, Los Angeles, CA, USA; ECE Department, University of Pittsburgh, Pittsburgh, PA, USA; University of South Florida, Tampa, FL, USA",IEEE Transactions on Nanotechnology,"29 Sep 2023","2023","22","","581","583","Domain-wall memory (DWM) has SRAM class access performance, low energy, high endurance, high density, and CMOS compatibility. Recently, shift reliability and processing-using-memory (PuM) proposals developed a need to count the number of parallel or anti-parallel domains in a portion of the DWM nanowire. In this article we propose a multi-domain magneto-tunnel junction (MTJ) that can detect different resistance levels as a function of a the number of parallel or anti-parallel domains. Using detailed micromagnetic simulation with LLG, we demonstrate the multi-domain MTJ, study the benefit of its macro-size on resilience to process variation and present a macro-model for scaling the size of the multi-domain MTJ. Our results indicate scalability to seven-domains while maintaining a $16.3 \,\text{mV}$ sense margin.","1941-0085","","10.1109/TNANO.2023.3298920","NSF(grant numbers:2133340,2133267,1822085,1810163); ARO MURI(grant numbers:W911NF2020166); ","https://ieeexplore.ieee.org/stamp/stamp.jsp?arnumber=10214432","Spintronics;domain wall memory","Magnetic tunneling;Resistance;Magnetic domains;Perpendicular magnetic anisotropy;Magnetic domain walls;Junctions;Spintronics;Scalability","","7","","13","IEEE","10 Aug 2023","2023","","IEEE","IEEE Journals"
"Impedance Analysis of Liquid Film Formed on Electrically Stressed Cr Thin Films","S. N. Ghosh; S. Talukder","Department of Electrical Engineering and Computer Science, Indian Institute of Science Education and Research Bhopal, Bhopal, MP, India; Department of Electrical Engineering and Computer Science, Indian Institute of Science Education and Research Bhopal, Bhopal, MP, India",IEEE Transactions on Nanotechnology,"25 Sep 2023","2023","22","","584","589","Electric field initiated chemical reactions result in surface modifications which have potential applications in the field of micro- and nano-scale patterning and the same is demonstrated through the electrolithography (ELG) technique. In ELG, electrochemical reaction backed modifications on chromium (Cr) thin films have resulted in patterns having a width in the nanometer range. The chemical reaction on the Cr surface results in the formation of a liquid compound. The reaction equation has a similar anatomy to that of a local anodic oxidation reaction. The liquid material formation process takes place under the influence of both unidirectional and alternating electric fields. However, the true nature of the formed liquid region, specifically its electronic characteristic, remains unknown. In this study, we explore the electrical properties of the said liquid domain by employing impedance spectroscopy. Frequency sweeps are carried out in a range spanning five orders of magnitude, from 10 Hz to 1 MHz, on the liquid region formed on electrical stressing of Cr films of thickness 100 nm. Based on the studies, a simple equivalent electrical circuit is proposed. The circuit model is justified with fundamental physics. The impedance spectroscopy results also help us to estimate a time constant for the liquid material formation process. The results of this study will help us better regulate the material formation process on Cr thin films and thereby control the ELG process better.","1941-0085","","10.1109/TNANO.2023.3310501","SERB (DST, Government of India); SRG(grant numbers:SRG/2019/000290); IISER Bhopal initiation grant; ","https://ieeexplore.ieee.org/stamp/stamp.jsp?arnumber=10236539","Equivalent circuit;frequency response;modelling;time constant","Impedance;Equivalent circuits;Frequency response;Modeling;Thin films;Chromium","","6","","25","IEEE","31 Aug 2023","2023","","IEEE","IEEE Journals"
"Physics-Based and Closed-Form Model for Cryo-CMOS Subthreshold Swing","A. Beckers; J. Michl; A. Grill; B. Kaczer; M. G. Bardon; B. Parvais; B. Govoreanu; K. De Greve; G. Hiblot; G. Hellings","IMEC, Leuven, Belgium; Institute for Microelectronics, TU Vienna, Vienna, Austria; IMEC, Leuven, Belgium; IMEC, Leuven, Belgium; IMEC, Leuven, Belgium; IMEC, Leuven, Belgium; IMEC, Leuven, Belgium; IMEC, Leuven, Belgium; IMEC, Leuven, Belgium; IMEC, Leuven, Belgium",IEEE Transactions on Nanotechnology,"25 Sep 2023","2023","22","","590","596","Cryogenic semiconductor device models are essential in designing control systems for quantum devices and in benchmarking the benefits of cryogenic cooling for high-performance computing. In particular, the saturation of subthreshold swing due to band tails is an important phenomenon to include in low-temperature analytical MOSFET models as it predicts theoretical lower bounds on the leakage power and supply voltage in tailored cryogenic CMOS technologies with tuned threshold voltages. Previous physics-based modeling required to evaluate functions with no closed-form solutions, defeating the purpose of fast and efficient model evaluation. Thus far, only the empirically proposed expressions are in closed form. This article bridges this gap by deriving a physics-based and closed-form model for the full saturating trend of the subthreshold swing from room down to low temperature. The proposed model is compared against experimental data taken on some long and short devices from a commercial 28-nm bulk CMOS technology down to 4.2 K.","1941-0085","","10.1109/TNANO.2023.3314811","","https://ieeexplore.ieee.org/stamp/stamp.jsp?arnumber=10250972","Band tail;cryogenic;MOSFET","Semiconductor device modeling;Cryogenics;Gaussian distribution;MOSFET;High performance computing","","16","","28","IEEE","13 Sep 2023","2023","","IEEE","IEEE Journals"
"Planar Quasi-1D Nano-Interconnects Based on Selective Edge Passivated ZnO Nanoribbons","M. S. Krishna; S. Singh; B. K. Kaushik","Microelectronics and VLSI Lab, National Institute of Technology, Patna, India; Microelectronics and VLSI Lab, National Institute of Technology, Patna, India; Department of Electronics and Communication Engineering, Indian Institute of Technology Roorkee, Roorkee, India",IEEE Transactions on Nanotechnology,"25 Sep 2023","2023","22","","597","605","This work reports nano-interconnect properties in selective edge passivated zigzag ZnO nanoribbons (ZnONRs) by deploying the density functional theory (DFT) in conjugation with non-equilibrium Green's function (NEGF) framework. Here, structural, electronic, and transport properties of selective edge passivated ZnONRs are explored in-depth to analyze their potentials as nano-interconnect. The bandstructure and density of states (DoS) reveal that the hydrogenated ZnONRs are semiconducting with 0.49 eV band gap. However, the selective edge passivation results in dangling bonds at any/both edges resulting in metallic behavior. Further, the I-V characteristics reveal that the bare Zn-edge device (ZnO-H) has linearly increasing current while the bare O-edge (H-ZnO) and both bare edged ZnO (bare-ZnO) demonstrate negative differential resistance (NDR) characteristics. The current magnitude in pristine devices is insignificant as compared to devices with at least one bare edge due to their semiconducting nature. The parameters that affect the nano-interconnects performance at nanoscale dimensions such as quantum resistance ($R_{Q}$), kinetic inductance ($L_{K}$), and quantum capacitance ($C_{Q}$) are reported as 6.46 k$\Omega$, 35.08 nH/$\mu$m, and 3.36 nF/m. Furthermore, the performance of ZnO-H devices as nano-interconnects is investigated through various analyses such as delay, stability, frequency response, crosstalk, and line resistance effects. The obtained results reveal the ZnO-H device has enough potential to be used as nano-Interconnect.","1941-0085","","10.1109/TNANO.2023.3314068","","https://ieeexplore.ieee.org/stamp/stamp.jsp?arnumber=10246994","ZnO nanoribbons;density functional theory;non-equilibrium Green's function;edge-passivation;transport properties;and nano-interconnects","Nanoribbons;Zinc oxide;II-VI semiconductor materials;Nanoscale devices;Graphene;Density functional theory;Green's function methods","","5","","54","IEEE","11 Sep 2023","2023","","IEEE","IEEE Journals"
"Effect of Alternating Electric Field Modulation on Liquefaction of Chromium Thin Film","S. N. Ghosh; S. Talukder","Department of Electrical Engineering & Computer Science, Indian Institute of Science Education and Research Bhopal, Bhopal, MP, India; Department of Electrical Engineering & Computer Science, Indian Institute of Science Education and Research Bhopal, Bhopal, MP, India",IEEE Transactions on Nanotechnology,"25 Sep 2023","2023","22","","606","612","A plethora of factors are known to affect the electric field assisted liquid material formation process on nanometer thick chromium (Cr) films. Among electrical parameters, apart from the magnitude of the applied voltage signal, the frequency of applied alternating current (AC) signal is also known to play a massive role in the process. Venturing into modulating the applied AC signal, varying different AC signal parameters could help us achieve better control over the entire phenomenon. AC modulation affects the net impulse experienced by the various ions in play and thereby affects the net areal spread of the liquified region up to three times. Square wave signals of different frequencies are used for this study. Keeping the peak negative voltage level of the AC signal fixed at −10 V and varying the peak positive voltage from 2.5 V to 10 V, results in the extent of material formation almost doubling. Varying the duty cycle of the square signal over a large scale showed non-linear trends, which led us to investigate the dominance of one half of a full cycle over the other. The negative part of an entire time cycle is found to be more dominant than its counterpart. The observations made in this study helped us to gain significant insights into the mechanism behind this phenomenon, which revealed an ionic transport process to be the controlling factor. We show that AC signal modulation can be used in confining the material formation process observed on Cr thin films. This will help us in controlling a novel scanning probe based lithography (SPL) process – electrolithography, which uses the above-mentioned phenomenon as the central step.","1941-0085","","10.1109/TNANO.2023.3314630","SRG(grant numbers:SRG/2019/000290); CRG(grant numbers:CRG/0221/007029); SERB (DST, Government of India); IISER Bhopal Initiation; ","https://ieeexplore.ieee.org/stamp/stamp.jsp?arnumber=10247622","AC modulation;lithography;oxidation;space charge","Silicon;Electric fields;Oxidation;Lithography;Space charge;Chromium;Thin films","","5","","22","IEEE","12 Sep 2023","2023","","IEEE","IEEE Journals"
"Reuse of Bimetallic Nanoparticles for Nitrate Reduction","G. G. Valiyeva; L. Di Palma; S. R. Hajiyeva; M. A. Ramazanov; F. V. Hajiyeva; E. K. Gasimov; F. H. Rzayev","Department Ecological Chemistry, Ecology and Soil science faculty, Baku State University, Baku, Azerbaijan; Dipartimento di Ingegneria Chimica Materiali Ambiente, Sapienza Universita` di Roma, Rome, Italy; Department Ecological Chemistry, Ecology and Soil science faculty, Baku State University, Baku, Azerbaijan; Department Chemical Physics of Nanomaterials, Faculty of Physics, Baku State University, Baku, Azerbaijan; Department Chemical Physics of Nanomaterials, Faculty of Physics, Baku State University, Baku, Azerbaijan; Electron Microscopy Laboratory, Baku, Azerbaijan Medical University, Baku, Azerbaijan; Electron Microscopy Laboratory, Baku, Azerbaijan Medical University, Baku, Azerbaijan",IEEE Transactions on Nanotechnology,"3 Oct 2023","2023","22","","613","619","The aim of this research is investigation of FeNi bimetallic nanoparticles effectiveness after their using in the reduction of the high nitrate concentration. The advantage of the reusability is opportunity to create cost effective and environmentally friendly technologies. In this paper the efficiency of the same bimetallic nanoparticles was described. The same nanoparticles were used for nitrate reduction in the first, second and third times. After each use they were collected and used again for reduction of 300 mg L−1 nitrates. Fe/Ni based bimetallic nanoparticles were synthesized freshly and used for nitrate removal. Synthesis of bimetallic nanoparticles was carried out in the presence of sodium oleate as dispersing agent by widely known borohydride reduction method. Batch experiments were performed on nitrate contaminated water samples. The parameters investigated were the reaction pH (acidic, alkaline conditions) and nitrates concentration after their reusing. The results showed that the total nitrate reduction (99.75%) was occurred after 5 min of reaction in the presence of freshly synthesized nanoparticles. Then the same nanoparticles were repeatedly used for nitrate reduction. This test has been performed thrice to study nanoparticles effectiveness after each use. It was investigated that the efficiency of nitrate degradation decreased after reusing. The second remediation by the same nanoparticles consisted 64.67% of nitrates removal and the third one – 47%. To evaluate the nitrate reduction rate and the kinetic of reaction, additional tests were performed at different temperatures. The structural characterization of freshly synthesized and reused bimetallic nanoparticles was investigated by TEM. Results showed that bimetallic nanoparticles were covered with an oxide layer after nitrates reduction. Decreased efficiency of reused bimetallic nanoparticles can be due to the appearance of an oxide layer.","1941-0085","","10.1109/TNANO.2022.3230284","","https://ieeexplore.ieee.org/stamp/stamp.jsp?arnumber=9991860","Ecology;iron;nanoparticles;nickel;water pollution","Nanoparticles;Iron;Catalysts;Water pollution;Nickel","","3","","64","IEEE","19 Dec 2022","2023","","IEEE","IEEE Journals"
"Spectral Analysis of Subterahertz Oscillations Based on an Antiferromagnet/Non–Magnetic Metal Heterostructure","A. Mitrofanova; K. Vanin; D. Volkov; A. Safin; O. Kravchenko; H. -G. Ryu; S. Nikitov","Kotel'nikov Institute of Radioengineering and Electronics, Russian Academy of Sciences, Moscow, Russia; Chungbuk National University, Cheongju, South Korea; Kotel'nikov Institute of Radioengineering and Electronics, Russian Academy of Sciences, Moscow, Russia; Kotel'nikov Institute of Radioengineering and Electronics, Russian Academy of Sciences, Moscow, Russia; Kotel'nikov Institute of Radioengineering and Electronics, Russian Academy of Sciences, Moscow, Russia; Chungbuk National University, Cheongju, South Korea; Kotel'nikov Institute of Radioengineering and Electronics, Russian Academy of Sciences, Moscow, Russia",IEEE Transactions on Nanotechnology,"4 Oct 2023","2023","22","","620","627","We present a model of a sub-THz frequency spectrum analyzer based on the antiferromagnet/non–magnetic metal heterostructure. The considered structure operates in the active self–oscillation regime with the high Q–factor (closed to $10^{6}$) and is phase–locked to the analyzed signal, while the frequency of the oscillator is linearly tuned by the spin–polarized current flowing through the non–magnetic metal. We find an analytical expression for the duration of the phase–locking interval by analyzing the generalized Kuramoto model with inertia. We show that the speed of the described spectrum analyzer is comparable to and exceeds the speed of modern commercial spectrum analyzers. The presented results can be helpful for practically realizing the room–temperature, tunable, sensitive, and high–speed sub-THz frequency spectrum analyzers.","1941-0085","","10.1109/TNANO.2023.3315071","Russian Science Foundation(grant numbers:21–79–10396); Institute of Information and Communications Technology Planning and Evaluation; Korea government(grant numbers:2021–0–00746); ","https://ieeexplore.ieee.org/stamp/stamp.jsp?arnumber=10251038","Antiferromagnet;external phase locking;Kuramoto model;spectral analysis;spintronics","Mathematical models;Synchronization;Frequency synchronization;Spectral analysis;Spintronics;Antiferromagnetic materials","","","","45","IEEE","13 Sep 2023","2023","","IEEE","IEEE Journals"
"Thermal Treatments on a UDMA-TEGDMA Nanocomposite Doped With Gold Nanorods Investigated by In-situ Raman-Spectroscopy","A. Bonyár; A. Borók; M. Szalóki; M. Veres; I. Rigó","Faculty of Electrical Engineering and Informatics, Department of Electronics Technology, Budapest University of Technology and Economics, Budapest, Hungary; Faculty of Electrical Engineering and Informatics, Department of Electronics Technology, Budapest University of Technology and Economics, Budapest, Hungary; Faculty of Dentistry, Department of Biomaterials and Prosthetic Dentistry, University of Debrecen, Debrecen, Hungary; Wigner Research Centre for Physics, Budapest, Hungary; Wigner Research Centre for Physics, Budapest, Hungary",IEEE Transactions on Nanotechnology,"4 Oct 2023","2023","22","","628","633","The impact of heating and cooling cycles on a copolymer mixture of urethane dimethacrylate (UDMA) and triethylene glycol dimethacrylate (TEGDMA), with and without gold nanorod doping was studied by using in-situ Raman spectroscopy. The copolymer was made in a 3:1 ratio and 0.1236 m/m% concentration of 25 nm × 85 nm gold nanorods was added. Heating and cooling between 30 °C and 140 °C was applied and two distinct vibration bands at 1447 cm-1 (C–H bond) and 1638 cm-1 (methacrylate C = C stretching) were monitored using 532, 633 and 785 nm excitations. The degree of conversion (DC) of the polymer was calculated based on the peak intensities. The influence of the gold nanorods, single and multiple thermal cycles, excitation wavelength, and reference peak selection on the calculated DC were analyzed in detail.","1941-0085","","10.1109/TNANO.2023.3314922","National Research and Innovation Office(grant numbers:2022-2.1.1-NL-2022-00002); Eötvös Lóránd Research Network, Hungary; National Research, Development; Innovation Fund of Hungary(grant numbers:TKP2021-EGA-02); European Union and European Social Fund(grant numbers:VEKOP-2.3.2-16-2016-00011); Doctoral Student Scholarship Program of the Co-operative Doctoral Program of the Ministry for Innovation and Technology; National Research, Development, and Innovation Fund; ","https://ieeexplore.ieee.org/stamp/stamp.jsp?arnumber=10250989","Raman spectroscopy;nanocomposite;UDMA-TEGDMA;gold nanorods;thermal-treatment;plasmonics","Polymers;Nanorods;Gold;Raman scattering;Nanocomposites;Plasmons","","2","","16","IEEE","13 Sep 2023","2023","","IEEE","IEEE Journals"
"MFM Tip With a Ferromagnetic Disk-Shaped Apex for Large Domain Scanning","I. V. Vetrova; J. Feilhauer; V. Cambel; J. Šoltýs","Institute of Electrical Engineering, Slovak Academy of Sciences, Bratislava, Slovakia; Institute of Electrical Engineering, Slovak Academy of Sciences, Bratislava, Slovakia; Institute of Electrical Engineering, Slovak Academy of Sciences, Bratislava, Slovakia; Institute of Electrical Engineering, Slovak Academy of Sciences, Bratislava, Slovakia",IEEE Transactions on Nanotechnology,"6 Oct 2023","2023","22","","634","640","We study magnetic force microscopy tips with a ferromagnetic disk-shaped apex (FMD tip). We find that it behaves as a paramagnetic-like tip when scanning large domains, i.e., it visualizes only the domain boundaries. Moreover, it significantly reduces the perturbation of soft magnetic samples and provides a longer probe lifetime compared to commercial low-moment probes. FMD tip was tested on a Co-based sample with out-of-plane magnetization and on a longitudinal magnetic media with in-plane recording. We prepared two FMD tips with disk diameters of 150 and 325 nm in order to analyze how the disk diameter affects the probe sensitivity and the measured width of the domain wall. Experimental results are supported by analytical calculations and numerical simulations.","1941-0085","","10.1109/TNANO.2023.3312943","Slovak Grant Agency VEGA(grant numbers:2/0168/22); ITMS through Research & Innovation Operational Programme; European Regional Development Fund(grant numbers:313021T081); ","https://ieeexplore.ieee.org/stamp/stamp.jsp?arnumber=10243051","Magnetic force microscopy;nanotechnology;ferromagnetic materials;permalloy","Probes;Magnetic domains;Magnetic multilayers;Magnetic force microscopy;Ferromagnetic materials","","","","23","IEEE","7 Sep 2023","2023","","IEEE","IEEE Journals"
"Realization of Sub-10nm Fluorinated Silicene Based Spin Diode and Spin Diode Logic","M. Gani; K. A. Shah; S. A. Parah","Department of Electronics University of Kashmir, Srinagar, Jammu and Kashmir, India; Department of Nanotechnology University of Kashmir, Srinagar, Jammu and Kashmir, India; Department of Electronics University of Kashmir, Srinagar, Jammu and Kashmir, India",IEEE Transactions on Nanotechnology,"9 Oct 2023","2023","22","","641","648","Most of today's computing technology employs Si-based CMOS-transistors and the associated CMOS logic-family. In contrast, alternate devices (like spin valve, spin diode, etc.) and the other logic family (like diode logic) present a better alternative with enhanced performance advantages such as high speed, smaller size, and enhanced power efficiency. Moreover, 2D materials due to their ultimate thinness and unique spin-dependent properties have successfully attracted the research interest for future nano-spintronic devices. Here, we have first studied the impact of fluorination on zigzag/armchair silicene nanoribbon and modeled the most favorable half-fluorinated zigzag silicene nanoribbon-based spin diode. The spin-dependent transport characteristics such as I-V curve and transmission spectrum were calculated by employing density functional theory (DFT) and non-equilibrium Greens function (NEGF) formalism. The origin of the obtained transport characteristics is elucidated by using the spin-dependent transmission spectrum and the density of states (DOS) of electrodes. The device shows 100% spin filtering efficiency, a large rectification ratio of 1.6 × 1023, and large magnetoresistance of 1.5 × 1025. A comparison of the modeled device with the state of art devices is also drawn to evaluate its performance. Furthermore, a novel spin diode logic NOT and universal NAND operations were realized, which suggests the implementation of a complete spin diode logic family-based architecture.","1941-0085","","10.1109/TNANO.2023.3318293","Department of Science and Technology, Science and Research Board, New Delhi, India(grant numbers:EMR /2017/002866); DST- SERB, New Delhi, India(grant numbers:EMR /2017/002866); JKST&IC funded project(grant numbers:JKST&IC/SRE/1172-74); ","https://ieeexplore.ieee.org/stamp/stamp.jsp?arnumber=10262365","2D materials;diode logic;silicene;spin diode;spintronic devices","Spintronics;Photonic band gap;Graphene;Silicon;Nanoribbons;Density functional theory;Green's function methods","","2","","41","IEEE","25 Sep 2023","2023","","IEEE","IEEE Journals"
"A Generalization and Differentiation Circuit Implementation Based on Neural Mechanisms","Z. Ding; Z. Chen; T. Su; S. Li; L. Yang","School of Electrical and Information Engineering, Wuhan Institute of Technology, Wuhan, China; School of Electrical and Information Engineering, Wuhan Institute of Technology, Wuhan, China; School of Electrical and Information Engineering, Wuhan Institute of Technology, Wuhan, China; School of Electrical and Information Engineering, Wuhan Institute of Technology, Wuhan, China; School of Electrical and Information Engineering, Wuhan Institute of Technology, Wuhan, China",IEEE Transactions on Nanotechnology,"17 Oct 2023","2023","22","","649","658","Pavlov conditioning theory can explain part of biological behavior accurately, and has a profound influence on the development of behavioral psychology. Reinforcement, extinction, generalization and differentiation are the four basic principles of conditional reflex. Among them, reinforcement and extinction respectively correspond to learning and forgetting in Pavlov associative memory, and have been widely discussed. However, there are few studies on generalization and differentiation, and the circuits designed in the past cannot precisely reflect the experimental phenomenon. In this article, a generalization and differentiation circuit based on neural mechanisms is designed using memristors. This circuit improves on the previous generalization and differentiation circuits, so that it can distinguish similar but different tactile stimulus, and regularly generate different outputs according to the degree of similarity. The difference in the output corresponds to the variation in saliva secretion in response to different tactile stimuli in the biological system. At the same time, the number of tactile stimuli is increased, which helps to improve the resolution of the circuit to distinguish similar stimuli. In addition, this article considers the connections of neurons from the perspective of neural mechanisms, which makes the circuit structure more conform to biological properties. Finally, the above-mentioned functions have been verified in PSPICE.","1941-0085","","10.1109/TNANO.2023.3322200","National Natural Science Foundation of China(grant numbers:62176189,62106181); Hubei Provincial Colleges; niversities Outstanding Young and Middle-aged Science and Technology Innovation Team Program(grant numbers:T2022012); Scientific Research Fund of Wuhan Institute of Technology(grant numbers:K201908,K202017); ","https://ieeexplore.ieee.org/stamp/stamp.jsp?arnumber=10274138","Differentiation;generalization;memristor;neural mechanisms;the amount of saliva","Neurons;Memristors;Integrated circuit modeling;Threshold voltage;Associative memory;Neural microtechnology","","3","","38","IEEE","9 Oct 2023","2023","","IEEE","IEEE Journals"
"A General-Purpose STT-MTJ Device Model Based on the Fokker-Planck Equation","H. Liu; T. Ohsawa","Graduate School of Information, Production and Systems, Waseda University, Kitakyushu, Japan; Graduate School of Information, Production and Systems, Waseda University, Kitakyushu, Japan",IEEE Transactions on Nanotechnology,"17 Oct 2023","2023","22","","659","665","A thermally agitated device model of spin-transfer torque magnetic tunnel junction (STT-MTJ) based on the Fokker-Planck equation is proposed which is implemented into HSPICE by using Verilog-A. We compared different techniques of finite difference method (FDM) and analyzed the impact of the solvers on computational efficiency and accuracy. A framework is proposed which traces dynamics of a particular STT-MTJ's angle between the magnetic moments of the free and the pinned layers and makes the model applicable to a wide range of circuits. The model was applied to the 4T2MTJ memory cell array and a leaky integrate-and-fire (LIF) neuron circuit to validate the stochastic switching characteristic and the angle prediction function. In the memory array simulations, the CPU time consumption for this model is 1/30 of the model which is based on the stochastic Landau-Lifshitz-Gilbert-Slonczewski equation.","1941-0085","","10.1109/TNANO.2023.3322468","Synopsys Corporation; JSPS KAKENHI(grant numbers:JP20K04626); VLSI Design and Education Center; University of Tokyo; Cadence Corporation; KIOXIA Holdings Corporation; Waseda University; ","https://ieeexplore.ieee.org/stamp/stamp.jsp?arnumber=10273639","Spin-transfer torque magnetic tunnel junction (STT-MTJ);Fokker-Planck equation;Verilog-A;spiking neural network (SNN)","Mathematical models;Integrated circuit modeling;Magnetic moments;Semiconductor device modeling;Magnetic tunneling;Spintronics;Neural networks","","2","","30","IEEE","6 Oct 2023","2023","","IEEE","IEEE Journals"
"A Deep Dive Into the Design Space of a Dynamically Reconfigurable Cryogenic Spiking Neuron","M. M. Islam; S. Alam; C. D. Schuman; M. S. Hossain; A. Aziz","Department of Electrical Engineering and Computer Science, University of Tennessee, Knoxville, TN, USA; Department of Electrical Engineering and Computer Science, University of Tennessee, Knoxville, TN, USA; Department of Electrical Engineering and Computer Science, University of Tennessee, Knoxville, TN, USA; Department of Physics, Princeton University, Princeton, NJ, USA; Department of Electrical Engineering and Computer Science, University of Tennessee, Knoxville, TN, USA",IEEE Transactions on Nanotechnology,"17 Oct 2023","2023","22","","666","672","Spiking neural network offers the most bio-realistic approach to mimic the parallelism and compactness of the human brain. A spiking neuron is the central component of an SNN which generates information-encoded spikes. We present a comprehensive design space analysis of the superconducting memristor (SM)-based electrically reconfigurable cryogenic neuron. A superconducting nanowire (SNW) connected in parallel with an SM function as a dual-frequency oscillator and two of these oscillators can be coupled to design a dynamically tunable spiking neuron. The same neuron topology was previously proposed where a fixed resistance was used in parallel with the SNW. Replacing the fixed resistance with the SM provides an additional tuning knob with four distinct combinations of SM resistances, which improves the reconfigurability by up to ∼70%. Utilizing an external bias current (Ibias), the spike frequency can be modulated up to ∼3.5 times. Two distinct spike amplitudes (∼1V and ∼1.8 V) are also achieved. Here, we perform a systematic sensitivity analysis and show that the reconfigurability can be further tuned by choosing a higher input current strength. By performing a 500-point Monte Carlo variation analysis, we find that the spike amplitude is more variation robust than spike frequency and the variation robustness can be further improved by choosing a higher Ibias. Our study provides valuable insights for further exploration of materials and circuit level modification of the neuron that will be useful for system-level incorporation of the neuron circuit.","1941-0085","","10.1109/TNANO.2023.3322138","Air Force Research Laboratory(grant numbers:FA8750-21-1-1018); ","https://ieeexplore.ieee.org/stamp/stamp.jsp?arnumber=10272662","Cryogenic;heater cryotron;memristor;nanowire;neuron;oscillator;spiking;superconductor","Oscillators;Neurons;Topology;Cryogenics;Memristors;Nanowires","","3","","35","IEEE","5 Oct 2023","2023","","IEEE","IEEE Journals"
"L-Shaped Double Gate Bipolar Impact Ionization MOSFET Based Energy Efficient Leaky Integrate and Fire Neuron for Spiking Neural Network","S. Sarkhel; T. Kumari; P. Saha","Department of Electronics and Communication Engineering, NSEC, Garia, Kolkata, India; Department of Electrical Engineering, IIT, Patna, Bihar, India; Department of Electronics and Communication Engineering, C.V. Raman Global University, Bhubaneswar, India",IEEE Transactions on Nanotechnology,"19 Oct 2023","2023","22","","673","678","In this article, an L-shaped double gate bipolar impact ionization MOSFET (L-DG BIMOS) is proposed and demonstrated as an ultra-low energy artificial leaky integrate and fire (LIF) neuron for spiking neural network. The L-shaped double gate structure offers a higher rate of impact ionization (II) essential for triggering LIF action and hence can efficiently be applicable to mimic a biological neuron. Using a well-calibrated 2D TCAD tool, the functioning of the proposed device as an LIF neuron is manifested by exhibiting a low threshold voltage of 0.2 V to fire a spike, reduced breakdown voltage of 0.68 V and 0.1050 pJ of energy per spike, making the device more energy efficient as compared to conventional neurons. In addition, the spiking frequency of L-DG BIMOS is calculated to be in the gigahertz (Gz) range when the drain is biased at 1.5 V, which is much higher than biological neurons.","1941-0085","","10.1109/TNANO.2023.3322880","","https://ieeexplore.ieee.org/stamp/stamp.jsp?arnumber=10274130","Impact ionization;leaky integrate and fire;spiking neural network;L-shaped gate","Neurons;BiCMOS integrated circuits;Logic gates;Impact ionization;MOSFET;Electric potential;Neural networks","","7","","22","IEEE","9 Oct 2023","2023","","IEEE","IEEE Journals"
"A 5.2 GHz Inductorless CNTFET-Based Amplifier Design Feasible for On-Chip Implementation","L. M. Valdez-Sandoval; A. Cid-Delgado; A. Pacheco-Sánchez; M. A. E. Aguilar; M. Annamalai; M. Schröter; E. Ramírez-García","Instituto Politécnico Nacional, UPALM, Mexico City, México; Instituto Politécnico Nacional, UPALM, Mexico City, México; Departament d'Enginyeria Electrònica, Universitat Autònoma de Barcelona, Bellaterra, Spain; Instituto Politécnico Nacional, UPALM, Mexico City, México; Chair for Electron Devices and Integrated Circuits, Technische Universität Dresden, Dresden, Germany; Chair for Electron Devices and Integrated Circuits, Technische Universität Dresden, Dresden, Germany; Instituto Politécnico Nacional, UPALM, Mexico City, México",IEEE Transactions on Nanotechnology,"19 Oct 2023","2023","22","","679","683","The design of single- and double-stage carbon nanotube field-effect transistor (CNTFET) based power gain amplifiers using an experimentally-calibrated compact model of an advanced CNTFET technology is presented. Operating at a frequency of 5.2 GHz, the designed single- and double-stage amplifiers achieve competitive gain and linear performance whereas maintining low-power consumption in comparison to incumbent Si-based amplifier circuits. The employed inductorless amplifier topology eases the implementation in a monolithic process. Furthermore, the single-stage amplifier achieves an outstanding input(output)-third-order intercept point ${IIP}_{3} = {\rm {4.7(6.6)dBm}} $. Moreover, the double-stage CNTFET-based amplifier circuit reaches a competitive gain of $S_{21}\sim {\rm {12.5 dB}} $ among results reported in literature. Finally, the obtained results demonstrate that CNTFET technology is a credible contender for implementing RF amplifier circuits suitable for developing RF systems.","1941-0085","","10.1109/TNANO.2023.3322966","Ministerio de Ciencia, Innovación y Universidades(grant numbers:FJC2020-046213-I); Consejo Nacional de Ciencia y Tecnología(grant numbers:006405); German National Science Foundation DFG(grant numbers:SCHR695/23); ","https://ieeexplore.ieee.org/stamp/stamp.jsp?arnumber=10274136","CNTFET-based gain amplifier;compact modeling;linearity","CNTFETs;Performance evaluation;Gain;Fabrication;Circuit stability;Linearity","","2","","32","IEEE","9 Oct 2023","2023","","IEEE","IEEE Journals"
"A Reprogrammable Graphene Nanoribbon-Based Logic Gate","K. Rallis; I. -A. Fyrigos; P. Dimitrakis; G. Dimitrakopoulos; I. Karafyllidis; A. Rubio; G. C. Sirakoulis","Department of Electrical and Computer Engineering, Democritus University of Thrace, Xanthi, Greece; Department of Electrical and Computer Engineering, Democritus University of Thrace, Xanthi, Greece; Institute of Nanoscience and Nanotechnology, NCSR “Demokritos”, Athens, Greece; Department of Electrical and Computer Engineering, Democritus University of Thrace, Xanthi, Greece; Department of Electrical and Computer Engineering, Democritus University of Thrace, Xanthi, Greece; Department of Electronics Engineering, Universita Polytecnica de Catalunya, Barcelona, Spain; Department of Electrical and Computer Engineering, Democritus University of Thrace, Xanthi, Greece",IEEE Transactions on Nanotechnology,"20 Oct 2023","2023","22","","684","695","In this article, taking into consideration the exceptional technological properties of a unique 2-D material, namely Graphene, we are envisioning its usage as the structure material of a non-back-gated re-programmable switching device. The proposed topology is analyzed in depth, not only by verifying its operation and re-programmability as a 2-input XOR, 3-input XOR and 3-input Majority gate, but also by examining its computing performance in terms of area, delay and power dissipation. More specifically, we are utilizing L-shaped Graphene Nanoribbons (GNRs) to develop comb-shaped Graphene based switching devices. These devices are in position with effective programming through biasing to design any combinatorial circuit as resulting from the aforementioned universal set of Boolean gates. The resulting figures of merit regarding the area with a universal footprint of $\text{2.53 nm}^{2}$ for every gate independently of the number of inputs, the propagation delay with $2.05\times {10^{-2}}\;\text{ps}$ and, last but not least, the power dissipation with only $\text{10.204 nW}$ for the gates with greater number of inputs, are quite encouraging and promising. Moreover, the ability of the proposed topology to pave the way towards the implementation of basic circuits has been further investigated, by demonstrating an example of a 1-bit full adder cell and its sufficient operation arriving from the corresponding successful SPICE simulation results.","1941-0085","","10.1109/TNANO.2023.3323397","Spanish MCIN/AEI /10.13039/501100011033(grant numbers:PID2019-103869RB-C33); Secretaria d'Universitats i Recerca del Departament d'Empresa i Coneixement de la Generalitat de Catalunya(grant numbers:391); ","https://ieeexplore.ieee.org/stamp/stamp.jsp?arnumber=10275008","Graphene;nanoribbon transistors;nanoelectronic circuits","Graphene;Logic gates;Topology;Nanoribbons;Fabrication;Nanoelectronics","","6","","45","IEEE","10 Oct 2023","2023","","IEEE","IEEE Journals"
"Hybrid Discontinuous Galerkin Approach for the Solution of Quantum Liouville-Type Equations","V. Ganiu; M. Jaeger; D. Schulz","Chair for High Frequency Techniques, TU Dortmund, Dortmund, Germany; Chair for High Frequency Techniques, TU Dortmund, Dortmund, Germany; Chair for High Frequency Techniques, TU Dortmund, Dortmund, Germany",IEEE Transactions on Nanotechnology,"23 Oct 2023","2023","22","","696","705","For the evaluation of charge carrier transport in quantum devices, quantum Liouville-type equations (QLTE) have proven to be powerful as a starting point for the numerical analysis of transport characteristics. Due to the complexity of quantum devices, the computational time is to be further reduced using high-performance computing methods. Therefore, a hybrid discontinuous Galerkin (DG) approach is proposed to solve quantum Liouville-type equations (QLTE) efficiently. Due to resulting block diagonal matrices occurring after an approximation, the system matrix can be computed efficiently without an inversion of large matrices when considering time-dependent analyses. As a result, the time-dependent exponential integrator can be represented as a polynomial of the resulting system matrix and the time evolution can be explicitly determined via matrix-vector multiplications. Most importantly, along with the discontinuous Galerkin approach, the accuracy via an appropriate choice of elements can be improved. The general approach is presented and validated.","1941-0085","","10.1109/TNANO.2023.3322541","Deutsche Forschungsgemeinschaft DFG(grant numbers:SCHU 1016/10-1); ","https://ieeexplore.ieee.org/stamp/stamp.jsp?arnumber=10273442","Numerical methods;von-Neumann equation;Wigner equation;quantum Liouville equation;discontinuous Galerkin (DG)","Finite element analysis;Method of moments;Mathematical models;Matrix decomposition;Boundary conditions;Charge carrier processes","","4","","33","IEEE","6 Oct 2023","2023","","IEEE","IEEE Journals"
"Co-Integrated Neuromorphic Devices for Bio-Inspired Compliance Control","H. Shin; J. -M. Yu; J. -K. Han; Y. -K. Choi","School of Electrical Engineering, Korea Advanced Institute of Science and Technology, Daejeon, South Korea; School of Electrical Engineering, Korea Advanced Institute of Science and Technology, Daejeon, South Korea; School of Electrical Engineering, Korea Advanced Institute of Science and Technology, Daejeon, South Korea; School of Electrical Engineering, Korea Advanced Institute of Science and Technology, Daejeon, South Korea",IEEE Transactions on Nanotechnology,"23 Oct 2023","2023","22","","706","712","Mutual interactions between humans and devices are being widely adopted, including wearable electromechanical devices known as robotic exoskeletons. Among various modules used to control the human-robot interactions, compliance control (CC) is needed to ensure human safety and avoid abnormal operations. Here we propose a novel CC system with co-integrated neuromorphic devices composed of a pre-synapse, an interneuron, and a post-synapse. These devices are the same homotypic MOSFET with a SONOS configuration, despite having different functions. For proof-of-concept, semi-empirical simulations were conducted with the aid of an LTspice simulator, by reflecting measured neuron and synapse characteristics from the fabricated tri-gate FinFETs. The extremely low-power consumption of 0.2 mW, which is 55-fold smaller than other conventional approaches, was achieved. A high response rate of up to 3 ms was attained as well. Moreover, by automatically adjusting output signal frequency and amplitude, the micro-sized neuromorphic CC system can avoid excess actuator motion in human-robot interactions.","1941-0085","","10.1109/TNANO.2023.3323667","National Research Foundation(grant numbers:2022M3F3A2A01072851,RS-2023-00217888,RS-202300260637); IC Design Education Center; ","https://ieeexplore.ieee.org/stamp/stamp.jsp?arnumber=10285444","Compliance control;human-robot interaction;leaky-integrate-fire;neuromorphic;neuron;synapse;SONOS","Neurons;Neuromorphics;Synapses;Logic gates;Silicon;Robot sensing systems;Human-robot interaction","","1","","28","IEEE","13 Oct 2023","2023","","IEEE","IEEE Journals"
"A Novel Dopingless Ternary FET With the Metal Source for Ternary Inverter Implementation","H. Ye; P. Wang; Y. Shi; B. Chen; G. Li; X. Li; X. Zha; J. Hu","College of Electrical and Electronic Engineering, Wenzhou University, Wenzhou, China; College of Electrical and Electronic Engineering, Wenzhou University, Wenzhou, China; College of Electrical and Electronic Engineering, Wenzhou University, Wenzhou, China; College of Electrical and Electronic Engineering, Wenzhou University, Wenzhou, China; College of Electrical and Electronic Engineering, Wenzhou University, Wenzhou, China; College of Electrical and Electronic Engineering, Wenzhou University, Wenzhou, China; College of Electrical Engineering and Computer Sciences, Ningbo University, Ningbo, China; College of Electrical Engineering and Computer Sciences, Ningbo University, Ningbo, China",IEEE Transactions on Nanotechnology,"26 Oct 2023","2023","22","","713","721","This article proposes a novel dopingless ternary FET (DLT-FET) composed of the longitudinal metal-source/InAs-channel/InAs-drain structure for compact implementation of the ternary inverter. A single DLT-FET mixes two types of carrier transport mechanisms: 1) according to the concept of charge plasma, the Band-to-Band tunneling (BTBT) can occur at channel/drain interface by metal work function engineering; 2) Schottky Barrier tunneling (SBT) at the source/channel interface. The mechanism of the DLT-FET is verified with the help of TCAD tools. The simulation results revealed that both N/P-type DLT-FETs have a flat drain current characteristic around VG = 0.5VDD, where the VG-independent IBTBT dominates the drain current. The stable third output voltage can be obtained through the voltage dividing, while both the ISBT and IBTBT generate the other voltage levels of 0 V and 1.0VDD. Furthermore, the effects of a series of key device parameters on DLT-FETs and ternary inverter performance are evaluated. The ternary inverter can be implemented by simply replacing two transistors with N/P-type DLT-FETs in a conventional binary inverter and selecting appropriate device parameters for exhibiting comparable transfer characteristics.","1941-0085","","10.1109/TNANO.2023.3323301","National Natural Science Foundation of China(grant numbers:62304156,62204171,62374117,62304115); Natural Science Foundation of Zhejiang Province(grant numbers:LQ20F010004,LY20F040007); Natural Science Foundation of Ningbo(grant numbers:2021S066); Scientific Research Fund of Zhejiang Provincial Education Department(grant numbers:Y202248761); ","https://ieeexplore.ieee.org/stamp/stamp.jsp?arnumber=10275070","Dopingless;ternary inverter;band-to-band tunneling (BTBT);schottky barrier tunneling (SBT)","Tunneling;Inverters;Transistors;Logic gates;Semiconductor device modeling;Schottky barriers;Field effect transistors","","4","","38","IEEE","10 Oct 2023","2023","","IEEE","IEEE Journals"
"Ppb-Level Ammonia Sensors Based on SnS2/rGO Nanohybrid Operating at Room Temperature","Z. Liao; Z. Yuan; Y. Yu; R. Zhang; H. Zhu; H. Gao; F. Meng","College of Information Science and Engineering, Northeastern University, Shenyang, China; State Key Laboratory of Synthetical Automation for Process Industries, College of Information Science and Engineering, Northeastern University, Shenyang, China; School of Electronic Information Engineering, Ningxia Institute of Science and Technology, Shizuishan, China; College of Information Science and Engineering, Northeastern University, Shenyang, China; College of Information Science and Engineering, Northeastern University, Shenyang, China; State Key Laboratory of Synthetical Automation for Process Industries, College of Information Science and Engineering, Northeastern University, Shenyang, China; State Key Laboratory of Synthetical Automation for Process Industries, College of Information Science and Engineering, Northeastern University, Shenyang, China",IEEE Transactions on Nanotechnology,"27 Oct 2023","2023","22","","722","731","The importance of testing for ammonia is underlined by the fact that its adverse effects on the environment, ecosystems and human health are widely acknowledged. However, detecting low concentrations of ammonia at lower temperatures poses a significant challenge. In this study, a two-dimensional tin sulfide (SnS2) combined with graphene was synthesized using a straightforward one-step hydrothermal method, followed by comprehensive characterization and analysis of the material. The SnS2/rGO (reduced graphene oxide) sensors exhibited the best performance at room temperature (25 °C). The composite material effectively reduced the operating temperature and resistance value of the sensor. Notably, the sensor achieved a minimum detectable concentration of 8 ppb of ammonia. The response of the sensor displayed a favorable linear relationship within the concentration range of 25 ppm to 125 ppm for ammonia. This behavior was accompanied by excellent repeatability. In addition, the gas-sensing mechanism of the ammonia sensor is thoroughly analysed. This study contributes to the progress of ammonia detection technology, a vital aspect of environmental monitoring and safeguarding human well-being.","1941-0085","","10.1109/TNANO.2023.3326609","National Natural Science Foundation of China(grant numbers:62033002,62071112,62271006); Higher Education Discipline Innovation Project(grant numbers:B16009); Fundamental Research Funds for the Central Universities in China(grant numbers:N2201008); Natural Science Foundation of Hebei Province(grant numbers:F2020501040); Natural Science Foundation of Ningxia Province(grant numbers:2023AAC03368); ","https://ieeexplore.ieee.org/stamp/stamp.jsp?arnumber=10290944","NH  $_{3}$   gas sensor;Ppb-level;room temperature;graphene composites;SnS  $_{2}$  /reduced graphene oxide composites","Sensors;Graphene;Ammonia;Gas detectors;Nanomaterials","","7","","38","IEEE","23 Oct 2023","2023","","IEEE","IEEE Journals"
"A Survey of Majority Logic Designs in Emerging Nanotechnologies for Computing","T. Zhang; H. Jiang; W. Liu; F. Lombardi; L. Liu; S. -B. Ko; J. Han","Department of Electrical and Computer Engineering, University of Alberta, Edmonton, AB, Canada; Department of Micro-Nano Electronic, Shanghai Jiao Tong University, Shanghai, China; College of Electronic and Information Engineering, Nanjing University of Aeronautics and Astronautics, Nanjing, China; Department of Electrical and Computer Engineering, Northeastern University, Boston, MA, USA; Institute of Microelectronics, Beijing National Research Center for Information Science and Technology, Tsinghua University, Beijing, China; Department of Electrical and Computer Engineering, University of Saskatchewan, Saskatoon, SK, Canada; Department of Electrical and Computer Engineering, University of Alberta, Edmonton, AB, Canada",IEEE Transactions on Nanotechnology,"6 Nov 2023","2023","22","","732","739","As Moore's law is coming to an end, research on technologies alternative to the complementary metal-oxide semiconductor (CMOS) has been extensively pursued over the last few decades. Many emerging nanotechnologies assemble circuits based on majority logic. It is generally known that majority logic is more expressive and hardware efficient than Boolean logic, however majority logic presents unique challenges at many levels such as arithmetic design and synthesis. With the rediscovery of majority logic as a computational primitive in the post-CMOS era, this article briefly reviews recent studies from various perspectives to highlight accomplishments and open problems across many domains of majority logic design.","1941-0085","","10.1109/TNANO.2023.3326199","Ph.D. scholarship from the China Scholarship Council; NSF(grant numbers:CCF-1953961,1812467); Natural Sciences and Engineering Research Council of Canada(grant numbers:RES0048688,RES0051374,RES0054326); National Natural Science Foundation of China(grant numbers:62022041,62104127); ","https://ieeexplore.ieee.org/stamp/stamp.jsp?arnumber=10288379","Majority logic;logic synthesis;approximate computing;nanotechnology;reliability","Logic gates;Magnetic tunneling;Plasmons;Logic functions;Quantum dots;Memristors;Approximate computing;Reliability","","4","","86","IEEE","20 Oct 2023","2023","","IEEE","IEEE Journals"
"Impact of Nanosheet Thickness on Performance and Reliability of Polycrystalline-Silicon Thin-Film Transistors With Double-Gate Operation","W. C. -Y. Ma; C. -J. Su; K. -H. Kao; J. -Q. Guo; C. -J. Wu; P. -Y. Wu; J. -Y. Hung","Department of Electrical Engineering and College of Semiconductor and Advanced Technology Research, National Sun Yat-sen University, Kaohsiung, Taiwan; Department of Electrophysics, National Yang Ming Chiao Tung University, Taiwan; Department of Electrical Engineering, National Cheng Kung University, Tainan, Taiwan; Department of Electrical Engineering, National Sun Yat-sen University, Kaohsiung, Taiwan; Department of Electrical Engineering, National Sun Yat-sen University, Kaohsiung, Taiwan; Department of Electrical Engineering, National Sun Yat-sen University, Kaohsiung, Taiwan; Department of Electrical Engineering, National Sun Yat-sen University, Kaohsiung, Taiwan",IEEE Transactions on Nanotechnology,"2 Nov 2023","2023","22","","740","746","In this work, the polycrystalline-silicon (poly-Si) thin-film transistors (TFTs) with double gates and nanosheet (NSH) channel structures were fabricated to investigate the impact of NSH channel thickness (tSi) ranging from 15 nm to 2 nm on device performance and reliability. Thinning tSi from 15 nm to 10 nm resulted in improved control of channel potential by the gate voltage, leading to a decreased threshold voltage (VTH) and subthreshold swing (SS). However, further reduction of tSi to 5 nm, while continuing to decrease SS, caused an increase in VTH due to the grain size reduction and quantum confinement (QC) effects. Lastly, reducing tSi to 2 nm resulted in an increase in both SS and VTH mainly due to the QC effect. In terms of reliability, under a fixed positive gate bias stress condition, thinning tSi enhanced the electric field stress, leading to more severe device damage. However, due to the enhanced ability of gate voltage control over the channel potential and the buried channel effect on electron transport resulting from thinning the channel thickness, there exists an optimal range between 10 nm and 5 nm for the selection of tSi in terms of the degradation of VTH, SS, and on-state current. Consequently, it is evident that for transistors utilizing NSH channels, the selection of tSi is not a case of “the thinner, the better.” This finding highlights the need to consider the optimal tSi range between 10 nm and 5 nm, balancing the performance and reliability aspects of the device design.","1941-0085","","10.1109/TNANO.2023.3327087","National Science and Technology Council, Taiwan(grant numbers:NSTC 112-2221-E-110-067-MY2,112-2740-M-A49-001,109-2923-E-A49-001-MY3,110-2221-E-A49-165-MY3,112-2218-E-A49-013-MBK,112-2622-8-A49-013-SB); Taiwan Semiconductor Research Institute(grant numbers:JDP112-Y1-024,JDP112-Y1-057); ","https://ieeexplore.ieee.org/stamp/stamp.jsp?arnumber=10293254","Thin-film transistor;double gate;nanosheet channel;reliability;quantum confinement","Logic gates;Silicon;Thin film transistors;Integrated circuit reliability;Reliability;Potential well","","1","","33","IEEE","24 Oct 2023","2023","","IEEE","IEEE Journals"
"Stability of ZnO and Curcumin Decorated Graphene Oxide Nanocomposite in Acidic and Alkaline pH for Efficient Removal of Toxic Cd (II) Ions From Water","N. Chakraborty; S. G. Acharyya; R. Anindya","Department of Biotechnology, Indian Institute of Technology Hyderabad, Kandi, India; School of Engineering Science and Technology, University of Hyderabad, Gachibowli, India; Department of Biotechnology, Indian Institute of Technology Hyderabad, Kandi, India",IEEE Transactions on Nanotechnology,"6 Nov 2023","2023","22","","747","752","A nanocomposite of graphene oxide, zinc oxide, and curcumin (GO-ZnO-cur) was synthesized for the adsorption of toxic Cd (II) ions from water. The nanocomposites with different concentrations were characterized by FESEM, X-ray diffraction (XRD), Raman spectroscopy, Fourier transform infrared spectroscopy (FTIR), and contact angle measurement. GO-ZnO-cur nanocomposites had a specific surface area of 18 m2/gm and were rich in hydroxyl and carboxyl groups. The hydrophilicity and stability over a range of pH of the composite were enhanced by optimization of curcumin concentration. The contact angle of the nanocomposite was 27.06° as compared to 37.13° for graphene oxide. Adsorption studies showed that GO-ZnO-cur nanocomposite could eliminate 90% of Cd (II) from water and had an adsorption capacity of 1568 ±10 mg/gm at neutral pH and room temperature.","1941-0085","","10.1109/TNANO.2023.3326282","","https://ieeexplore.ieee.org/stamp/stamp.jsp?arnumber=10290927","Heavy metals;cadmium;water;nanotechnology","Zinc oxide;II-VI semiconductor materials;Graphene;Adsorption;Nanoparticles;Cadmium;Water","","2","","46","IEEE","23 Oct 2023","2023","","IEEE","IEEE Journals"
"Wave Digital Emulation of an Enhanced Compact Model for RRAM Devices With Multilevel Capability","B. Al Beattie; E. P. -B. Quesada; M. Uhlmann; E. Pérez; G. Kahmen; E. Solan; K. Ochs","Chair of Digital Communication Systems, Ruhr University Bochum, Bochum, Germany; IHP-Leibniz-Institut für Innovative Mikroelektronik, Frankfurt (Oder), Germany; IHP-Leibniz-Institut für Innovative Mikroelektronik, Frankfurt (Oder), Germany; IHP-Leibniz-Institut für Innovative Mikroelektronik, Frankfurt (Oder), Germany; IHP-Leibniz-Institut für Innovative Mikroelektronik, Frankfurt (Oder), Germany; Chair of Digital Communication Systems, Ruhr University Bochum, Bochum, Germany; Chair of Digital Communication Systems, Ruhr University Bochum, Bochum, Germany",IEEE Transactions on Nanotechnology,"9 Nov 2023","2023","22","","753","762","The reliable and compact modeling of RRAM devices is crucial for supporting the development of novel technologies including them. This includes a wide range of applications, such as in-memory computing or memristive logic. A major advantage of the considered HfO$_{2}$-based RRAM devices is their CMOS-compatibility, which allows them to already be utilized in present applications. However, one problem is that their fabrication still leads to device variabilities, which makes it challenging to test their functionality in an experimental fashion. This work is dedicated to the compact modeling and efficient emulation of 1T-1R RRAM devices. We aim to provide an enhanced model for multilevel capable RRAM devices, based on the Stanford-PKU model, that can be used on any simulation platform such as SPICE or VERILOG-A. Furthermore, we provide an algorithmic model, based on the wave digital (WD) concept, which allows for emulating the considered devices in real-time. Using the latter, we show the hysteresis of our enhanced model to exhibit astounding resemblance with real device measurements. Finally, we extend the WD model to describe an array composed of RRAM devices for performing vector-matrix multiplication.","1941-0085","","10.1109/TNANO.2023.3328821","Deutsche Forschungsgemeinschaft (DFG, German Research Foundation)(grant numbers:434434223,SFB 1461); Federal Ministry of Education and Research of Germany(grant numbers:16ME0092,16ES1002); ","https://ieeexplore.ieee.org/stamp/stamp.jsp?arnumber=10302366","1T-1R;crossbar;memristive systems;modeling;neuromorphic;RRAM;wave digital emulation","Mathematical models;Integrated circuit modeling;Emulation;Hafnium oxide;Memristors;Neuromorphics;Resistive RAM","","3","","35","IEEE","31 Oct 2023","2023","","IEEE","IEEE Journals"
"Various Applications-Based Optimized DBR Structure With Effect of Different Material Systems","K. Sagar; A. Kumar","ECE Department, Jaypee Institute of Information Technology, Noida, UP, India; ECE Department, Jaypee Institute of Information Technology, Noida, UP, India",IEEE Transactions on Nanotechnology,"3 Jan 2024","2023","22","","763","768","In this paper, four different material systems are explored and optimized to design a Distributed Bragg Reflector (DBR) structure. The detailed structural analysis is carried out using COMSOL Multiphysics software. The refractive index of DBR layers influences the intensity of the electric field of the device. As the high refractive index varies from 1.8, 2.2, 2.5 & 2.7, the change in the electric field intensity at the output port of the device has been observed. At 632.8 nm central wavelength, material systems as [glass |(SiO2/SiN4)m| analyte], [glass |(SiO2/Si3N4)m| analyte], [glass |(SiO2/TiO2(Amorphous))m| analyte] & [glass |(SiO2/TiO2(Rutile))m| analyte] transmitted the 50%, 88%, 93% & 95% electric field at the output port of structure. With an increase in the value of the material system refractive index (RI), the value of electric fields increases at a specific refractive index of the analyte. Hence, these types of device structures are being used in a variety of optoelectronic applications. Therefore, the results pave the way for the investigation of the interdependency of structural analysis, electric field profile, reflectance, and transmittance under varying material systems.","1941-0085","","10.1109/TNANO.2023.3329161","Jaypee Institute of Information Technology, Noida-62, U.P.; ","https://ieeexplore.ieee.org/stamp/stamp.jsp?arnumber=10304385","Distributed bragg reflector;photonic crystal;COMSOL multiphysics;refractive index;field strength","Distributed Bragg reflectors;Reflectivity;Refractive index;Optical variables control;Photonic crystals","","","","29","IEEE","1 Nov 2023","2023","","IEEE","IEEE Journals"
"Effect of High–Temperature Annealing on Au Thin Film/TiO2 Nanowires for Enhanced Photodetection","R. K. Nanda; A. Nath; L. R. Singh; M. B. Sarkar","Department of Electronics and Communication Engineering, National Institute of Technology, Agartala, India; Department of Electrical Engineering, Indian Institute of Technology Bombay, Mumbai, Maharashtra, India; Department of Nanotechnology, North-Eastern Hill University, Shillong, Meghalaya, India; Department of Electronics and Communication Engineering, National Institute of Technology, Agartala, India",IEEE Transactions on Nanotechnology,"14 Nov 2023","2023","22","","769","776","Glancing angle deposition (GLAD) technique has been carried out to deposit the titanium dioxide (TiO2) nanowires (NW) on the silicon (Si) substrate. The TiO2 NW is coated with a gold (Au) thin film (TF) and annealed at a very high temperature. The morphological characteristics have been reported using field emission scanning electron microscopy (FESEM) and high-resolution transmission electron microscopy (HRTEM) analysis. The structural characteristics have also been reported using the X-ray diffraction (XRD) analysis. In the visible region, an overall 2.57 fold optical absorption enhancement has been observed. The annealed Au TF/TiO2 NW based device shows boosted photosensitivity (56 fold), improved rectification ratio (2.5 fold), low ideality factor (1.46), high detectivity (3 × 109 Jones), and low noise equivalent power (NEP) (2.92 × 10−9 watt). All the improved electrical performances ensure that the annealed Au TF/TiO2 NW based device can be commercially used as a reliable photodetector.","1941-0085","","10.1109/TNANO.2023.3328862","National Institute of Technology Agartala; ","https://ieeexplore.ieee.org/stamp/stamp.jsp?arnumber=10302368","Glancing angle deposition;titanium dioxide;nanowires;annealing;optical absorption;photodetector","Gold;Annealing;Thin films;Silicon;Absorption;Titanium dioxide;Nanowires;Photodetectors","","4","","55","IEEE","31 Oct 2023","2023","","IEEE","IEEE Journals"
"SBCT-NoC: Ultra Low-Power and Reliable Simultaneous Bi-Directional Current-Mode Transceiver for Network-on-Chip Interconnects","R. Abbasi; V. Jamshidi","Department of Computer Engineering, Shahid Bahonar University of Kerman, Kerman, Iran; Department of Computer Engineering, Shahid Bahonar University of Kerman, Kerman, Iran",IEEE Transactions on Nanotechnology,"15 Nov 2023","2023","22","","777","784","The performance of Network-on-Chip depends a lot on the routers and interconnect circuits used in them. The gradual movement of technology towards nanometer scales has increased the core abilities, leading to an increase in delays and interconnect power consumption. As a result, %60 of the total current chip power consumption is related to the interconnect circuits. This paper has presented a simultaneous Bi-directional current-mode transceiver (SBCT-NoC) with two modes of operation, transmitter, and receiver. Two transceivers connected at both ends of an interconnect can use two-way communication through the same link. The proposed transceiver can significantly reduce the delay and power consumption of Network-on-Chip interconnects and increase the reliability using differential logic. This paper has simulated the circuits using 32-nanometer technology while considering the crosstalk noise effect. The results show the considerable advantage of the proposed method compared to previous interconnected circuit methods.","1941-0085","","10.1109/TNANO.2022.3205317","","https://ieeexplore.ieee.org/stamp/stamp.jsp?arnumber=9882312","Voltage mode;current mode;ferroelectric NCFET transistors","Transceivers;Integrated circuit interconnections;Network-on-chip;Bidirectional control;Power demand;Ferroelectric devices;Field effect transistors","","2","","43","IEEE","9 Sep 2022","2023","","IEEE","IEEE Journals"
"Monte Carlo Modeling of Growth Delay in Atomic Layer Deposited WS2 on SiO2 Substrate Based on Kinetic Extrapolation of Reaction Entropy and Enthalpy","K. Mishra; V. Kumar; A. Datta","Department of Electronics and Communication Engineering, Indian Institute of Technology, Roorkee, India; Department of Electronics and Communication Engineering, Indian Institute of Technology, Roorkee, India; Department of Electronics and Communication Engineering, Indian Institute of Technology, Roorkee, India",IEEE Transactions on Nanotechnology,"15 Nov 2023","2023","22","","785","791","Atomic layer deposition (ALD) of tungsten-disulfide (WS2) on silicon-dioxide (SiO2) substrate had been modelled using a kinetic Monte Carlo (KMC) method which considered kinetic extrapolation of reaction entropy and enthalpy between the two proposed reaction limits that define possible initial and final phases of the WS2 ALD reaction, and stochastic adsorption or desorption of molecules was calculated based on that. The KMC as developed here can remarkably model growth delay as a function of deposition temperature, which was also observed at the time of actual ALD of WS2 on SiO2 substrate. The model was calibrated with the available experimental data, which employed a simplified computational algorithm that treated precursors in the gas phase as plain molecules, which bore no specific chemical identities those however could kinetically adsorb/desorb on/from the available substrate sites based on stochastic rates at a given instant of WS2 ALD cycle. KMC was able to resolve lateral versus vertical growth of WS2 as occurs versus time, and calibration of modelled areal density of WS2 atoms those evolved with ALD cycles agreed well with the experiment. KMC model as demonstrated here can be employed for faster optimization of WS2 - monolayers on SiO2 substrate against ALD temperature as a crucial process parameter.","1941-0085","","10.1109/TNANO.2023.3329668","","https://ieeexplore.ieee.org/stamp/stamp.jsp?arnumber=10305414","Atomic layer deposition;growth delay;transition metal dichalcogenides;tungsten-disulfide (WS  $_2$  );silicon-dioxide (SiO  $_2$  )","Kinetic theory;Adsorption;Delays;Atomic layer deposition;Silicon compounds;Monte Carlo methods","","","","29","IEEE","2 Nov 2023","2023","","IEEE","IEEE Journals"
"2D Material-Based MVS Model and Circuit Performance Analysis for GeH Field-Effect Transistors","Y. Zhao; Y. Yoon; L. Wei","Department of Electrical and Computer Engineering, Waterloo Institute for Nanotechnology, University of Waterloo, Waterloo, ON, Canada; Department of Electrical and Computer Engineering, Waterloo Institute for Nanotechnology, University of Waterloo, Waterloo, ON, Canada; Department of Electrical and Computer Engineering, Waterloo Institute for Nanotechnology, University of Waterloo, Waterloo, ON, Canada",IEEE Transactions on Nanotechnology,"16 Nov 2023","2023","22","","792","799","This paper presents an improved multi-level simulation framework for 2D material-based nanoelectronics, which expands from device simulation, physics-based compact modeling, and circuit benchmarking, using the germanane (GeH) metal-oxide-semiconductor field-effect transistors (MOSFETs) as an example. The device simulation employs the non-equilibrium Green's function method to obtain the characteristics of 2D GeH MOSFETs for both n-type MOSFETs and p-type MOSFETs. A compact model based on the MIT virtual source model is then revised to capture the unique behaviors of 2D-material-based MOSFETs, including voltage dependency of virtual source velocity and drain-induced barrier lowering, as well as the effect of quantum capacitance. HSPICE circuit simulations are performed to analyze and optimize CMOS digital benchmark circuits. The case study demonstrates that 2D material-based transistors favor a different range of supply voltage and threshold voltage than their silicon counterpart, to achieve the optimal energy-delay product. The impact of contact resistance is also analyzed using the proposed framework. This study offers a seamless multi-level simulation approach to bridge the gap between nanoelectronics and circuit behavior, thereby advancing the understanding of materials, devices, and circuits comprehensively. The framework tailored for GeH MOSFETs provides accurate device-circuit co-optimization which can be easily extended to devices based on other 2D materials.","1941-0085","","10.1109/TNANO.2023.3330165","NSERC Discovery(grant numbers:RGPIN-2020-04070,RGPIN-2014-04378); Ontario Early Researcher Award(grant numbers:ER18-14-276,ER17-13-205); ","https://ieeexplore.ieee.org/stamp/stamp.jsp?arnumber=10309245","2D materials;MOSFETs;quantum transport simulation;NEGF;compact model;and circuit simulation","Integrated circuit modeling;Semiconductor device modeling;Quantum capacitance;MOSFET;Circuit simulation;Green's function methods","","","","29","IEEE","6 Nov 2023","2023","","IEEE","IEEE Journals"
"Dynamical Neural Network Based on Spin Transfer Nano-Oscillators","D. R. Rodrigues; E. Raimondo; V. Puliafito; R. Moukhadder; B. Azzerboni; A. Hamadeh; P. Pirro; M. Carpentieri; G. Finocchio","Department of Electrical and Information Engineering, Politecnico di Bari, Bari, Italy; Department of Mathematical and Computer Sciences, Physical Sciences and Earth Sciences, University of Messina, Messina, Italy; Department of Electrical and Information Engineering, Politecnico di Bari, Bari, Italy; Department of Electrical and Information Engineering, Politecnico di Bari, Bari, Italy; Department of Engineering, University of Messina, Messina, Italy; Technical University of Kaiserslautern and Landesforschungszentrum OPTIMAS, Kaiserslautern, Germany; Technical University of Kaiserslautern and Landesforschungszentrum OPTIMAS, Kaiserslautern, Germany; Department of Electrical and Information Engineering, Politecnico di Bari, Bari, Italy; Department of Mathematical and Computer Sciences, Physical Sciences and Earth Sciences, University of Messina, Messina, Italy",IEEE Transactions on Nanotechnology,"20 Nov 2023","2023","22","","800","805","Spintronic technology promises to significantly increase the efficiency and scalability of neural networks by employing optimized task-oriented device components that exhibit intrinsic nonlinearity, temporal nonlocality, scalability, and electrical tunability. In particular, the functional response of spin-transfer torque oscillators can be designed to naturally emulate the building blocks of neural networks, such as short-term memory, hierarchy, and nonlinearity. We propose spin-transfer nano-oscillators as a dynamic neuron that can be used in a neural network coupled with a fully connected layer to perform classification tasks. In this concept, successive nodes of the neural network correspond to successive time steps, so that the nonlinearity and memory of the system can be naturally exploited. The tunability of the device allows to project initial configurations in well-defined regions of the phase space where classification is easily performed. Furthermore, training is performed using optimal control theory. We emphasize that the devices benefit from more realistic models compared to simpler analytical models and is robust against device-to-device variations. We tested the performance of the network on two types of datasets and obtained 99% accuracy. Although these systems are computationally expensive, their hardware implementation is simple and inexpensive.","1941-0085","","10.1109/TNANO.2023.3330535","Italian Ministry of University and Research; Italian Ministry of University and Research(grant numbers:PRIN 2020LWPKH7); SWAN-on-chip—HORIZON-CL4-2021-DIGITAL-EMERGING-01; European Union(grant numbers:101070287); European Research Council(grant numbers:101042439); ","https://ieeexplore.ieee.org/stamp/stamp.jsp?arnumber=10315050","Dynamical neurons;spin-transfer-nano oscillators;spintronics;time nonlocality","Neural networks;Magnetization;Neurons;Performance evaluation;Spintronics;Oscillators","","7","","49","CCBY","10 Nov 2023","2023","","IEEE","IEEE Journals"
"Amplification and Frequency Conversion of Spin Waves Using Acoustic Waves","M. Mohseni; A. A. Hamadeh; M. Geilen; P. Pirro","Fachbereich Physik and Landesforschungszentrum OPTIMAS, Rheinland-Pfälzische Technische Universität Kaiserslautern-Landau, Kaiserslautern, Germany; Fachbereich Physik and Landesforschungszentrum OPTIMAS, Rheinland-Pfälzische Technische Universität Kaiserslautern-Landau, Kaiserslautern, Germany; Fachbereich Physik and Landesforschungszentrum OPTIMAS, Rheinland-Pfälzische Technische Universität Kaiserslautern-Landau, Kaiserslautern, Germany; Fachbereich Physik and Landesforschungszentrum OPTIMAS, Rheinland-Pfälzische Technische Universität Kaiserslautern-Landau, Kaiserslautern, Germany",IEEE Transactions on Nanotechnology,"1 Dec 2023","2023","22","","806","810","We numerically study the acoustic parametric amplification of spin waves using surface acoustic waves (SAW) in a magnetic thin film. First, we illustrate how the process of parametric spin-wave generation using short-waved SAWs with a fixed frequency allows to tune frequencies of the generated spin waves by the applied magnetic field. We further present the amplification of microwave driven spin waves using this method. The decay length and the amplitude of the driven spin waves are significantly increased. More importantly, the proposed design can be used as a frequency converter, in which a low (high) frequency spin-wave mode stimulates the excitation of a high (low) frequency mode. Our results pave the way in designing highly flexible and efficient hybrid magnonic device architectures for microwave data transport and processing.","1941-0085","","10.1109/TNANO.2023.3331586","European Research Council within the Starting(grant numbers:101042439); Deutsche Forschungsgemeinschaft; Transregional Collaborative Research Center(grant numbers:TRR 173–268565370); ","https://ieeexplore.ieee.org/stamp/stamp.jsp?arnumber=10314026","Acoustic parametric amplification;spin waves;surface acoustic waves","Surface acoustic waves;Magnetoacoustic effects;Magnetic fields;Magnetic films;Magnonics","","4","","53","IEEE","9 Nov 2023","2023","","IEEE","IEEE Journals"
"Effect of Adsorption Mechanism on Conduction in Single-Molecule Pyrrole-Based Sensor for AFB1","F. Mo; Y. Ardesi; C. E. Spano; M. R. Roch; G. Piccinini; M. Graziano","Department of Electronics and Telecommunications, Politecnico di Torino, Turin, Italy; Department of Electronics and Telecommunications, Politecnico di Torino, Turin, Italy; Department of Electronics and Telecommunications, Politecnico di Torino, Turin, Italy; Department of Electronics and Telecommunications, Politecnico di Torino, Turin, Italy; Department of Electronics and Telecommunications, Politecnico di Torino, Turin, Italy; Department of Applied Science and Technology, Politecnico di Torino, Turin, Italy",IEEE Transactions on Nanotechnology,"6 Dec 2023","2023","22","","811","816","We investigate through ab-initio simulations the gold-8PyrroleDiThiol-gold (Au-8PyDT) molecular quantum dot as an amperometric single-molecule sensor for the aflatoxin B1 (AFB1) detection. We study the chemical-physical interaction of AFB1 with the Au-8PyDT, and we analyze the transport characteristics of the four most probable adsorption configurations. We also investigate the link between transport modulation and adsorption mechanism. Interestingly, the investigated sensor exhibits conduction features similar to other types of quantum dot-based sensors. A significant current suppression occurs in all cases, with almost two orders of magnitude of current decrease in presence of AFB1 at 0.6 V. Considering the sensor robustness w.r.t. the specific adsorption configurations, our study motivates future research in this field.","1941-0085","","10.1109/TNANO.2023.3336522","","https://ieeexplore.ieee.org/stamp/stamp.jsp?arnumber=10328675","Adsorption;AFB1;aflatoxin;amperometric sensor;electronic transport;molecular electronics;pyrrole;quantum transport;sensor;single-molecule","Adsorption;Mathematical models;Sensors;Sensitivity;Amperometric sensors;Molecular electronics","","2","","36","CCBY","24 Nov 2023","2023","","IEEE","IEEE Journals"
"High-Performance STT-MRAM-Based Computing-in-Memory Scheme Utilizing Data Read Feature","B. Wu; K. Liu; T. Yu; H. Zhu; K. Chen; C. Yan; E. Deng; W. Liu","College of Electronics and Information Engineering/College of Integrated Circuits, Nanjing University of Aeronautics and Astronautics, Nanjing, China; College of Electronics and Information Engineering/College of Integrated Circuits, Nanjing University of Aeronautics and Astronautics, Nanjing, China; College of Electronics and Information Engineering/College of Integrated Circuits, Nanjing University of Aeronautics and Astronautics, Nanjing, China; College of Electronics and Information Engineering/College of Integrated Circuits, Nanjing University of Aeronautics and Astronautics, Nanjing, China; College of Electronics and Information Engineering/College of Integrated Circuits, Nanjing University of Aeronautics and Astronautics, Nanjing, China; College of Electronics and Information Engineering/College of Integrated Circuits, Nanjing University of Aeronautics and Astronautics, Nanjing, China; College of Electronics and Information Engineering/College of Integrated Circuits, Nanjing University of Aeronautics and Astronautics, Nanjing, China; College of Electronics and Information Engineering/College of Integrated Circuits, Nanjing University of Aeronautics and Astronautics, Nanjing, China",IEEE Transactions on Nanotechnology,"7 Dec 2023","2023","22","","817","826","With the development of Artificial Intelligence (AI) and Binary neural networks (BNN), the computing efficiency of the computing system is expected to be much better, however, enormous amounts of data processing have caused an intolerable ‘memory wall’ and ‘power wall’ challenge for traditional Von Neumann architectures. Therefore, more advanced Computing-in-memory (CiM) architectures are proposed. The emerging non-volatile memory Spin Transfer Torque Magnetic Random Access Memory (STT-MRAM), with its fast access speed, near-zero leakage power consumption and high density is one of the most competitive carriers for CiM architectures.Due to the inherent read-write asymmetry of STT-MRAM, the read overhead is multiples smaller than the exaggerated write overhead. To better exploit the potential of MRAM, we focus on implementing an CiM based on the reading process.This work introduces the principle of CiM and proposes four basic logic operations (XNOR, XOR, AND and OR) based on STT-MRAM. Furthermore, a delay-based XNOR-popcount (XNOR-PC) operation for BNN based on XNOR operation is proposed. Incorporating the reading characteristics of STT-MRAM and slight modifications to the peripheral circuitry, these operations achieve significant optimisation in terms of performance and energy consumption. Simulation results show the proposed scheme can reduce the latency of XOR, AND, and OR operations at least by 99.3%, 82.2% and 80.2% compared with the existing design. The proposed XNOR-PC operation achieves at least a 59.4% reduction in power consumption and has a high degree of reliability. Also, Monte Carlo simulations prove the feasibility and robustness of the schemes.","1941-0085","","10.1109/TNANO.2023.3336910","National Natural Science Foundation of China(grant numbers:62201254,92364201,62101252,62101246); Natural Science Foundation of Jiangsu Province(grant numbers:BK20210286); Fundamental Research Funds for the Central Universities(grant numbers:NS2023019,NS2022047); ","https://ieeexplore.ieee.org/stamp/stamp.jsp?arnumber=10328834","Computing-in-memory;STT-MRAM;boolean logics;BNN;XNOR-PC","Sensors;Magnetic tunneling;Random access memory;Memory management;In-memory computing;Boolean functions;Neural networks","","3","","27","IEEE","27 Nov 2023","2023","","IEEE","IEEE Journals"
"2023 Index IEEE Transactions on Nanotechnology Vol. 22","",,IEEE Transactions on Nanotechnology,"15 Jan 2024","2023","22","","827","848","","1941-0085","","10.1109/TNANO.2024.3353652","","https://ieeexplore.ieee.org/stamp/stamp.jsp?arnumber=10398886","","","","","","0","IEEE","15 Jan 2024","2023","","IEEE","IEEE Journals"
