"Document Title",Authors,"Author Affiliations","Publication Title",Date Added To Xplore,"Publication Year","Volume","Issue","Start Page","End Page","Abstract","ISSN",ISBNs,"DOI",Funding Information,PDF Link,"Author Keywords","IEEE Terms","Mesh_Terms",Article Citation Count,Patent Citation Count,"Reference Count","License",Online Date,Issue Date,"Meeting Date","Publisher",Document Identifier
"Author index","",,2016 IEEE 16th International Conference on Nanotechnology (IEEE-NANO),"24 Nov 2016","2016","","","1","9","Presents an index of the authors whose articles are published in the conference proceedings record.","","978-1-5090-1493-4","10.1109/NANO.2016.7751286","","https://ieeexplore.ieee.org/stamp/stamp.jsp?arnumber=7751286","","","","","","","IEEE","24 Nov 2016","22-25 Aug. 2016","22-25 Aug. 2016","IEEE","IEEE Conferences"
"Conference info","",,2016 IEEE 16th International Conference on Nanotechnology (IEEE-NANO),"24 Nov 2016","2016","","","1","66","Provides general information on various non-technical conference events.","","978-1-5090-1493-4","10.1109/NANO.2016.7751287","","https://ieeexplore.ieee.org/stamp/stamp.jsp?arnumber=7751287","","","","1","","","IEEE","24 Nov 2016","22-25 Aug. 2016","22-25 Aug. 2016","IEEE","IEEE Conferences"
"Technical program","",,2016 IEEE 16th International Conference on Nanotechnology (IEEE-NANO),"24 Nov 2016","2016","","","1","4","Provides a schedule of conference events and a listing of which papers were presented in each session.","","978-1-5090-1493-4","10.1109/NANO.2016.7751288","","https://ieeexplore.ieee.org/stamp/stamp.jsp?arnumber=7751288","","","","","","","IEEE","24 Nov 2016","22-25 Aug. 2016","22-25 Aug. 2016","IEEE","IEEE Conferences"
"Table of contents","",,2016 IEEE 16th International Conference on Nanotechnology (IEEE-NANO),"24 Nov 2016","2016","","","1","19","The following topics are dealt with: nanomaterials; nanosensors; nanoactuators; nanorobotics; nanomanipulation; nanooptics; nanooptoelectronics; nanophotonics; nanobiology; nanomedicine; nanoenergy; neuromorphic cognitive systems; nanotechnology; carbon materials; and nanopackaging.","","978-1-5090-1493-4","10.1109/NANO.2016.7751289","","https://ieeexplore.ieee.org/stamp/stamp.jsp?arnumber=7751289","","","","","","","IEEE","24 Nov 2016","22-25 Aug. 2016","22-25 Aug. 2016","IEEE","IEEE Conferences"
"Preface","S. Samukawa","Tohoku University, Japan",2016 IEEE 16th International Conference on Nanotechnology (IEEE-NANO),"24 Nov 2016","2016","","","1","1","On behalf of the organizing committee, it is my great pleasure and honor to welcome you to Sendai, Japan for the IEEE 16th International Conference on Nanotechnology (IEEE Nano), held from August 22 to 25, 2016. Hosted by the IEEE Nanotechnology Council, IEEE Nano is one of the largest nanotechnology conferences in the world. It is a must for students, educators, researchers, scientists and engineers engaged in a wide range of nanotechnology fields and related applications, including electronic materials, photonics, biotechnology, medicine, alternative energy, the environment and electronic devices. Since its first round on the Hawaiian island of Maui in 2001, IEEE Nano has been held annually, rotating among North America, Europe and the Asia Pacific region. This 16th edition of the flagship annual event is taking place in Sendai, marking the second time the conference has been held in Japan some 11 years after it was hosted in Nagoya in 2005.","","978-1-5090-1493-4","10.1109/NANO.2016.7751290","","https://ieeexplore.ieee.org/stamp/stamp.jsp?arnumber=7751290","","","","","","","IEEE","24 Nov 2016","22-25 Aug. 2016","22-25 Aug. 2016","IEEE","IEEE Conferences"
"[Front cover]","",,2016 IEEE 16th International Conference on Nanotechnology (IEEE-NANO),"24 Nov 2016","2016","","","c1","c1","Presents the front cover or splash screen of the proceedings record.","","978-1-5090-1493-4","10.1109/NANO.2016.7751291","","https://ieeexplore.ieee.org/stamp/stamp.jsp?arnumber=7751291","","","","","","","IEEE","24 Nov 2016","22-25 Aug. 2016","22-25 Aug. 2016","IEEE","IEEE Conferences"
"Flexible organic batteries for health care devices","I. Honma","IMRAM, Tohoku University",2016 IEEE 16th International Conference on Nanotechnology (IEEE-NANO),"24 Nov 2016","2016","","","921","922","While increasing needs for wearable health care devices, an aqueous flexible organic battery consisted of quinone based organic molecules was developed. In spite of their high safety due to employing proton conducting aqueous membrane and organic molecular electrodes, high energy density and high power were achieved. By multiplying single cells, the operating voltage of 3.6 V of a blue LED was realized. These organic aqueous battery shows promise for wearable health care devices.","","978-1-5090-1493-4","10.1109/NANO.2016.7751292","","https://ieeexplore.ieee.org/stamp/stamp.jsp?arnumber=7751292","","Batteries;Protons;Medical services;Safety;Light emitting diodes;Cathodes","","2","","10","IEEE","24 Nov 2016","22-25 Aug. 2016","22-25 Aug. 2016","IEEE","IEEE Conferences"
"Novel GaNAs and GaNP-based nanowires — Promising materials for optoelectronics and photonics","I. A. Buyanova; W. M. Chen; F. Ishikawa; C. W. Tu","Department of PhysicsChemistry and Biology, Linkoping University, Linkoping, Sweden; Department of PhysicsChemistry and Biology, Linkoping University, Linkoping, Sweden; Graduate School of Science and Engineering, Ehime University, Matsuyama, Japan; Department of Electrical and Computer Engineering, University of California, La Jolla, USA",2016 IEEE 16th International Conference on Nanotechnology (IEEE-NANO),"24 Nov 2016","2016","","","38","41","In this paper we review our recent results on optical properties of coaxial nanowires (NWs) based on dilute nitride alloys, such as GaAsN and GaNP. We show that these structures have a high structural and optical quality, and can potentially be used as polarized nano-scale light sources that emit linearly polarized light with the polarization direction perpendicular to the wire axis even in zinc blende NWs of various diameters. We also demonstrate that, though the GaNxP1-x alloys have rather wide bandgap energies of 1.9 - 2.3 eV, the coaxial GaNP NWs absorb infrared light via two-step two-photon absorption.","","978-1-5090-1493-4","10.1109/NANO.2016.7751293","","https://ieeexplore.ieee.org/stamp/stamp.jsp?arnumber=7751293","nanowire;dilute nitrides;gallium phosphide;gallium arsenide","Nanowires;Photonic band gap;Photonics;Optical polarization;Temperature measurement;Metals;Wires","","1","","16","IEEE","24 Nov 2016","22-25 Aug. 2016","22-25 Aug. 2016","IEEE","IEEE Conferences"
"Characterization of quantum dot-like emission from GaAs/GaNAs core/shell nanowires","M. Jansson; W. M. Chen; I. A. Buyanova; F. Ishikawa","Department of Physics, Chemistry and Biology Linkoping University, Linkoping, Sweden; Department of Physics, Chemistry and Biology Linkoping University, Linkoping, Sweden; Department of Physics, Chemistry and Biology Linkoping University, Linkoping, Sweden; Graduate School of Science and Engineering, Ehime University, Matsuyama, Japan",2016 IEEE 16th International Conference on Nanotechnology (IEEE-NANO),"24 Nov 2016","2016","","","42","44","In this work we investigate properties of ultra-narrow photoluminescence lines originating from recombination of excitons trapped by short-range potential fluctuations, caused by alloy disorder in GaAs/GaNAs core/shell nanowires. From power-dependent photoluminescence measurements we show that the emission behavior is consistent with biexciton-exciton cascade recombination in quantum dots. We also show that the thermal activation energy from the related localized states is of the order of 9-30 meV, suggesting a rather shallow confinement potential.","","978-1-5090-1493-4","10.1109/NANO.2016.7751294","","https://ieeexplore.ieee.org/stamp/stamp.jsp?arnumber=7751294","nanowires;quantum dots;GaNAs;biexciton","Nanowires;Nitrogen;Quantum dots;Excitons;Photonics;Metals;Fluctuations","","","","30","IEEE","24 Nov 2016","22-25 Aug. 2016","22-25 Aug. 2016","IEEE","IEEE Conferences"
"Synthesis and characterization of pH-sensitive magnetic nanoparticles as drug carriers for sustained and controlled release of MTX","J. Wu; A. Deng; W. Jiang; R. Tian; W. Jiang; Y. Shen","National Special Superfine Powder Engineering Research Center, Nanjing University of Science and Technology, Nanjing, China; National Special Superfine Powder Engineering Research Center, Nanjing University of Science and Technology, Nanjing, China; Nanjing University of Science and Technology, Nanjing, Jiangsu, CN; National Special Superfine Powder Engineering Research Center, Nanjing University of Science and Technology, Nanjing, China; National Special Superfine Powder Engineering Research Center, Nanjing University of Science and Technology, Nanjing, China; National Special Superfine Powder Engineering Research Center, Nanjing University of Science and Technology, Nanjing, China",2016 IEEE 16th International Conference on Nanotechnology (IEEE-NANO),"24 Nov 2016","2016","","","543","546","Nowadays, effective cancer treatment is still one of the most challenging missions in the scientific community. A primary limitation to most conventional anticancer drugs is their adverse uptake by normal tissues, fast metabolism and lack of tumour cell targeting property. One way to overcome these disadvantages is the application of nanoparticles as the carriers of widely known therapeutic substances. In this work, we devoted our efforts to prepare pH-sensitive magnetic nanoparticles as drug carriers for sustained and controlled release of methotrexate (MTX) via self-assembly of MgAl-LDH and Fe3O4 nanoparticles, which is an economic and environmentally friendly process, and also investigated the physical and chemical properties as well as the drug release performance. We further found that the carriers had a suitable size, good stability and magnetic responsibility; the MTX successfully loaded onto the carriers at a drug loading efficiency of 89.16%. In addition, the in vitro drug release studies showed that the MTX-carriers had excellent pH-sensitivity, 86.21% of MTX was released within 48 h at pH 3.5. Moreover, the MTT assays in cancer cells (HepG2) demonstrated that MTX-carriers exhibited high anticancer activity while the carriers were practically non-toxic.","","978-1-5090-1493-4","10.1109/NANO.2016.7751295","","https://ieeexplore.ieee.org/stamp/stamp.jsp?arnumber=7751295","","Drugs;Nanoparticles;Loading;Cancer;Tumors;In vitro;Suspensions","","1","","16","IEEE","24 Nov 2016","22-25 Aug. 2016","22-25 Aug. 2016","IEEE","IEEE Conferences"
"Layer-by-layer self-assembly for fabrication of recyclable magnetic antimicrobial nanocomposites","X. Wang; B. Hu; X. Xing","College of Chemical Engineering, Nanjing University of Science and Technology, Nanjing, China; College of Chemical Engineering, Nanjing University of Science and Technology, Nanjing, China; College of Chemical Engineering, Nanjing University of Science and Technology, Nanjing, China",2016 IEEE 16th International Conference on Nanotechnology (IEEE-NANO),"24 Nov 2016","2016","","","547","550","Layer-by-layer (LbL) assembly is a prevalent approach for coating material with functional thin films. In this work, we report on high-efficient antibacterial nanofilms constructed by direct assembly of sodium citrate with synthetic N-halamine precursor containing quaternary ammonium salt (QAS) moieties, and deposited on the iron oxide nanoparticles (IO NPs) (size 20~30 nm) using the LbL method. The chlorinated magnetic nanoparticles were characterized by Transmission electron microscopy, Thermogravimetric analysis, Zeta Potential analyses, Fourier transform infrared spectroscopy, X-Ray powder diffraction and Saturation magnetization value measurement. The biocidal kinetic test showed that the as-prepared nanoparticles had excellent biocidal activity towards both S. aureus (gram-positive) and E.coli (gram-negative) with short contact. In addition, functionalized magnetic nanocomposites can be easily recycled by an external magnetic field. The LbL assembly strategy provides possibility for the development of novel antimicrobial coatings via an eco-friendly approach.","","978-1-5090-1493-4","10.1109/NANO.2016.7751296","","https://ieeexplore.ieee.org/stamp/stamp.jsp?arnumber=7751296","","Antibacterial activity;Microorganisms;Nanoparticles;Cogeneration;Coatings;Sodium;Surface treatment","","","","17","IEEE","24 Nov 2016","22-25 Aug. 2016","22-25 Aug. 2016","IEEE","IEEE Conferences"
"Light-driven self-assembly of two gold nanorods","J. -W. Liaw; M. -K. Kuo; W. -C. Lin; H. -Y. Chao","Department of Mechanical Engineering, Chang Gung University, Taiwan, Taoyuan; Institute of Applied Mechanics, National Taiwan University, Taipei, Taiwan; Institute of Applied Mechanics, National Taiwan University, Taipei, Taiwan; Institute of Applied Mechanics, National Taiwan University, Taipei, Taiwan",2016 IEEE 16th International Conference on Nanotechnology (IEEE-NANO),"24 Nov 2016","2016","","","644","645","Light-driven self-assembly of two coupled gold nanorods (GNRs) was studied theoretically. We analyzed the optical forces and torques on both GNRs. Our results show that due to the plasmon-mediated light-matter interaction two adjacent GNRs could coalesce in the end-to-end or side-by-side manner, depending on the wavelength and their initial configurations.","","978-1-5090-1493-4","10.1109/NANO.2016.7751297","","https://ieeexplore.ieee.org/stamp/stamp.jsp?arnumber=7751297","","Gold;Optical polarization;Ultrafast optics;Optical coupling;Self-assembly;Torque;Plasmons","","","","9","IEEE","24 Nov 2016","22-25 Aug. 2016","22-25 Aug. 2016","IEEE","IEEE Conferences"
"Highly substituted cyclacenes and short zigzag nanotubes: a theoretical comparison of stability","S. Soleimani-Amiri; M. Koohi","Department of Chemistry, Islamic Azad University, Karaj, Iran; Young Researchers and Elites Club, Islamic Azad University, Tehran, Iran",2016 IEEE 16th International Conference on Nanotechnology (IEEE-NANO),"24 Nov 2016","2016","","","551","554","In contrast to the reported open-shell zigzag [6]n cyclacenes and short nanotubes (n=5-10), their analogues which contain alternating Ge-C bonds, appear with unstable singlet open-shell (Sos) electronic ground states, at unrestricted broken spin-symmetry B3LYP and BPW91 levels of theory (n=the number of fused benzenoid rings). We have boosted their stability by implementing altering Ge-C bonds that acquire stable singlet closed-shell (Scs) ground states. In all twelve cases, macrocycles minima are obtained which are put together through linear annelation of conjugated rings to hoop shapes. Fascinatingly, this may turn the green lights for synthesis of germanium-carbon cyclacenes and short zigzag nanotubes.","","978-1-5090-1493-4","10.1109/NANO.2016.7751298","","https://ieeexplore.ieee.org/stamp/stamp.jsp?arnumber=7751298","","Carbon;Stationary state;Carbon nanotubes;Germanium;Hydrogen","","","","19","IEEE","24 Nov 2016","22-25 Aug. 2016","22-25 Aug. 2016","IEEE","IEEE Conferences"
"Comparative study on photocatalytic and bactericidal activity between Ag@TiO2 core-shell nanoparticles and Ag@TiO2 surface doped nanostructures","X. Yang; H. Fu; X. An","School of Metallurgy, Northeastern University, Shenyang, Liaoning, China; School of Metallurgy, Northeastern University, Shenyang, Liaoning, China; School of Metallurgy, Northeastern University, Shenyang, Liaoning, China",2016 IEEE 16th International Conference on Nanotechnology (IEEE-NANO),"24 Nov 2016","2016","","","167","170","Silver@titanium dioxide (Ag@TiO2) core-shell nanostructures and Ag surface doped TiO2 particles (TiO2@Ag) have been designed and synthesized by sol-gel and hydrothermal methods under mild conditions. These two types of Ag-TiO2 nanocomposites were characterized in terms of their properties. Specifically, the photocatalytic performance and antibacterial behavior of such nanocomposites have been investigated and compared. It was found that the Ag@TiO2 core-shell nanostructures exhibit superior photocatalytic property to the Ag surface doped TiO2 particles under the reported conditions, while the same situation happened in the bactericidal test. This is probably because the Ag cores tend to facilitate charge separation for TiO2, producing greater hydroxyl radicals on the surface of the TiO2 particles. These findings would be useful for the design and synthesis of Ag-TiO2 nanocomposites with desirable photocatalytic and antimicrobial activity for environmental applications.","","978-1-5090-1493-4","10.1109/NANO.2016.7751299","","https://ieeexplore.ieee.org/stamp/stamp.jsp?arnumber=7751299","","Nanoparticles;Nanocomposites;Microorganisms;Surface treatment;X-ray scattering;Radiation effects","","2","","20","IEEE","24 Nov 2016","22-25 Aug. 2016","22-25 Aug. 2016","IEEE","IEEE Conferences"
"Thermal conductivity of 10 nm-diameter silicon nanowires array fabricated by bio-template and neutral beam etching","A. Kikuchi; A. Yao; I. Mori; I. Yamashita; T. Ono; S. Samukawa","Central Glass Co. Ltd, Ube city, Yamaguchi, Japan; Central Glass Co. Ltd, Ube city, Yamaguchi, Japan; Central Glass Co. Ltd, Ube city, Yamaguchi, Japan; Nara Institute of Science and Technology, Nara, Japan; Graduate School of Engineering, Tohoku University, Sendai, Japan; Institute of Fluid Science, Tohoku Univerisity, Sendai, Japan",2016 IEEE 16th International Conference on Nanotechnology (IEEE-NANO),"24 Nov 2016","2016","","","505","507","In this paper, we present the fabrication and thermal conductivity measurements of a 10 nm-diameter Si nanowires (SiNWs) array for thermoelectric (TE) devices applications. The SiNWs were fabricated by bio-template and neutral beam etching techniques. Then, the SiNWs were embedded into spin-on-glass (SOG) for the measurement of the thermal conductivity. The measured thermal conductivities of the SiNWs with lengths of 50 nm and 100 nm were 2.1 ± 0.6 W/mK and 9.5 ± 1.4 W/mK, respectively.","","978-1-5090-1493-4","10.1109/NANO.2016.7751300","","https://ieeexplore.ieee.org/stamp/stamp.jsp?arnumber=7751300","","Thermal conductivity;Conductivity;Etching;Silicon;Conductivity measurement;Nanowires","","","","16","IEEE","24 Nov 2016","22-25 Aug. 2016","22-25 Aug. 2016","IEEE","IEEE Conferences"
"A facile approach to the hydrothermal synthesis of graphene","X. Ke; G. -z. Hao; Y. -b. Rong; X. Zhou; J. Liu; L. Xiao; W. Jiang","School of Chemical Engineering, Nanjing University of Science and Technology, Nanjing, China; School of Chemical Engineering, Nanjing University of Science and Technology, Nanjing, China; School of Chemical Engineering, Nanjing University of Science and Technology, Nanjing, China; School of Chemical Engineering, Nanjing University of Science and Technology, Nanjing, China; School of Chemical Engineering, Nanjing University of Science and Technology, Nanjing, China; School of Chemical Engineering, Nanjing University of Science and Technology, Nanjing, China; School of Chemical Engineering, Nanjing University of Science and Technology, Nanjing, China",2016 IEEE 16th International Conference on Nanotechnology (IEEE-NANO),"24 Nov 2016","2016","","","604","607","In this work, we demonstrate a fast hydrothermal approach for the facile synthesis of graphene (GN) from reduction of graphene oxide (GO) in the presence of reducing agents (sodium hydroxide, NaOH). The obtained GN was characterized by X-ray diffraction (XRD), transmission electron microscopy (TEM), X-ray photoelectron spectroscopy (XPS), Raman spectroscopic techniques (Raman) and thermogravimetric analysis (TG). It was observed that preparation periods of GN are significantly reduced in the strong alkali environment, as a result of rapid reduction reaction under the conditions of high temperature and pressure in hydrothermal reaction autoclave. Interestingly, it was also found that the obtained GN could be easily separated and purified, which could be beneficial to the mass production of GN. In addition, the characterization results showed that GN has extraordinary improvement of thermal stability. The facile synthesis method developed in this study may facilitate the potential applications of GN-based composites and devices.","","978-1-5090-1493-4","10.1109/NANO.2016.7751301","","https://ieeexplore.ieee.org/stamp/stamp.jsp?arnumber=7751301","","Graphene;Thermal stability;Carbon;X-ray diffraction;Sodium","","3","","31","IEEE","24 Nov 2016","22-25 Aug. 2016","22-25 Aug. 2016","IEEE","IEEE Conferences"
"Harvesting the hidden energy for self-powered systems","Y. Hu","Department of Electronics, Peking University, Beijing, China",2016 IEEE 16th International Conference on Nanotechnology (IEEE-NANO),"24 Nov 2016","2016","","","928","930","Energy harvesting technologies based on piezoelectric properties of nanomaterials and triboelectric phenomenon between two different materials are superior candidates for random mechanical energy harvesting in the environment. Self-powered system integrated with such kind of energy harvesting module and multi-functional nanodevices have great application potentials in the independent, sustainable, maintenance-free operations of implantable biosensors, remote and mobile environmental sensors, nanorobotics, microelectromechanical systems, and even portable/wearable personal electronics. Several recent progresses are summarized here.","","978-1-5090-1493-4","10.1109/NANO.2016.7751302","","https://ieeexplore.ieee.org/stamp/stamp.jsp?arnumber=7751302","","Vibrations;Energy harvesting;Mechanical energy;Wireless sensor networks;Wireless communication;Mechanical sensors","","","","13","IEEE","24 Nov 2016","22-25 Aug. 2016","22-25 Aug. 2016","IEEE","IEEE Conferences"
"The effect of asymmetric barriers of GaAs quantum nanodisks light emitting diode","A. H. Member; C. Thomas; T. Kiba; J. Takayama; I. Yamashita; A. Murayama; S. Samukawa","Tohoku Daigaku, Sendai, Miyagi, JP; Tohoku University, Sendai, JAPAN; Kitami Institute of Technology, Kitami, JAPAN; IST, Hokkaido University, JAPAN; NAIST, NARA, JAPAN; IST, Hokkaido University, JAPAN; Tohoku University, Sendai, JAPAN",2016 IEEE 16th International Conference on Nanotechnology (IEEE-NANO),"24 Nov 2016","2016","","","45","46","Quantum dots optoelectronic devices such as laser diodes, light emitting diodes (LED), high-speed modulators, semiconductor optical amplifiers are much attention because of their low power consumption and temperature stability. We have developed a defect-less top-down dry process for 15-nm in-diameter and 8-nm in thickness GaAs quantum nanodisks (QNDs) LEDs by a bio-template, neutral beam etching and asymmetric AlGaAs/GaAs regrown by metalorganic vapor phase epitaxy (MOVPE). To operate at room temperature, different aluminum contents barrier matrix were used for deep band energy offset between GaAs QNDs and AlGaAs barriers. Their temperature dependence of optical properties measured by electroluminescence (E-L) characteristics. We confirmed that energies and the transient behavior of the E-L characteristics as various temperature are strongly affected by the band offset energies, therefore, QND LEDs with different aluminum contents barriers has successfully operated by top-down fusion dry process at room temperature.","","978-1-5090-1493-4","10.1109/NANO.2016.7751303","","https://ieeexplore.ieee.org/stamp/stamp.jsp?arnumber=7751303","","Gallium arsenide;Etching;Temperature measurement;Light emitting diodes;Temperature;Molecular beam epitaxial growth","","","","20","IEEE","24 Nov 2016","22-25 Aug. 2016","22-25 Aug. 2016","IEEE","IEEE Conferences"
"Effect of flux and energy of hydrogen neutral beam on hydrogenation process of graphene","T. Okada; C. Thomas; M. Meyyappan; S. Samukawa","Institute of Hurd Science, Tohcku University, Sendai, Japan; Institute of Hurd Science, Tohcku University, Sendai, Japan; NASA Ames Research Center; IFS and WPI-AIMR, Tohoku University, Sendai, Japan",2016 IEEE 16th International Conference on Nanotechnology (IEEE-NANO),"24 Nov 2016","2016","","","297","298","We have investigated hydrogenation of graphene using H2 neutral beam for hydrogen storage applications. We have successfully hydrogenated graphene and shown the dependence of the reaction process on the beam energy. In addition, sp3 ratio under several hydrogen beam flux conditions has been estimated from XPS analysis.","","978-1-5090-1493-4","10.1109/NANO.2016.7751304","","https://ieeexplore.ieee.org/stamp/stamp.jsp?arnumber=7751304","","Hydrogen;Graphene;Niobium;Plasmas;Hydrogen storage;Carbon;Radiation effects","","","","5","IEEE","24 Nov 2016","22-25 Aug. 2016","22-25 Aug. 2016","IEEE","IEEE Conferences"
"Evaluation of insect locomotion using MEMS piezoresistive force sensors","H. Takahashi; I. Shimoyama","University of Tokyo, Tokyo, Bunkyo-ku, Japan; University of Tokyo, Tokyo, Bunkyo-ku, Japan",2016 IEEE 16th International Conference on Nanotechnology (IEEE-NANO),"24 Nov 2016","2016","","","931","932","Small insects have agile performance in flight, walking locomotion, and so on. Currently, many researchers have been focusing the dynamics of their locomotion. We have been developing micro scaled piezoresistive force sensors to measure forces exerted by insects during flying, walking and jumping. In this paper, we introduce these sensors which are specialized for target insects.","","978-1-5090-1493-4","10.1109/NANO.2016.7751305","","https://ieeexplore.ieee.org/stamp/stamp.jsp?arnumber=7751305","","Force;Insects;Force measurement;Micromechanical devices;Pressure sensors;Piezoresistance","","","","6","IEEE","24 Nov 2016","22-25 Aug. 2016","22-25 Aug. 2016","IEEE","IEEE Conferences"
"Surface plasmon-enhanced photoluminescence of DCJTB by using silver hybrid nanostructures","J. -W. Liaw; M. -H. Fang; Y. -H. Huang; K. -H. Tsai; C. -J. Lin; H. -P. Chiang","Department of Mechanical Engineering, Chang Gung University, Kwei-Shan, Taoyuan, Taiwan; Institute of Optoelectronic Sciences, National Taiwan Ocean University, Keelung, Taiwan; Institute of Optoelectronic Sciences, National Taiwan Ocean University, Keelung, Taiwan; Institute of Optoelectronic Sciences, National Taiwan Ocean University, Keelung, Taiwan; Institute of Optoelectronic Sciences, National Taiwan Ocean University, Keelung, Taiwan; Academia Sinica, Institute of Physics, Taipei, Taiwan",2016 IEEE 16th International Conference on Nanotechnology (IEEE-NANO),"24 Nov 2016","2016","","","646","647","A silver hybrid nanostructure was proposed for metal enhanced fluorescence (MEF). We combined silver 2D periodic array with silver nanoparticles to form multiscale structures. The photoluminescence (PL) and time-resolved photoluminescence (TRPL) of DCJTB on the hybrid nanostructures were characterized to show the potential for the application of MEF.","","978-1-5090-1493-4","10.1109/NANO.2016.7751306","","https://ieeexplore.ieee.org/stamp/stamp.jsp?arnumber=7751306","","Silver;Glass;Photoluminescence;Fluorescence;Two dimensional displays;Nanoparticles","","","","4","IEEE","24 Nov 2016","22-25 Aug. 2016","22-25 Aug. 2016","IEEE","IEEE Conferences"
"Photothermal nanoblades for delivery of large-sized cargo into mammalian cells at high throughput","Y. -C. Wu; T. Santra; T. -H. Wu; D. L. Clemens; B. -Y. Lee; X. Wen; M. A. Horwitz; M. A. Teitell; P. Y. Chiou","University of California Los Angeles, Los Angeles, CA, US; Mechanical and Aerospace Engineering Department, University of California at Los Angeles, Los Angeles, California, USA; Department of Pathology and Laboratory Medicine, David Geffen School of Medicine, Los Angeles, California, USA; Division of Infectious Diseases, David Geffen School of Medicine, Los Angeles, California, USA; Division of Infectious Diseases, David Geffen School of Medicine, Los Angeles, California, USA; Mechanical and Aerospace Engineering Department, University of California at Los Angeles, Los Angeles, California, USA; Division of Infectious Diseases, David Geffen School of Medicine, Los Angeles, California, USA; Department of Pathology and Laboratory Medicine, David Geffen School of Medicine, Los Angeles, California, USA; Mechanical and Aerospace Engineering Department, University of California at Los Angeles, Los Angeles, California, USA",2016 IEEE 16th International Conference on Nanotechnology (IEEE-NANO),"24 Nov 2016","2016","","","47","50","Technologies for transferring large-sized cargo into mammalian cells are needed to advance key applications in cell engineering. However, reliable methodologies for introducing large-sized cargo into mammalian cells are nearly completely lacking. This talk will present two new technologies, photothermal nanoblade and BLAST, that overcome the size limitation of cargo delivery into mammalian cells.","","978-1-5090-1493-4","10.1109/NANO.2016.7751307","","https://ieeexplore.ieee.org/stamp/stamp.jsp?arnumber=7751307","","Cells (biology);Biomembranes;Vertical cavity surface emitting lasers;Nanobioscience;Laser beam cutting;Laser excitation;Fluorescence","","","","11","IEEE","24 Nov 2016","22-25 Aug. 2016","22-25 Aug. 2016","IEEE","IEEE Conferences"
"Micro thermal sensor for nanometric surface defect inspection","Y. Shimizu; Y. Matsuno; Y. Ohba; W. Gao","Department of Nanomechanics, Tohoku Univerisy, Sendai, Japan; Department of Nanomechanics, Tohoku Univerisy, Sendai, Japan; Department of Nanomechanics, Tohoku Univerisy, Sendai, Japan; Department of Nanomechanics, Tohoku Univerisy, Sendai, Japan",2016 IEEE 16th International Conference on Nanotechnology (IEEE-NANO),"24 Nov 2016","2016","","","978","979","This paper presents a concept of a micro thermal sensor to be used for defect inspection of a smoothly-finished surface such as a bare wafer or a hard disk. In the proposed concept, existences of the defects on a measurement surface will be detected by scanning the surface with the micro thermal sensor, which is utilized to detect the variation of the thermal flow in-between the sensor surface and the measurement surface. The proposed micro thermal sensor has a possibility of detecting various types of surface defects. An existence of the defect having a convex shape such as an asperity or a particle can be found by detecting a heat generated at the collision between the sensor surface and the tip of the defect. In addition, the thermal sensor is expected to be applied for the inspection of pits or scratches in a concave shape on the smooth surface. When the thermal sensor is placed with respect to the measurement surface with a tiny gap of less than 1 μm, a heat transfer system sensitive against the gap variation will be constructed at the interface between the thermal sensor and the measurement surface becomes a system.","","978-1-5090-1493-4","10.1109/NANO.2016.7751308","","https://ieeexplore.ieee.org/stamp/stamp.jsp?arnumber=7751308","","Thermal sensors;Inspection;Heating;Temperature measurement;Surface resistance;Electrical resistance measurement;Shape","","1","","6","IEEE","24 Nov 2016","22-25 Aug. 2016","22-25 Aug. 2016","IEEE","IEEE Conferences"
"Evaluation of etching property in C3HXF(6−X) plasma","H. Omori; A. Kikuchi; A. Yao; I. Mori","Chemical Research Center, Central Glass Co. LTD, Yamaguchi, Japan; Chemical Research Center, Central Glass Co. LTD, Yamaguchi, Japan; Chemical Research Center, Central Glass Co. LTD, Yamaguchi, Japan; Chemical Research Center, Central Glass Co. LTD, Yamaguchi, Japan",2016 IEEE 16th International Conference on Nanotechnology (IEEE-NANO),"24 Nov 2016","2016","","","127","130","The etching properties of C3F6, C3HF5, C3H2F4, and C3H3F3 were evaluated to investigate the effects of replacement of fluorine atoms to hydrogen atoms in the unsaturated fluorocarbon. Etching rates of SiO2 were decreased, and deposition rates of CFn films on p-Si wafer were increased with increasing the hydrogen atoms in the molecule. XPS spectra show that the contribution of strong C-C bond in the CFn film was also increased with increasing the hydrogen atoms in the molecule. Consequently, the highest selectivity for SiO2/PR was obtained in C3H2F4 plasma, while the highest etching rate of SiO2 was obtained in C3F6 plasma. The SiO2 etching was performed using patterned holes of 40 nm diameters in C3H2F4 plasma to evaluate the feasibility of C3H2F4 for the contact hole etching gas. The cross section SEM image shows that the vertical shaped holes without bowing or tapering were obtained with C3H2F4 plasma. The fine etch property of C3H2F4 was obtained as a result of the appropriate balance between fluorine atoms and hydrogen atoms in the molecule.","","978-1-5090-1493-4","10.1109/NANO.2016.7751309","","https://ieeexplore.ieee.org/stamp/stamp.jsp?arnumber=7751309","","Etching;Plasmas;Hybrid fiber coaxial cables;Films;Hydrogen;Fluorine;Ions","","2","","6","IEEE","24 Nov 2016","22-25 Aug. 2016","22-25 Aug. 2016","IEEE","IEEE Conferences"
"Neutral beam oxidation for oxide-based nanodevice","T. Ohno; D. Nakayama; S. Samukawa","PRESTO, JST, Japan; Institute of Fluid Science (IFS), Tohoku University, Japan; WPI-AIMR and IFS, Tohoku University, Japan",2016 IEEE 16th International Conference on Nanotechnology (IEEE-NANO),"24 Nov 2016","2016","","","171","173","In this paper, we show a low temperature neutral beam oxidation process to obtain a high quality metallic oxide film. After irradiation of a Ta metal film with a neutral oxygen beam, a nm-thick Ta2O5 film with a high film density was obtained, and a fabricated Cu/Ta2O5/Pt resistive memory (ReRAM) structure showed a bipolar resistive switching characteristic. In addition, after the deposition of a 1-nm-thick Al film on a Ge substrate, the simultaneous oxidation of Al and Ge was carried out at 300 °C, and a fabricated Au/AlOx/GeOx/Ge/Al MOS gate structure showed a C-V characteristic. These results demonstrate the great potential of neutral beam oxidation for the development oxide-based nanodevices.","","978-1-5090-1493-4","10.1109/NANO.2016.7751310","","https://ieeexplore.ieee.org/stamp/stamp.jsp?arnumber=7751310","","Films;Oxidation;Logic gates;Silicon;Particle beams;Radiation effects;Metals","","","1","3","IEEE","24 Nov 2016","22-25 Aug. 2016","22-25 Aug. 2016","IEEE","IEEE Conferences"
"Size distribution control of copper nanoparticles by optimization of precursor morphology","S. Shiomi; T. Maruoka; H. Minami; J. Kadono; M. Kikuuchi","Kyoto Municipal Institute of Industrial Technology and Culture, Japan; Kyoto Municipal Institute of Industrial Technology and Culture, Japan; Kyoto Municipal Institute of Industrial Technology and Culture, Japan; Kyoto Municipal Institute of Industrial Technology and Culture, Japan; Kyoto Municipal Institute of Industrial Technology and Culture, Japan",2016 IEEE 16th International Conference on Nanotechnology (IEEE-NANO),"24 Nov 2016","2016","","","442","445","In the liquid phase synthesis of metallic nanoparticles by electroless deposition, the morphology of product is strongly dependent on numerous synthesis conditions; for example, the type or quantity of solvent, precursor, reductant and dispersant species. In this work, the influence of the surface area of precursor on the size distribution of synthesized nanoparticles was investigated using a kinetic evaluation by quartz crystal microbalance (QCM) measurement. We clarified the correlation between the morphology of product and the deposition behavior such as final deposition amount, termination time and deposition rate derived by QCM measurement. We also measured the immersion potential of the reaction solution, and found that the nucleation and growth of Cu nanoparticles were supposed to proceed with the reduction of Cu(II) ion to Cu as long as the Cu(II) sufficiently exist in the solution. Therefore, the saturation of deposition amount on QCM indicated the consumption of precursors. By this estimation, we demonstrated the size distribution was predictable from QCM measurement, and it was controllable by regulating the morphology of precursor.","","978-1-5090-1493-4","10.1109/NANO.2016.7751311","","https://ieeexplore.ieee.org/stamp/stamp.jsp?arnumber=7751311","","Nanoparticles;Copper;Morphology;Surface morphology;Ions;Surface treatment;Electrodes","","1","","12","IEEE","24 Nov 2016","22-25 Aug. 2016","22-25 Aug. 2016","IEEE","IEEE Conferences"
"Current status and prospects of nanoimprint technology","S. Matsui","University of Hyogo, Hyogo, Japan",2016 IEEE 16th International Conference on Nanotechnology (IEEE-NANO),"24 Nov 2016","2016","","","706","709","Nanoimprint is an emerging lithographic technology that promises high-throughput patterning of nanostructures. Based on the mechanical embossing principle, nanoimprint technique can achieve pattern resolutions beyond the limitations set by the light diffractions or beam scatterings in other conventional techniques. Nanoimprint can be applied to optical device, magnetic device, LSI device and so on.","","978-1-5090-1493-4","10.1109/NANO.2016.7751312","","https://ieeexplore.ieee.org/stamp/stamp.jsp?arnumber=7751312","","Nanoscale devices;Nanolithography;Nanostructures;Photovoltaic cells;Substrates;Production","","","","16","IEEE","24 Nov 2016","22-25 Aug. 2016","22-25 Aug. 2016","IEEE","IEEE Conferences"
"Influences of surface effect and nonlocal effect on nanobridges bent by a force at an arbitrary axial position","J. He","School of Mechanical and Power Engineering, Nanjing Tech University, Nanjing, China",2016 IEEE 16th International Conference on Nanotechnology (IEEE-NANO),"24 Nov 2016","2016","","","881","883","Surface effect and nonlocal effect are incorporated into classical Euler beam equation to study the static bending behavior of nanobridges. The generalized Young-Laplace equation and core-shell model are used to model the surface effect. The nonlocal effect is introduced in bending moment equation. Results show that a positive surface tension causes the nanobridge more difficult to bend while the nonlocal effect causes the nanobridge easier to bend. Moreover, the influences of the surface effect and the nonlocal effect on the nanobridge bending behavior are found to be dependent of the applied force position. This study indicates the importance of the excitation force position in the characterizations and applications of nanobridges.","","978-1-5090-1493-4","10.1109/NANO.2016.7751313","","https://ieeexplore.ieee.org/stamp/stamp.jsp?arnumber=7751313","","Force;Mathematical model;Nanowires;Surface tension;Stress;Elasticity;Carbon nanotubes","","","","20","IEEE","24 Nov 2016","22-25 Aug. 2016","22-25 Aug. 2016","IEEE","IEEE Conferences"
"Fully transparent solution-processed carbon nanotube thin film transistors on a flexible substrate","Y. Deng; M. Chan; M. Zhang","School of Electronic and Computer Engineering, Peking University, Shenzhen, China; Department of Electronic and Computer Engineering, Hong Kong University of Science and Technology, Hong Kong; School of Electronic and Computer Engineering, Peking University, Shenzhen, China",2016 IEEE 16th International Conference on Nanotechnology (IEEE-NANO),"24 Nov 2016","2016","","","299","302","Fully transparent solution-processed carbon nanotube thin film transistors (CNT-TFTs) on flexible substrate are proposed and fabricated by a facile and low-cost process. By using 95%-semiconducting enriched carbon nanotubes as channel and transparent indium tin oxide as gate, source and drain electrodes, CNT-TFTs with a high on/off current ratio of 2.68×106, a low threshold voltage of 0.38 V, a steep subthreshold swing of 0.28 V/dec, a good device mobility of 2.95 cm2/vs as well as a high transparency of 91.1% has been achieved. In addition, the whole fabrication of solution-processed CNT-TFTs involves no high temperature and complicated processing, which satisfies the manufacturing requirements for future transparent and flexible electronics.","","978-1-5090-1493-4","10.1109/NANO.2016.7751314","","https://ieeexplore.ieee.org/stamp/stamp.jsp?arnumber=7751314","","Substrates;Indium tin oxide;Carbon nanotubes;Electrodes;Logic gates;Thin film transistors;Optical device fabrication","","1","","22","IEEE","24 Nov 2016","22-25 Aug. 2016","22-25 Aug. 2016","IEEE","IEEE Conferences"
"3D plasmonic nanostructures for in-vitro applications in neuroscience and cell biology","V. Caprettini; M. Dipalo; G. C. Messina; L. Lovato; F. Tantussi; F. De Angelis","Plasmon Nano-Technologies Unit, Istituto Italiano di Tecnologia, Genoa, Italy; Plasmon Nano-Technologies Unit, Istituto Italiano di Tecnologia, Genoa, Italy; Plasmon Nano-Technologies Unit, Istituto Italiano di Tecnologia, Genoa, Italy; Plasmon Nano-Technologies Unit, Istituto Italiano di Tecnologia, Genoa, Italy; Plasmon Nano-Technologies Unit, Istituto Italiano di Tecnologia, Genoa, Italy; Plasmon Nano-Technologies Unit, Istituto Italiano di Tecnologia, Genoa, Italy",2016 IEEE 16th International Conference on Nanotechnology (IEEE-NANO),"24 Nov 2016","2016","","","491","493","In the study of neuronal networks or other cell cultures it is essential to combine information about a single element with the connections developed throughout the whole system. Those data come from different space and time scales, therefore requiring the employment of various techniques to be acquired and combined. Unfortunately, connecting data from more than one experiment is often challenging and the many variables involved make the results difficult to correlate. Here we present a platform able to merge different techniques on the same device, reducing the variability of the system under investigation thanks to the simultaneous study of the single element and the collective behavior of various in-vitro mammalian cell cultures.","","978-1-5090-1493-4","10.1109/NANO.2016.7751315","","https://ieeexplore.ieee.org/stamp/stamp.jsp?arnumber=7751315","","Plasmons;Three-dimensional displays;Neurons;Nanostructures;Extracellular;Nanobioscience;Biomembranes","","","","21","IEEE","24 Nov 2016","22-25 Aug. 2016","22-25 Aug. 2016","IEEE","IEEE Conferences"
"A theoretical study on sintering of Ni nanoparticles in the anode of solid oxide fuel cell under water vapor environment","J. Xu; S. Bai; Y. Higuchi; N. Ozawa; M. Kubo","Institute for Materials Research, Tohoku University, Aoba-ku, Sendai, Japan; Institute for Materials Research, Tohoku University, Aoba-ku, Sendai, Japan; New Industry Creation Hatchery Center, Tohoku University, Aoba-ku, Sendai, Japan; Institute for Materials Research, Tohoku University, Aoba-ku, Sendai, Japan; Institute for Materials Research, Tohoku University, Aoba-ku, Sendai, Japan",2016 IEEE 16th International Conference on Nanotechnology (IEEE-NANO),"24 Nov 2016","2016","","","884","887","Sintering of Ni particles in the Ni-based anode is a major obstacle to the widespread use of solid oxide fuel cell because the sintering induces the degradation in the anode. The large amount of water vapor in the fuel is known to accelerate the degradation during the operation. However, the detailed accelerated sintering mechanism is unclear. In this study, to clear the accelerated sintering mechanism during the initial stage of the sintering by water vapor, we investigated the adsorption and dissociation of water molecules on the Ni surface as well as the effect of the terminations of O, H, and OH on the interaction between the Ni clusters by density functional theory because the sintering of Ni particles is started by the Ni particles approaching each other due to the attractive interaction between Ni particles at the initial stage. In our adsorption and dissociation calculations, increasing the amount of water vapor facilitates the adsorption of H2O molecule on the Ni surface due to the H-bond interaction. Meanwhile, the activation energy for the dissociation of H2O molecules on the Ni surface is also lowered with increasing the amount of H2O molecules. Then, we calculated the interaction between Ni cluster, and O terminated, OH terminated, and H terminated Ni clusters. We observed that the attractive interaction between Ni cluster and O terminated Ni cluster is larger than that between two Ni clusters in vacuum. Enhancing the attractive interaction is not observed in the H terminated and OH terminated Ni clusters. It indicates that two Ni clusters approaching each other is faster under the water vapor environment than that in vacuum due to the strong attractive interaction caused by the termination of O. Thus, we suggest that the generation of O termination plays an important role in the sintering at the initial stage under the water vapor environment.","","978-1-5090-1493-4","10.1109/NANO.2016.7751316","","https://ieeexplore.ieee.org/stamp/stamp.jsp?arnumber=7751316","","Nickel;Water;Adsorption;Discrete Fourier transforms;Anodes;Degradation;Surface treatment","","1","","15","IEEE","24 Nov 2016","22-25 Aug. 2016","22-25 Aug. 2016","IEEE","IEEE Conferences"
"Development of cell microarray by using superhydrophilic silicon dioxide nano structure","X. Zhou; L. Che; Z. Wang; S. Liang; X. Meng","Shanghai Institute of Microsystem and Information Technology, Chinese Academy of Sciences, Shanghai, People's Republic of China; Shanghai Institute of Microsystem and Information Technology, Chinese Academy of Sciences, Shanghai, People's Republic of China; Shanghai Institute of Microsystem and Information Technology, Chinese Academy of Sciences, Shanghai, People's Republic of China; Shanghai Institute of Microsystem and Information Technology, Chinese Academy of Sciences, Shanghai, People's Republic of China; Graduate University of Chinese Academy of Sciences, University of Chinese Academy of Sciences, Beijing, People's Republic of China",2016 IEEE 16th International Conference on Nanotechnology (IEEE-NANO),"24 Nov 2016","2016","","","238","240","Studies on cellular behaviors on substrates with various physicochemical properties have important implications in cytology and bio-medical field. And a variety of cell microarrays have been developed to study in vitro. Our study aims to explore the relations between nano silicon dioxide structure substrates and circulating tumor cells (CTCs) adhesion, and create cell microarrays based on the cell adhesions with the substrate. The method for the preparation of microarray presented herein is based on creating a superhydrophilic array by DRIE technology and thermal oxidation. Superhydrophilic microarrays were achieved as a convex array on SOI wafer. The extreme wettability of the superhydrophilic arrays guaranteed an easy and homogeneous adsorption of the cells, while flat silicon dioxide barriers effectively prevented cross-contamination of the cells.","","978-1-5090-1493-4","10.1109/NANO.2016.7751317","","https://ieeexplore.ieee.org/stamp/stamp.jsp?arnumber=7751317","cell microarray;superhydrophilic;wettability","Substrates;Adhesives;Nanostructures;Fluorescence;Reservoirs;Scanning electron microscopy","","","","5","IEEE","24 Nov 2016","22-25 Aug. 2016","22-25 Aug. 2016","IEEE","IEEE Conferences"
"Transient photoluminescence study on spin dynamics in InGaAs-based coupled nanostructures of quantum dots with quantum wells","K. Takeishi; S. Chen; J. Takayama; K. Itabashi; M. Urabe; A. Murayama","Graduate School of Information Science and Technology, Hokkaido University, Sapporo, Hokkaido, Japan; Graduate School of Information Science and Technology, Hokkaido University, Sapporo, Hokkaido, Japan; Graduate School of Information Science and Technology, Hokkaido University, Sapporo, Hokkaido, Japan; Graduate School of Information Science and Technology, Hokkaido University, Sapporo, Hokkaido, Japan; Graduate School of Information Science and Technology, Hokkaido University, Sapporo, Hokkaido, Japan; Graduate School of Information Science and Technology, Hokkaido University, Sapporo, Hokkaido, Japan",2016 IEEE 16th International Conference on Nanotechnology (IEEE-NANO),"24 Nov 2016","2016","","","630","632","We have made transient photoluminescence (PL) study on electron-spin dynamics in InGaAs-based coupled nanostructures of quantum dots (QDs) with quantum wells (QWs). Self-assembled InGaAs QDs were grown integrated with an InGaAs QW through a GaAs tunneling barrier or embedded in a GaAs QW. Time-resolved circularly polarized PL in the QDs was measured as a function of temperature after optical spin excitation selectively in the QW, reflecting electron-spin polarization injected from the QW into QDs. We show the spin injection dynamics induced by spin tunneling and subsequent energy relaxation from the QW into QDs in the former coupled QDs. Spin relaxation at excited states in the QDs after the dynamical spin injection is shown as a function of temperature. These coupled QD samples exhibit thermally persistent spin polarization up to 200 K, originating from ultrafast and thus efficient spin injection as well as longer spin-relaxation times compared to radiative decay times in the QDs after the injection.","","978-1-5090-1493-4","10.1109/NANO.2016.7751318","","https://ieeexplore.ieee.org/stamp/stamp.jsp?arnumber=7751318","","Spin polarized transport;Gallium arsenide;Tunneling;Optical polarization;Ultrafast optics;Optical reflection;Transient analysis","","","","4","IEEE","24 Nov 2016","22-25 Aug. 2016","22-25 Aug. 2016","IEEE","IEEE Conferences"
"Growth optimization of spin-transport barriers used for spin-polarized light-emitting diodes based on InGaAs quantum dots","K. Itabashi; K. Takeishi; M. Urabe; J. Takayama; S. Chen; A. Murayama","Graduate School of Information Science and Technology, Hokkaido University, Sapporo, Hokkaido, Japan; Graduate School of Information Science and Technology, Hokkaido University, Sapporo, Hokkaido, Japan; Graduate School of Information Science and Technology, Hokkaido University, Sapporo, Hokkaido, Japan; Graduate School of Information Science and Technology, Hokkaido University, Sapporo, Hokkaido, Japan; Graduate School of Information Science and Technology, Hokkaido University, Sapporo, Hokkaido, Japan; Graduate School of Information Science and Technology, Hokkaido University, Sapporo, Hokkaido, Japan",2016 IEEE 16th International Conference on Nanotechnology (IEEE-NANO),"24 Nov 2016","2016","","","633","635","We have studied GaAs and AlGaAs barriers for the purpose of improving spin-transport performance in spin-polarized light-emitting diodes (LEDs) based on self-assembled quantum dots (QDs) of InGaAs. In the spin-LED utilizing a spin-functional optical active layer of In-based self-assembled QDs, growth temperatures of top barriers of GaAs and AlGaAs were reduced to suppress indium diffusion from the QDs into the barriers after forming the QDs. We show a significant improvement of spin-transport property as well as of carrier-transport one with increasing growth temperature of the Al0.1Ga0.9As barrier from 580 to 640 °C, while luminescent spectral energy and shape of the QDs are not markedly affected.","","978-1-5090-1493-4","10.1109/NANO.2016.7751319","","https://ieeexplore.ieee.org/stamp/stamp.jsp?arnumber=7751319","","Gallium arsenide;Optical polarization;Light emitting diodes;Optical scattering;Polarization;Indium gallium arsenide;Solids","","","","3","IEEE","24 Nov 2016","22-25 Aug. 2016","22-25 Aug. 2016","IEEE","IEEE Conferences"
"Isothermal amplification and graphene based detection of circulating multiplex miRNAs","K. Treerattrakoon; P. Luksirikul; T. Dharakul; D. Japrung","National Nanotechnology Center, National Science and Technology Development Agency, Pathumthani, Thailand; Department of Chemistry, Kasetsart University, Bangkok, Thailand; National Nanotechnology Center, National Science and Technology Development Agency, Pathumthani, Thailand; National Nanotechnology Center, National Science and Technology Development Agency, Pathumthani, Thailand",2016 IEEE 16th International Conference on Nanotechnology (IEEE-NANO),"24 Nov 2016","2016","","","347","350","This study developed simple multiplex miRNA amplification and detection platform using the combination of RCA approach and fluorescence quenching property of reduced graphene oxide. miRNA 29 and miRNA 144*, which are short noncoding RNA (22 nt) found highly expressed in the blood circulation of tuberculosis patients, are chosen for the development model. Our combination approaches could detect miRNA with the high sensitivity and has a potential for development of the high throughput screening and detection of circulating miRNAs.","","978-1-5090-1493-4","10.1109/NANO.2016.7751320","","https://ieeexplore.ieee.org/stamp/stamp.jsp?arnumber=7751320","","Fluorescence;DNA;Probes;Multiplexing;Internet;Graphene;Biomarkers","","","","19","IEEE","24 Nov 2016","22-25 Aug. 2016","22-25 Aug. 2016","IEEE","IEEE Conferences"
"Transient photoluminescence in InGaN nano-disks fabricated by nano-scale neutral-beam etching utilizing bio-nano templates","Y. Chen; S. Chen; T. Kiba; C. Y. Lee; C. Thomas; Y. -C. Lai; A. Higo; S. Samukawa; A. Murayama","Graduate School of Information Science and Technology, Hokkaido University, Sapporo, Hokkaid, Japan; Graduate School of Information Science and Technology, Hokkaido University, Sapporo, Hokkaid, Japan; Kitami Institute of Technology, Kitami, Japan; Tohoku University, Sendai, Japan; Tohoku University, Sendai, Japan; Tohoku University, Sendai, Japan; Tohoku University, Sendai, Japan; Tohoku University, Sendai, Japan; Graduate School of Information Science and Technology, Hokkaido University, Sapporo, Hokkaid, Japan",2016 IEEE 16th International Conference on Nanotechnology (IEEE-NANO),"24 Nov 2016","2016","","","636","637","We study transient photoluminescence (PL) in In0.2Ga0.8N nano-disks (NDs) fabricated from a 2 or 3 nm-thick quantum well (QW) by damage-free neutral-beam etching utilizing bio-nano-engineered etching templates. A lateral averaged diameter of the ND was controlled to be 9 nm with a high sheet-density up to 2.6×1011 cm-2. Transient PL in the NDs was measured as a function of temperature and compared with that in the mother QWs. Thermal quenching of PL is strongly suppressed in the NDs, while the PL intensity in the QWs rapidly decreases with increasing temperature. A PL-decay time in the NDs is 0.1 ns at 6 K, which is significantly shorter than that of 3.5 ns in the QW. The temperature dependence of the PL decaying property shows that a radiative decay time of 0.1 ns in the NDs is almost constant for temperature, while a non-radiative one decreases with increasing temperature. This significantly faster and relatively temperature-insensitive radiative decay time can be attribute to the strong confinement due to the ND formation in addition to strain relaxation.","","978-1-5090-1493-4","10.1109/NANO.2016.7751321","","https://ieeexplore.ieee.org/stamp/stamp.jsp?arnumber=7751321","","Etching;Transient analysis;Temperature;Temperature dependence;Potential well;Temperature measurement;Thermal quenching","","","","5","IEEE","24 Nov 2016","22-25 Aug. 2016","22-25 Aug. 2016","IEEE","IEEE Conferences"
"Effect of TiO2 crystal structure on CO2 photoreduction using Au nanoparticles on TiO2 catalyst","Y. Y. Maruo; M. Sasaki; S. Hino; A. Sato","Tohoku Institute of Technology, Sendai, Miyagi, Japan; CO. Ltd., Nipro Medical Industries, Gunma, Japan; Tohoku Institute of Technology; Tohoku Institute of Technology",2016 IEEE 16th International Conference on Nanotechnology (IEEE-NANO),"24 Nov 2016","2016","","","559","562","Two types of gold-supported TiO2 catalysts (anatase and rutile) were prepared using a deposition precipitation method, and their photocatalytic activity towards CO2 reduction was tested in the gas phase using H2O as an electron donor and a xenon lamp as the energy sources. The crystal structures were verified using a scanning electron microscope (SEM) and the loaded Au nano-particles (NPs) had no effect on the surface structure. Fourier transform infrared spectroscopy (FTIR) was used to evaluate the photoreduction products. CO and CH4 were the major products detected in the bare rutile and anatase TiO2, respectively. It was observed that the deposition of Au NPs on the TiO2 catalyst surface (anatase and rutile) quantitatively enhances the reduction of CO2 to methane (major product). Relative CH4 production efficiencies following 2-5 h of irradiation were 5.2 for Au/TiO2 anatase, 5.0 for Au/TiO2 rutile, 1.7 for TiO2 anatase and 1.0 for TiO2 rutile. The CH4/CO production ratios following 2-5 h of irradiation were 18.7 for Au/TiO2 anatase, 3.8 for Au/TiO2 rutile, 6.0 for TiO2 anatase and 1.1 for TiO2 rutile. Based on these results, it can be inferred that CH4 production was enhanced by Au loading independent of the crystal structure of TiO2, and the CH4 production ratio was dependent on the crystal structure of TiO2.","","978-1-5090-1493-4","10.1109/NANO.2016.7751322","","https://ieeexplore.ieee.org/stamp/stamp.jsp?arnumber=7751322","","Radiation effects;Production;Gold;Crystals;Loading;Nanoparticles;Scanning electron microscopy","","","","16","IEEE","24 Nov 2016","22-25 Aug. 2016","22-25 Aug. 2016","IEEE","IEEE Conferences"
"AFM study of 2D resonators based on Diamond-Like-Carbon","S. Thibert; A. Ghis; M. Delaunay","CEA-LETI, MINATEC Campus, Grenoble Cedex; CEA-LETI, MINATEC Campus, Grenoble Cedex; CEA-INAC-PHELIQS, Université Grenoble-Alpes, Grenoble Cedex",2016 IEEE 16th International Conference on Nanotechnology (IEEE-NANO),"24 Nov 2016","2016","","","479","482","This paper focuses on the study of an ultrathin Diamond-Like-Carbon layer acting as the mobile part of 2D microresonators. To overcome the low electrical conductivity of amorphous carbon, DLC is used in combination with few nanometer-thick metal layers to manufacture 15 to 20 nm thick membranes suspended over 0.8 to 2.3 μm wide trenches. After a description of the experimental means performed on these samples, the measurements of resonance frequencies ranging from 30 MHz to 88 MHz are described. Furthermore, the experimental observation of 2D vibration modes is reported, which opens the path for the development of a new kind of devices.","","978-1-5090-1493-4","10.1109/NANO.2016.7751323","","https://ieeexplore.ieee.org/stamp/stamp.jsp?arnumber=7751323","","Resonant frequency;Frequency measurement;Two dimensional displays;Force;Vibrations;Thickness measurement;Spectroscopy","","1","","7","IEEE","24 Nov 2016","22-25 Aug. 2016","22-25 Aug. 2016","IEEE","IEEE Conferences"
"Development of an acetone detection method using 2,4-dinitrophenylhydrazine impregnated porous glass","K. Tachibana; M. Yamamoto; Y. Y. Maruo","Tohoku Institute of Technology, Miyagi, Japan; SANNOHE SHIBAURA ELECTRONICS CO., LTD., Tohoku Institute of Technology; Tohoku Institute of Technology, Miyagi, Japan",2016 IEEE 16th International Conference on Nanotechnology (IEEE-NANO),"24 Nov 2016","2016","","","196","198","Acetone has been attracting attention as a human biogas, and it can be detected in the breath of diabetic patients. Therefore, a method for easily measuring the trace amounts of acetone is essential. By focusing on 2,4-dinitrophenylhydrazine (DNPH), which was used in a detection tube, we tried to detect acetone using a sensor element that was produced by impregnating the reagent into porous glass with a large surface area. Our research illustrated that the absorption peak of acetone-DNPH was shifted to a 14 nm longer wavelength than that of DNPH and showed that its molar absorption coefficient at 363 nm was approximately 1.86 times that of DNPH. Based on these results, we attempted to detect acetone using spectral analyses of the sensor element, and successfully detected acetone from sub-parts per million (ppm) concentrations to 10ppm after an exposure time of 1 h.","","978-1-5090-1493-4","10.1109/NANO.2016.7751324","","https://ieeexplore.ieee.org/stamp/stamp.jsp?arnumber=7751324","","Glass;Absorption;Mathematical model;Diabetes;Atmosphere;Electron tubes;Skin","","2","","17","IEEE","24 Nov 2016","22-25 Aug. 2016","22-25 Aug. 2016","IEEE","IEEE Conferences"
"Etch challenges and evolutions for atomic-order control","M. Honda; T. Katsunuma","Advanced Process Development Laboratory, Tokyo Electron Miyagi Ltd., Miyagi, Japan; Advanced Process Development Laboratory, Tokyo Electron Miyagi Ltd., Miyagi, Japan",2016 IEEE 16th International Conference on Nanotechnology (IEEE-NANO),"24 Nov 2016","2016","","","448","451","We introduce a state-of-the-art self-aligned contact (SAC) process and patterning process developed by new patterning technology using Atomic Layer Etch (ALE) and Atomic Layer Deposition towards 5/7nm generation. SAC process is known to require SiO2 etching capability with ultra-high selectivity to SiN. We developed Quasi-ALE technique to improve the ALE process to make it more suitable for SiO2 Etch. By adopting this technology to the SAC process, conventional trade-offs between fine process control and SiO2 selectivity to SiN in the fine slit pattern is significantly improved. This achievement is enabled by Quasi-ALE's independent controllability of the radical flux and ion flux, which precisely controls the reaction layer thickness on the surface, allowing etch process at lower ion energy region. On the other hand, in the patterning process, CD shrink technique without CD loading is one of the key requirements. By integrating the ALD [1] into the etching flow, we developed a process that can control the CD shrink quantity in the atomic layer level without causing CD loading. This is obtained by utilizing a conformal layer with characteristics of ALD's self-limiting reaction, which is independent of the pattern variety.","","978-1-5090-1493-4","10.1109/NANO.2016.7751325","","https://ieeexplore.ieee.org/stamp/stamp.jsp?arnumber=7751325","","Silicon compounds;Process control;Etching;Ions;Films;Atomic layer deposition","","2","","4","IEEE","24 Nov 2016","22-25 Aug. 2016","22-25 Aug. 2016","IEEE","IEEE Conferences"
"A three-dimensional ZnO nanowires photodetector","C. L. Lu; Y. H. Chen; S. J. Chang; T. J. Hsueh","Department of Electrical Engineering, National Cheng Kung University, Tainan, Taiwan; Department of Electrical Engineering, National Cheng Kung University, Tainan, Taiwan; Department of Electrical Engineering, National Cheng Kung University, Tainan, Taiwan; National Nano Devices Laboratories, Tainan, Taiwan",2016 IEEE 16th International Conference on Nanotechnology (IEEE-NANO),"24 Nov 2016","2016","","","67","69","A ZnO-nanowire photodetector was prepared using three-dimensional through silicon via (TSV) technology. The diameter and depth of the Si via were about 80 μm and 175 μm, respectively. Cu uniformly filled in each TSV, whose average resistance was about 1 mΩ. Upon illumination with UV light (= 330 nm), it was found that measured responsivities is 7.38×10-3 A/W for the 3D TSV ZnO nanowire photodetector biased at 8 V. Furthermore, a rejection ratio of approximately 170 was obtained for the 3D TSV ZnO nanowire photodetector with an applied bias of 8 V.","","978-1-5090-1493-4","10.1109/NANO.2016.7751326","","https://ieeexplore.ieee.org/stamp/stamp.jsp?arnumber=7751326","TSV;ZnO nanowires;photodetectors","Through-silicon vias;Zinc oxide;II-VI semiconductor materials;Photodetectors;Nanowires;Semiconductor device measurement;Current measurement","","","","9","IEEE","24 Nov 2016","22-25 Aug. 2016","22-25 Aug. 2016","IEEE","IEEE Conferences"
"Electrical modeling of copper/carbon nanotubes for 3D integration","M. Rao","Faculty of Electronics System Design, IIIT-Bangalore, Bangalore, India",2016 IEEE 16th International Conference on Nanotechnology (IEEE-NANO),"24 Nov 2016","2016","","","763","766","A model of copper and carbon nanotube (CNT) composite filled in through silicon vias (TSV) is developed to determine the electrical behavior of an emerging 3D interconnect technology. The copper/CNT composite is configured in a TSV structure to enhance electrical and mechanical interconnect properties. The TSVs are fabricated in a deep reactive ion etching process that produces tapered sidewalls which favors the metal filling process. Conductive TSVs are considered as a vertical pathway to integrate multiple chips in a stack, and to reduce interconnect length and wire delay. A realistic TSVs in the form of tapered sidewalls with different top and bottom diameters in the vias are used to study electrical behavior of Cu/CNT interconnects. Current density was investigated for different copper filling ratios, CNT diameters and via profile. Single walled CNTs were modeled to determine electrical behavior of the composite structures. The electrical modeling of Cu/CNT bundles filled in tapered vias will be used as design inputs in the fabrication of 3D interconnects. 3D electrically filled TSVs are considered as modern day electronic wiring scheme to connect devices in different layers. The paper discusses electrical modeling of Cu/CNT composites in tapered vias for high frequency applications.","","978-1-5090-1493-4","10.1109/NANO.2016.7751327","","https://ieeexplore.ieee.org/stamp/stamp.jsp?arnumber=7751327","","Through-silicon vias;Current density;Copper;Integrated circuit interconnections;Electron tubes;Three-dimensional displays;Resistance","","8","","11","IEEE","24 Nov 2016","22-25 Aug. 2016","22-25 Aug. 2016","IEEE","IEEE Conferences"
"Designs of PMC-based non-volatile memory circuits for data restoring","P. Junsangsri; J. Han; F. Lombardi","Department of Electrical and Computer Engineering, Northeastern University, Boston, MA, USA; Department of Electrical and Computer Engineering, University of Alberta, Edmonton, Canada; Department of Electrical and Computer Engineering, Northeastern University, Boston, MA, USA",2016 IEEE 16th International Conference on Nanotechnology (IEEE-NANO),"24 Nov 2016","2016","","","521","524","This paper presents two circuits for implementing the restore operation of a non-volatile (NV) memory cell in which data from a programmable metallization cell (PMC) can be copied (restored) into a static random access memory (SRAM). In the first proposed design, a transmission gate is added to each row of cells of the memory array in which a concurrent error detection (CED) circuit is also present. When a mismatch between the data stored in the SRAM and the PMC is detected, the restore operation starts for a single cell. For the second proposed design, a tri-state inverter is added to control the restore operation. This design requires a larger circuit complexity compared to the first design, but performance is substantially improved; moreover, all cells of a memory array can be simultaneously restored, thus suitable for restarting with power-on. A comparison of these designs with a previous scheme is also pursued; it is shown that the proposed designs improve performance.","","978-1-5090-1493-4","10.1109/NANO.2016.7751328","","https://ieeexplore.ieee.org/stamp/stamp.jsp?arnumber=7751328","","Random access memory;Nonvolatile memory;Resistance;Arrays;Logic gates;Inverters;CMOS technology","","2","","15","IEEE","24 Nov 2016","22-25 Aug. 2016","22-25 Aug. 2016","IEEE","IEEE Conferences"
"A non-volatile low-power TCAM design using racetrack memories","P. Junsangsri; J. Han; F. Lombardi","Department of Electrical and Computer Engineering, Northeastern University, Boston, MA, USA; Department of Electrical and Computer Engineering, University of Alberta, Edmonton, Canada; Department of Electrical and Computer Engineering, Northeastern University, Boston, MA, USA",2016 IEEE 16th International Conference on Nanotechnology (IEEE-NANO),"24 Nov 2016","2016","","","525","528","This paper proposes a design of a Ternary Content Addressable Memory (TCAM) cell using racetrack memories (RMs) for non-volatile operation. Four RMs are utilized as storage elements and CMOS transistors are used as control elements for executing the write and search operations. The search operation of the TCAM cell utilizes novel circuits to read the RMs and compare data at cell and array levels. A simulation-based analysis shows that this cell has a high critical charge (so tolerant to a single event upset, SEU) and operates at a low CMOS feature size; the analysis is pursued at cell and array levels. A comparison with other non-volatile TCAM cells shows that the write/search delays and the read operating voltage of the proposed RM-based TCAM cell are superior to PCM (Phase Change Memory) and NAND Flash based TCAM cells.","","978-1-5090-1493-4","10.1109/NANO.2016.7751329","","https://ieeexplore.ieee.org/stamp/stamp.jsp?arnumber=7751329","","Delays;Nonvolatile memory;Power dissipation;Magnetic domain walls;Magnetic domains;Magnetic tunneling;Magnetic heads","","2","","17","IEEE","24 Nov 2016","22-25 Aug. 2016","22-25 Aug. 2016","IEEE","IEEE Conferences"
"The influence of the thickness of nanographitic coatings fabricated by electrophoretic deposition on ethanol electro-oxidation","A. A. Daryakenari; D. Hosseini; A. Apostoluk; C. R. Müller; J. -J. Delaunay","School of Engineering, University of Tokyo, Tokyo, Japan; Department of Mechanical and Process Engineering, Laboratory of Energy Science and Engineering, Zurich, Switzerland; School of Engineering, University of Tokyo; Department of Mechanical and Process Engineering, Laboratory of Energy Science and Engineering, Zurich, Switzerland; School of Engineering, University of Tokyo, Tokyo, Japan",2016 IEEE 16th International Conference on Nanotechnology (IEEE-NANO),"24 Nov 2016","2016","","","354","356","The catalyst support layer is fabricated by applying a DC electrophoretic deposition on a colloid consisting of dispersed nanographitic flakes along with magnesium ions in isopropyl alcohol. The thickness and conductivity of the deposited layers are controlled by varying the time of the voltage application in the electrophoretic deposition EPD technique. The catalyst supports are decorated by sputtering palladium nanostructures serving as the catalyst. The fabricated support layer with the optimum thickness exhibits an improved conductivity and electro-oxidation performance attaining 800 mA/cm2 per mg of palladium.","","978-1-5090-1493-4","10.1109/NANO.2016.7751330","","https://ieeexplore.ieee.org/stamp/stamp.jsp?arnumber=7751330","","Ethanol;Indium tin oxide;Palladium;Nanostructures;Coatings;X-ray scattering;Graphene","","","","10","IEEE","24 Nov 2016","22-25 Aug. 2016","22-25 Aug. 2016","IEEE","IEEE Conferences"
"Ultrahigh-density self-assembled quantum dots of InGaAs and suppression of optical state-filling effect","M. Urabe; K. Takeishi; K. Itabashi; J. Takayama; S. Chen; A. Murayama","Graduate School of Information Science and Technology, Hokkaido University, Sapporo, Hokkaido, Japan; Graduate School of Information Science and Technology, Hokkaido University, Sapporo, Hokkaido, Japan; Graduate School of Information Science and Technology, Hokkaido University, Sapporo, Hokkaido, Japan; Graduate School of Information Science and Technology, Hokkaido University, Sapporo, Hokkaido, Japan; Graduate School of Information Science and Technology, Hokkaido University, Sapporo, Hokkaido, Japan; Graduate School of Information Science and Technology, Hokkaido University, Sapporo, Hokkaido, Japan",2016 IEEE 16th International Conference on Nanotechnology (IEEE-NANO),"24 Nov 2016","2016","","","638","639","We have grown ultrahigh-density self-assembled quantum dots (QDs) of InGaAs with sheet densities up to 2.5×1011 cm-2 and lateral diameters down to 10 nm, where the dot density increases with increasing As pressure during dot growth under optimum growth conditions. A ground-state photoluminescence (PL) spectrum shows a spectral width of 47 meV for the highest-density sample. Optical excitation-density dependences of the PL intensity and time profile are studied. The PL intensity from QD excited states increases with increasing excitation power, originating from a state-filling effect in QDs, which is directly confirmed by a plateau-like behavior on the PL decay curve. We find that the filling effect is significantly suppressed in the above ultrahigh-density dot ensemble, which suggests potential applications to superior energy-saving lasing and spin-functional optical devices.","","978-1-5090-1493-4","10.1109/NANO.2016.7751331","","https://ieeexplore.ieee.org/stamp/stamp.jsp?arnumber=7751331","","Filling;Spin polarized transport;Indium gallium arsenide;Optical devices;Transient analysis;Photonics;Self-assembly","","","","4","IEEE","24 Nov 2016","22-25 Aug. 2016","22-25 Aug. 2016","IEEE","IEEE Conferences"
"Enhancement of carbon dioxide sensitivity by silver additive and nanorod structure","F. -R. Juang; Y. -C. Li; M. -Y. Tsai; W. -C. Sung","Department of Electrical Engineering, National Sun Yat-sen University, Kaohsiung, Taiwan; Department of Electrical Engineering, National Sun Yat-sen University, Kaohsiung, Taiwan; Department of Electrical Engineering, National Sun Yat-sen University, Kaohsiung, Taiwan; Department of Electrical Engineering, National Sun Yat-sen University, Kaohsiung, Taiwan",2016 IEEE 16th International Conference on Nanotechnology (IEEE-NANO),"24 Nov 2016","2016","","","199","201","The Pd/SnO2/Al2O3/CuO/Ag/SnO2/Al2O3/CuO/p-Si/Al tandem p-i-n diodes with nanorod structure and addition of silver interconnecting metal layer were studied. The added interconnecting metal layer influences the material characteristics and leads the developed device to have a high relative sensitivity ratio of ~2185% to 3000 ppm CO2 ambient gas. The response time of 20 sec is also fast. Thus, it has a potential for high performance CO2 sensing applications.","","978-1-5090-1493-4","10.1109/NANO.2016.7751332","","https://ieeexplore.ieee.org/stamp/stamp.jsp?arnumber=7751332","","Substrates;Silicon;P-i-n diodes;Sensors;Three-dimensional displays;Sensitivity;Metals","","1","","2","IEEE","24 Nov 2016","22-25 Aug. 2016","22-25 Aug. 2016","IEEE","IEEE Conferences"
"Investigation the plating and wetting ability of reactive sputtered Molybdenum-Tungsten multi-layers for advanced Cu metallization","T. -C. Kuo; T. -L. Shih; Y. -H. Su; W. -H. Lee; W. -H. Liao","Department of Electrical Engineering, National Cheng Kung University, Tainan, Taiwan R.O.C.; Department of Electrical Engineering, National Cheng Kung University, Tainan, Taiwan R.O.C.; Department of Electrical Engineering, National Cheng Kung University, Tainan, Taiwan R.O.C.; Department of Electrical Engineering, National Cheng Kung University, Tainan, Taiwan R.O.C.; Department of Electrical Engineering, National Cheng Kung University, Tainan, Taiwan R.O.C.",2016 IEEE 16th International Conference on Nanotechnology (IEEE-NANO),"24 Nov 2016","2016","","","703","705","Molybdenum-Tungsten (MoxW) alloy films were deposited on SiO2 substrates by reactive sputtering. Direct electroplating Cu on Molybdenum-Tungsten alloy films and annealing in N2 were carried out. In this study, the effect of electroplating time and annealing temperature on the structural, plating and wetting ability of Molybdenum-Tungsten alloy films was investigated. The films were characterized by X-ray photoelectron spectroscopy (XPS) and scanning electron microscope (SEM). The results show that Cu can be directly electroplated on Molybdenum-Tungsten alloy films with uniform nucleation. After annealing, de-wetting behavior of Molybdenum-Tungsten alloy films are shown to be better than Ta even up to 500°C.","","978-1-5090-1493-4","10.1109/NANO.2016.7751333","","https://ieeexplore.ieee.org/stamp/stamp.jsp?arnumber=7751333","Mo;MoW alloy;wetting ability;plating ability","Films;Metals;Annealing;Substrates;Plating;Surface morphology;Radio frequency","","","","6","IEEE","24 Nov 2016","22-25 Aug. 2016","22-25 Aug. 2016","IEEE","IEEE Conferences"
"Molecular wire for quantum biomimetic electronic nose","A. Patil; D. Saha; S. Ganguly","Department of Electrical Engineering, Indian Institute of Technology Bombay, India; Department of Electrical Engineering, Indian Institute of Technology Bombay, India; Department of Electrical Engineering, Indian Institute of Technology Bombay, India",2016 IEEE 16th International Conference on Nanotechnology (IEEE-NANO),"24 Nov 2016","2016","","","12","14","We study the molecular wire connected to leads as the fundamental unit of a quantum biomimetic electronic nose - a chemical sensor inspired by the vibration theory of olfaction. This is based upon inelastic tunneling transport in the molecular wire, which is treated using the Non-Equilibrium Green Function within the self-consistent Born approximation.","","978-1-5090-1493-4","10.1109/NANO.2016.7751334","","https://ieeexplore.ieee.org/stamp/stamp.jsp?arnumber=7751334","","Wires;Phonons;Tunneling;Lead;Temperature sensors;Electronic noses","","1","","6","IEEE","24 Nov 2016","22-25 Aug. 2016","22-25 Aug. 2016","IEEE","IEEE Conferences"
"Quantum biomimetic modeling of magnetic field sensing using diamond NV− centers","V. S. Poonia; D. Saha; S. Ganguly","Department of Electrical Engineering, Indian Institute of Technology Bombay, Mumbai, India; Department of Electrical Engineering, Indian Institute of Technology Bombay, Mumbai, India; Department of Electrical Engineering, Indian Institute of Technology Bombay, Mumbai, India",2016 IEEE 16th International Conference on Nanotechnology (IEEE-NANO),"24 Nov 2016","2016","","","987","989","A modeling framework, previously applied to magnetic field sensing in a quantum biological system, is extended here to study the optical and spin dynamics of the diamond nitrogen-vacancy (NV-) center. This points the way towards diamond-based precision magnetometry.","","978-1-5090-1493-4","10.1109/NANO.2016.7751335","","https://ieeexplore.ieee.org/stamp/stamp.jsp?arnumber=7751335","Diamond NV− center;spin dynamics;magnetometry","Diamond;Magnetometers;Mathematical model;Stationary state;Sociology;Statistics;Compass","","1","","7","IEEE","24 Nov 2016","22-25 Aug. 2016","22-25 Aug. 2016","IEEE","IEEE Conferences"
"Novel III-N heterostructure devices for low-power logic and more","P. Fay; W. Li; L. Cao; K. Pourang; S. M. Islam; C. Lund; S. Saima; H. Ilatikhameneh; T. Amin; J. Huang; R. Rahman; D. Jena; S. Keller; G. Klimeck","Dept. of Electrical Engineering, Univ. of Notre Dame, Notre Dame, IN, USA; Dept. of Electrical Engineering, Univ. of Notre Dame, Notre Dame, IN, USA; Dept. of Electrical Engineering, Univ. of Notre Dame, Notre Dame, IN, USA; Dept. of Electrical Engineering, Univ. of Notre Dame, Notre Dame, IN, USA; Dept. of Electrical and Computer Engineering and Dept. of Material Science Engineering, Cornell University, Ithaca, NY, USA; Univ. of California Santa Barbara, Santa Barbara, CA, USA; Dept. of Electrical and Computer Engineering, Purdue University, West Lafayette, IN, USA; Dept. of Electrical and Computer Engineering, Purdue University, West Lafayette, IN, USA; Dept. of Electrical and Computer Engineering, Purdue University, West Lafayette, IN, USA; Dept. of Electrical and Computer Engineering, Purdue University, West Lafayette, IN, USA; Dept. of Electrical and Computer Engineering, Purdue University, West Lafayette, IN, USA; Dept. of Electrical and Computer Engineering and Dept. of Material Science Engineering, Cornell University, Ithaca, NY, USA; Univ. of California Santa Barbara, Santa Barbara, CA, USA; Dept. of Electrical and Computer Engineering, Purdue University, West Lafayette, IN, USA",2016 IEEE 16th International Conference on Nanotechnology (IEEE-NANO),"24 Nov 2016","2016","","","767","769","Future ultra-scaled logic and low-power systems require fundamental advances in semiconductor device technology. Due to power constraints, device concepts capable of achieving switching slopes (SS) steeper than 60 mV/decade are essential if scaling of conventional computational architectures is to continue. Likewise, ultra low power systems also benefit from devices capable of maintaining performance under low-voltage operation. Towards this end, tunneling field effect transistors (TFETs) are one promising alternative. While much work has been devoted to realizing TFETs in Si, Ge, and narrow-gap III-V materials, the use of III-N heterostructures and the exploitation of polarization engineering offers some unique opportunities. From physics-based simulations, performance of GaN/InGaN/GaN heterostructure TFETs appear capable of delivering average SS approaching 20 mV/decade over 4 decades of drain current, and on-current densities exceeding 100 μA/μm in aggressively scaled nanowire configurations. Experimental progress towards realizing III-N based TFETs includes demonstration of GaN/InGaN/GaN backward tunnel diodes by both MOCVD and MBE, and nanowires grown selectively by MBE and used as the basis for device fabrication.","","978-1-5090-1493-4","10.1109/NANO.2016.7751336","","https://ieeexplore.ieee.org/stamp/stamp.jsp?arnumber=7751336","","TFETs;Tunneling;Performance evaluation;Computational modeling;Fabrication;Gallium nitride","","4","","16","IEEE","24 Nov 2016","22-25 Aug. 2016","22-25 Aug. 2016","IEEE","IEEE Conferences"
"Influence of micro-scale substrate curvature on subcellular behaviors of vascular cells","B. Sun; R. H. W. Lam","Department of Mechanical and Biomedical Engineering, City University of Hong Kong, Hong Kong, China; Department of Mechanical and Biomedical Engineering, City University of Hong Kong, Hong Kong, China",2016 IEEE 16th International Conference on Nanotechnology (IEEE-NANO),"24 Nov 2016","2016","","","339","342","Physiological characteristics of cells are affected by the extra-cellular matrix (ECM). Previous research have demonstrated that both biophysical and biochemical properties of ECM can determine cell behaviors such as cell spreading and morphology. Current studies on the biophysical factors have been largely related to the substrate rigidity and nano-roughness, yet how the three-dimensional (3D) micro-curvature affects cell behaviors remains elusive. In this work, we apply microfabrication and micro-contact printing technologies to develop arrays of ECM-coated micro-wells and micro-grooves with different substrate radii of curvature as a high-throughput, generic assay for characterizing different cell properties. The results show that the single third-dimension curvature factor could limit cell spreading and induce different cell morphologies compared with those on planar surface. Importantly, we discover for the first time that a part of vascular smooth muscle cells (VSMCs) stretch across the substrates (as the `freestanding' behavior) while all endothelial cells conform to the substrate curvature. By immunofluorescence staining, we revealed that the freestanding behavior in curved substrates is related with actomyosin. It has been known that cell behavior is the reflection of cell response to ECM via various ways including mechanotrasduction. The further study the influence of micro-curvature on subcellular cytoskeletons, for instance the contractile system (actomyosin), will help explore their roles in cell communications with ECM, especially the freestanding behavior, and provide important insights for successful 3D culture and the 3D mechanotransductive responses.","","978-1-5090-1493-4","10.1109/NANO.2016.7751337","","https://ieeexplore.ieee.org/stamp/stamp.jsp?arnumber=7751337","","Substrates;Three-dimensional displays;Surface morphology;Adhesives;Electronic countermeasures;Morphology;Immune system","","3","","20","IEEE","24 Nov 2016","22-25 Aug. 2016","22-25 Aug. 2016","IEEE","IEEE Conferences"
"Grain size and plasma doping effects on CVD-based 2D transition metal dichalcogenide","C. -P. Lin; C. -T. Lin; P. -S. Liu; M. -J. Yu; T. -H. Hou","Department of Electronics Engineering and Institute of Electronics, National Chiao Tung University, Hsinchu, Taiwan; Department of Electronics Engineering and Institute of Electronics, National Chiao Tung University, Hsinchu, Taiwan; Department of Electronics Engineering and Institute of Electronics, National Chiao Tung University, Hsinchu, Taiwan; Department of Electronics Engineering and Institute of Electronics, National Chiao Tung University, Hsinchu, Taiwan; Department of Electronics Engineering and Institute of Electronics, National Chiao Tung University, Hsinchu, Taiwan",2016 IEEE 16th International Conference on Nanotechnology (IEEE-NANO),"24 Nov 2016","2016","","","501","504","Transition metal dichalcogenide (TMD)-based field effect transistors are currently being actively researched as a post-silicon solution for integrated circuits. This paper discusses two of the major challenges: grain size in polycrystalline TMD monolayer films and chemical doping to improve TMD/metal contacts. The characterization techniques and the correlation with device electrical characteristics are investigated.","","978-1-5090-1493-4","10.1109/NANO.2016.7751338","","https://ieeexplore.ieee.org/stamp/stamp.jsp?arnumber=7751338","","Molybdenum;Sulfur;Plasmas;Grain size;Doping;Films;Transistors","","2","","21","IEEE","24 Nov 2016","22-25 Aug. 2016","22-25 Aug. 2016","IEEE","IEEE Conferences"
"High-efficiency vertical-type InGaN/GaN multiple quantum well solar cells using aluminum reflectors","Z. -W. Zheng; M. -H. Lai; L. -Y. Ying; B. -P. Zhang","Department of Electronic Engineering, Xiamen University, Xiamen, China; Department of Electronic Engineering, Xiamen University, Xiamen, China; Department of Electronic Engineering, Xiamen University, Xiamen, China; Department of Electronic Engineering, Xiamen University, Xiamen, China",2016 IEEE 16th International Conference on Nanotechnology (IEEE-NANO),"24 Nov 2016","2016","","","91","93","We demonstrated InGaN/GaN multiple quantum well (MQW) solar cells with vertical structure using aluminum (Al) reflectors in this study. The Al reflectors at the bottom of the solar cells can reflect large amount of photons back into the absorber layer, which greatly enhanced the photovoltaic properties of the MQW solar cells. These solar cell devices exhibit excellent performances, including an open-circuit voltage of 1.9 V, a short-circuit current density of 1.6 mA/cm2 with a fill factor of 74.6%. The conversion and external quantum efficiencies of the solar cell were 2.3% and 41.4%, respectively. The extremely high conversion efficiency of the vertical-type solar cell device shows high potential for future photovoltaic applications.","","978-1-5090-1493-4","10.1109/NANO.2016.7751339","","https://ieeexplore.ieee.org/stamp/stamp.jsp?arnumber=7751339","","Photovoltaic cells;Quantum well devices;Photovoltaic systems;Temperature measurement;Absorption;Substrates","","1","","10","IEEE","24 Nov 2016","22-25 Aug. 2016","22-25 Aug. 2016","IEEE","IEEE Conferences"
"Growth of ∼3-nm ZnO nano-islands using Atomic Layer Deposition","N. El-Atab; F. I. Chowdhury; T. G. Ulusoy; A. Ghobadi; A. Nazirzadeh; A. K. Okyay; A. Nayfeh","Department of Electrical Engineering and Computer Science (EECS), Masdar Institute of Science and Technology, Abu Dhabi, United Arab Emirates; Department of Electrical Engineering and Computer Science (EECS), Masdar Institute of Science and Technology, Abu Dhabi, United Arab Emirates; UNAM-National Nanotechnology Research Center, Bilkent University, Ankara; Department of Electrical and Electronics Engineering, Bilkent University, Ankara, Turkey; Department of Electrical and Electronics Engineering, Bilkent University, Ankara, Turkey; Department of Electrical and Electronics Engineering, Bilkent University, Ankara, Turkey; Department of Electrical Engineering and Computer Science (EECS), Masdar Institute of Science and Technology, Abu Dhabi, United Arab Emirates",2016 IEEE 16th International Conference on Nanotechnology (IEEE-NANO),"24 Nov 2016","2016","","","687","689","In this work, the deposition of 3-nm dispersed Zinc-Oxide (ZnO) nanoislands by thermal Atomic Layer Deposition (ALD) is demonstrated. The physical and electronic properties of the islands are studied using Atomic Force Microscopy, UV-Vis-NIR spectroscopy, and X-ray Photoelectron Spectroscopy. The results show that there is quantum confinement in 1D in the nanoislands which is manifested by the increase of the bandgap and the reduction of the electron affinity of the ZnO islands. The results are promising for the fabrication of future electronic and optoelectronic devices by single ALD step.","","978-1-5090-1493-4","10.1109/NANO.2016.7751340","","https://ieeexplore.ieee.org/stamp/stamp.jsp?arnumber=7751340","","Zinc oxide;II-VI semiconductor materials;Photonic band gap;Atomic layer deposition;Potential well;Silicon;Nanoscale devices","","1","","12","IEEE","24 Nov 2016","22-25 Aug. 2016","22-25 Aug. 2016","IEEE","IEEE Conferences"
"Spin injection loss in self-assembled InAs/GaAs quantum dot structures from disordered barrier layers","Y. Huang; Y. Puttisong; I. A. Buyanova; W. M. Chen","Department of Physics, Chemistry and Biology, Linköping University, Linköping, Sweden; Department of Physics, Chemistry and Biology, Linköping University, Linköping, Sweden; Department of Physics, Chemistry and Biology, Linköping University, Linköping, Sweden; Department of Physics, Chemistry and Biology, Linköping University, Linköping, Sweden",2016 IEEE 16th International Conference on Nanotechnology (IEEE-NANO),"24 Nov 2016","2016","","","627","629","Semiconductor quantum dot (QD) structures are considered as promising building block for spintronic applications with the advantage of prolonged spin relaxation time owing to 0D character of confined carriers or excitons. However, feasible application is haunted by severe spin injection loss from its adjacent barrier layers and its mechanism is still not fully understood. Here, we show that exciton spin injection in self-assembled InAs/GaAs QD molecular structures (QMSs) is dominated by localized excitons confined within the QD-like regions of the wetting layer (WL) and GaAs barrier layer surrounding QD structures. The origin of spin injection loss is attribute to finite anisotropic exchange interaction (AEI) of the localized excitons subjected to asymmetric confinement potential in the injection layers. As a result, the AEI of the injected excitons and, thus, the spin injection efficiency is determined to be correlated with the overall geometric symmetry of QMSs, which hold strong influence on the confinement potential of the localized excitons in the surrounding barrier layers. Our results shed light on the microscopic origin of the spin injection loss in QD structures. More importantly, they offer a useful guideline to significantly improve spin injection efficiency by optimizing the lateral arrangement of QMSs and overcome a major challenge in the QD based spintronic device applications.","","978-1-5090-1493-4","10.1109/NANO.2016.7751341","","https://ieeexplore.ieee.org/stamp/stamp.jsp?arnumber=7751341","","Excitons;Spin polarized transport;Gallium arsenide;Polarization;Optical polarization;Strain;Three-dimensional displays","","","","4","IEEE","24 Nov 2016","22-25 Aug. 2016","22-25 Aug. 2016","IEEE","IEEE Conferences"
"Transition metal complex reaction etching with neutral beam and its mechanism investigated by first-principles calculation","T. Kubota; Y. Kikuchi; S. Samukawa","Institute of Fluid Science, Tohoku University, Miyagi, Japan; Taiwa Regional Office, Tokyo Electron Limited, Miyagi, Japan; WPI-AIMR, Tohoku University, Miyagi, Japan",2016 IEEE 16th International Conference on Nanotechnology (IEEE-NANO),"24 Nov 2016","2016","","","937","940","Mechanism of a recently reported new etching method of transition metal using ethanol gas and oxygen and argon neutral beams at low temperature was investigated by first-principles calculation based on density functional theory. Tantalum etching was studied. It was found that adsorption of ethanol on both of tantalum oxide and metallic tantalum. Then “hydrogen movement” reaction can occur by argon neutral beam bombardment, and it weaken chemical bonds at the oxide surface. The etching process is like following: (1) oxidation of metal surface, (2) adsorption of ethanol, and (3) hydrogen movement. Especially, the “hydrogen movement” is the reason why oxidation is needed. Such understanding should be useful to design new etching processes using transition metal complex.","","978-1-5090-1493-4","10.1109/NANO.2016.7751342","","https://ieeexplore.ieee.org/stamp/stamp.jsp?arnumber=7751342","","Tantalum;Ethanol;Etching;Metals;Hydrogen;Argon;Adsorption","","","","19","IEEE","24 Nov 2016","22-25 Aug. 2016","22-25 Aug. 2016","IEEE","IEEE Conferences"
"Electron beam introduced metallic nanowires growth","Z. Chen; Z. Yang; T. Chen; L. Sun; T. Fukuda","Laboratory of Advanced Robotics & Collaborative Innovation Center of Suzhou Nano Science and Technology, Soochow University, Suzhou, China; school of mechatronics engineering, Harbin Institute of Technology, Harbin, China; school of mechatronics engineering, Harbin Institute of Technology, Harbin, China; Laboratory of Advanced Robotics & Collaborative Innovation Center of Suzhou Nano Science and Technology, Soochow University, Suzhou, China; Department of Micro-Nano Systems Engineering, Nagoya University, Nagoya, Japan",2016 IEEE 16th International Conference on Nanotechnology (IEEE-NANO),"24 Nov 2016","2016","","","26","29","This paper presented a method of growing metallic nanowires by using electron beam technology under scanning electron microscopy (SEM). The metallic nanoparticles were dispersed evenly on Indium-Tin Oxide (ITO) by the spin coater. The ITO sample was experimentally prepared by the spin coating technique. The electron beam was focused on a metallic nano particle inside SEM, which were dispersed on the ITO. The growth of metallic nanowires was controlled by the movement of the electron beam. The method this paper presented can be employed for different kinds of metallic and can be used to fabricate metallic nanowires with different length.","","978-1-5090-1493-4","10.1109/NANO.2016.7751343","","https://ieeexplore.ieee.org/stamp/stamp.jsp?arnumber=7751343","Electron Beam;Nanowire Growth;Nano Manipulation","Nanowires;Electron beams;Nanoparticles;Nanobioscience;Nanoscale devices;Copper;Indium tin oxide","","","","18","IEEE","24 Nov 2016","22-25 Aug. 2016","22-25 Aug. 2016","IEEE","IEEE Conferences"
"Piezoelectricity of Portland cement hydrates cured under the influence of electric field","Y. L. Yaphary; S. Hu; D. Lau; R. H. W. Lam","Department of Mechanical and Biomedical Engineering, City University of Hong Kong, Hong Kong, China; Department of Mechanical and Biomedical Engineering, City University of Hong Kong, Hong Kong, China; Department of Mechanical and Biomedical Engineering, City University of Hong Kong, Hong Kong, China; Department of Architecture and Civil Engineering, City University of Hong Kong, Hong Kong, China",2016 IEEE 16th International Conference on Nanotechnology (IEEE-NANO),"24 Nov 2016","2016","","","911","914","Improvements on functions of construction materials through modifications of material properties from the nano-scale are major concerns in modern civil buildings and infrastructures nowadays. Portland cement (PC) hydrates are the massively applied construction materials, whose new usages have caught the continuously growing interests of current researchers. Though mechanically very robust with feasibility for massive application, PC hydrates have relatively lower piezoelectricity, meaning that constructional mechanical characteristics, such as vibrations and crack locations, cannot be easily detected by the associated piezoelectric signals. The limited piezoelectricity and the difficulty of embedding sensor networks over the entire civil structures induce great technical hurdles for the functional building material applications. Here, we report a novel technique for improving the piezoelectricity of PC hydrates, by applying the polarization process throughout curing of hydrated PC under the influence of an electric field. This technique is based on regulating displacements and reorientations of molecules under the nano-scale interactions between different charged elements consisted in PC hydrates. Results from AFM investigation show the polarized PC hydrates have the relatively more aligned morphology orientation at nano-scale. PC hydrates cured under an electric field has shown with an improved sensitivity of the generated electrical potential under mechanical loading. Our results indicate that the polarized PC hydrates shows improved piezoelectric properties, enabling potential civil applications of the polarized PC hydrates such as structural health monitoring and mechanical energy recycling.","","978-1-5090-1493-4","10.1109/NANO.2016.7751344","","https://ieeexplore.ieee.org/stamp/stamp.jsp?arnumber=7751344","","Piezoelectricity;Concrete;Microscopy;Electric fields;Curing;Morphology;Electric potential","","8","","29","IEEE","24 Nov 2016","22-25 Aug. 2016","22-25 Aug. 2016","IEEE","IEEE Conferences"
"Synthesis and evaluation of fluorinated nano diamond for application of polymer composite","A. Yao; I. Mori","Central Glass Co. Ltd, Ube-city, Japan; Central Glass Co. Ltd, Ube-city, Japan",2016 IEEE 16th International Conference on Nanotechnology (IEEE-NANO),"24 Nov 2016","2016","","","608","611","This paper reports on the preparation and evaluation of fluorinated nano diamond (FND) for application of polymer composite. The fluorination of the nano diamond (ND) not only removes the impurities carbon layers of ND surface but also improves the solvent dispersibility of ND. ND and FND were successfully fabricated by composite of epoxy resin. Especially, FND was well-dispersed in the epoxy matrix due to its good solvent dispersibility of FND. The measured thermal conductivity of the ND/epoxy composite and FND/epoxy composite were 0.38W/mK at ND-1wt.% and 0.41W/mK at FND-5wt.%, respectively. High electrical insulation and thermal conductivity of FND/epoxy composites are promising for an application of the electrical package field.","","978-1-5090-1493-4","10.1109/NANO.2016.7751345","","https://ieeexplore.ieee.org/stamp/stamp.jsp?arnumber=7751345","","Diamond;Aggregates;Thermal conductivity;Conductivity;Dispersion;Carbon;Solvents","","1","","14","IEEE","24 Nov 2016","22-25 Aug. 2016","22-25 Aug. 2016","IEEE","IEEE Conferences"
"Release agent-free low-cost double transfer nanoimprint lithography for moth-eye structure","Y. Hashimoto; K. Mogi; T. Yamamoto","Department of Mechanical and Control Engineering, Tokyo Institute of Technology, Tokyo, Japan; Department of Mechanical and Control Engineering, Tokyo Institute of Technology, Tokyo, Japan; Department of Mechanical and Control Engineering, Tokyo Institute of Technology, Tokyo, Japan",2016 IEEE 16th International Conference on Nanotechnology (IEEE-NANO),"24 Nov 2016","2016","","","318","320","Glass is one of the essential materials for optical devices due to its transparency. It usually loses about 4% of energy of an incident light at its interface. In order to suppress its reflection, moth-eye structure, which is the nanoscale tapered pillar array, has a remarkable anti-reflection performance. In its fabrication method, nanoimprint lithography has been paid attention due to the availability for large area. However, there are some technological problems such as labor-intensive process and deterioration of the mold's shape happened in surface treatment of release agent to fabricate moth-eye. In order to overcome these problems, we try to use polydimethylsiloxane (PDMS) as the mold due to ease of replication by its low surface energy, and apply to NIL method to fabricate moth-eye structure. As a result, we succeeded to fabricate the moth-eye structure on a glass by this process and raise its transparency from 92% to 96% at visible light range.","","978-1-5090-1493-4","10.1109/NANO.2016.7751346","","https://ieeexplore.ieee.org/stamp/stamp.jsp?arnumber=7751346","","Fabrication;Glass;Silicon;Substrates;Nanoscale devices;Surface treatment;Nanolithography","","1","","8","IEEE","24 Nov 2016","22-25 Aug. 2016","22-25 Aug. 2016","IEEE","IEEE Conferences"
"Photoluminescence emission from as-etched quantum nanodisks fabricated by bio-template and neutral beam etching process","D. Ohori; K. Kondo; K. Sakai; A. Higo; C. Thomas; S. Samukawa; T. Ikari; A. Fukuyama","Miyazaki Daigaku, Miyazaki, JP; University of Miyazaki, Miyazaki, JAPAN; University of Miyazaki, Miyazaki, JAPAN; University of Miyazaki, Miyazaki, JAPAN; University of Miyazaki, Miyazaki, JAPAN; Tohoku University, Sendai, JAPAN; University of Miyazaki, Miyazaki, JAPAN; University of Miyazaki, Miyazaki, JAPAN",2016 IEEE 16th International Conference on Nanotechnology (IEEE-NANO),"24 Nov 2016","2016","","","321","322","Quantum dot laser diodes are expected to replace conventional semiconductor laser diodes in new high-speed information and communication devices. We successfully fabricated disk-shaped quantum dots using a bio-template and neutral beam etching. Our original top-down process achieved defect-less and a high density of dots from etching process compared with conventional plasma processes. Therefore, we attempted to detect emission from the quantum energy levels in the quantum nanodisks (QNDs) for as-etched sample without post-fabrication process. We prepared 4-stacked GaAs/AlGaAs layer QNDs samples after etching (as-etched) and after regrowth. QNDs samples were investigated by photoluminescence (PL) measurements. Results showed some broad peaks appearing between the bandgaps of GaAs and AlGaAs. We compared our experimental results with energies theoretically estimated energies using a nextnano 3D simulator with QND different diameters. For both type of samples, we found that QND diameters increased from top to bottom. From PL measurement, we observed emission from QNDs for as-etched samples fabricated using our own original top-down process.","","978-1-5090-1493-4","10.1109/NANO.2016.7751347","","https://ieeexplore.ieee.org/stamp/stamp.jsp?arnumber=7751347","","Etching;Quantum well devices;Laser beams;Photoluminescence;Semiconductor device measurement;Measurement by laser beam;Quantum dot lasers","","","","7","IEEE","24 Nov 2016","22-25 Aug. 2016","22-25 Aug. 2016","IEEE","IEEE Conferences"
"High aspect silicon structures using metal assisted chemical etching","N. V. Toan; M. Toda; T. Ono","Microsystem Integration Center (µSIC), Tohoku University, Sendai, Japan; School of Engineering, Tohoku University, Sendai, Japan; School of Engineering, Tohoku University, Sendai, Japan",2016 IEEE 16th International Conference on Nanotechnology (IEEE-NANO),"24 Nov 2016","2016","","","720","723","This work reports on metal assisted chemical etching (MACE) for high aspect silicon structures. Ultra-high aspect trenches and pillars of 400 and 80, respectively, have been achieved by MACE. Additionally, a cantilever fabrication based on above pillars is demonstrated by using assembly technology. The pillars are assembled onto glass substrate and fixed by conductive glue. The fabricated cantilever shows a resonance frequency of 235 kHz and a quality factor of 800.","","978-1-5090-1493-4","10.1109/NANO.2016.7751348","","https://ieeexplore.ieee.org/stamp/stamp.jsp?arnumber=7751348","","Silicon;Etching;Metals;Fabrication;Chemicals;Substrates","","","","11","IEEE","24 Nov 2016","22-25 Aug. 2016","22-25 Aug. 2016","IEEE","IEEE Conferences"
"Nano holes on micro pyramids; broadband optical light trapping in thin wafer based Si (<100 µm) solar cells","H. Sekhar; T. Kubota; Y. Kida; T. Fukuda; K. Tanahashi; H. Takato; M. Kondo; S. Samukawa","Fukushima Renewable Energy Institute, Fukushima Renewable Energy Institute, Koriyama, Japan; Institute of Fluid Science, Tohoku University, Sendai, Japan; Fukushima Renewable Energy Institute, Fukushima Renewable Energy Institute, Koriyama, Japan; Fukushima Renewable Energy Institute, Fukushima Renewable Energy Institute, Koriyama, Japan; Fukushima Renewable Energy Institute, Fukushima Renewable Energy Institute, Koriyama, Japan; Fukushima Renewable Energy Institute, Fukushima Renewable Energy Institute, Koriyama, Japan; Fukushima Renewable Energy Institute, Fukushima Renewable Energy Institute, Koriyama, Japan; Institute of Fluid Science, Tohoku University, Sendai, Japan",2016 IEEE 16th International Conference on Nanotechnology (IEEE-NANO),"24 Nov 2016","2016","","","415","418","Standard lithographic free wet etching process applied to thin (100 μm) p-type 156*156mm2 Czochralski (CZ) silicon to generate random micro pyramids with variable heights from 2 to 5 μm, which leads to reduce the surface reflection upto 10% by scattering. The present study mainly focus on to optimize etching recipe for maskless damage free neutral beam etching (NBE) to drill low aspect ratio nano holes on micro pyramids. This nano holes offers a new way to manipulate light absorption and scattering processes, to reduce the surface reflection down to 4% in broad wavelength length range, is well suits for high performance thin wafer based Si photovoltaics for less consumption of silicon in industrial usage. NBE perform at room temperature with a mixture of sulfur hexafluoride (SF6) and oxygen (O2) with different gas ratios and bias powers. Optimized etching recipe for damage free NBE is as fallows, O2 (65%) is added to a defined SF6 (35%) and when lower bias (Vpp=50 volts) is applied to accelerate the ions in the plasma toward the neutralization plate, which forms low aspect ratio nano structure on micro pyramids with optimal etch depth by neutral particles. Surface morphology of etched profiles and its surface reflections have been investigated by field emission scanning electron microscope (FE-SEM) and spectrophotometer respectively. Nano structures with optimal etch depth of 70-100 nm forms on micro pyramids and reduces its surface reflection in visible and near-IR region (upto 3.5%) compare to their micro pyramid (10%) counterpart. This structures are well suits for next generation high efficiency thin (<;100 μm) wafer based Si solar cells.","","978-1-5090-1493-4","10.1109/NANO.2016.7751349","","https://ieeexplore.ieee.org/stamp/stamp.jsp?arnumber=7751349","","Silicon;Etching;Optical surface waves;Sulfur hexafluoride;Reflection;Surface waves","","3","","14","IEEE","24 Nov 2016","22-25 Aug. 2016","22-25 Aug. 2016","IEEE","IEEE Conferences"
"Synthesis of broad photoluminescence carbon nanodots by femtosecond laser ablation in liquid","V. Nguyen; L. Yan; J. Si","Technical University, Hanoi, Vietnam; Key Laboratory for Physical Electronics and Devices of the Ministry of Education and Shaanxi Key Lab of Information Photonic Technique, Xi'an Jiaotong University, Xi'an, China; Key Laboratory for Physical Electronics and Devices of the Ministry of Education and Shaanxi Key Lab of Information Photonic Technique, Xi'an Jiaotong University, Xi'an, China",2016 IEEE 16th International Conference on Nanotechnology (IEEE-NANO),"24 Nov 2016","2016","","","901","903","Carbon nanodots (C-dots) with broad emissions when excitation wavelength changes in a large region are suitable for a broad range of applications, including optical down-conversion devices, bioimaging, and biosensors by selecting different excitation wavelengths without changing their structure. Herein, C-dots exhibiting broad photoluminescence from blue to green regions with strong excitation-dependence have been synthesized via femtosecond laser ablation in ethylenediamine solution. Detailed characterization showed that abundant surface functional groups, such as C-N, C-H, and C-O have been created on the surface of C-dots, which can efficiently introduce new emission centers on the surface site and result in the broad emissions.","","978-1-5090-1493-4","10.1109/NANO.2016.7751350","","https://ieeexplore.ieee.org/stamp/stamp.jsp?arnumber=7751350","laser ablation;carbon nanodots;nanoparticles;photoluminescence materials","Optical surface waves;Carbon;Laser ablation;Carbon dioxide;Ultrafast optics;Fluorescence;Photoluminescence","","2","","16","IEEE","24 Nov 2016","22-25 Aug. 2016","22-25 Aug. 2016","IEEE","IEEE Conferences"
"Development of nitrogen monoxide sensing element using 2-Phenyl-4,4,5,5-tetramethylimidazoline-3-oxide-1-oxyl impregnated porous glass","S. Hino; Y. Suzuki; Y. Y. Maruo","Tohoku Institute of Technology, Sendai, Japan; Tohoku Institute of Technology, Sendai, Japan; Tohoku Institute of Technology, Sendai, Japan",2016 IEEE 16th International Conference on Nanotechnology (IEEE-NANO),"24 Nov 2016","2016","","","202","205","Nitrogen monoxide (NO) is an important bio-regulatory molecule, and high concentrations of NO are observed in the air exhaled by patients with asthma. Therefore, chemical sensors that can detect NO via a simple method are required. We focused on 2-phenyl-4,4,5,5-tetramethylimidazoline-3-oxide-1-oxyl (PTIO) as a detection reagent. PTIO oxidizes NO to form nitrogen dioxide (NO2) and is used in passive samplers to measure atmospheric nitrogen oxide (NOx) concentrations. We used a porous glass as a substrate and impregnated PTIO into the pores, and evaluated the performance of the sensor element. The sensor showed absorption peaks at 567, 343, and 238 nm. Although the sensor element was stable in a nitrogen atmosphere and in air, it was not stable for light. Moreover, we performed a NO exposure experiment of the sensor element in dark conditions. We observed that the absorbance decreased when the sensor element was exposed to NO gas and that there was a linear relationship between the NO exposure time and the absorbance changes observed at both the 567 and 343 nm absorption peaks. Our results suggest that the sensor element may play both high selectivity and high sensitivity measurement of NO.","","978-1-5090-1493-4","10.1109/NANO.2016.7751351","","https://ieeexplore.ieee.org/stamp/stamp.jsp?arnumber=7751351","","Atmospheric measurements;Nitrogen;Absorption;Atmosphere;Glass;Mathematical model;Substrates","","","","8","IEEE","24 Nov 2016","22-25 Aug. 2016","22-25 Aug. 2016","IEEE","IEEE Conferences"
"Electric-field control of spin states in InGaAs-based coupled nanostructures of quantum dots and well","Y. Akei; J. Takayama; K. Takeishi; K. Itabashi; M. Urabe; A. Murayama","School of Information Science and Technology, Hokkaido University, Sapporo, Hokkaido, Japan; School of Information Science and Technology, Hokkaido University, Sapporo, Hokkaido, Japan; School of Information Science and Technology, Hokkaido University, Sapporo, Hokkaido, Japan; School of Information Science and Technology, Hokkaido University, Sapporo, Hokkaido, Japan; School of Information Science and Technology, Hokkaido University, Sapporo, Hokkaido, Japan; School of Information Science and Technology, Hokkaido University, Sapporo, Hokkaido, Japan",2016 IEEE 16th International Conference on Nanotechnology (IEEE-NANO),"24 Nov 2016","2016","","","640","641","Electric-field control of spin states has been studied in InGaAs-based coupled nanostructures composed of quantum dots (QDs) and wells (QWs), where electron spins optically excited in the QW can be transferred into the QDs via tunneling depending on the strength of applied electric field. The photoluminescence (PL) intensity in the QDs and the circular polarization, reflecting the electron-spin states after the injection, are found to be largely dependent on the electric field. The spin dynamics responsible for the field-dependent PL properties is discussed in terms of the potential-driven spin injection via tunneling and subsequent energy spin relaxation in the QDs.","","978-1-5090-1493-4","10.1109/NANO.2016.7751352","","https://ieeexplore.ieee.org/stamp/stamp.jsp?arnumber=7751352","","Tunneling;Polarization;Gallium arsenide;Nanostructures;Optical polarization;Electric fields;Spin polarized transport","","","","3","IEEE","24 Nov 2016","22-25 Aug. 2016","22-25 Aug. 2016","IEEE","IEEE Conferences"
"Fabrication of high temperature capacitively- and resistively-coupled single electron transistors using gold nanoparticles","H. T. T. Tran; K. Matsumoto; M. Moriya; H. Shimada; Y. Kimura; A. Hirano-Iwata; Y. Mizugaki","University of Electro-Communications, Chofu, Japan; University of Electro-Communications, Chofu, Japan; University of Electro-Communications, Chofu, Japan; University of Electro-Communications, Chofu, Japan; Tokyo University of Technology, Hachioji, Tokyo, Japan; Tohoku University, Sendai, Miyagi, Japan; University of Electro-Communications, Chofu, Japan",2016 IEEE 16th International Conference on Nanotechnology (IEEE-NANO),"24 Nov 2016","2016","","","131","134","We fabricated single electron transistors (SETs) by using gold nanoparticles as their islands. With a simple method of the fabrication, characteristics of capacitively-and resistively-coupled SETs (C-SETs and R-SETs) were achieved at 77 K and room temperature.","","978-1-5090-1493-4","10.1109/NANO.2016.7751353","","https://ieeexplore.ieee.org/stamp/stamp.jsp?arnumber=7751353","","Electrodes;Logic gates;Gold;Temperature;Temperature measurement;Semiconductor device measurement;Fabrication","","5","","9","IEEE","24 Nov 2016","22-25 Aug. 2016","22-25 Aug. 2016","IEEE","IEEE Conferences"
"Novel light trapping structure by alkaline etching using a Ge dot mask for crystalline Si solar cells","A. Hombe; Y. Kurokawa; N. Usami","Graduate School of Engineering, Nagoya University, Nagoya, JAPAN; Graduate School of Engineering, Nagoya University, Nagoya, JAPAN; Graduate School of Engineering, Nagoya University, Nagoya, JAPAN",2016 IEEE 16th International Conference on Nanotechnology (IEEE-NANO),"24 Nov 2016","2016","","","357","360","Novel light trapping structure was fabricated on crystalline silicon wafers by KOH etching using Ge dots as an etching mask. In this method, it is found that the density of Ge dots before etching is important for the density of nanostructure after etching. The depth and density of the nanostructure after etching can be controlled by changing the etching time. Reduction of reflectance was successfully confirmed in the samples with nanostructures. Control of size distribution of the nanostructures is the key to further reduction of the reflectance in the wide range of wavelength.","","978-1-5090-1493-4","10.1109/NANO.2016.7751354","","https://ieeexplore.ieee.org/stamp/stamp.jsp?arnumber=7751354","","Etching;Silicon;Reflectivity;Light trapping;Substrates","","3","","20","IEEE","24 Nov 2016","22-25 Aug. 2016","22-25 Aug. 2016","IEEE","IEEE Conferences"
"Development of non-contact hardness measurements with crater formations by gas cluster ions","N. Toyoda","Graduate school of engineering, University of Hyogo, Himeji, Japan",2016 IEEE 16th International Conference on Nanotechnology (IEEE-NANO),"24 Nov 2016","2016","","","381","382","Crater formations with gas cluster ion beam (GCIB) were used for non-contact hardness measurement of thin films. The crater inner diameter formed with size-selected Ar cluster ions decreased with inverse cube root of film hardness. When the total acceleration energy was the same, cluster size did not affect the crater inner diameter. In addition, high ionization electron voltage (Ve) cause wide distribution of crater depth and diameter due to multiply charged GCIB.","","978-1-5090-1493-4","10.1109/NANO.2016.7751355","","https://ieeexplore.ieee.org/stamp/stamp.jsp?arnumber=7751355","","Films;Ions;Radiation effects;Projectiles;Acceleration;Atomic measurements;Ion beams","","","","3","IEEE","24 Nov 2016","22-25 Aug. 2016","22-25 Aug. 2016","IEEE","IEEE Conferences"
"Thermoelectric properties of inorganic/organic hybrid thin-film with various ZnO nanostructures embedded in PMMA","C. -H. Wang; S. -S. Lo; D. -J. Jan","Department of Photonics, Feng-Chia University, Taichung, Taiwan (R.O.C.); Department of Photonics, Feng-Chia University, Taichung, Taiwan (R.O.C.); Department of Photonics, Feng-Chia University, Taichung, Taiwan (R.O.C.)",2016 IEEE 16th International Conference on Nanotechnology (IEEE-NANO),"24 Nov 2016","2016","","","819","822","We demonstrated a novel inorganic/organic hybrid thin-film nanostructure composed by various ZnO nanostructures (Nanorods, Nanotips and Nanotubes) embedded in PMMA. The ZnO nanorods were growth on the substrate by a hydrothermal process. The ZnO nanotips and nanotubes were transformed from the nanorod via a chemical process. Finally, these ZnO nanostructures were embedded in PMMA. The seedback factor of the structure under different temperature was measured. The thermoelectric properties of the composite were discussed.","","978-1-5090-1493-4","10.1109/NANO.2016.7751356","","https://ieeexplore.ieee.org/stamp/stamp.jsp?arnumber=7751356","","Zinc oxide;II-VI semiconductor materials;Nanotubes;Optical device fabrication;Optical films;X-ray scattering","","2","","22","IEEE","24 Nov 2016","22-25 Aug. 2016","22-25 Aug. 2016","IEEE","IEEE Conferences"
"Novel continuously-tunable memristor based on few-layers black phosphorus/MoS2 heterojunction","H. Li; L. Ye; J. Xu","Chinese University of Hong Kong, New Territories, HK; Chinese University of Hong Kong, New Territories, HK; Department of Electronics Engineering, Chinese University, Hongkong",2016 IEEE 16th International Conference on Nanotechnology (IEEE-NANO),"24 Nov 2016","2016","","","861","864","Memristor, as the fourth circuit element which is both a non-linear and a memory device, has been receiving extensive attention in the past years. Recently, the memristive phenomena observed on single layer MoS2 has attracted scientists attention to the realization of memristor on novel two-dimensional thin film materials. This article presents a novel two-terminal memory device based thin film two-dimensional materials. The black phosphorus/MoS2 heterojunction based device claims a non-constant resistance that can be continuously tuned by the current flux across the devices.","","978-1-5090-1493-4","10.1109/NANO.2016.7751357","","https://ieeexplore.ieee.org/stamp/stamp.jsp?arnumber=7751357","","Switches;Resistance;Nonhomogeneous media;Boron;Tunneling","","2","","34","IEEE","24 Nov 2016","22-25 Aug. 2016","22-25 Aug. 2016","IEEE","IEEE Conferences"
"Pump-probe study of temperature-dependent spin relaxation in GaAs quantum disks fabricated by fully top-down lithography using Bio-templates","T. Kiba; T. Tanaka; A. Higo; C. Thomas; Y. Tamura; S. Samukawa; A. Murayama","Kitami Institute of Technology, Kitami, Hokkaido, Japan; Graduate School of Information Science and Technology, Hokkaido Univ. Kita 14, Kita-ku, Sapporo, Japan; Kitami Institute of Technology, Kitami, Hokkaido, Japan; Kitami Institute of Technology, Kitami, Hokkaido, Japan; Kitami Institute of Technology, Kitami, Hokkaido, Japan; Kitami Institute of Technology, Kitami, Hokkaido, Japan; Kitami Institute of Technology, Kitami, Hokkaido, Japan",2016 IEEE 16th International Conference on Nanotechnology (IEEE-NANO),"24 Nov 2016","2016","","","642","643","Carrier-spin dynamics in GaAs quantum disks (QD) fabricated by top-down lithography using bio-templates were investigated by means of reflection-type spin-resolved pump-probe spectroscopy. The temperature dependence of electron-spin relaxation time (τs) is found to obey τs ∝ T-3 above 100 K, indicating spin-loss in the barrier due to thermal redistribution of the electron between the QDs and barrier.","","978-1-5090-1493-4","10.1109/NANO.2016.7751358","","https://ieeexplore.ieee.org/stamp/stamp.jsp?arnumber=7751358","","Gallium arsenide;Temperature dependence;Spectroscopy;Probes;Mathematical model;Lithography;Charge carrier processes","","","","5","IEEE","24 Nov 2016","22-25 Aug. 2016","22-25 Aug. 2016","IEEE","IEEE Conferences"
"Thermal dry-etching of nickel using oxygen and 1,1,1,5,5,5 - hexafluoro-2,4-pentanedione (Hhfac)","T. Umezaki; I. Gunji; Y. Takeda; I. Mori","Chemical Research Center, Central Glass Co., LTD, Yamaguchi, Japan; Process Development Center, Tokyo Electron., LTD, Hosaka-cho, Nirasaki City, Yamanashi, Japan; Chemical Research Center, Central Glass Co., LTD, Yamaguchi, Japan; Chemical Research Center, Central Glass Co., LTD, Yamaguchi, Japan",2016 IEEE 16th International Conference on Nanotechnology (IEEE-NANO),"24 Nov 2016","2016","","","135","138","A thermal dry-etching process of nickel (Ni) was studied using 1,1,1,5,5,5-hexafluoro-2,4-pentanedione (Hhfac). This process realizes isotropic etching of nickel at high rates without using halogens such as chlorine or fluorine. There are two main reactions in the process; (i) oxidation of nickel by oxygen to form nickel oxide and (ii) subsequent removal of nickel oxide by reaction with Hhfac. Nickel was etched at temperatures as low as 250°C and at rates of up to 500 nm min-1 at 325 °C by simultaneous flow of Hhfac with oxygen under an appropriate flow ratio over a heated substrate. Hhfac etching did not proceed in absence of oxidizer with the metal nickel surface and exposure to the fully oxidized nickel surface. The etching rate increased with substrate temperature and chamber pressure over the range of the parameters studied. This process is expected to apply for removal of the depositions inside the chemical vapor deposition reactor and selective etching of the metal film on the micro devices.","","978-1-5090-1493-4","10.1109/NANO.2016.7751359","","https://ieeexplore.ieee.org/stamp/stamp.jsp?arnumber=7751359","","Nickel;Etching;Inductors;Films;Logic gates","","3","","17","IEEE","24 Nov 2016","22-25 Aug. 2016","22-25 Aug. 2016","IEEE","IEEE Conferences"
"Acousto-optic coupling in phoxonic-plasmonic crystal nanobeam cavities","T. -R. Lin; S. -Y. Chang; C. -Y. Shih; J. -H. Shih; T. -Y. Lu; J. -C. Hsu","Department of Mechanical and Mechatronic Engineering, National Taiwan Ocean University, Keelung, Taiwan; Department of Mechanical and Mechatronic Engineering, National Taiwan Ocean University, Keelung, Taiwan; Institute of Optoelectronic Sciences, National Taiwan Ocean University, Keelung, Taiwan; Department of Mechanical and Mechatronic Engineering, National Taiwan Ocean University, Keelung, Taiwan; Institute of Optoelectronic Sciences, National Taiwan Ocean University, Keelung, Taiwan; Department of Mechanical Engineering, National Yunlin University of Science and Technology, Yunlin, Taiwan",2016 IEEE 16th International Conference on Nanotechnology (IEEE-NANO),"24 Nov 2016","2016","","","94","97","We investigate the enhancement of acousto-optic (AO) coupling using a Ag/GaAs heterogeneous phoxonic crystal nanobeam cavity. Because of the Ag layer, the cavity structure hybridizes surface plasmons and photons, squeezing the optical energy into a smaller region near the GaAs/Ag interface. The photonic cavity modes highly match the phononic cavity modes in space in the cavity. Because of the mode similarity, the AO coupling is stronger at near-infrared wavelengths. We show that the interface effect by the acoustic displacement field dominates the AO coupling enhancement. Small photonic mode volume and high spatial matching between the phononic and photonic cavity modes enhance the photonic resonance wavelength shift by one order of magnitude. The proposed structure enables applications of strong AO and photon-phonon interaction in subwavelength nanostructures.","","978-1-5090-1493-4","10.1109/NANO.2016.7751360","","https://ieeexplore.ieee.org/stamp/stamp.jsp?arnumber=7751360","","Cavity resonators;Photonics;Couplings;Photonic band gap;Crystals;Gallium arsenide","","","","12","IEEE","24 Nov 2016","22-25 Aug. 2016","22-25 Aug. 2016","IEEE","IEEE Conferences"
"Computational study on low friction mechanism of diamond-like carbon induced by oxidation reaction","S. Bai; J. Xu; Y. Higuchi; N. Ozawa; K. Adachi; S. Mori; K. Kurihara; M. Kubo","New Industry Creation Hatchery Center, Tohoku University, Sendai, Japan; Institute for Materials Research, Tohoku University, Sendai, Japan; Institute for Materials Research, Tohoku University, Sendai, Japan; Institute for Materials Research, Tohoku University, Sendai, Japan; Department of Mechanical Systems Engineering, Tohoku University, Sendai, Japan; New Industry Creation Hatchery Center, Tohoku University, Sendai, Japan; New Industry Creation Hatchery Center, Tohoku University, Sendai, Japan; Institute for Materials Research, Tohoku University, Sendai, Japan",2016 IEEE 16th International Conference on Nanotechnology (IEEE-NANO),"24 Nov 2016","2016","","","941","943","Water lubrication has been attracting attention for environment-friendly society due to low CO2 emission. Furthermore, carbon-based materials such as diamond-like carbon (DLC) show the low friction properties in water lubrication due to the oxidation reaction on the surface in pre-sliding. However, the influence of oxidation reactions on low friction mechanism is still unclear. In this study, we clarify the structure change of DLC with the oxidation reaction in the pre-sliding using first-principles calculation, which suggests the low friction mechanism of DLC in water lubrication. The results show the structure change from sp3 carbon (Csp3) to sp2 carbon (Csp2) by the oxidation reaction on the surface. Furthermore, the Csp2 rich surface in water lubrication indicates the smooth sliding. We suggest that the structure change from Csp3 to Csp2 would affect low friction properties of DLC in water lubrication.","","978-1-5090-1493-4","10.1109/NANO.2016.7751361","","https://ieeexplore.ieee.org/stamp/stamp.jsp?arnumber=7751361","","Friction;Films;Diamond;Lubrication;Oxidation;Diamond-like carbon;Water","","1","","17","IEEE","24 Nov 2016","22-25 Aug. 2016","22-25 Aug. 2016","IEEE","IEEE Conferences"
"Structural and gas sensing characteristics of ZnO nanorods grown on different substrates","F. -H. Wang; C. -E. Tsai","Department of Electrical Engineering, National Chung Hsing University, Taichung, Taiwan ROC.; Department of Electrical Engineering, National Chung Hsing University, Taichung, Taiwan ROC.",2016 IEEE 16th International Conference on Nanotechnology (IEEE-NANO),"24 Nov 2016","2016","","","206","209","ZnO nanorod arrays were grown by hydrothermal method on flat glass substrates and patterned sapphire substrates. Different growth times and concentrations of zinc acetate solution were performed for ZnO nanorod growth to investigate the structural and CO gas sensing properties. The highest gas sensing response was obtained with the growth time of 60 min and zinc acetate concentration of 0.03 M for both types of substrates. The sensing responses under different temperature and gas concentration were also measured. The highest responses was 1.85 and 1.75 for the flat glass substrates and the patterned sapphire substrates, respectively, under the temperature of 300 °C and the CO gas concentration of 2000 ppm. The response times of 200 and 110 s were achieved for the flat glass substrates and the patterned sapphire substrates, respectively.","","978-1-5090-1493-4","10.1109/NANO.2016.7751362","","https://ieeexplore.ieee.org/stamp/stamp.jsp?arnumber=7751362","","Conferences;Nanotechnology","","","","9","IEEE","24 Nov 2016","22-25 Aug. 2016","22-25 Aug. 2016","IEEE","IEEE Conferences"
"Optomechanical coupling in photonic-plasmonic nanocavities with acoustic waves","J. -C. Hsu; J. -H. Shih; S. -Y. Chang; C. -H. Lin; T. -R. Lin","Department of Mechanical Engineering, National Yunlin University of Science and Technology, Yunlin, Taiwan; Department of Mechanical and Mechatronic Engineering, National Taiwan Ocean University, Keelung, Taiwan; Department of Mechanical and Mechatronic Engineering, National Taiwan Ocean University, Keelung, Taiwan; Institute of Optoelectronic Sciences, National Taiwan Ocean University, Keelung, Taiwan; Department of Mechanical and Mechatronic Engineering, National Taiwan Ocean University, Keelung, Taiwan",2016 IEEE 16th International Conference on Nanotechnology (IEEE-NANO),"24 Nov 2016","2016","","","98","100","We demonstrate dynamic modulation of a hybrid plasmonic-photonic crystal nanocavity through using monochromatic coherent acoustic phonons formed by ultrahigh-frequency surface acoustic waves to achieve strong optomechanical coupling. As a result, optical resonance wavelength shift and a large modulation bandwidth are shown at telecommunication wavelength for the hybrid nanocavity.","","978-1-5090-1493-4","10.1109/NANO.2016.7751363","","https://ieeexplore.ieee.org/stamp/stamp.jsp?arnumber=7751363","","Air gaps;Surface acoustic waves;Photonics;Cavity resonators;Couplings;Photonic crystals;Optical modulation","","","","7","IEEE","24 Nov 2016","22-25 Aug. 2016","22-25 Aug. 2016","IEEE","IEEE Conferences"
"Nonlinear optical properties of colloidal ZnO-Au nanostructures for optical limiting applications","S. L. Walden; J. F. S. Fernando; E. R. Waclawik; M. P. Shortell; E. A. Jaatinen","Physics and Mechanical Engineering Science and Engineering Faculty, Queensland University of Technology, Brisbane, QLD, Australia; Physics and Mechanical Engineering Science and Engineering Faculty, Queensland University of Technology, Brisbane, QLD, Australia; Physics and Mechanical Engineering Science and Engineering Faculty, Queensland University of Technology, Brisbane, QLD, Australia; Physics and Mechanical Engineering Science and Engineering Faculty, Queensland University of Technology, Brisbane, QLD, Australia; Physics and Mechanical Engineering Science and Engineering Faculty, Queensland University of Technology, Brisbane, QLD, Australia",2016 IEEE 16th International Conference on Nanotechnology (IEEE-NANO),"24 Nov 2016","2016","","","325","328","The nonlinear response of zinc oxide and zinc oxide-gold hybrid colloidal nanostructures to 532 nm nanosecond pulses was investigated. The z-scan technique was used to measure the nonlinear absorption of zinc oxide, zinc-oxide: gold hybrids and mixed colloids of zinc-oxide and gold. Despite similar zinc oxide concentrations, the colloids containing gold nanoparticles displayed stronger intensity dependent nonlinear absorption with optical limiting thresholds for the three samples of 35 J/cm2, 6.1 J/cm2 and 4.1 J/cm2, respectively. Therefore, by combining gold with zinc-oxide to form hybrid nanostructures or by simply mixing gold and zinc-oxide nanostructures together, the optical limiting threshold is reduced which is advantageous for optical limiting applications.","","978-1-5090-1493-4","10.1109/NANO.2016.7751364","","https://ieeexplore.ieee.org/stamp/stamp.jsp?arnumber=7751364","","Nonlinear optics;Gold;Zinc oxide;II-VI semiconductor materials;Biomedical optical imaging;Nanoparticles;Limiting","","","","24","IEEE","24 Nov 2016","22-25 Aug. 2016","22-25 Aug. 2016","IEEE","IEEE Conferences"
"The influence on intensity ratio of peak emission between recombination of free-excitons and deep-defect for ZnO nanostructure evolution from nanorods to nanotubes","W. -H. Tsai; S. -S. Lo","Department of Photonics, Feng-Chia University, Taichung, Taiwan, R.O.C.; Department of Photonics, Feng-Chia University, Taichung, Taiwan, R.O.C.",2016 IEEE 16th International Conference on Nanotechnology (IEEE-NANO),"24 Nov 2016","2016","","","387","389","Zinc oxide (ZnO) nanorods are grown by a hydrothermal method. The morphology was changed from nanorod to nanotube via a well-controlled chemical aqueous etching process with appropriate amount potassium chloride (KCl). SEM analyses show that the ZnO nanorods can be changed to nanotubes when the chemical etching process was adopted with appropriate KCl concentration and etching time. Uniform ZnO nanotube can be achieved formed when the ZnO nanorods were immersed in 4M KCl aqueous with 13 hrs. The luminescence character of nanorods and nanotubes were investigated by the temperature dependence photoluminescence spectra. Two peaks (excitonic peak and deep level emission) were observed in both morphologies. However, the excitonic peak intensity (EI) and defect related emission peak intensity (DI) ratio of ZnO nanotubes increase when the etching time increases. The intensity ratio variation of EI to DI maybe can be attributed to the surface state of ZnO are increased and oxygen defects of ZnO are decreased in the etching process. The potential application of ZnO nanotubes is demonstrated.","","978-1-5090-1493-4","10.1109/NANO.2016.7751365","","https://ieeexplore.ieee.org/stamp/stamp.jsp?arnumber=7751365","","Zinc oxide;II-VI semiconductor materials;Nanotubes;Etching;Physics;Sun;Chemicals","","","5","31","IEEE","24 Nov 2016","22-25 Aug. 2016","22-25 Aug. 2016","IEEE","IEEE Conferences"
"A microfluidic device for single cell isolation from rare samples","C. -F. Yeh; C. -K. He; C. -H. Hsu","Institute of Biomedical Engineering and Nanomedicine, National Health Research Institutes, Miaoli County, Taiwan; Tissue Engineering and Regenerative Medicine, National Chung Hsing University, Taichung, Taiwan; National Health Research Institutes, Zhunan, TW",2016 IEEE 16th International Conference on Nanotechnology (IEEE-NANO),"24 Nov 2016","2016","","","222","223","Increasing evidence has shown that heterogeneity in physiology and pathology have important implications for the treatment of human diseases. Single cell isolation and characterization studies are crucial for unlocking the complex regulation pathways underlying various diseases like cancer. However, to date single cell isolation still faces many challenges, especially in processing rare samples. Here, we present a novel microfluidic array chip for single cell isolation for rare samples. Our design exempts the use of long tubing, thus decreases cell loss from dead volume and allows for more accurate control of flow rate using syringe pumps during the cell capture process. Our data showed that the device significantly improved single cell capture efficiency (~ 60 %) from small numbers of (50-500) cells in a small volume (5-10 μL). The device could be used for isolating single cells from rare samples of clinical specimens, thus potentially benefit disease diagnosis and therapy.","","978-1-5090-1493-4","10.1109/NANO.2016.7751366","","https://ieeexplore.ieee.org/stamp/stamp.jsp?arnumber=7751366","","Microfluidics;Diseases;Limiting;Physiology;Charge carrier processes;Micromanipulators;Microscopy","","","","5","IEEE","24 Nov 2016","22-25 Aug. 2016","22-25 Aug. 2016","IEEE","IEEE Conferences"
"Phonon limited electron mobility calculation of transition metal dichalcogenide monolayer","K. -T. Chen; S. -T. Chang","Department of Electrical Engineering, National Chung Hsing University, Taichung, Taiwan, R.O.C.; National Chung Hsing University, Taichung, TW",2016 IEEE 16th International Conference on Nanotechnology (IEEE-NANO),"24 Nov 2016","2016","","","139","141","Transition-metal dichalcogenide (TMDC) monolayer is a very promising two-dimensional material for future transistor technology. TMDC monolayer, owing to the unique electronic properties of its atomically thin two-dimensional layered structure, can be made into a high-performance MOSFET. In this work, we focus on band structure and carrier mobility calculations for typical TMDC such as WS2 and MoS2. We use the tight-binding (TB) method and modified effective mass approximation (MEMA) to calculate the band structure, density of states, effective mass, and other physical quantities of WS2 and MoS2. Electron mobility using the Kubo-Greenwood formula is calculated based on the TB and MEMA band model, respectively.","","978-1-5090-1493-4","10.1109/NANO.2016.7751367","","https://ieeexplore.ieee.org/stamp/stamp.jsp?arnumber=7751367","","Molybdenum;Sulfur;Scattering;Electron mobility;Transistors;Effective mass;Atomic layer deposition","","1","","3","IEEE","24 Nov 2016","22-25 Aug. 2016","22-25 Aug. 2016","IEEE","IEEE Conferences"
"Two resistive switching behaviors in Ag/SiO2/Pt memristors","D. Liu; H. Cheng; R. Peng; Y. Yin","Science and Technology on Advanced Ceramic Fibers and Composites Laboratory, National University of Defense Technology, Changsha, CO, P. R. China; Science and Technology on Advanced Ceramic Fibers and Composites Laboratory, National University of Defense Technology, Changsha, CO, P. R. China; Science and Technology on Advanced Ceramic Fibers and Composites Laboratory, National University of Defense Technology, Changsha, CO, P. R. China; Science and Technology on Advanced Ceramic Fibers and Composites Laboratory, National University of Defense Technology, Changsha, CO, P. R. China",2016 IEEE 16th International Conference on Nanotechnology (IEEE-NANO),"24 Nov 2016","2016","","","651","654","Ag/SiO2/Pt memristors are fabricated to investigate their resistive switching characteristics. The devices exhibit stable and reversible nonvolatile bipolar resistive switching behavior under DC voltage sweeps with a current compliance (CC) of 1 mA. Moreover, electroforming process is not required in the first I–V cycle, the values of VSET and VRESET are 0.2 V and −0.2 V, respectively. Meanwhile, volatile resistive switching behavior of Ag/SiO2/Pt devices is also obtained under lower CC. The mechanism of two resistive switching behaviors in Ag/SiO2/Pt memristors are analyzed.","","978-1-5090-1493-4","10.1109/NANO.2016.7751368","","https://ieeexplore.ieee.org/stamp/stamp.jsp?arnumber=7751368","","Switches;Memristors;Electrodes;Nonvolatile memory;Resistance;Atomic layer deposition;Sputtering","","7","","15","IEEE","24 Nov 2016","22-25 Aug. 2016","22-25 Aug. 2016","IEEE","IEEE Conferences"
"Effective tuning and application of graphene-based Au nanocomposites as SERS substrates","X. Liang; P. Yin","Key Laboratory of Bio-Inspired Smart Interfacial Science and Technology of Ministry of Education, Beihang University, Beijing, PR China; Key Laboratory of Bio-Inspired Smart Interfacial Science and Technology of Ministry of Education, Beihang University, Beijing, PR China",2016 IEEE 16th International Conference on Nanotechnology (IEEE-NANO),"24 Nov 2016","2016","","","612","615","Graphene-based noble metal nanocomposites have attracted tremendous research interest in the fields of surface-enhanced Raman scattering (SERS) recently. However, efficient utilization as SERS substrates has been impeded by the difficulty of tuning SERS enhancement effects induced from chemical and plasmonic enhancement by different preparation methods of graphene. Herein, three kinds of graphene-based Au hybrid, CVD-G/Au, GO/Au and rGO/Au, which were synthesized by physical sputtering and chemical in-situ crystallization growth methods, were fabricated to evaluate as SERS substrates. Simple methods were developed to enhance the Raman signals effectively by tuning both plasmonic and chemical enhancement, respectively. Besides, the prepared rGO/Au nanocomposites were used as SERS substrates to monitor the process of plasmon-driven surface-catalyzed reaction from 4-nitrobenzenethiol (4-NBT) to p,p'-dimercaptoazobenzene (DMAB). According to systematic comparisons during power- and time-dependent SERS experiments, rGO/Au was demonstrated to be with lower power threshold and higher catalytic efficiency than Au nanoparticles (NPs) toward the reaction, which provide clues to understand the interaction between metal and graphene as well as further study of plasmon-driven chemical reactions for further.","","978-1-5090-1493-4","10.1109/NANO.2016.7751369","","https://ieeexplore.ieee.org/stamp/stamp.jsp?arnumber=7751369","","Gold;Substrates;Chemicals;Graphene;Tuning;Nanocomposites;Plasmons","","","","19","IEEE","24 Nov 2016","22-25 Aug. 2016","22-25 Aug. 2016","IEEE","IEEE Conferences"
"Enhanced dielectric material of multi-functional PVDF/RGO composites","X. -J. Zhang; G. -S. Wang","Technology of Ministry of Education, Beihang University, Beijing, PR China; Technology of Ministry of Education, Beihang University, Beijing, PR China",2016 IEEE 16th International Conference on Nanotechnology (IEEE-NANO),"24 Nov 2016","2016","","","563","565","Polymer-composites based on polyvinylidene fluoride (PVDF) and reduced graphene oxide (RGO) have been fabricated from PVDF/GO membrane by a simple hot-molding technique. Several characterizations such as AFM, XRD, FT-IR and Raman have been employed to confirm thermal reduced process from GO to RGO in the composite. The enhanced dielectric properties were investigated. It turns out that the composites with a low filler loading of 3 wt%, the dielectric constant can reach 3801 (103 Hz).","","978-1-5090-1493-4","10.1109/NANO.2016.7751370","","https://ieeexplore.ieee.org/stamp/stamp.jsp?arnumber=7751370","","Dielectric constant;Graphene;Vibrations;Carbon;Frequency measurement","","","","20","IEEE","24 Nov 2016","22-25 Aug. 2016","22-25 Aug. 2016","IEEE","IEEE Conferences"
"Fabrication of PVD-TiN metal-gate SOI-CMOS integrated circuits using minimal-fab and mega-fab hybrid process","Y. Liu; S. Khumpuang; M. Nagao; T. Matsukawa; S. Hara","National Institute of Advanced Industrial Science and Technology (AIST), Tsukuba, Ibaraki, Japan; National Institute of Advanced Industrial Science and Technology (AIST), Tsukuba, Ibaraki, Japan; National Institute of Advanced Industrial Science and Technology (AIST), Tsukuba, Ibaraki, Japan; National Institute of Advanced Industrial Science and Technology (AIST), Tsukuba, Ibaraki, Japan; National Institute of Advanced Industrial Science and Technology (AIST), Tsukuba, Ibaraki, Japan",2016 IEEE 16th International Conference on Nanotechnology (IEEE-NANO),"24 Nov 2016","2016","","","802","805","The PVD-TiN metal-gate SOI-CMOS integrated circuits including inverters and ring oscillators have successfully been fabricated on a half-inch (100)-oriented SOI wafer using the minimal-fab and mega-fab hybrid process, and their electrical characteristics have systematically been investigated. It was experimentally found that almost an ideal subthreshold slope (SS) of 67 mV/decade and an extremely low leakage current (<;1×10-13 A), and the almost a symmetrical threshold voltage (|Vt|) for P- and N-channel devices due to the midgap work function of the PVD-TiN are obtained in the fabricated SOI-CMOS devices. Moreover, it was confirmed that the fabricated 41-stage ring oscillators show normal operations at different supply voltages and the oscillation frequencies are close to the estimated values by gate capacitances and drive currents. These excellent results indicate that the developed minimal-fab and mega-fab hybrid process is suitable for the fabrication of conventional CMOS integrated circuits.","","978-1-5090-1493-4","10.1109/NANO.2016.7751371","","https://ieeexplore.ieee.org/stamp/stamp.jsp?arnumber=7751371","","MOS devices;Logic gates;Doping;Fabrication;Inverters;Silicon;Lithography","","1","","7","IEEE","24 Nov 2016","22-25 Aug. 2016","22-25 Aug. 2016","IEEE","IEEE Conferences"
"Growth of SnO2 nanosheets on mesoporous SiC nanofibers for enhanced photocatalytic H2 evolution","B. Wang; Y. Wang","Science and Technology on Advanced Ceramic Fibers, National University of Defense Technology, Changsha, P. R. China; Science and Technology on Advanced Ceramic Fibers, National University of Defense Technology, Changsha, P. R. China",2016 IEEE 16th International Conference on Nanotechnology (IEEE-NANO),"24 Nov 2016","2016","","","383","386","Solar-driven photocatalytic water splitting to produce hydrogen (H2) as the future energy has triggered considerable interests. In this paper, we report the growth of ultrathin SnO2 nanosheets (SnO2 NSs) on mesoporous SiC nanofibers (SiC NFs) forming a core-shell hierarchical architecture via a simple hydrothermal method. Without noble metal as co-catalyst, the hydrogen evolution efficiency of SnO2 NSs/SiC NFs is 471.8 μmol g-1 h-1 under simulated solar light, which is 3 times higher than that of pure SnO2 NSs. The hierarchical architecture and synergetic effect of the SnO2-SiC heterojunction as well as plenty of active sites from the ultrathin SnO2 NSs play critical roles for the superior photocatalytic performance.","","978-1-5090-1493-4","10.1109/NANO.2016.7751372","","https://ieeexplore.ieee.org/stamp/stamp.jsp?arnumber=7751372","","Silicon carbide;Hydrogen;Production;Heterojunctions;Metals;Mesoporous materials;Thermal stability","","1","","31","IEEE","24 Nov 2016","22-25 Aug. 2016","22-25 Aug. 2016","IEEE","IEEE Conferences"
"Co-benefit of silver nanoparticle and titanium dioxide for elemental mercury adsorption","S. Chaleawlert-umpon; K. Sitthisuwannakul; P. Khemthong; P. Khamdahsag; N. Grisdanurak; C. Rungnim; S. Namuangruk; N. Pimpha","National Nanotechnology Center, Chulalongkorn University, Bangkok, Thailand; National Nanotechnology Center, Chulalongkorn University, Bangkok, Thailand; National Nanotechnology Center, Chulalongkorn University, Bangkok, Thailand; Department of Chemical Engineering, Thammasat University; Department of Chemical Engineering, Thammasat University; National Nanotechnology Center, Chulalongkorn University, Bangkok, Thailand; National Nanotechnology Center, Chulalongkorn University, Bangkok, Thailand; National Nanotechnology Center, Chulalongkorn University, Bangkok, Thailand",2016 IEEE 16th International Conference on Nanotechnology (IEEE-NANO),"24 Nov 2016","2016","","","438","441","Titanium dioxide-supported silver nanoparticles was synthesized by a facile method and studied as a sorbents for elemental mercury (Hg°). The concentration of deposited silver nanoparticles was in the range of 0.1 - 5.0% weight of titanium dioxide powder. XRD and TEM results confirmed that silver nanoparticles with a diameter size ranging from 2-5 nm were successfully deposited on the surface of titanium dioxide. The capacity of the synthesized sorbents in capturing elemental mercury were tested by exposing sorbent to Hg vapor in a static system comparing with the original titanium dioxide and silver nanoparticles. The performance of titanium dioxide for elemental mercury was significantly increased when silver cooperated. Moreover, the capacity of 5.0% silver loading was comparable with the original silver nanoparticles. Through periodic density function theory study it was found that the synergetic effect of titanium dioxide support and silver nanoparticles could presumably due to the electron acceptor characteristic of TiO2-supported silver nanoparticles to promote the Hg° adsorption via electron transferred from the Hg° to the deposited silver nanoparticle and the entire TiO2 support.","","978-1-5090-1493-4","10.1109/NANO.2016.7751373","","https://ieeexplore.ieee.org/stamp/stamp.jsp?arnumber=7751373","","Silver;Nanoparticles;Mercury (metals);Adsorption;Titanium;Powders;Loading","","","","9","IEEE","24 Nov 2016","22-25 Aug. 2016","22-25 Aug. 2016","IEEE","IEEE Conferences"
"Effect of surface functional groups on the pH sensitivity in ion-sensitive field effect transistors","N. Hong; C. Park; D. Kim; K. -S. Jeong; J. -S. Yoon; B. Jin; J. -S. Lee","Department of Electrical Engineering, POSTECH, Pohang, South Korea; Division of IT Convergence Engineering, POSTECH, Pohang, South Korea; Department of Electrical Engineering, POSTECH, Pohang, South Korea; Department of Electrical Engineering, POSTECH, Pohang, South Korea; POSTECH, Future IT Innovation Laboratory, Pohang, South Korea; Department of Electrical Engineering, POSTECH, Pohang, South Korea; Department of Electrical Engineering, POSTECH, Pohang, South Korea",2016 IEEE 16th International Conference on Nanotechnology (IEEE-NANO),"24 Nov 2016","2016","","","15","18","For ion-sensitive devices with SiO2 sensing membrane, the pH sensitivity response has been analyzed when additional functional groups are attached on the SiO2 membrane. A modified Site-Binding model (SBM) and Gouy-Chapman-Stern (GCS) model are used for the theoretical analysis. In the presence of both silanol and amine groups, the highest pH sensitivity can be achieved at a functional group ratio of 1:3 or 3:1. The differential capacitance and intrinsic buffer capacity were also compared in order to understand their effects on pH sensitivity.","","978-1-5090-1493-4","10.1109/NANO.2016.7751374","","https://ieeexplore.ieee.org/stamp/stamp.jsp?arnumber=7751374","","Sensitivity;Sensors;Capacitors;Plasmas;Biomembranes;Electric potential;Mathematical model","","","","15","IEEE","24 Nov 2016","22-25 Aug. 2016","22-25 Aug. 2016","IEEE","IEEE Conferences"
"Hydrogen exposure effects on anodically etched GaAs nanowires in liquid electrolyte","S. Aikawa; K. Yamada; H. Hashimoto; H. Asoh; S. Ono","Research Institute for Science and Technology, Kogakuin University, Hachioji, Tokyo, Japan; Department of Applied Chemistry, Kogakuin University, Hachioji, Tokyo, Japan; Department of Applied Chemistry, Kogakuin University, Hachioji, Tokyo, Japan; Department of Applied Chemistry, Kogakuin University, Hachioji, Tokyo, Japan; Department of Applied Chemistry, Kogakuin University, Hachioji, Tokyo, Japan",2016 IEEE 16th International Conference on Nanotechnology (IEEE-NANO),"24 Nov 2016","2016","","","70","73","GaAs nanowires fabricated by an anodic etching have some advantages over conventional dry crystal growth and wet chemical dissolution techniques in terms of their formation. However, undesired electrical insulating behavior caused by deep interface states is observed. It is known that the interface states originate from the dissociated As atoms between GaAs core and Ga2O3 outer layer. Here, we investigated the effect of hydrogen exposure on anodically etched GaAs nanowires in liquid electrolyte in order to reduce the high density of interface states. As a result of different hydrogen exposure time, Raman spectra indicated that the longitudinal optical phonon intensities gradually decreased and slightly upshifted with increasing the electrolysis time. This means that the density of interface states was reduced by the hydrogen exposure. Based on the Raman analysis, we fabricated thin-film transistors (TFTs) using GaAs nanowires with 600 s of reverse electrolysis treatment. The TFT having nanowire random network channel showed good electrical properties (field-effect mobility: 2.3 cm2/Vs). This is comparable to TFTs using random network channel composed of other one dimensional materials.","","978-1-5090-1493-4","10.1109/NANO.2016.7751375","","https://ieeexplore.ieee.org/stamp/stamp.jsp?arnumber=7751375","","Gallium arsenide;Hydrogen;Electrochemical processes;Substrates;Etching;Nanowires;Interface states","","","","23","IEEE","24 Nov 2016","22-25 Aug. 2016","22-25 Aug. 2016","IEEE","IEEE Conferences"
"Inter-particle potential fluctuation of two fine particles suspended in Ar plasmas","M. Soejima; K. Koga; M. Shiratani","Kyushu University, Fukuoka, Japan; Kyushu University, Fukuoka, Japan; Kyushu University, Fukuoka, Japan",2016 IEEE 16th International Conference on Nanotechnology (IEEE-NANO),"24 Nov 2016","2016","","","671","673","We have analyzed inter-particle potential during binary collision of two fine particles suspended at the plasma/sheath boundary. For this analysis, we have employed a tracking analysis which gives time evolution of the particle position automatically from the movie of particle behavior. The fluctuation of inter-particle potential is originated from a major component of the plasma potential fluctuation and minor one of the particle charge fluctuation. The tracking analysis of fine particles is a promising method to provide fluctuation of plasma potential with ultrahigh sensitivity at a local position.","","978-1-5090-1493-4","10.1109/NANO.2016.7751376","","https://ieeexplore.ieee.org/stamp/stamp.jsp?arnumber=7751376","","Fluctuations;Plasmas;Electric potential;Potential energy;Force;Inductors;Electrostatics","","1","","28","IEEE","24 Nov 2016","22-25 Aug. 2016","22-25 Aug. 2016","IEEE","IEEE Conferences"
"Solution-processed perovskite for direct X-ray detection","C. Chen; C. Li; H. Zhang; Q. Dai; H. Zhou","Peking University Shenzhen Graduate School, Shenzhen, China; National Center for Nanoscience and Technology, China; Peking University Shenzhen Graduate School, Shenzhen, China; National Center for Nanoscience and Technology, China; Peking University Shenzhen Graduate School, Shenzhen, China",2016 IEEE 16th International Conference on Nanotechnology (IEEE-NANO),"24 Nov 2016","2016","","","101","104","X-ray detectors made from crystalline silicon or amorphous silicon are widely used in medical diagnosis, such as mammography or computed tomography. However, state-of-art of X-ray detectors are still suffering from high manufacturing cost. In this article, we demonstrate a methylammonium lead iodide (CH3NH3PbI3) based photodiode for direct X-ray detection. The solution-processed perovskite photodiode exhibited a good responsivity of 12.5A/W.","","978-1-5090-1493-4","10.1109/NANO.2016.7751377","","https://ieeexplore.ieee.org/stamp/stamp.jsp?arnumber=7751377","","Films;Absorption;X-ray imaging;Photodiodes;Photonics;Photovoltaic cells;Solvents","","5","","15","IEEE","24 Nov 2016","22-25 Aug. 2016","22-25 Aug. 2016","IEEE","IEEE Conferences"
"Single-walled carbon nanotubes as efficient charge extractors in perovskite solar cell","H. Zhang; S. Du; C. Chen; W. Luo; C. Liu; H. Zhou","School of Physics and Engineering, Peking University, Shenzhen, China; School of Physics and Engineering, Peking University, Shenzhen, China; School of Physics and Engineering, Peking University, Shenzhen, China; School of Physics and Engineering, Peking University, Shenzhen, China; State Key Laboratory of Optoelectronic Materials and Technologies, Sun Yat-Sen University, Guangzhou, China; School of Physics and Engineering, Peking University, Shenzhen, China",2016 IEEE 16th International Conference on Nanotechnology (IEEE-NANO),"24 Nov 2016","2016","","","105","108","We report the perovskite:SWNTs solar cells fabricated using solvent-solvent extraction (SSE) method at room temperature. Small quantities of Single-walled carbon nanotubes (SWNTs) are incorporated into perovskite Methylammonium lead halide (CH3NH3PbI3) layer, and enhance the power conversion efficiency (PCE) of the perovskite solar cell from 8.5% to 10.6%. SWNTs act as hole transport channels boosting the extraction of holes and improving short-circuit current density (Jsc) from 14.54mA/cm2 to 16.83mA/cm2. The concentration of SWNTs in the CH3NH3PbI3 precursor solution plays crucial role in the performance of solar cells.","","978-1-5090-1493-4","10.1109/NANO.2016.7751378","","https://ieeexplore.ieee.org/stamp/stamp.jsp?arnumber=7751378","","Photovoltaic cells;Films;Carbon nanotubes;Substrates;Solvents;Physics;Cathodes","","4","","16","IEEE","24 Nov 2016","22-25 Aug. 2016","22-25 Aug. 2016","IEEE","IEEE Conferences"
"Electrical behavior of nanocrystalline graphite/p-Si Schottky diode","S. M. Sultan; S. H. Pu; S. J. Fishlock; L. H. Wah; H. M. H. Chong; J. W. McBride","University of Southampton Malaysia Campus; University of Southampton Malaysia Campus, Nusajaya, Johor, Malaysia; University of Southampton, Southampton, U.K.; MIMOS Berhad, Technology Park Malaysia, Kuala Lumpur, Malaysia; University of Southampton, Southampton, U.K.; University of Southampton Malaysia Campus, University of Southampton, UK.",2016 IEEE 16th International Conference on Nanotechnology (IEEE-NANO),"24 Nov 2016","2016","","","307","310","The electrical characteristics of nanocrystalline graphite (NCG) on p-type Si Schottky diodes were investigated. The NCG/p-Si Schottky diodes were fabricated on a 6-inch wafer by metal-free catalyst plasma enhanced chemical vapour deposition (PECVD) and photolithography pattern transfer method. The NCG film consists of nanoscale grains of ~35 nm in size. The NCG/p-Si Schottky diode shows rectifying behavior with Schottky barrier height of 0.58 eV. This result in addition to nanosized grains can be exploited towards various chemical and gas sensor applications.","","978-1-5090-1493-4","10.1109/NANO.2016.7751379","","https://ieeexplore.ieee.org/stamp/stamp.jsp?arnumber=7751379","","Conferences;Nanotechnology","","3","","18","IEEE","24 Nov 2016","22-25 Aug. 2016","22-25 Aug. 2016","IEEE","IEEE Conferences"
"Efficient nanostructure construction on polymer substrates by plasma treatment for tissue engineering","I. Michaljaničová; P. Slepička; M. Veselý; V. Švorčík","Department of Solid State Engineering, The University of Chemistry and Technology; Department of Solid State Engineering, The University of Chemistry and Technology; Department of Solid State Engineering, The University of Chemistry and Technology; Department of Solid State Engineering, The University of Chemistry and Technology",2016 IEEE 16th International Conference on Nanotechnology (IEEE-NANO),"24 Nov 2016","2016","","","149","152","Nanostructured polymers assume an important role in many applications, especially if they are prepared by an economical and effective process. The aim of this work is the construction and characterization of new surface structures induced by an inexpensive and easy method with a potential application in tissue engineering. Diverse surface structures and patterns on several polymer substrates were created by oxygen and argon plasma modification, while maintaining the identical properties of the bulk. The study was conducted on the foils of the following polymers: polyetheretherketone (PEEK), polyethersulfone (PES), polyhydroxybutyrate (PHB) and polymethylpentene (PMP). The shape and size of created structures are related to the choice of the treated polymer, applied plasma power, time exposure, and working atmosphere. The AFM and FIB-SEM images declare that the most interesting surface patterns were created on PMP and PHB by the longest time exposure (240 s). Goniometric measurement was also included and discussed.","","978-1-5090-1493-4","10.1109/NANO.2016.7751380","","https://ieeexplore.ieee.org/stamp/stamp.jsp?arnumber=7751380","","Plasmas;Polymers;Atmosphere;Surface treatment;Atmospheric measurements;Rough surfaces;Surface roughness","","1","","19","IEEE","24 Nov 2016","22-25 Aug. 2016","22-25 Aug. 2016","IEEE","IEEE Conferences"
"PVDF composite films including graphene/ZnO nanostructures and their antimicrobial activity","A. Bregnocchi; C. R. Chandraiahgari; E. Zanni; G. De Bellis; D. Uccelletti; M. S. Sarto","Department of Astronautic, Sapienza University of Rome, Rome, Italy; Department of Astronautic, Sapienza University of Rome, Rome, Italy; Biology and Biotechnology Department “Charles Darwin”, Sapienza University of Rome, Rome, Italy; Department of Astronautic, Sapienza University of Rome, Rome, Italy; Biology and Biotechnology Department “Charles Darwin”, Sapienza University of Rome, Rome, Italy; Department of Astronautic, Sapienza University of Rome, Rome, Italy",2016 IEEE 16th International Conference on Nanotechnology (IEEE-NANO),"24 Nov 2016","2016","","","907","910","Poly(vinylidene fluoride) (PVDF) is a biocompatible polymer commonly used for biomedical applications, food packaging and hygiene products. Within these contexts, the polymer surface is typically exposed to microorganisms and bacteria, with consequent biofilm formation. In this paper, self-standing flexible composite poly(vinylidene fluoride) (PVDF) films with antimicrobial properties were prepared by simple solution casting method. We investigated the effect of three different types of nanofillers, namely graphene nanoplatelets (GNPs), zinc oxide nanorods (ZnO-NRs) and ZnO-NR-decorated GNPs (ZNGs), on the antimicrobial activity of PVDF composite films against Pseudomonas aeruginosa. ZnO-NRs were also grown directly over the surface of PVDF composite films filled with ZnO nanoparticles, acting as nucleation seeds. In all cases, vitality tests performed in static conditions demonstrated a strong antimicrobial property of the produced specimens. This effect can be mainly ascribed to the bacteria/nanomaterials strong surface interaction, which results in the biofilm integrity disruption.","","978-1-5090-1493-4","10.1109/NANO.2016.7751381","","https://ieeexplore.ieee.org/stamp/stamp.jsp?arnumber=7751381","","Films;Surface morphology;Polymers;Nanostructures;Microorganisms;Nanomaterials;Scanning electron microscopy","","4","","20","IEEE","24 Nov 2016","22-25 Aug. 2016","22-25 Aug. 2016","IEEE","IEEE Conferences"
"Production of nanoemulsion using a microchannel device oscillated by piezoelectric transducer","T. Kanda","Okayama University, Okayama, Japan",2016 IEEE 16th International Conference on Nanotechnology (IEEE-NANO),"24 Nov 2016","2016","","","718","719","An ultrasonic emulsification device has been fabricated and evaluated. The device is for the generation of nano-sized droplets for drags and consists of a piezoelectric device and metal plates. Microchannel plates made of stainless steel has been used for the device. The oscillation frequency was over 2 MHz and sub-micron size droplets has been obtained successfully. Additionally, the state in the microchannel has been evaluated using a micro cavitation sensor installed in the channel.","","978-1-5090-1493-4","10.1109/NANO.2016.7751382","","https://ieeexplore.ieee.org/stamp/stamp.jsp?arnumber=7751382","","Microchannels;Acoustic devices;Polymers;Oils;Finite element analysis;Nanoscale devices","","","","5","IEEE","24 Nov 2016","22-25 Aug. 2016","22-25 Aug. 2016","IEEE","IEEE Conferences"
"Review of current progress of thermal interface materials for electronics thermal management applications","J. Hansson; C. Zandén; L. Ye; J. Liu","Department of Microtechnology and Nanoscience, Chalmers University of Technology, Gothenburg, Sweden; Department of Microtechnology and Nanoscience, Chalmers University of Technology, Gothenburg, Sweden; Smart High Tech AB, Gothenburg, Sweden; Department of Microtechnology and Nanoscience, Chalmers University of Technology, Gothenburg, Sweden",2016 IEEE 16th International Conference on Nanotechnology (IEEE-NANO),"24 Nov 2016","2016","","","371","374","Increasing power densities within microelectronic systems place an ever increasing demand on the thermal management. Thermal interface materials (TIMs) are used to fill air gaps at the interface between two materials, greatly increasing the thermal conductance when solid surface are attached together. The last decade has provided significant development on high-performing TIMs, and this paper makes a summarized review on recent progress on the topic. Current state of the art commercial TIM types are presented, and discussed in regards to their advantages and disadvantages. Two main categories of TIMs with high interest are then reviewed: continuous metal phase TIMs and carbon nanotube array TIMs.","","978-1-5090-1493-4","10.1109/NANO.2016.7751383","","https://ieeexplore.ieee.org/stamp/stamp.jsp?arnumber=7751383","","Thermal conductivity;Thermal resistance;Electronic packaging thermal management;Metals;Conductivity;Thermal stresses","","44","","64","IEEE","24 Nov 2016","22-25 Aug. 2016","22-25 Aug. 2016","IEEE","IEEE Conferences"
"Structure and thermoelectric properties of PbTe films deposited by thermal evaporation method","M. P. Nguyen; J. Froemel; S. Hatayama; Y. Sutou; J. Koike; S. Tanaka; M. Esashi; T. Gessner","WPI-Advanced Institute for Materials Research (WPI-AIMR), Tohoku University, Japan; WPI-Advanced Institute for Materials Research (WPI-AIMR), Tohoku University, Japan; Graduate School of Engineering, Tohoku University, Japan; Graduate School of Engineering, Tohoku University, Japan; Graduate School of Engineering, Tohoku University, Japan; Graduate School of Engineering, Tohoku University, Japan; Graduate School of Engineering, Tohoku University, Japan; Fraunhofer Institute for Electronic Nano Systems, Germany",2016 IEEE 16th International Conference on Nanotechnology (IEEE-NANO),"24 Nov 2016","2016","","","566","568","Lead telluride (PbTe) thin films have been deposited on SiO2 substrate using thermal evaporation method. The structure of the films was found to have a face-centered cubic (fcc) with predominant grain growth in the (200) direction for both as-deposited and annealed samples up to 350 °C in vacuum for 1 h. The in-plain electrical resistivity and Hall measurements via van der Pauw method as a function of annealed temperatures were measured. It was found that increasing the annealing temperature led to increase in grain size, which in turn caused decrease of electrical resistivity and increase of Seebeck coefficient. The high power factor of 141.0 μWm-1K-2 was obtained for the annealed samples at 350 °C in vacuum for 1 h.","","978-1-5090-1493-4","10.1109/NANO.2016.7751384","","https://ieeexplore.ieee.org/stamp/stamp.jsp?arnumber=7751384","","Films;Annealing;Reactive power;Temperature;Conductivity;Scanning electron microscopy;Resistance","","2","","4","IEEE","24 Nov 2016","22-25 Aug. 2016","22-25 Aug. 2016","IEEE","IEEE Conferences"
"Unconventional computing with emerging RRAM nanodevices","M. Suri","Indian Institute of Technology - Delhi, New Delhi, India",2016 IEEE 16th International Conference on Nanotechnology (IEEE-NANO),"24 Nov 2016","2016","","","280","283","This paper attempts to discuss a selective overview of some recent trends & concepts in the field of unconventional (non-Von Neumann) computing paradigms using emerging non-volatile nanoscale resistive memory technology (RRAM). Case studies for dedicated nanoscale hardware used in non-spike based machine learning (ML) driven architectures such as- (i) Extreme Learning Machines (ELMs) and (ii) Restricted Boltzmann Machines (RBMs) are considered.","","978-1-5090-1493-4","10.1109/NANO.2016.7751385","","https://ieeexplore.ieee.org/stamp/stamp.jsp?arnumber=7751385","","Neurons;Nanoscale devices;Hardware;Training;Computer architecture;Switches;Resistance","","2","","24","IEEE","24 Nov 2016","22-25 Aug. 2016","22-25 Aug. 2016","IEEE","IEEE Conferences"
"Self-assembled C60 Fullerene Cylindrical nanotubes by LLIP method","R. Venkata Krishna Rao; P. S. Karthik; K. Venkata Abhinav; Z. Lin; M. T. Zar Myint; T. Nishikawa; M. Hada; Y. Yamashita; Y. Hayashi; S. P. Singh","Okayama Daigaku, Okayama, Okayama, JP; Graduate school of Natural Science and Technology, Okayama University, Okayama, Okayama, JP; Okayama Daigaku, Okayama, Okayama, JP; Okayama University, Graduate school of Natural Science and Technology, Okayama, Japan; Okayama University, Graduate school of Natural Science and Technology, Okayama, Japan; Graduate school of Natural Science and Technology, Okayama University, Okayama, Okayama, JP; Graduate school of Natural Science and Technology, Okayama University, Okayama, Okayama, JP; Graduate school of Natural Science and Technology, Okayama University, Okayama, Okayama, JP; Graduate school of Natural Science and Technology, Okayama University, Okayama, Okayama, JP; Inorganic and Physical Chemistry Division, CSIR-Indian Institute of Chemical Technology, Hyderabad, India",2016 IEEE 16th International Conference on Nanotechnology (IEEE-NANO),"24 Nov 2016","2016","","","303","306","In this article, we report C60 Fullerene Nano Cylindrical Tubes (FNCT). The FNCTs were synthesized by a liquid-liquid interface precipitation (LLIP) method using m-Xylene as a saturating solvent and TBA (Tetra butyl alcoholic) as precipitation agent leading to the formation of FNCTs with uniquely structured and well oriented size and shape. The experiment was conducted in a closed atmosphere maintaining a low temperature. The main advantage of these structures is that they are stable up to 5 months in normal room temperature. Characterizations were done to the FNCTs and concluded to have applications in the field of electronics. Enhanced semiconducting properties have been observed in the nanostructures which can be used in the application of solar cells, FET transistors, etc.","","978-1-5090-1493-4","10.1109/NANO.2016.7751386","","https://ieeexplore.ieee.org/stamp/stamp.jsp?arnumber=7751386","Self-assembly;C60;interface;Nano composites","Electron tubes;Self-assembly;Nanotubes;Shape;Nanoscale devices;Nanobioscience;Crystals","","","","20","IEEE","24 Nov 2016","22-25 Aug. 2016","22-25 Aug. 2016","IEEE","IEEE Conferences"
"Three-dimensional biomimetic liver tissue platform for drug testing","W. -J. Lin; K. -W. Chang; M. -Y. Chiang; S. -K. Fan; C. -H. Liu","Department of Power Mechanical Engineering, National Tsing-Hua University, Hsinchu, Taiwan, R.O.C; Department of Power Mechanical Engineering, National Tsing-Hua University, Hsinchu, Taiwan, R.O.C; Department of Materials Science and Engineering, National Chiao-Tung University, Hsinchu, Taiwan R.O.C; Department of Mechanical Engineering, National Taiwan University, Taipei, Taiwan R.O.C; Department of Power Mechanical Engineering, National Tsing-Hua University, Hsinchu, Taiwan, R.O.C",2016 IEEE 16th International Conference on Nanotechnology (IEEE-NANO),"24 Nov 2016","2016","","","55","58","Most past research studies taking advantage of bio-microfluidics for drug testing focus on two-dimensional (2D) cell cultures. In reality, tissue and organs are three-dimensional (3D) structure in our bodies. To approach the biomimetic situation in vitro, this study takes advantage of microfluidic techniques and tissue engineering to build a drug-testing microsystem. Biocompatible porous photo-initiated cross-linked hydrogel: gelatin methacrylate (GelMA) was used as a scaffold material for the extracellular matrix (ECM) to enhance the cell-matrix interaction and also arrange the cell pattern. We developed a microfluidic Labchip device to assemble the 3D cell structure by tightly patterning two kinds of cell structures, which consist of three different cells, to simulate the blood metabolism. We used HepG2 cells and fibroblast NIH/3T3 to establish 3D cell structure as the model of hepatocytes and endothelial cells. Through our proposed microfluidic Labchip, we mimic the blooding pathway in vitro to reconstruct the liver function for drug testing studies.","","978-1-5090-1493-4","10.1109/NANO.2016.7751387","","https://ieeexplore.ieee.org/stamp/stamp.jsp?arnumber=7751387","Regenerative medicine;three-dimensional tissue;biocompatible hydrogel","Liver;Three-dimensional displays;Generators;Microfluidics;In vitro;Drugs;Testing","","","","5","IEEE","24 Nov 2016","22-25 Aug. 2016","22-25 Aug. 2016","IEEE","IEEE Conferences"
"Layered assembly of chitosan nanoparticles and alginate gel for management of post-surgical pain and infection","V. Pawar; R. Srivastava","Indian Institute of Technology, Bombay, India; Indian Institute of Technology, Bombay, India",2016 IEEE 16th International Conference on Nanotechnology (IEEE-NANO),"24 Nov 2016","2016","","","241","244","Post-surgical pain and infections are the major complications encountered after every surgery. Despite various advances in the management of pain and surgical site infections (SSIs), it remains a formidable challenge to the surgeons and researchers. We need to develop a perfect biodegradable, biocompatible and efficacies system for management of post-surgical pain and infections. With this aim, we have developed layered assembly of chitosan nanoparticles (CNPs) sandwiched between alginate gel layer for delivery of antibiotic and Nonsteroidal anti-inflammatory agent (NSAID). It will help to combat pain and infection together. Also, due negatively charged alginate matrix the system also acts as a potential barrier for post-surgical tissue adhesion. CNPs were prepared by ionotropic gelation method using sodium tri-polyphosphate (TPP) as a cross linker. Sizes of the CNPs were in the range of 150-180nm with zeta potential of 32 ± 6.78mv. Encapsulation efficiency (EE) of CNPs loaded with antibiotic was 72.83 ± 2.13%. Layered assembly was formulated using layer-by-layer deposition of lyophilized CNPs and alginate gel. In vitro drug release was performed for 28 days using simulated body fluid (SBF). Release of antibiotic and NSAID was obtained for the period of 21 and 15 days respectively. Antibiotic significantly inhibits the growth of bacteria for longer period of time. Developed system demonstrates good viability and proliferation of L929 cells, indicating its biocompatibility. Thus, we can conclude that layered assembly of CNPs and alginate gel is a potential system to combat post-surgical pain and infection.","","978-1-5090-1493-4","10.1109/NANO.2016.7751388","","https://ieeexplore.ieee.org/stamp/stamp.jsp?arnumber=7751388","","Surgery;Pain;Sodium;Antibacterial activity;Adhesives","","2","","11","IEEE","24 Nov 2016","22-25 Aug. 2016","22-25 Aug. 2016","IEEE","IEEE Conferences"
"Plasma based concept for engineering of multifunctional materials with application to synthesis of large-area plasmonic substrates and to control the charge injection in dielectrics","K. Makasheva; B. Despax; C. Laurent; L. Milliere; C. Villeneuve-Faure; C. Bonafos; A. Pugliara; R. Carles; L. Boudou; G. Teyssedre","CNRS, Université de Toulouse, Toulouse, France; CNRS, Université de Toulouse, Toulouse, France; CNRS, Université de Toulouse, Toulouse, France; CNRS, Université de Toulouse, Toulouse, France; CNRS, Université de Toulouse, Toulouse, France; “Nano-optics and nanomaterials for optics” group-CEMES-CNRS, Université de Toulouse, Toulouse, France; “Nano-optics and nanomaterials for optics” group-CEMES-CNRS, Université de Toulouse, Toulouse, France; “Nano-optics and nanomaterials for optics” group-CEMES-CNRS, Université de Toulouse, Toulouse, France; CNRS, Université de Toulouse, Toulouse, France; Universite Federale Toulouse Midi-Pyrenees, Toulouse, Occitanie, FR",2016 IEEE 16th International Conference on Nanotechnology (IEEE-NANO),"24 Nov 2016","2016","","","8","11","The proposed approach in this contribution concerns plasma deposition processes for engineering of multifunctional materials. It opens the way for transition from material level of development to system level of applications. This concept is applied for deposition of nanocomposite thin layers comprising a single layer of silver nanoparticles (AgNPs) embedded in silica-like host matrices at a controlled distance from the free surface with application in two distinguished fields, namely plasmonics to obtain large-area plasmonic embedded substrates and electrical engineering to control the charge injection in dielectrics. Structural, optical and electrical characterizations of the samples confirm the process efficiency.","","978-1-5090-1493-4","10.1109/NANO.2016.7751389","","https://ieeexplore.ieee.org/stamp/stamp.jsp?arnumber=7751389","","Substrates;Plasmons;Electrodes;Dielectrics;Polymers;Sputtering","","","","20","IEEE","24 Nov 2016","22-25 Aug. 2016","22-25 Aug. 2016","IEEE","IEEE Conferences"
"Atomic-scale simulation of semimetal-to-semiconductor transition in bismuth nanowires for future generation of nanoelectronic devices","L. Ansari; F. Gity; J. C. Greer","Tyndall National Institute, University College Cork, Ireland; Tyndall National Institute, University College Cork, Ireland; Tyndall National Institute, University College Cork, Ireland",2016 IEEE 16th International Conference on Nanotechnology (IEEE-NANO),"24 Nov 2016","2016","","","963","965","In this paper we present first principle study on bismuth nanowires (BiNWs) with few nanometers in diameter which indicates that along trigonal crystallographic orientation a large bandgap in the order of few electron-volts is achievable due to quantum confinement. It is shown that there is a considerable dependency of the bandgap opening and surface reconstruction on the orientation. The results of density functional theory (DFT) are calibrated with Green's function screened Coulomb interaction (GW) corrections in this paper for the first time. We also report that for BiNWs with diameter less than 5 nm, the electron and hole effective masses are modified significantly in comparison with the values of bulk bismuth.","","978-1-5090-1493-4","10.1109/NANO.2016.7751390","","https://ieeexplore.ieee.org/stamp/stamp.jsp?arnumber=7751390","","Nanowires;Photonic band gap;Discrete Fourier transforms;Effective mass;Bismuth;Surface reconstruction;Transistors","","","","18","IEEE","24 Nov 2016","22-25 Aug. 2016","22-25 Aug. 2016","IEEE","IEEE Conferences"
"RNA as a nanoscale data transmission medium: Error analysis","A. W. Eckford; T. Furubayashi; T. Nakano","Dept. of Electrical Engineering and Computer Science, York University, Toronto, Canada M3J 1P3; Graduate School of Frontier Biosciences, Osaka University, Suita, Japan; Graduate School of Frontier Biosciences, Osaka University, Suita, Japan",2016 IEEE 16th International Conference on Nanotechnology (IEEE-NANO),"24 Nov 2016","2016","","","224","227","RNA can be used as a high-density medium for data storage and transmission; however, an important RNA process - replication - is noisy. This paper presents an error analysis for RNA as a data transmission medium, analyzing how deletion errors increase in a collection of replicated DNA strands over time.","","978-1-5090-1493-4","10.1109/NANO.2016.7751391","","https://ieeexplore.ieee.org/stamp/stamp.jsp?arnumber=7751391","","RNA;Data communication;DNA;Receivers;Error analysis;Error correction codes;Memory","","5","","17","IEEE","24 Nov 2016","22-25 Aug. 2016","22-25 Aug. 2016","IEEE","IEEE Conferences"
"Nanopore cavity arrays on Silicon-on-Sapphire substrates for optical studies of transport across lipid membranes","Q. H. Nguyen; M. Urban; R. Tampé; M. Tornow","Department of Molecular Electronics, TU München, Germany; Institute of Biochemistry, Biocenter, Goethe-University, Frankfurt, Germany; Cluster of Excellence - Macromolecular Complexes, Goethe-University, Frankfurt, Germany; Department of Molecular Electronics, TU Munchen, Germany",2016 IEEE 16th International Conference on Nanotechnology (IEEE-NANO),"24 Nov 2016","2016","","","74","76","We demonstrate the realization of a novel architecture of nanopore microcavity structures on Silicon-on-Sapphire (SOS) substrates. By advanced nanofabrication and anisotropic wet etching techniques, arrays of femtoliter cavities featuring both, a single nanopore in a top silicon nitride membrane and a transparent bottom, were fabricated. The cavities demonstrated excellent wetting behavior with electrolyte buffer solution and long-term stability of lipid bilayers that were suspended over the nanopores. Preliminary microscopy studies of membrane-enclosed fluorescence markers suggest our new platform for future multiplexed monitoring of membrane transport processes, at single protein resolution.","","978-1-5090-1493-4","10.1109/NANO.2016.7751392","","https://ieeexplore.ieee.org/stamp/stamp.jsp?arnumber=7751392","Nanopore;nanofabrication;silicon-on-sapphire;suspended lipid bilayer;microcavity","Conferences;Nanotechnology","","1","","12","IEEE","24 Nov 2016","22-25 Aug. 2016","22-25 Aug. 2016","IEEE","IEEE Conferences"
"Study of Freestanding carbon nanotube array field emission uniformity with field emission microscopy","Y. Sun; Y. Li; J. T. W. Yeow","Department of Systems Design Engineering, University of Waterloo, Waterloo, Ontario, Canada; Department of Systems Design Engineering, University of Waterloo, Waterloo, Ontario, Canada; Department of Systems Design Engineering, University of Waterloo, Waterloo, Ontario, Canada",2016 IEEE 16th International Conference on Nanotechnology (IEEE-NANO),"24 Nov 2016","2016","","","955","958","Field emission microscopy (FEM) has been used in materials science to investigate molecular surface structures and their electronic properties. Since PMMA thin film is electron sensitive, it allows us to visualize and record the FE performance of the CNT arrays. In this article, we demonstrate a PMMA thin film based FEM to analyze the field emission (FE) uniformity of free standing carbon nanotube (CNT) array. The FE dose (product of FE current and time) and spatial distribution of CNT arrays of two different densities are recorded and the deviation of the FE performance of CNT emitters is visualized as different morphology of FEM patterns on the PMMA thin film. This method facilitates the study of FE non-uniformity and emitter degradation mechanism.","","978-1-5090-1493-4","10.1109/NANO.2016.7751393","","https://ieeexplore.ieee.org/stamp/stamp.jsp?arnumber=7751393","","Iron;Finite element analysis;Electron beams;Field emitter arrays;Sun;Visualization;Cathodes","","3","","7","IEEE","24 Nov 2016","22-25 Aug. 2016","22-25 Aug. 2016","IEEE","IEEE Conferences"
"Purification of cellulose from rice husk for the synthesis of nanocellulose","C. F. Castro-Guerrero; M. R. Díaz-Guillén; F. Delgado-Arroyo; A. Rodas-Grapain; S. Godavarthi","CONACyT Research Fellow-Instituto Nacional de Electricidad y Energías Limpias, Cuemavaca, Mexico; Materials and Chemical Processes Department, Instituto Nacional de Electricidad y Energias Limpias, Cuemavaca, Mexico; Materials and Chemical Processes Department, Instituto Nacional de Electricidad y Energias Limpias, Cuemavaca, Mexico; Materials and Chemical Processes Department, Instituto Nacional de Electricidad y Energias Limpias, Cuemavaca, Mexico; Nacional Autónoma de Mexico, Institute of Physical Sciences of the Universidad, Cuemavaca, Mexico",2016 IEEE 16th International Conference on Nanotechnology (IEEE-NANO),"24 Nov 2016","2016","","","569","572","Cellulose was purified from rice husk with several steps to remove impurities. The purified cellulose was used for the synthesis of cellulose nanocrystals. Apart of the impurities commonly found on cellulosic plant sources, the sample contained silica too, which was removed using a NaOH treatment. Fourier Transform Infrared Spectroscopy was done on cellulose before and after treatment and on the resulting cellulose nanocrystals. Thermogravimetric Analysis was also done on the rice husk, and it showed a reduction on the content of silica.","","978-1-5090-1493-4","10.1109/NANO.2016.7751394","","https://ieeexplore.ieee.org/stamp/stamp.jsp?arnumber=7751394","","Nanocrystals;Silicon compounds;Degradation;Thermal degradation;Ovens;Thermal stability;Purification","","6","","10","IEEE","24 Nov 2016","22-25 Aug. 2016","22-25 Aug. 2016","IEEE","IEEE Conferences"
"Direct formation of thermochromic composite films of VO2 nanoparticles in SiO2 hosts","Y. -X. Ji; G. A. Niklasson; C. G. Granqvist","Department of Engineering Sciences, Uppsala University, Uppsala, Sweden; Department of Engineering Sciences, Uppsala University, Uppsala, Sweden; Department of Engineering Sciences, Uppsala University, Uppsala, Sweden",2016 IEEE 16th International Conference on Nanotechnology (IEEE-NANO),"24 Nov 2016","2016","","","823","825","Vanadium dioxide (VO2) is a key material for modern thermochromic energy-efficient window coatings. Nanocomposite VO2-SiO2 films were fabricated by reactive magnetron sputtering. VO2 nanoparticles with grain sizes of about 100 nm were distributed uniformly in the SiO2 host, and the composite film showed excellent thermochromic properties with plasmonic effect.","","978-1-5090-1493-4","10.1109/NANO.2016.7751395","","https://ieeexplore.ieee.org/stamp/stamp.jsp?arnumber=7751395","","Optical device fabrication;Optical films;Sputtering;Optical switches;Temperature measurement;Vanadium","","","","22","IEEE","24 Nov 2016","22-25 Aug. 2016","22-25 Aug. 2016","IEEE","IEEE Conferences"
"Characterisation of carbonaceous deposition in oil exposed surfaces at the nanoscale","D. -M. Kaimaki; B. E. Smith; S. V. Filip; C. Durkan","Nanoscience Centre, University of Cambridge, Cambridge, UK; BP Exploration Operating Company Limited, Middlesex, UK; Whitchurch Hill, Research & Innovation Technology Centre, Pangbourne, Berkshire, UK; Nanoscience Centre, University of Cambridge, Cambridge, UK",2016 IEEE 16th International Conference on Nanotechnology (IEEE-NANO),"24 Nov 2016","2016","","","573","576","Carbonaceous deposits in oil exposed surfaces are responsible for compromising performance and reducing profitability across the hydrocarbons value chain. In particular, in upstream operation, fouling between the well and the production facility has been found to reduce flow, availability and reliability resulting in lost production. Thus, a better understanding of the processes leading to the deposition of these complex and heavy organic compounds is required, since it is unclear whether they primarily aggregate in the liquid phase or at the liquid-solid interface. In an effort to understand the mechanisms behind deposition, this study uses different modalities of atomic force microscopy (AFM) to characterise relevant metallic, oil exposed surfaces with deposits already on them. More specifically, in this post-mortem analysis, surfaces exposed to oil with and without the presence of an inhibitor are imaged in an effort to pinpoint the effect of the inhibitor on deposition.","","978-1-5090-1493-4","10.1109/NANO.2016.7751396","","https://ieeexplore.ieee.org/stamp/stamp.jsp?arnumber=7751396","","Surface treatment;Surface topography;Inhibitors;Oils;Force","","","","10","IEEE","24 Nov 2016","22-25 Aug. 2016","22-25 Aug. 2016","IEEE","IEEE Conferences"
"Accelerated neutral atom beam (ANAB) technology for nanoscale surface processing","S. Kirkpatrick; M. Walsh; R. Svrluga; J. Khoury","Authors are with Exogenesis Corporation, Billerica, MA, USA; Authors are with Exogenesis Corporation, Billerica, MA, USA; Authors are with Exogenesis Corporation, Billerica, MA, USA; Authors are with Exogenesis Corporation, Billerica, MA, USA",2016 IEEE 16th International Conference on Nanotechnology (IEEE-NANO),"24 Nov 2016","2016","","","710","713","Many difficulties and limitations of surface processing by traditional ion beam techniques are associated with the electrical charges that are fundamental to ion acceleration. Flux neutralization approaches used to minimize space charge repulsion effects and neutralization methods employed to avoid surface charge accumulation and damage phenomena complicate the use of ion beams in many situations, particularly so as device dimensions approach nano-scale. It has long been recognized that simplified fabrication processes and superior nano-level processing capabilities would be possible if process beams comprised of only neutral atoms having adequate and controllable energies could be generated. The obstacle to creating such beams has always been the problem of how to remove all electrical charges from a beam of ionized atoms after acceleration. This paper describes a method known as Accelerated Neutral Atom Beam (ANAB) in which energetic neutral atoms are produced by causing large numbers of neutral atoms to be released from the individual gas clusters within a stream of high energy gas cluster ions and then using an electrostatic field to eliminate residual charged species from the beam. The ANAB technique provides high flux collimated beams of energetic neutral atoms that have average energies which are controllable from less than 10 eV per atom to more than 100 eV per atom, a range found to be ideal for many nano-scale surface modification actions. Available neutral beam species include virtually any element or molecule that exists as a gas at room temperature. ANAB processes are useful for precise sputtering, nano-level surface smoothing, extremely shallow doping, highly selective etching, ultra-thin film deposition, surface passivation, various surface specific molecular transformations, and for a range of other ultra-shallow surface actions. Due to its highly collimated nature, ANAB offers excellent performance for nano-scale patterning and for uniform depth processing of structural geometries with varied aspect ratios. ANAB is being employed in a number of areas, including medical implants, other medical and biological devices, optics, MEMS, semiconductors, and metrology.","","978-1-5090-1493-4","10.1109/NANO.2016.7751397","","https://ieeexplore.ieee.org/stamp/stamp.jsp?arnumber=7751397","","Acceleration;Surface treatment;Atomic beams;Atomic measurements;Ions;Nanobioscience","","2","","6","IEEE","24 Nov 2016","22-25 Aug. 2016","22-25 Aug. 2016","IEEE","IEEE Conferences"
"Study of annealing induced nanoscale morphology change in organic solar cells with machine learning","F. Lan; M. Jiang; F. Wei; Q. Tao; G. Li","Department of Electrical and Computer Engineering, University of Pittsburgh, Pittsburg, PA, USA; Department of Electrical and Computer Engineering, University of Pittsburgh, Pittsburg, PA, USA; Fuzhou University, Fuzhou, Fujian, CN; Department of Electrical and Computer Engineering, University of Pittsburgh, Pittsburg, PA, USA; Department of Electrical and Computer Engineering, University of Pittsburgh, Pittsburg, PA, USA",2016 IEEE 16th International Conference on Nanotechnology (IEEE-NANO),"24 Nov 2016","2016","","","329","332","Nanoscale morphology of the active layer in organic solar cells (OSCs) plays a significant role in affecting the overall performance of OSCs. In this work, by using the domain size to describe the morphology change with different annealing temperatures, the influence of annealing to nanoscale morphology in OSCs is intensively studied. Also, machine learning is utilized in investigating the relation between domain size and the annealing temperature. The realization of mapping the domain sizes to their annealing temperatures is significant in bridging the simulation work of OSCs to the actual fabrication process, indicating that the optimized domain sizes obtained through simulation could now be converted to actual annealing temperature in device fabrication.","","978-1-5090-1493-4","10.1109/NANO.2016.7751398","","https://ieeexplore.ieee.org/stamp/stamp.jsp?arnumber=7751398","Annealing;Morphology;Organic solar cell;Machine learning","Annealing;Photovoltaic cells;Morphology;Fabrication;Temperature measurement;Nanoscale devices;Excitons","","4","","17","IEEE","24 Nov 2016","22-25 Aug. 2016","22-25 Aug. 2016","IEEE","IEEE Conferences"
"Impact of spintronics transducers on the performance of spin wave logic circuit","S. Dutta; R. M. Iraei; C. Pan; D. E. Nikonov; S. Manipatruni; I. A. Young; A. Naeemi","School of Electrical and Computer Engineering, Georgia Institute of Technology, Atlanta, GA, USA; School of Electrical and Computer Engineering, Georgia Institute of Technology, Atlanta, GA, USA; School of Electrical and Computer Engineering, Georgia Institute of Technology, Atlanta, GA, USA; Components Research, Intel Corporation, Hillsboro, OR, USA; Intel Corp, Santa Clara, CA, US; Components Research, Intel Corporation, Hillsboro, OR, USA; School of Electrical and Computer Engineering, Georgia Institute of Technology, Atlanta, GA, USA",2016 IEEE 16th International Conference on Nanotechnology (IEEE-NANO),"24 Nov 2016","2016","","","990","993","We propose a comprehensive scheme for building spintronics transducers for back and forth signal conversion between spin and charge domains in addition to the associated CMOS peripheral circuitry for spin wave device (SWD) circuits. We perform systematic analysis of the impact of the transducers on the performance of SWD in terms of energy and area overhead. Performance evaluation of SWD compared with 7nm FinFET CMOS technology at the circuit level, yields a 3× smaller area and an order of magnitude lower energy-delay product (EDP) for large complex circuits with low overhead. Overall, SWD outperforms CMOS with increasing ratio of (logic size/overhead).","","978-1-5090-1493-4","10.1109/NANO.2016.7751399","","https://ieeexplore.ieee.org/stamp/stamp.jsp?arnumber=7751399","","Magnetic tunneling;Transducers;Frequency modulation;Perpendicular magnetic anisotropy;Energy dissipation","","5","","14","IEEE","24 Nov 2016","22-25 Aug. 2016","22-25 Aug. 2016","IEEE","IEEE Conferences"
"Atomic-layer-deposited Al2O3-nano-coated segmented polyurethane sheet and its blood compatibility","H. Zama; Y. Ohgoe; H. Sakurai; Y. Shiraishi; H. Miura; T. Yambe; A. Homma","Institute for Super Materials, ULVAC, Inc., Chigasaki, Japan; Division of Electronic and Mechanical Engineering, Tokyo Denki University, Saitama, Japan; Division of Electronic and Mechanical Engineering, Tokyo Denki University, Saitama, Japan; Institute of Development, Aging and Cancer,, Tohoku University, Sendai, Japan; Institute of Development, Aging and Cancer,, Tohoku University, Sendai, Japan; Institute of Development, Aging and Cancer,, Tohoku University, Sendai, Japan; Division of Electronic and Mechanical Engineering, Tokyo Denki University, Saitama, Japan",2016 IEEE 16th International Conference on Nanotechnology (IEEE-NANO),"24 Nov 2016","2016","","","337","338","Alumina(Al2O3)-coated segmented polyurethane (SPU) sheet is prepared for the application to bioengineering by using both preparation methods of atomic layer deposition for Al2O3 coating and electrospinning for SPU scaffold sheet. Its fine blood compatibility was performed on in-vivo test during long term.","","978-1-5090-1493-4","10.1109/NANO.2016.7751400","","https://ieeexplore.ieee.org/stamp/stamp.jsp?arnumber=7751400","","Films;Blood;Coatings;Aluminum oxide;Atomic layer deposition;Surface treatment;Ions","","","","7","IEEE","24 Nov 2016","22-25 Aug. 2016","22-25 Aug. 2016","IEEE","IEEE Conferences"
"Atomistic approach for modeling metal-semiconductor interfaces","D. Stradi; U. Martinez; A. Blom; M. Brandbyge; K. Stokbro","QuantumWise AlS, Copenhagen, Denmark; QuantumWise AlS, Copenhagen, Denmark; QuantumWise AlS, Copenhagen, Denmark; Mads Brandbyge is with DTU Nanotech, Kongens Lyngby, Denmark; QuantumWise AlS, Copenhagen, Denmark",2016 IEEE 16th International Conference on Nanotechnology (IEEE-NANO),"24 Nov 2016","2016","","","895","898","We present a general framework for simulating interfaces using an atomistic approach based on density functional theory and non-equilibrium Green's functions. The method includes all the relevant ingredients, such as doping and an accurate value of the semiconductor band gap, required to model realistic metal-semiconductor interfaces and allows for a direct comparison between theory and experiments via the I-V curve. In particular, it will be demonstrated how doping - and bias - modifies the Schottky barrier, and how finite size models (the slab approach) are unable to describe these interfaces properly due to a poor representation of space-charge effects.","","978-1-5090-1493-4","10.1109/NANO.2016.7751401","","https://ieeexplore.ieee.org/stamp/stamp.jsp?arnumber=7751401","","Doping;Semiconductor process modeling;Slabs;Silicon;Semiconductor device modeling;Schottky barriers;Photonic band gap","","","","26","IEEE","24 Nov 2016","22-25 Aug. 2016","22-25 Aug. 2016","IEEE","IEEE Conferences"
"Experimental analog implementation of Neural Networks on integrated metal-oxide memristive crossbar arrays","M. Prezioso","UC Santa Barbara, Santa Barbara, CA, U.S.A",2016 IEEE 16th International Conference on Nanotechnology (IEEE-NANO),"24 Nov 2016","2016","","","276","279","It is a well-established fact that Artificial neural networks have superior performance in many information processing tasks. It is also know that by scaling up the size of the network it is possible to have better performance and richer functionality. However, large neural networks are challenging to implement in software and customized hardware are generally required for their practical implementations. Here, we will discuss our group's recent results on the development of such custom hardware circuits, toward the final achievement of hybrid CMOS/memristor circuits, in particular of CMOL variety. We will focus on the experimental and theoretical results for artificial neural networks based on crossbar-integrated metal oxide memristors. The first part will be dedicated to the realization of the first Single Layer Perceptron classifier, while the second part will deal with some preliminary results toward the implementation of Spiking Neural Networks.","","978-1-5090-1493-4","10.1109/NANO.2016.7751402","","https://ieeexplore.ieee.org/stamp/stamp.jsp?arnumber=7751402","","Neurons;Training;Immune system;Artificial neural networks;Memristors;Hardware","","1","","25","IEEE","24 Nov 2016","22-25 Aug. 2016","22-25 Aug. 2016","IEEE","IEEE Conferences"
"Pulse-coupled spin torque nano oscillators with dynamic synapses for neuromorphic computing","K. Nakada; K. Miura","Graduate School of Information Sciences, Hiroshima City University, Hiroshima, Japan; Graduate School of Science and Technology, Kwansei Gakuin University, Sanda, Japan",2016 IEEE 16th International Conference on Nanotechnology (IEEE-NANO),"24 Nov 2016","2016","","","397","400","In this work, we present a system pulse-coupled spin torque nano oscillators (STNOs) as a novel physical implementation of coupled phase oscillators for neuromorphic computing. First, we describe the dynamical properties of pulse-coupled STNOs and explain their phase description. We investigated the system dynamics of fully pulse-coupled STNOs with both static and dynamic synapses through numerical simulations. Consequently, various cooperative phenomena, such as synchronous, clustered, and coherent states, can be observed depending on synaptic interactions. Finally, we discuss neuromorphic applications of such cooperative phenomena and possible implementation of dynamic synapse for the pulse-coupled STNOs.","","978-1-5090-1493-4","10.1109/NANO.2016.7751403","","https://ieeexplore.ieee.org/stamp/stamp.jsp?arnumber=7751403","","Neuromorphics;Oscillators;Delays;Brain modeling;Computational modeling;Mathematical model;Sensitivity","","2","","28","IEEE","24 Nov 2016","22-25 Aug. 2016","22-25 Aug. 2016","IEEE","IEEE Conferences"
"Scanning probe with nitrogen vacancy centers in diamond particle for magnetic resonance imaging","M. Zhu; M. Toda; T. Ono","Graduate School of Engineering, Tohoku University, Sendai, Japan; Graduate School of Engineering, Tohoku University, Sendai, Japan; Graduate School of Engineering, Tohoku University, Sendai, Japan",2016 IEEE 16th International Conference on Nanotechnology (IEEE-NANO),"24 Nov 2016","2016","","","210","213","Nitrogen vacancy (NV−) centers possess exceptional sensitivity to magnetic field even under ambient condition. The optically detectable electron spins and the atomic size make it a promising candidate for advanced magnetic resonance imaging (MRI) technique with nanoscale spatial resolution. In this work, diamond particles with NV− centers were deposited by microwave plasma chemical vapor deposition (MPCVD) under gaseous N2 dopant and were fixed on the fabricated scanning probe as a magnetic sensor. While the existence of NV− center was determined by Raman spectroscopy, the photoluminescence intensity at 2.87 GHz microwave frequency was decreased by an optically detected magnetic resonance (ODMR) system. It implies that the NV− spin state can be manipulated and read out using optical excitation.","","978-1-5090-1493-4","10.1109/NANO.2016.7751404","","https://ieeexplore.ieee.org/stamp/stamp.jsp?arnumber=7751404","","Diamond;Probes;Photoluminescence;Silicon;Optical device fabrication;Optical sensors;Magnetic resonance imaging","","1","","13","IEEE","24 Nov 2016","22-25 Aug. 2016","22-25 Aug. 2016","IEEE","IEEE Conferences"
"Synthesis and characterization of oleylamine-capped PbSe quantum dots","M. A. Sohel; A. Pan","Natural Sciences Department, Hostos College of The City University of New York, Bronx, New York, USA; Department of Chemistry, Hunter College of the City University of New York, New York, NY, USA",2016 IEEE 16th International Conference on Nanotechnology (IEEE-NANO),"24 Nov 2016","2016","","","577","580","Near infrared-emitting PbSe quantum dots have been studied for various applications and fundamental research. However, synthetic pathways are usually involved in more complicated steps. A simple synthetic route has been investigated on synthesis of oleylamine-capped lead selenide (PbSe) quantum dots (QDs) and the optical properties have been studied in detail. Lead (Pb) precursor is prepared in the solution by dissolving Pb in oleylamine (OLA) under vacuum or open air. A new method for preparation of selenium precursor is reported in this paper. Selenium (Se) precursor is prepared by dissolving Se powder in 1-octadecene (ODE) at 300°C with purging under nitrogen gas. At high temperature, Se precursor is injected into Pb precursor for the reaction. Transmission electron microscope (TEM), photoluminescence spectrometer (PL) and Ultraviolet-Visible-Infrared (UV-VIS-IR) spectrometer have been used to study the properties of PbSe quantum dots. TEM images show the size of as-synthesized PbSe QD samples are 3.14 nm, 3.56 nm, 10.41 nm and 14.6 nm.","","978-1-5090-1493-4","10.1109/NANO.2016.7751405","","https://ieeexplore.ieee.org/stamp/stamp.jsp?arnumber=7751405","","Lead;Quantum dots;Nanocrystals;Chemicals;Absorption;Optical imaging;Temperature control","","","","23","IEEE","24 Nov 2016","22-25 Aug. 2016","22-25 Aug. 2016","IEEE","IEEE Conferences"
"Pattern fidelity control in Multi-patterning towards 7nm node","H. Yaegashi","Tokyo Electron Limited, Tokyo, Japan",2016 IEEE 16th International Conference on Nanotechnology (IEEE-NANO),"24 Nov 2016","2016","","","452","455","Multi-patterning technology using 193nm immersion lithography has been used since the 22nm logic node generation and it appears that it will continue to be used as far as the 14nm generation. At the same time, the industry trend is to simplify pattern design and reduce complexity in lithography though single directional (1D) layout[1]. On the other hand, there is increasing concern about pattern placement error in the application of this technology. This paper focuses on pattern placement variation in the process steps of pattern formation in 1D layout design, presents the results of a study on the effects of factors other than overlay accuracy on microscopic behavior, and describes techniques for improving pattern placement.","","978-1-5090-1493-4","10.1109/NANO.2016.7751406","","https://ieeexplore.ieee.org/stamp/stamp.jsp?arnumber=7751406","","Lithography;Etching;Market research;Layout;Smoothing methods;Gratings;Legged locomotion","","8","","5","IEEE","24 Nov 2016","22-25 Aug. 2016","22-25 Aug. 2016","IEEE","IEEE Conferences"
"NEMS switches for ultra-low-power digital logic: Challenges and opportunities","J. L. Munoz-Gamarra; C. Poulain; W. Ludurczak; S. Hentz; L. Hutin","Commissariat à 1'énergie atomique et aux énergies alternatives, Advanced CMOS Integration Laboratory, Grenoble, France; Commissariat à 1'énergie atomique et aux énergies alternatives, Advanced CMOS Integration Laboratory, Grenoble, France; Commissariat à 1'énergie atomique et aux énergies alternatives, Advanced CMOS Integration Laboratory, Grenoble, France; Commissariat à 1'énergie atomique et aux énergies alternatives, Advanced CMOS Integration Laboratory, Grenoble, France; Commissariat à 1'énergie atomique et aux énergies alternatives, Advanced CMOS Integration Laboratory, Grenoble, France",2016 IEEE 16th International Conference on Nanotechnology (IEEE-NANO),"24 Nov 2016","2016","","","871","874","A renewed interest in mechanical computing has emerged in Microelectronics in the last years as a solution to the increasing static power density of CMOS technologies as they are scaled down. Nano-electromechanical (NEMS) switches can be used as the new digital logic building block, leveraging the benefits of ideally zero OFF state current. Current efforts are underway aiming at demonstrating low operating voltages and potential for scalability. On the other hand they still present some drawbacks that need to be addressed: slow response and insufficient contact reliability. In this work an overview of the fundamental working principles, state-of-the-art and main challenges will be assessed for standalone N/MEMS logic circuits. Additionally, an alternative hybrid CMOS/NEMS route is proposed, useful for some particular applications.","","978-1-5090-1493-4","10.1109/NANO.2016.7751407","","https://ieeexplore.ieee.org/stamp/stamp.jsp?arnumber=7751407","","Electrodes;Delays;Reliability;Contacts;Logic gates;Nanoelectromechanical systems;Transistors","","2","","29","IEEE","24 Nov 2016","22-25 Aug. 2016","22-25 Aug. 2016","IEEE","IEEE Conferences"
"Angular dependent optical wavelength selection in hybrid cavity-channel structure by coupled plasmon resonance","S. Yin; Z. Wang; Y. -L. Ho; Y. Takakura; J. -J. Delaunay","Department of Mechanical Engineering, University of Tokyo, Tokyo, Japan; Department of Mechanical Engineering, University of Tokyo, Tokyo, Japan; Department of Mechanical Engineering, University of Tokyo, Tokyo, Japan; Department of Mechanical Engineering, University of Tokyo, Tokyo, Japan; Department of Mechanical Engineering, The University of Tokyo, France",2016 IEEE 16th International Conference on Nanotechnology (IEEE-NANO),"24 Nov 2016","2016","","","333","336","We propose a hybrid cavity-channel structure to tune optical wavelengths using narrow-band resonances. High spectral selectivity and high angular dependency of the absorptance are reported due to the resonance between propagating surface plasmon modes and channel modes. By varying the incident angle, we could adjust both the position and the amplitude of the reflectance dips thus achieving highly efficient angular optical switches.","","978-1-5090-1493-4","10.1109/NANO.2016.7751408","","https://ieeexplore.ieee.org/stamp/stamp.jsp?arnumber=7751408","","Plasmons;Reflectivity;Optical surface waves;Couplings;Electric fields;Modulation;Surface waves","","","","18","IEEE","24 Nov 2016","22-25 Aug. 2016","22-25 Aug. 2016","IEEE","IEEE Conferences"
"Electric field-based organization of cytoskeletal nanowires using metallic glass wire electrodes","K. Kim; K. S. Nakayama; M. Umetsu; W. Hwang; W. Teizer","WPI-Advanced Institute for Materials Research (AIMR), Tohoku University, Sendai, Japan; WPI-Advanced Institute for Materials Research (AIMR), Tohoku University, Sendai, Japan; Department of Biomolecular Engineering, Tohoku University, Sendai, Japan; Department of Biomedical Engineering, Korea Institute for Advanced Study, Seoul, TX, South Korea; WPI-AIMR, Texas A&M University, College Station, TX, USA",2016 IEEE 16th International Conference on Nanotechnology (IEEE-NANO),"24 Nov 2016","2016","","","264","266","We present electric field-based in-vitro control of intracellular protein nanowires, so-called microtubules, using a pair of metallic glass (Pd42.5Cu30Ni7.5P20) microwire electrodes. We can reversibly control the spatio-temporal localization, orientation, as well as guided translocation of microtubules suspended in a buffer solution. Using freestanding wire electrodes to localize microtubules allows for an assembly of nanowires in a 0 or 1-dimensional environment, with the potential of producing more complex geometries. This is of particular interest where bio-mimetic applications require control beyond planar devices.","","978-1-5090-1493-4","10.1109/NANO.2016.7751409","","https://ieeexplore.ieee.org/stamp/stamp.jsp?arnumber=7751409","","Wires;Electrodes;Electric fields;Glass;Proteins;Nanowires;Fluorescence","","","","13","IEEE","24 Nov 2016","22-25 Aug. 2016","22-25 Aug. 2016","IEEE","IEEE Conferences"
"Altering the microtubule kinesin nanomechanics in the presence of metallic ions","S. Bhattacharyya; K. Kim; H. Nakazawa; M. Umetsu; W. Teizer","WPI-Advanced Institute for Materials Research (AIMR), Tohoku University, Sendai, Japan; Department of Biomolecular Engineering, Tohoku University, Sendai, Japan; Department of Biomolecular Engineering, Tohoku University, Sendai, Japan; WPI-Advanced Institute for Materials Research (AIMR), Tohoku University, Sendai, Japan; WPI-AIMR, Texas A&M University, College Station, TX, USA",2016 IEEE 16th International Conference on Nanotechnology (IEEE-NANO),"24 Nov 2016","2016","","","79","81","Microtubules play an important role in intraneuronal communication. A barrier to microtubule mediated neuronal transport can initiate dementia. The nanoscale modeling of these biological events is expected to be useful for healthcare applications and auxiliary biosensor based diagnostics. Here, we report a model system by using an in vitro bio-motility assay to predict events related to dementia at excess metal ion concentration. We demonstrate how metal ions (calcium, iron, zinc) at pathophysiologically relevant concentrations have the ability to affect the gliding motion of microtubules on kinesin. The addition of the neurotransmitter (acetyl choline) has no apparent effect on MT gliding. Therefore, the reagents that can stabilize the bio-motility system have potential to regulate dementia.","","978-1-5090-1493-4","10.1109/NANO.2016.7751410","","https://ieeexplore.ieee.org/stamp/stamp.jsp?arnumber=7751410","","Ions;Calcium;Proteins;Alzheimer's disease;Neurons","","","","22","IEEE","24 Nov 2016","22-25 Aug. 2016","22-25 Aug. 2016","IEEE","IEEE Conferences"
"Application of nanoporous gold in planar and mesh forms in electrochemical superoxide biosensing","R. Banan Sadeghian; J. Han; J. Ribas; A. Nasajpour; M. Duchamp; S. A. Mousavi Shaegh; S. Ostrovidov; S. Salehi; M. Chen; A. Khademhosseini","WPI-Advanced Institute for Materials Research, Tohoku University, Sendai, Japan; WPI-Advanced Institute for Materials Research, Tohoku University, Sendai, Japan; Department of Medicine Brigham and Womens Hospital, Harvard Medical School, Cambridge, MA; Department of Medicine Brigham and Womens Hospital, Harvard Medical School, Cambridge, MA; Department of Medicine Brigham and Womens Hospital, Harvard Medical School, Cambridge, MA; Department of Medicine Brigham and Womens Hospital, Harvard Medical School, Cambridge, MA; WPI-Advanced Institute for Materials Research, Tohoku University, Sendai, Japan; WPI-Advanced Institute for Materials Research, Tohoku University, Sendai, Japan; WPI-Advanced Institute for Materials Research, Tohoku University, Sendai, Japan; Department of Medicine Brigham and Womens Hospital, Massachusetts Institute of Technology, Cambridge, MA, USA",2016 IEEE 16th International Conference on Nanotechnology (IEEE-NANO),"24 Nov 2016","2016","","","19","21","We employed the large surface-to-volume ratio of nanoporous gold (NPG) to build a set of highly sensitive superoxide electrochemical biosensors. Once functionalized with cytochrome-c (cyt-c) the NPG-based electrodes displayed a superoxide sensitivity of 0.24 nA nM-1 and a low-level of detection of 5 nM towards superoxide. The planar electrodes were then interfaced with HUVEC cells and were able to detect the release of extracellular superoxide upon stimulation with an endogenous superoxide producer. In addition, we studied the superoxide sensing performance of a three-dimensional (3D) macroporous mesh of gold decorated with NPG as a potential ultrasensitive superoxide biosensor.","","978-1-5090-1493-4","10.1109/NANO.2016.7751411","","https://ieeexplore.ieee.org/stamp/stamp.jsp?arnumber=7751411","","Biosensors;Electrodes;Gold;Three-dimensional displays;Sensitivity;Films","","","","11","IEEE","24 Nov 2016","22-25 Aug. 2016","22-25 Aug. 2016","IEEE","IEEE Conferences"
"Structural, dielectric and magnetic properties of sol-gel synthesized Bi1−xLaxFeO3 nanoparticles (x=0.3)","S. Riaz; F. Majid; S. Naseem","Centre of Excellence in Solid State Physics, University of the Punjab, Lahore, Pakistan; Centre of Excellence in Solid State Physics, University of the Punjab, Lahore, Pakistan; Centre of Excellence in Solid State Physics, University of the Punjab, Lahore, Pakistan",2016 IEEE 16th International Conference on Nanotechnology (IEEE-NANO),"24 Nov 2016","2016","","","994","997","Multiferroic materials have attracted world attraction due to their wide range of spintronic and data storage applications. Among multiferroic materials, bismuth iron oxide (BiFeO3) is a promising candidate as it offers advantages of high antiferromagnetic Neel temperature and high ferroelectric Curie temperature. An alternate to the conventional sol-gel method is proposed in the form of microwave exposure is proposed for the synthesis of nanoparticles. We here report structural, magnetic and dielectric properties of lanthanum doped bismuth iron oxide (Bi1-xLaxFeO3) nanoparticles with dopant concentration x as 0.3. Microwave power is varied as 180W, 450W and 810W. Microwave assisted nanoparticles are studied without any post treatment. Low microwave power results in amorphous nature of nanoparticles while transition to phase pure crystalline nanoparticles was observed at microwave power of 450W. High microwave power of 810W results in separation of bismuth deficient phase and BiFeO3 phase. Dielectric constant increases from 718 to 1095 as microwave power is increased from 180W to 450W. Transition from weak magnetic behavior to strong ferromagnetic behavior arises due to combined advantages of La doping and use of microwave power.","","978-1-5090-1493-4","10.1109/NANO.2016.7751412","","https://ieeexplore.ieee.org/stamp/stamp.jsp?arnumber=7751412","","Microwave theory and techniques;Nanoparticles;Electromagnetic heating;Microwave oscillators;Amorphous magnetic materials;Bismuth;Dielectric constant","","","","22","IEEE","24 Nov 2016","22-25 Aug. 2016","22-25 Aug. 2016","IEEE","IEEE Conferences"
"Detection of mid-infrared by HgTe colloidal quantum dots at room temperature","X. Tang; K. W. Chiu Lai","Department of Mechanical and Biomedical Engineering, Hong Kong; Department of Mechanical and Biomedical Engineering, City University of Hong Kong, Kowloon, HK",2016 IEEE 16th International Conference on Nanotechnology (IEEE-NANO),"24 Nov 2016","2016","","","494","497","Infrared sensing devices rely on narrow band gap semiconductors grown by expensive and complicated methods such as molecular beam epitaxy and chemical vapor deposition. Colloidal quantum dots (CQDs) offer a low-cost alternative to detect infrared light. In this study, we have successfully demonstrated synthesis of HgTe quantum dots, which can absorb midwave infrared (MWIR) at room temperature. The maximum absorption wavelength can be tuned by controlling the reaction time and reaction temperature of synthesis of the CQDs. Through simple drop-casting and cross-linking treatment, the HgTe CQDs MWIR detector can be fabricated, and we demonstrated detection of MWIR with a responsivity of 0.57 mA/W for infrared signal with wavelength of 3 µm at room temperature. The results pave the way for the development of low-cost midwave infrared detectors.","","978-1-5090-1493-4","10.1109/NANO.2016.7751413","","https://ieeexplore.ieee.org/stamp/stamp.jsp?arnumber=7751413","","II-VI semiconductor materials;Temperature measurement;Films;Quantum dots;Nanocrystals;Absorption;Detectors","","4","","17","IEEE","24 Nov 2016","22-25 Aug. 2016","22-25 Aug. 2016","IEEE","IEEE Conferences"
"Graphene field-effect transistors-based biosensors for Escherichia coli detection","G. Wu; M. Meyyappan; K. W. Chiu Lai","Department of Mechanical and Biomedical Engineering, City University of Hong Kong, Hong Kong, China; Department of Mechanical and Biomedical Engineering, NASA Ames Research Center, Moffett Field, CA, USA; Department of Mechanical and Biomedical Engineering, City University of Hong Kong, Kowloon, HK",2016 IEEE 16th International Conference on Nanotechnology (IEEE-NANO),"24 Nov 2016","2016","","","22","25","Novel devices are desperately required for effective detection of bacteria because of its potential risks in the fields of food safety and public health. In this paper, we demonstrated graphene field-effect transistors (G-FETs) for Escherichia coli (E. coli) detection. Linker molecules and antibodies were employed to functionalize graphene. Raman spectroscopy and confocal microscopy were used to confirm the functionalization process of the linker molecules and antibodies. The linker molecule (1-pyrenebutanoic acid succinimidyl ester, PBASE) contains two parts: pyrene backbone and succinimidyl ester group. Pyrene attached onto the graphene surface via π-π stacking, and succinimidyl ester group covalently reacted with amino group of antibodies. Antibodies functionalized G-FETs enabled effective E. coli detection. The results showed that the Dirac point of the G-FETs shifted to right after detection of E. coli bacteria. Our G-FETs devices showed an obvious increase in the electrical current when the E. coli concentration was 5×103 CFU/mL. The simple and label-free biosensor reported here possesses promising potential to serve as a platform for other bacteria, protein and small molecule detection.","","978-1-5090-1493-4","10.1109/NANO.2016.7751414","","https://ieeexplore.ieee.org/stamp/stamp.jsp?arnumber=7751414","","Graphene;Microorganisms;Electrodes;Sensors;Logic gates;Microscopy;Surface treatment","","17","","26","IEEE","24 Nov 2016","22-25 Aug. 2016","22-25 Aug. 2016","IEEE","IEEE Conferences"
"Morphological observation of self-aggregation of β-amyloid 1−40","Q. Gao; Y. Fang; X. Tang; G. Wu; K. W. Chiu Lai","Department of Mechanical and Biomedical Engineering, City University of Hong Kong, Hong Kong; School of Mechanical Science and Engineering, Jilin University, China; Department of Mechanical and Biomedical Engineering, City University of Hong Kong, Hong Kong; Department of Mechanical and Biomedical Engineering, City University of Hong Kong, Hong Kong; Department of Mechanical and Biomedical Engineering, City University of Hong Kong, Kowloon, HK",2016 IEEE 16th International Conference on Nanotechnology (IEEE-NANO),"24 Nov 2016","2016","","","51","54","Amyloid peptide beta (Aβ), as the main component of the amyloid plaques present in the patient brains of Alzheimer's disease (AD), is a group of peptides with typical number of amino acid residuals from 39 to 43. Aβ1−40 is the most dominant type in all Aβ variants and possesses the most closely correlation with late-onset AD. Synthetic Aβ1−40 from monomer to fibril in vitro shares many features with the amyloid in plaques. In this study, the aggregations of Aβ1−40 in different solutions were investigated using atomic force microscopy (AFM). Morphological changes of Aβ1−40 from oligomers to fibrils in Hanks' Balanced Salt Solution (HBSS) were observed in detail. Peak Force QNM mode was applied in the AFM scanning to minimize the strong force applied between the probe and protein samples, and the scanning mode also avoided damaging the Aβ1−40 aggregated forms. Study of Aβ1−40 aggregation in different mediums will help choose a desirable solution with minimal impact on cell viability for the further cytotoxicity study.","","978-1-5090-1493-4","10.1109/NANO.2016.7751415","","https://ieeexplore.ieee.org/stamp/stamp.jsp?arnumber=7751415","","Peptides;Imaging;Calcium;Diseases;Magnesium;Temperature measurement;Bars","","","","22","IEEE","24 Nov 2016","22-25 Aug. 2016","22-25 Aug. 2016","IEEE","IEEE Conferences"
"Study of ballasting carbon nanotube field emitter arrays with coaxial gate using doped silicon resistor","Y. Li; Y. Sun; J. T. W. Yeow","Department of Systems Design Engineering, University Ave. W., Waterloo, Ontario, Canada; Department of Systems Design Engineering, University Ave. W., Waterloo, Ontario, Canada; Department of Systems Design Engineering, University Ave. W., Waterloo, Ontario, Canada",2016 IEEE 16th International Conference on Nanotechnology (IEEE-NANO),"24 Nov 2016","2016","","","153","156","One of the limitations of carbon nanotube (CNT) field emitter arrays (FEA) is the non-uniformity of total emission current contribution from each emitter due to geometry variation among CNT field emitters. We previously used a ballast resistor to ballast each emitter's current contribution to improve the reliability and stability of our CNT field emission (FE) cathode with coaxial gate. However, this approach has two main disadvantages: reduced FE current and enlarged power dissipation. In this paper, we improve the ballasting of our CNT FEA with coaxial gate using a doped silicon resistor. Each CNT field emitter is in series with a doped silicon resistor to avoid over current, based on the saturation of drift velocity in doped silicon. The FE current from each emitter can be limited at a desired current level based on the doping density and size of the doped silicon resistor. Those dominating emitter can be protected as gate voltage increases. The proposed approach is expected to improve our CNT cathode reliability and stability.","","978-1-5090-1493-4","10.1109/NANO.2016.7751416","","https://ieeexplore.ieee.org/stamp/stamp.jsp?arnumber=7751416","","Resistors;Electronic ballasts;Iron;Silicon;Logic gates;Cathodes;Substrates","","2","","7","IEEE","24 Nov 2016","22-25 Aug. 2016","22-25 Aug. 2016","IEEE","IEEE Conferences"
"Particle manipulation via opto-thermally generated bubbles in open chip environment","L. Dai; N. Jiao; L. Liu","Beijing Advanced Innovation Center for Imaging Technology, Capital Normal University, Beijing, China; Shenyang Institute of Automation Chinese Academy of Sciences, Shenyang, Liaoning, CN; Beijing Advanced Innovation Center for Imaging Technology, Capital Normal University, Beijing, China",2016 IEEE 16th International Conference on Nanotechnology (IEEE-NANO),"24 Nov 2016","2016","","","30","33","Micro-bubbles have been widely used in microfluidic systems. In this paper, we propose a micro-manipulation technique based on opto-thermally generated bubbles in open chip environment. Micro particles can be captured and moved effectively with a bubble by modulating the position of the laser spot. Analysis, simulations and experiments are involved. This technique doesn't require complicated equipment or chip, and is supposed to be applied for micro assembly, particle separation and transmission.","","978-1-5090-1493-4","10.1109/NANO.2016.7751417","","https://ieeexplore.ieee.org/stamp/stamp.jsp?arnumber=7751417","","Radiation effects;Microfluidics;Optical control;Liquids;Power lasers;Force","","3","","18","IEEE","24 Nov 2016","22-25 Aug. 2016","22-25 Aug. 2016","IEEE","IEEE Conferences"
"Highly sensitive reduce graphene oxide — Molecular imprinted polymer organic thin film transistor for serine detection","N. F. A. Halim; N. H. Musa; Z. Zakaria; S. F. Kamaruddin; A. Mohd Noor; N. Derman; A. Y. M. Shakaff","Centre of Excellence for Advanced Sensor Technology (CEASTech), University Malaysia Perlis, Malaysia; Centre of Excellence for Advanced Sensor Technology (CEASTech), University Malaysia Perlis, Malaysia; Centre of Excellence for Advanced Sensor Technology (CEASTech), University Malaysia Perlis, Malaysia; Centre of Excellence for Advanced Sensor Technology (CEASTech), University Malaysia Perlis, Malaysia; Universiti Malaysia Perlis, Arau, Perlis, MY; School of Material Engineering, University Malaysia Perlis, Malaysia; Centre of Excellence for Advanced Sensor Technology (CEASTech), University Malaysia Perlis, Malaysia",2016 IEEE 16th International Conference on Nanotechnology (IEEE-NANO),"24 Nov 2016","2016","","","284","287","The use of biomimetic sensor has attracted attention due to its sensitivity and selectivity. Molecular imprinted polymer (MIP) among the best synthetic biomimetic interfaces to detect target molecules. However MIP has low electrical conductivity. Sensor fabricated using high conductive polymer will possess a good sensitivity and short response time. Therefore, it is important to enhance the conductivity of MIP, thus it would directly influence charge carrier mobility of the polymer itself. The resulting rGO-MIP OTFT exhibit electrical conductivity of 3.10×10−3 Sm−1 at 0.4wt/vol% and MIP exhibit electrical conductivity of 7.16×10−4 Sm−1. The electrical conductivity of rGO-MIP increased about one in magnitude order compared to MIP. Moreover, this work reports the electrical performance of reduce graphene oxide-molecular imprinted polymer organic thin film transistor (rGO-MIP OTFT) for serine detection. rGO was introduced into MIP, to allow a highly conductive sensing material thus enhanced selectivity and sensitivity of the sensor. By analyzing the electrical performance of the sensors, the performances of OTFT sensor enhanced with rGO-MIP interlayer and OTFT sensor with MIP interlayer when exposed to serine analyte were obtained. The results showed that there were remarkable shifts of drain current obtained from OTFT sensor with rGO-MIP interlayer after exposed to serine analyte. Moreover, the sensitivity of OTFT sensor with rGO-MIP interlayer was nearly higher than the OTFT sensor with MIP interlayer. Hence, it proved that rGO successfully enhanced the sensing performance of OTFT sensor.","","978-1-5090-1493-4","10.1109/NANO.2016.7751418","","https://ieeexplore.ieee.org/stamp/stamp.jsp?arnumber=7751418","","Organic thin film transistors;Polymers;Conductivity;Sensors;Sensitivity;Temperature measurement","","1","","13","IEEE","24 Nov 2016","22-25 Aug. 2016","22-25 Aug. 2016","IEEE","IEEE Conferences"
"Formation of composite nanoparticles behind shock waves generated by dual pulsed laser ablation","E. Ueno; T. Takiya; N. Fukuda","Technical Research Institute, Hitachi Zosen corporation, Osaka, Japan; Technical Research Institute, Hitachi Zosen corporation, Kumamoto, Japan; Office of Society-Academia Collaboration for Innovation, Kyoto University, Kyoto, Japan",2016 IEEE 16th International Conference on Nanotechnology (IEEE-NANO),"24 Nov 2016","2016","","","581","584","In this study, dual pulsed laser ablation was used to prepare composite nanoparticles. Formation of composite nanoparticles was attempted by controlling the amount of time delay between the laser ablation processes, which was accomplished by imposing time delay on the pulse arrival at two different target materials. By monitoring the emission spectra of the laser plume, the relation between the time evolution of the emission spectra and the possibility of composite nanoparticle formation was investigated. In addition, numerical simulations were conducted to compare the rate of nanoparticle formation in homogeneous and heterogeneous nucleation. The results indicated that, under particular conditions in the heterogeneous nucleation, the plume emission spectra represents the time evolution and the conditions of composite nanoparticle formation by the dual laser ablation.","","978-1-5090-1493-4","10.1109/NANO.2016.7751419","","https://ieeexplore.ieee.org/stamp/stamp.jsp?arnumber=7751419","","Nanoparticles;Laser ablation;Delay effects;Measurement by laser beam;Mathematical model;Computational modeling","","","","8","IEEE","24 Nov 2016","22-25 Aug. 2016","22-25 Aug. 2016","IEEE","IEEE Conferences"
"Sampling micro-nano size aerosol by droplet formation and using liquid-based gating mechanism","K. Sakata; T. Yamamoto","Department of Mechanical and Control Engineering, Tokyo Institute of Technology, Tokyo, Japan; Department of Mechanical and Control Engineering, Tokyo Institute of Technology, Tokyo, Japan",2016 IEEE 16th International Conference on Nanotechnology (IEEE-NANO),"24 Nov 2016","2016","","","288","290","There is various potentially hazardous aerosol suspended in atmospheric air, such as virus, exhaust gas, PM 0.1 and 2.5, endospore of bacteria, etc. One of the important issue is a monitoring technology to protect from such the hazardous aerosol from out living sphere. For this purpose, we have tried to develop a sampling mechanism, which is suitable for longtime continuous monitoring purpose. In this work, we have proposed and experimentally demonstrated new sampling method, which was utilized with liquid-gat. By testing the device using a carbon toner as a model of carbon particulate in atmospheric air, we confirmed that the liquid-gate sampling worked successfully.","","978-1-5090-1493-4","10.1109/NANO.2016.7751420","","https://ieeexplore.ieee.org/stamp/stamp.jsp?arnumber=7751420","","Conferences;Nanotechnology","","","","4","IEEE","24 Nov 2016","22-25 Aug. 2016","22-25 Aug. 2016","IEEE","IEEE Conferences"
"Relationship between electric properties and surface flatness of (ZnO)x(InN)1−x films on ZnO templates","K. Matsushima; M. Shiratani; N. Itagaki","Kyushu University, Fukuoka, Japan; Kyushu University, Fukuoka, Japan; Kyushu University, Fukuoka, Japan",2016 IEEE 16th International Conference on Nanotechnology (IEEE-NANO),"24 Nov 2016","2016","","","674","675","We have studied effects of deposition temperature on electrical properties of (ZnO)x(InN)1-x (ZION) films on ZnO templates. With increasing the deposition temperature from RT to 450°C, the electron mobility decreases from 93 cm2/Vs to 70 cm2/Vs and the carrier density increases from 1.8×1019 cm-3 to 3.4×1019 cm-3. Furthermore, we found a correlation between electrical properties and root mean square (RMS) roughness of the films. These results suggest the surface flatness is an important parameter to determine electrical properties of ZION films.","","978-1-5090-1493-4","10.1109/NANO.2016.7751421","","https://ieeexplore.ieee.org/stamp/stamp.jsp?arnumber=7751421","","Films;Zinc oxide;II-VI semiconductor materials;Temperature measurement;Temperature;Surface morphology;Surface treatment","","2","","18","IEEE","24 Nov 2016","22-25 Aug. 2016","22-25 Aug. 2016","IEEE","IEEE Conferences"
"Assembled comb-drive XYZ-microstage with DPPH sample for the 3D scanning of magnetic resonance force microscope","G. Xue; M. Toda; T. Ono","Graduate School of Engineering, Tohoku University, Sendai, JAPAN; Graduate School of Engineering, Tohoku University, Sendai, JAPAN; Graduate School of Engineering, Tohoku University, Sendai, JAPAN",2016 IEEE 16th International Conference on Nanotechnology (IEEE-NANO),"24 Nov 2016","2016","","","980","981","This paper presents an assembled comb-drive XYZ-microstage with large displacements for the scanning of magnetic resonance force microscopy (MRFM) at cryogenic environment. The scanning XYZ-microstage with little affection to the thermal variation and magnetic fields is required. The comb-drive XYZ-microstage is assembled with an XY-microstage, two Z-actuators and a silicon base substrate using a microassembly technology. For measurements, a sample of 1, 1-Diphenyl-2-picrylhydrazyl radical (DPPH) is glued onto the assembled XYZ-microstage. The imaging system is consisted of the scanning XYZ-microstage with DPPH sample, a sensitive cantilever sensor with a small magnetic particle, a fiber-optic interferometer to detect the vibration of the cantilever and a radio frequency (RF) coil. The measurements are performed at low pressure in a vacuum chamber. The vibration of the cantilever sensor based on magnetic force from electron spin resonance (ESR) spectroscopy can be detected through adjusting the magnetic field intensity of the RF coil.","","978-1-5090-1493-4","10.1109/NANO.2016.7751422","","https://ieeexplore.ieee.org/stamp/stamp.jsp?arnumber=7751422","","Magnetic resonance;Force;Atmospheric measurements;Particle measurements;Magnetic particles;Temperature measurement;Magnetic field measurement","","","","4","IEEE","24 Nov 2016","22-25 Aug. 2016","22-25 Aug. 2016","IEEE","IEEE Conferences"
"A theoretical and numerical study on percolation mechanism of carbon nanotube network","L. Wen; M. Zhang","School of Electronic and Computer Engineering, Peking University, Shenzhen, China; School of Electronic and Computer Engineering, Peking University, Shenzhen, China",2016 IEEE 16th International Conference on Nanotechnology (IEEE-NANO),"24 Nov 2016","2016","","","959","962","In this paper, a theoretical and Monte-Carlo analysis on the percolation behavior of single-walled carbon nanotube (SWNT) network is proposed. For such network structures that are commonly used as the conduction channels of thin-film transistors (TFTs), the dependence of channel resistance on channel length, tube density, and average tube length is carefully studied. The tube-tube contact resistance is proved dominant (about 98%) on the whole channel. An accurate analytical dependence of channel resistance on average tube length and density is found through mathematical analysis. The simulation work is implemented using MATLAB and HSPICE, in which a specific trimming algorithm is developed to iteratively cut off all useless branches and provide the real percolation paths. All the simulation results agree well with the theoretical expression.","","978-1-5090-1493-4","10.1109/NANO.2016.7751423","","https://ieeexplore.ieee.org/stamp/stamp.jsp?arnumber=7751423","","Electron tubes;Resistance;Carbon nanotubes;Mathematical model;Transistors;Tunneling;Monte Carlo methods","","1","","17","IEEE","24 Nov 2016","22-25 Aug. 2016","22-25 Aug. 2016","IEEE","IEEE Conferences"
"Low-loss single crystal silver thin films for nanoplasmonics and metamaterials","T. Koiwa; T. Uchino; V. A. Fedotov; J. Y. Ou","Department of Electronics and Intelligent Systems, Tohoku Institute of Technology, Sendai, Japan; Department of Electronics and Intelligent Systems, Tohoku Institute of Technology, Sendai, Japan; Optoelectronics Research Center, University of Southampton, Southampton, UK; Optoelectronics Research Center, University of Southampton, Southampton, UK",2016 IEEE 16th International Conference on Nanotechnology (IEEE-NANO),"24 Nov 2016","2016","","","109","112","We present a simple and robust crystal growth technique, which yields large area single crystal films of silver ideally suited for fabricating plasmonic devices and high-finesse metamaterials. The low-loss silver films with thickness of 110 nm were grown on mica substrates at 500 °C by using a sputtering method. We confirmed high quality of the silver thin films by measuring surface roughness and optical constants. The quality factor of the surface plasmon polaritons estimated from the measured optical constants is 6000 at the wavelength of 1 μm, which is about 20 times higher than the single crystal gold thin films epitaxially grown on LiF substrates.","","978-1-5090-1493-4","10.1109/NANO.2016.7751424","","https://ieeexplore.ieee.org/stamp/stamp.jsp?arnumber=7751424","Metamaterial;Plasmonics;Silver;Nanomaterial;Single Crystal","Films;Silver;Substrates;Plasmons;Crystals;Metamaterials;Glass","","","","11","IEEE","24 Nov 2016","22-25 Aug. 2016","22-25 Aug. 2016","IEEE","IEEE Conferences"
"Antibacterial characteristics of Si nano-pillar array","T. Ito; K. Nakade; N. Asai; T. Shimizu; S. Shingubara","Kansai University, Osaka, Japan; Kansai University, Osaka, Japan; Kansai University, Osaka, Japan; Kansai University, Osaka, Japan; Kansai University, Osaka, Japan",2016 IEEE 16th International Conference on Nanotechnology (IEEE-NANO),"24 Nov 2016","2016","","","82","84","Cicada wings have nanostructures which shows superhydrophobic property, non reflecting to the light, and antibacterial characteristics. To mimic the nano structure of a cicada wing, we fabricated nano-pillar array using metal assisted etching. Fabricated nano-pillar array showed higher antibacterial property for E. coli. Our introduced process has advantages for industrial usage because of low cost and low environmental load based on wet process.","","978-1-5090-1493-4","10.1109/NANO.2016.7751425","","https://ieeexplore.ieee.org/stamp/stamp.jsp?arnumber=7751425","","Conferences;Nanotechnology","","","","5","IEEE","24 Nov 2016","22-25 Aug. 2016","22-25 Aug. 2016","IEEE","IEEE Conferences"
"Analysis of nanoscale voids in nanorod plasmonic clusters for imaging applications","E. Alkhazraji; M. A. Alsunaidi","Electrical Engineering Department, King Fahd University of Petroleum and Mineral, Dhahran, Saudi Arabia; Electrical Engineering Department, King Fahd University of Petroleum and Mineral, Dhahran, Saudi Arabia",2016 IEEE 16th International Conference on Nanotechnology (IEEE-NANO),"24 Nov 2016","2016","","","498","500","A parametric study is performed on the resonance plasmon scattering modes of nanoscale voids within a metallic nano-rod, in terms of the voids' presence, radius, and position, by implementing total-field/scattered-field (TF/SF) in finite-difference time-domain (FDTD). The study is then extended to investigating voids within clusters of metallic nano-rods. A technique is accordingly developed to employ the found results in imaging applications.","","978-1-5090-1493-4","10.1109/NANO.2016.7751426","","https://ieeexplore.ieee.org/stamp/stamp.jsp?arnumber=7751426","","Plasmons;Silver;Imaging;Scattering;Time-domain analysis;Nanoscale devices;Mathematical model","","","","5","IEEE","24 Nov 2016","22-25 Aug. 2016","22-25 Aug. 2016","IEEE","IEEE Conferences"
"Thermal-electronic device and integrated circuit","J. Mizsei; J. Lappalainen; S. Ur; M. Németh; L. Gaál","Department of Electron Devices, Budapest University of Technology and Economics, Budapest, Hungary; University of Oulu, Oulu, Finland; Department of Electron Devices, Budapest University of Technology and Economics, Budapest, Hungary; Department of Electron Devices, Budapest University of Technology and Economics, Budapest, Hungary; Department of Electron Devices, Budapest University of Technology and Economics, Budapest, Hungary",2016 IEEE 16th International Conference on Nanotechnology (IEEE-NANO),"24 Nov 2016","2016","","","966","969","We are proposing a new active thermal-electronic device, the phonsistor (= phonon transistor). This device operates by means of thermal or hot electron coupling between adjacent domains containing metal-insulator transition (MIT) material. The MIT resistor itself has got thyristor-like I–V characteristics due to the high electric field and/or Joule heating and extremely strong step-like resistance drop at a given temperature. The phonsistor consists of only bulk type intrinsic domains, containing significantly fewer regions, junctions, depleted layers, surfaces and interfaces compared to conventional electron devices. Phonsistors can probably be integrated into thermal-electric integrated circuits (TELC).","","978-1-5090-1493-4","10.1109/NANO.2016.7751427","","https://ieeexplore.ieee.org/stamp/stamp.jsp?arnumber=7751427","","Resistors;Heating;Computational modeling;Logic gates;Switches;Integrated circuits;Resistance","","1","","14","IEEE","24 Nov 2016","22-25 Aug. 2016","22-25 Aug. 2016","IEEE","IEEE Conferences"
"Study on lateral ReRAM by the use of in-situ TEM","R. Yonesaka; S. Muto; A. Tsurumaki-Fukuchi; M. Arita; Y. Takahashi","School of Information Science and Technology, Hokkaido University, Sapporo, Japan; School of Information Science and Technology, Hokkaido University, Sapporo, Japan; School of Information Science and Technology, Hokkaido University, Sapporo, Japan; School of Information Science and Technology, Hokkaido University, Sapporo, Japan; School of Information Science and Technology, Hokkaido University, Sapporo, Japan",2016 IEEE 16th International Conference on Nanotechnology (IEEE-NANO),"24 Nov 2016","2016","","","790","791","Lateral ReRAM (Resistive Random Access Memory) made of Cu/WOX/Cu was formed, and its operation was investigated in a transmission electron microscope (TEM) to elucidate the switching mechanism. Resistive switching behavior was realized in TEM. At the Set process changing the device state from high resistance state (HRS) to low resistance state (LRS), a Cu conductive filament grew up from the cathode. This filament was confirmed to be vanished at the reset process recovering HRS.","","978-1-5090-1493-4","10.1109/NANO.2016.7751428","","https://ieeexplore.ieee.org/stamp/stamp.jsp?arnumber=7751428","","Switches;Resistance;Cathodes;Anodes;Microscopy;Metals","","","","10","IEEE","24 Nov 2016","22-25 Aug. 2016","22-25 Aug. 2016","IEEE","IEEE Conferences"
"Effect of short term exposure of ZnO and TiO2 nanoparticles on algae: Chlorella pyrenoidosa & crustacean: Daphnia sp.","K. Akhil; S. S. Khan","Department of chemistry and biosciences, Srinivasa Ramanujan Centre, SASTRA University, Thanjavur, Tamil Nadu, India; Department of chemistry and biosciences, Srinivasa Ramanujan Centre, Shanmugha Arts Science Technology and Research Academy, Thanjavur, Tamil Nadu, IN",2016 IEEE 16th International Conference on Nanotechnology (IEEE-NANO),"24 Nov 2016","2016","","","228","231","Zinc oxide (ZnO) and Titanium dioxide (TiO2) nanoparticles are some of the widely used nanoparticles (NPs) in commercial industry. Thus the chances for the particles to get run off to the aquatic environment and to there by affect the aquatic life are very high. The present study evaluates the short term toxicity of ZnO NPs and TiO2 NPs on Chlorella pyrenoidosa, which is a fresh water algae and on Daphnia sp. which is a common crustacean found in fresh water bodies. NPs were synthesized via chemical co-precipitation technique and characterized using UV-visible spectroscopy, X Ray Diffraction, Scanning Electron Microscope, particle size sizer and zeta sizer. The dosage of the particles was from 0.001 mg/L to 100 mg/L. The study evaluated the chlorophyll content, lipid peroxidation, intracellular protein and extracellular protein as a measure of toxicity against C. pyrenoidsa. The study found that the algae produced excessive amount of extracellular polysaacharides when it gets interacted with the NPs. The light microscopic evaluation also found agglomeration of algal cells when interacted with NPs. The mortality of Daphnia sp. was also studied both in the dark condition and as well as after the irradiation of visible light. The interacted organisms were observed under phase contrast microscope and the images were taken.","","978-1-5090-1493-4","10.1109/NANO.2016.7751429","","https://ieeexplore.ieee.org/stamp/stamp.jsp?arnumber=7751429","","Zinc oxide;II-VI semiconductor materials;Proteins;Nanoparticles;Extracellular;Microscopy;Estimation","","","","11","IEEE","24 Nov 2016","22-25 Aug. 2016","22-25 Aug. 2016","IEEE","IEEE Conferences"
"Feasibility study of ingestible sensor platform powered by gastric acid battery for daily health care","S. Yoshida; H. Miyaguchi; T. Nakamura","Department of Bioengineering, Tohoku University, Sendai, JAPAN; COI STREAM Research Promotion Institution, Tohoku University, Sendai, JAPAN; COI STREAM Research Promotion Institution, Tohoku University, Sendai, JAPAN",2016 IEEE 16th International Conference on Nanotechnology (IEEE-NANO),"24 Nov 2016","2016","","","724","727","In this study, we have proposed an ingestible sensor platform utilizing gastric acid battery for daily healthcare. This platform has a fundamental application to precisely measure core body temperature as one of the most useful vital signs for health check. It also has the expandability to add various biosensors such as pH, pressure sensors etc.. The architecture without a conventional battery is essential to human body safety and environmental load reduction. In addition, the size and cost are expected to be reduced. This paper reports on the feasibility study of the proposed system and key technical elements.","","978-1-5090-1493-4","10.1109/NANO.2016.7751430","","https://ieeexplore.ieee.org/stamp/stamp.jsp?arnumber=7751430","","Batteries;Electrodes;Temperature measurement;Binary phase shift keying;Medical services;Battery charge measurement","","5","","9","IEEE","24 Nov 2016","22-25 Aug. 2016","22-25 Aug. 2016","IEEE","IEEE Conferences"
"Evaluation of serially coupled triple quantum dots with a compact device structure by a simultaneous voltage-sweeping method","T. Uchida; M. Jo; A. Tsurumaki-Fukuchi; M. Arita; A. Fujiwara; Y. Takahashi","Graduate School of Information Science and Technology, Hokkaido University, Sapporo, Japan; Graduate School of Information Science and Technology, Hokkaido University, Sapporo, Japan; Graduate School of Information Science and Technology, Hokkaido University, Sapporo, Japan; Graduate School of Information Science and Technology, Hokkaido University, Sapporo, Japan; NTT Basic Research Laboratories, NTT Corporation, Atsugi, Japan; Graduate School of Information Science and Technology, Hokkaido University, Sapporo, Japan",2016 IEEE 16th International Conference on Nanotechnology (IEEE-NANO),"24 Nov 2016","2016","","","119","122","Series coupled triple quantum dots (TQDs) have been studied as an important element of quantum computers. It is needed to fabricate QD array connected in series with a compact structure to scale up the quantum bits. To develop quantum bits based on the TQDs, evaluation of the charge stability diagram is needed. However, since the center gate usually couples to all dots in the compact TQDs, it is difficult to achieve the charge stability diagram of TQDs by simply scanning the gate voltages. Here, we propose a simple method to achieve the stability diagram of TQDs. First, we check the stability diagram of the compact TQDs by the use of Monte Carlo simulations and succeed in developing a method to achieve the stability diagram by simultaneously sweeping of three gate voltages in the simulation. Then the method is applied to a silicon TQDs device fabricated by pattern-dependent oxidation. As the result, the formation of TQDs together with its stability diagram is confirmed.","","978-1-5090-1493-4","10.1109/NANO.2016.7751431","","https://ieeexplore.ieee.org/stamp/stamp.jsp?arnumber=7751431","","Logic gates;Stability analysis;Capacitance;Thermal stability;Circuit stability;Silicon;Quantum dots","","","","29","IEEE","24 Nov 2016","22-25 Aug. 2016","22-25 Aug. 2016","IEEE","IEEE Conferences"
"Laser direct writing of conductive 3D micropatterns using metal nanoparticle ink","A. Watanabe; J. Cai","Institute of Multidisciplinary Research for Advanced Materials, Tohoku University, Sendai, Japan; Institute of Multidisciplinary Research for Advanced Materials, Tohoku University, Sendai, Japan",2016 IEEE 16th International Conference on Nanotechnology (IEEE-NANO),"24 Nov 2016","2016","","","697","698","The fabrication of a conductive 3D copper micropattern was studied by 3D printing method based on layer-by-layer laser direct writing using a copper nanoparticle ink toward 3D interconnection.","","978-1-5090-1493-4","10.1109/NANO.2016.7751432","","https://ieeexplore.ieee.org/stamp/stamp.jsp?arnumber=7751432","","Writing;Three-dimensional displays;Ink;Substrates;Metals;Pump lasers","","","","3","IEEE","24 Nov 2016","22-25 Aug. 2016","22-25 Aug. 2016","IEEE","IEEE Conferences"
"Laser direct writing micro-supercapacitors from graphene oxide films","J. Cai; C. Lv; A. Watanabe","Institute of Multidisciplinary Research for Advanced Materials, Tohoku University, Aoba-ku Sendai, Japan; Institute of Multidisciplinary Research for Advanced Materials, Tohoku University, Aoba-ku Sendai, Japan; Institute of Multidisciplinary Research for Advanced Materials, Tohoku University, Aoba-ku Sendai, Japan",2016 IEEE 16th International Conference on Nanotechnology (IEEE-NANO),"24 Nov 2016","2016","","","315","317","This study reports the laser direct writing of graphene oxide (GO) to form reduced graphene oxide (RGO)-GO-RGO interdigitated on-chip micro-supercapacitors (MSCs) by reducing GO to RGO. The resolution of the laser writing lines can be lowered to 10 μm, which is much lower than that formed by the CO2 pulse laser, suggesting the potential to fabricate much smaller MSCs in 10 μm scale. The micro-supercapacitor employed GO itself as the humidity-sensitive electrolyte with no need of other electrolytes. The typical device shows a high capacitance of 12.5 mF/cm2 at the scan rate of 10 mV/s at the humidity of 90%, which is much higher than the reported value obtained by the pulsed CO2 laser, even the micro-supercapacitors with electrolytes.","","978-1-5090-1493-4","10.1109/NANO.2016.7751433","","https://ieeexplore.ieee.org/stamp/stamp.jsp?arnumber=7751433","","Writing;Films;Graphene;Laser tuning;Humidity;Capacitance","","5","","9","IEEE","24 Nov 2016","22-25 Aug. 2016","22-25 Aug. 2016","IEEE","IEEE Conferences"
"Flexible thermoelectric power generator based on electrochemical deposition process","N. H. Trung; N. Van Toan; T. Ono","Graduate School of Engineering, Tohoku University, Sendai, Miyagi, JP; Microsystem Integration Center (µSIC), Tohoku University, Sendai, Japan; Graduate School of Engineering, Tohoku University, Sendai, Japan",2016 IEEE 16th International Conference on Nanotechnology (IEEE-NANO),"24 Nov 2016","2016","","","423","425","The harvest of heat energy using a thermoelectric (TE) effect is one of the potential methods for body area network power source. This paper demonstrates a new approach of a chemical electroplating deposition process to fabricate a self-endurance flexible TE generator without top and bottom sustaining substrate. According to that, an idea of horizontal Y type TE cells instead of column π type structure is proposed to enhance the performance of temperature harvest. In the other hand, thick films of thermoelectric materials (N type-bismuth telluride and P type-antimony telluride) are successfully synthesized that greatly reducing internal resistance. With all of these solutions, the significant improvement of power generating performance has been observed. With the temperature difference between human body (around 37°C) and environment ambient (15°C), the device can generate about 3 μW/cm2. The ideas and results from this work can precipitate the development of wearable electronics devices, such as biosensors, health care instruments, mobiles devices, etc.","","978-1-5090-1493-4","10.1109/NANO.2016.7751434","","https://ieeexplore.ieee.org/stamp/stamp.jsp?arnumber=7751434","Thermoelectric materials;flexible thermoelectric power generator;bishmuth Telluride;antimony telluride;electrochemical deposition","Generators;Heating;Tellurium;Power generation;Immune system;Performance evaluation;Films","","1","","9","IEEE","24 Nov 2016","22-25 Aug. 2016","22-25 Aug. 2016","IEEE","IEEE Conferences"
"Preparation and characterization of silica-titania aerogel monoliths by sol-gel method","L. Guangwu; L. Yangang","School of Pharmacy, Shanghai Jiao Tong University, Shanghai, PR China; School of Pharmacy, Shanghai Jiao Tong University, Shanghai, PR China",2016 IEEE 16th International Conference on Nanotechnology (IEEE-NANO),"24 Nov 2016","2016","","","85","88","The sol-gel method and supercritical fluids drying have been carried out for the successfully prepared of silica-titania aerogel monoliths. The obtained aerogel exhibits high properties with a density of 0.135 g/cm3. We characterized the microstructure and physical characteristic of silica-titania aerogel by the specific surface area, SEM, Hot-disk and FTIR. From the results shown that sample possess high specific surface area (614.6 m2/g) and large pore volume (4.4 cm3/g). Thermal conductivity coefficients of aerogel monoliths were in the range of 0.026-0.039W/(m·K) as temperature increased to 400°C, implying a good heat insulation stability. This technology will be helpful to provide a specific exploitation mechanism of silica-titania aerogel and to broaden aerogel applications in environment catalyst.","","978-1-5090-1493-4","10.1109/NANO.2016.7751435","","https://ieeexplore.ieee.org/stamp/stamp.jsp?arnumber=7751435","Silica-titania;Sol-gel synthesis;Specific surface area;Environment catalyst","Silicon compounds;Thermal conductivity;Conductivity;Adsorption;Insulation;Ethanol","","3","","20","IEEE","24 Nov 2016","22-25 Aug. 2016","22-25 Aug. 2016","IEEE","IEEE Conferences"
"Graphene based single molecule detection based on thermoelectric power","L. Jiang; M. S. Hossain; W. Qiu; F. Al-Dirini; E. Skafidas","Mobile systems research group, National ICT Australia (NICTA), Australia; Centre for Neural Engineering (CfNE), University of Melbourne, Carlton, VIC, Australia; The University of Melbourne, Melbourne, VIC, AU; Department of Electrical and Electronic Engineering, University of Melbourne, Parkville, VIC, Australia; Centre for Neural Engineering (CfNE), University of Melbourne, Carlton, VIC, Australia",2016 IEEE 16th International Conference on Nanotechnology (IEEE-NANO),"24 Nov 2016","2016","","","188","190","Graphene's extraordinary electrical, electrochemical and structural property holds great promise for biological sensing applications. In most graphene based sensing studies, the changes in conductance are widely employed as a method for detection. Here, we propose the graphene thermoelectric property, such as the thermo power profile, can also be used for sensing purposes. We conducted a first principle study of the graphene thermoelectric sensing devices, employed the density functional theory combined with non-equilibrium green function formalism (DFT-NEGF). We found that the thermoelectric power of a graphene nano ribbon (GNR) device is significantly affected by surface attachment of molecules, which in turn can be used for single molecule sensing. Our study presents a simple thermoelectric based sensing device that may provide an alternative way of doing bio sensing.","","978-1-5090-1493-4","10.1109/NANO.2016.7751436","","https://ieeexplore.ieee.org/stamp/stamp.jsp?arnumber=7751436","Graphene;nanoribbon;DNA;sensing;DFT;NEGF;thermoelectric","Graphene;Biosensors;Nanoscale devices;Australia;DNA;Current measurement","","1","","14","IEEE","24 Nov 2016","22-25 Aug. 2016","22-25 Aug. 2016","IEEE","IEEE Conferences"
"Hybrid CMOS-OxRAM RNG circuits","S. Sahay; M. Suri; A. Kumar; V. Parmar","Department of Electrical Engineering, Indian Institute of Technology, Delhi, India; Department of Electrical Engineering, Indian Institute of Technology, Delhi, India; Department of Electrical Engineering, Indian Institute of Technology, Delhi, India; Department of Electrical Engineering, Indian Institute of Technology, Delhi, India",2016 IEEE 16th International Conference on Nanotechnology (IEEE-NANO),"24 Nov 2016","2016","","","393","396","Compact, low-power random number generators (RNG) are essential for applications such as stochastic, bio-inspired-computing and secure system data encryption/communication. We demonstrate for the first time highly scalable RNG circuits based on the reset-state transient current fluctuation of resistive switching OxRAM devices. We propose- (i) single OxRAM based pseudo-random number generator (PRNG) and (ii) 2-OxRAM based true-random number generator (TRNG) circuits. The proposed hybrid RNG circuits have been validated for 10 nm thick HfOx devices at 180 nm CMOS node. Chi-square test, serial spectral test and covariance/correlation-based analysis are performed to analyze the performance of the proposed hybrid RNG nanocircuits.","","978-1-5090-1493-4","10.1109/NANO.2016.7751437","","https://ieeexplore.ieee.org/stamp/stamp.jsp?arnumber=7751437","RRAM;RNG;OxRAM;reset current fluctuation;PRNG;stochastic computing","Cryptography;Fluctuations;Indexes;Hafnium compounds;Sensors;Logic gates","","11","","25","IEEE","24 Nov 2016","22-25 Aug. 2016","22-25 Aug. 2016","IEEE","IEEE Conferences"
"Molecular simulation approach to better understand action mode of boundary additives at the nano scale","S. Loehle","Total Marketing&Services company, Solaize, FRANCE",2016 IEEE 16th International Conference on Nanotechnology (IEEE-NANO),"24 Nov 2016","2016","","","879","880","In the automotive industry, the control of friction and wear by the lubricant in thermal engines and gear box is one of the most important issues for fuel economy. Therefore, it is needed to better understand the nature of tribochemical reactions with specific materials and competition of additives in the formulated lubricant in order to design and develop better lubricants that also address environmental requirements. The computational chemistry approach can give us dynamic information at the atomistic and electronic levels and appears to be a powerful tool to achieve this objective.","","978-1-5090-1493-4","10.1109/NANO.2016.7751438","","https://ieeexplore.ieee.org/stamp/stamp.jsp?arnumber=7751438","","Additives;Friction;Lubricants;Adsorption;Chemicals;Iron","","","","4","IEEE","24 Nov 2016","22-25 Aug. 2016","22-25 Aug. 2016","IEEE","IEEE Conferences"
"Niclosamide loaded cationic Solid Lipid Nanoparticles for treatment of Cancer","N. K. Jain; R. Srivastava; V. Naidu","Department of Bioscience and Bioengineering, Indian Institute of Technology Bombay, Mumbai, India; Department of Bioscience and Bioengineering, Indian Institute of Technology Bombay, Mumbai, India; National Institute of Pharmaceutical Education and Research Hyderabad, Hyderabad, India",2016 IEEE 16th International Conference on Nanotechnology (IEEE-NANO),"24 Nov 2016","2016","","","245","248","Niclosamide (NIC), an anthelminthic drug exhibits poor oral bioavailability due to hydrophobic nature which limits its in vivo application. In recent times, NIC has been reported to exhibit anticancer activity against wide range of tumors. Solid Lipid Nanoparticles (SLNs) of NIC were prepared using solid lipid Glyceryl monostearate, charge modifier stearyl amine, soya lecithin, and tween 80 by emulsion solvent evaporation technique. The SLNs were characterized for their size and zeta potential using Zetasizer. Whereas, the morphology was studied using TEM analysis. The results suggested the formation of positively charged SLNs with a size range of 197.3±18.08nm and zeta potential of +10±3.43 mV. The interaction of the excipients with the drug was studied using FTIR which suggested their compatibility with NIC. The entrapment efficiency and loading efficiency was determined and found to be 75.64±8.49% and 8.16±0.31% respectively. The results of the drug release study indicated the prolonged and sustained release of NIC over a period of 24h. Hence, the NIC loaded solid lipid nanoparticles can deliver the drug for sustained period of time which can be used in the treatment of Cancer.","","978-1-5090-1493-4","10.1109/NANO.2016.7751439","","https://ieeexplore.ieee.org/stamp/stamp.jsp?arnumber=7751439","","Drugs;Cancer;Lipidomics;Solids;Nanoparticles;In vitro;Loading","","5","","13","IEEE","24 Nov 2016","22-25 Aug. 2016","22-25 Aug. 2016","IEEE","IEEE Conferences"
"Nanocomposite transducer with a laser ultarsound transmitter and a piezoelectric receiver","J. Kim; W. -Y. Chang; S. Huang; X. Jiang","Department of Mechanical and Aerospace Engineering, North Carolina State University, Raleigh, North Carolina, USA; Department of Mechanical and Aerospace Engineering, North Carolina State University, Raleigh, North Carolina, USA; Department of Mechanical and Aerospace Engineering, North Carolina State University, Raleigh, North Carolina, USA; Department of Mechanical and Aerospace Engineering, North Carolina State University, Raleigh, North Carolina, USA",2016 IEEE 16th International Conference on Nanotechnology (IEEE-NANO),"24 Nov 2016","2016","","","191","192","Laser ultrasound transducers, converting the laser pulses into acoustic waves with high frequency, broadband and high pressure amplitude, is attractive to many biomedical and industrial applications. In this paper, nanocomposites consisting of carbon nanomaterials, PDMS and PVDF were incorporated into a transducer structure for ultrasound transmitting and receiving. The prototyped nanocomposite transducers were characterized by conducting pulse-echo tests. The obtained center frequency is 12 MHz, -6 dB fractional bandwidth is 138%, and the signal-to-noise ratio of 42 dB with an excitation of ~5 mJ of 532 nm, 6 ns pulsed laser. These initial findings strongly suggest that laser ultrasound transducers are promising for advanced ultrasound imaging applications.","","978-1-5090-1493-4","10.1109/NANO.2016.7751440","","https://ieeexplore.ieee.org/stamp/stamp.jsp?arnumber=7751440","photoacoustic imaging;nanocomposite;laser ultrasound;ultrasound transducer","Ultrasonic imaging;Transducers;Laser excitation;Films;Laser applications;Imaging","","1","","9","IEEE","24 Nov 2016","22-25 Aug. 2016","22-25 Aug. 2016","IEEE","IEEE Conferences"
"Excitation of surface plasmon polaritons on titanium nitride thin films through energy transfer from dye molecules","S. Murai; Y. Daido; R. Kamakura; K. Fujita; K. Tanaka","JST, Kawaguchi, Saitama, Japan; Kyoto University Katsura, Nishikyo, Kyoto, Japan; Kyoto University Katsura, Nishikyo, Kyoto, Japan; Kyoto University Katsura, Nishikyo, Kyoto, Japan; Kyoto University Katsura, Nishikyo, Kyoto, Japan",2016 IEEE 16th International Conference on Nanotechnology (IEEE-NANO),"24 Nov 2016","2016","","","59","62","We have fabricated titanium nitride (TiN) thin films on sapphire substrates by pulsed laser deposition (PLD) technique, and excited surface plasmon polaritons (SPPs) on TiN thin films by energy transfer from dye molecules. The system was fabricated by depositing a thin polymer layer containing rhodamine 6G (R6G) on a TiN thin film, separated by a thin spacer made of silica. The SPPs were excited by irradiating the dye layer with a blue laser. We successfully collected radiation from SPPs by converting them into far-field radiation using a prism coupling technique.","","978-1-5090-1493-4","10.1109/NANO.2016.7751441","","https://ieeexplore.ieee.org/stamp/stamp.jsp?arnumber=7751441","","Tin;Reflectivity;Plasmons;Gold;Substrates;Energy exchange;Films","","","","21","IEEE","24 Nov 2016","22-25 Aug. 2016","22-25 Aug. 2016","IEEE","IEEE Conferences"
"Regulation of cell adhesion to poly(ethylene glycol) diacrylate film by modification with polystyrene nano-spheres","W. Yang; H. Yu; Y. Wang; L. Liu","University of Chinese Academy of Sciences, Chinese Academy of Sciences, Shenyang, China; Shenyang Institute of Automation, Chinese Academy of Sciences, Shenyang, China; Shenyang Institute of Automation, Chinese Academy of Sciences, Shenyang, China; Shenyang Institute of Automation, Chinese Academy of Sciences, Shenyang, China",2016 IEEE 16th International Conference on Nanotechnology (IEEE-NANO),"24 Nov 2016","2016","","","508","510","Poly(ethylene glycol) diacrylate (PEGDA) are being investigated for various tissue engineering applications for its biocompatibility and excellent mechanical properties. However, the native PEGDA films can hinder cell adhesion which limits applications in the field of tissue engineering and biomedicine. Recently, nano composite technology has been a particularly hot topic because of it can be used to modify deliver to the materials properties. In this paper, we have added polystyrene nano-spheres into the PEGDA solution to synthesize nanocomposites film. The experimental results show that the adhesion of cell on PEGDA film can be regulated by the concentration of polystyrene nano-spheres. The cell adhesion and spread can be improved through increasing concentration of polystyrene nano-spheres. Furthermore, we find that the spheres can also change the mechanical properties of PEGDA films and further affect the cell growth status.","","978-1-5090-1493-4","10.1109/NANO.2016.7751442","","https://ieeexplore.ieee.org/stamp/stamp.jsp?arnumber=7751442","","Films;Adhesives;Surface morphology;Scanning electron microscopy;Tissue engineering;Mechanical factors","","3","","7","IEEE","24 Nov 2016","22-25 Aug. 2016","22-25 Aug. 2016","IEEE","IEEE Conferences"
"Analysis of a Lloyd's mirror interferometer for fabrication of gratings","Z. Ren; R. Aihara; Y. Shimizu; S. Ito; Y. -L. Chen; W. Gao","Department of Nanomechanics, Tohoku Univerisy, Sendai, Japan; Department of Nanomechanics, Tohoku Univerisy, Sendai, Japan; Department of Nanomechanics, Tohoku Univerisy, Sendai, Japan; Department of Nanomechanics, Tohoku Univerisy, Sendai, Japan; Department of Nanomechanics, Tohoku Univerisy, Sendai, Japan; Department of Nanomechanics, Tohoku Univerisy, Sendai, Japan",2016 IEEE 16th International Conference on Nanotechnology (IEEE-NANO),"24 Nov 2016","2016","","","982","983","This paper presents the analysis of an orthogonal multi-beam Lloyd's mirror interferometer for fabrication of two-axis gratings, which is employed as a measurement standard. Conventionally, for the fabrication of such complicated micro patterns, ultra-precision turning with a fast tool servo or lithography process with masks has been employed. However, they require long machining or fabrication time. Meanwhile, laser interference lithography such as the Lloyd's mirror interferometer is expected as a candidate for fabrication of such periodic micro patterns. In this paper, a new optical configuration is designed based on the Lloyd's mirror interferometer. In the proposed design, differing from the one in the previous study, two mirrors and a substrate are set to be perpendicular with each other to fabricate two-axis grating patterns having both symmetric profiles and uniform depths over the wide fabrication area, which has been difficult to be achieved in the previous study. A design and fabrication of the optical configuration for the orthogonal multi-beam Lloyd's mirror interferometer, and some experimental results with the interferometer will be reported.","","978-1-5090-1493-4","10.1109/NANO.2016.7751443","","https://ieeexplore.ieee.org/stamp/stamp.jsp?arnumber=7751443","","Gratings;Mirrors;Laser beams;Substrates;Optical interferometry;Measurement by laser beam;Fabrication","","2","","4","IEEE","24 Nov 2016","22-25 Aug. 2016","22-25 Aug. 2016","IEEE","IEEE Conferences"
"Development of a new methodology for building three-dimensional nanostructures","J. F. Ventrici de Souza; T. Kuhl; G. -y. Liu","Department of Chemistry, University of California, Davis, USA; Chemical Engineering and Material Sciences, University of California, Davis, USA; Department of Chemistry, University of California, Davis, USA",2016 IEEE 16th International Conference on Nanotechnology (IEEE-NANO),"24 Nov 2016","2016","","","806","808","Three dimension (3D) printers are commercially available with resolution as high as micrometers. Further miniaturization would require development of both materials, instruments, as well as methodology in order to attain required spatial precision to reach nanometer scale. This presentation reports our recent progress in producing 3D nanostructures using an atomic force microscopy (AFM) based method. Nanometer scale lines, cross-grids, and pyramids were constructed following designed geometry and size. The products were also characterized in situ using AFM to demonstrate the fidelity and spatial precision. The enabling aspects of 3D nanoprinting should have significant impact on a broad range of applications including tissue engineering, biomaterials, biomimetics, nanophotonics materials, and nanodevices.","","978-1-5090-1493-4","10.1109/NANO.2016.7751444","","https://ieeexplore.ieee.org/stamp/stamp.jsp?arnumber=7751444","","Plastics;Surface topography;Force;Probes","","","","18","IEEE","24 Nov 2016","22-25 Aug. 2016","22-25 Aug. 2016","IEEE","IEEE Conferences"
"Study of γ-Fe2O3/Au core/shell nanoparticles as the contrast agent for high-Tc SQUID-based low field nuclear magnetic resonance","K. -L. Chen; Y. -W. Yeh; S. -H. Liao; C. -H. Wu; L. -M. Wang","Department of Physics, National Chung Hsing University, Taichung, Taiwan; Department of Physics, National Chung Hsing University, Taichung, Taiwan; Institute of Electro-Optical Science and Technology, National Taiwan Normal University, Taipei, Taiwan; Institute of Nanoscience, National Chung Hsing University, Taichung, Taiwan; Department of Physics, National Taiwan University, Taipei, Taiwan",2016 IEEE 16th International Conference on Nanotechnology (IEEE-NANO),"24 Nov 2016","2016","","","585","586","To improve the image contrast, the so-called contrast agents (CAs) are often used in magnetic resonance image (MRI). CAs are generally paramagnetic or superparamagnetic nanoparticle suspensions. To increase the applicability of low field nuclear magnetic resonance (LFNMR) or LFMRI system, CAs also have been introduced to enhance the image contrast. In this work, we synthesized the γ-Fe2O3/Au core/shell (γ-Fe2O3@Au) nanoparticle and applied it to a homemade high-Tc SQUID-based LFNMR system to study the characteristics of γ-Fe2O3@Au nanoparticle as the contrast agent for the LFNMR system. The average hydrodynamic sizes of the synthesized γ-Fe2O3@Au nanoparticles are 28.38 ± 6.26 nm in diameter. The γ-Fe2O3@Au nanoparticles exhibit a characteristic absorption peak at 536 nm from the contribution of localized surface plasmon resonance of Au shell. The spin-lattice relaxation rate, 1/T1, and the spin-spin relaxation rate, 1/T2, varied with the concentration of γ-Fe2O3@Au nanoparticle. Compared with the data measured in high field (7 Tesla), we found that the γ-Fe2O3@Au nanoparticle is a promising T1-relaxing CA for LFNMR.","","978-1-5090-1493-4","10.1109/NANO.2016.7751445","","https://ieeexplore.ieee.org/stamp/stamp.jsp?arnumber=7751445","","Nanoparticles;Magnetic resonance imaging;Magnetic cores;Nuclear magnetic resonance;Protons;Superconducting magnets;Ions","","2","","6","IEEE","24 Nov 2016","22-25 Aug. 2016","22-25 Aug. 2016","IEEE","IEEE Conferences"
"Mass measurement of single nanoparticle by trapping in water droplet","K. Goto; K. Moritani; N. Inui","Graduate School of Engineering, University of Hyogo, Himeji, Japan; Graduate School of Engineering, University of Hyogo, Himeji, Japan; Graduate School of Engineering, University of Hyogo, Himeji, Japan",2016 IEEE 16th International Conference on Nanotechnology (IEEE-NANO),"24 Nov 2016","2016","","","214","217","We present a method of determining the mass of a single picogram particle by observing its Brownian motion near the bottom of a droplet of water. The motion of the particle caused by thermal fluctuation is restricted within a narrow region because of gravity, and the vertical displacement of the particle from the bottom of the droplet depends on its mass. Since the particle is trapped inside the droplet, the mean horizontal displacement decreases as the mass of the particle increases. Hence, the mass can be determined by observing displacement. Although a modeling error arises from neglecting the electrical double-layer interaction between a particle and water surface, we show that its influence on the mass is very small.","","978-1-5090-1493-4","10.1109/NANO.2016.7751446","","https://ieeexplore.ieee.org/stamp/stamp.jsp?arnumber=7751446","","Electric potential;Atmospheric measurements;Particle measurements;Nanoparticles;Gold;Gravity","","","","10","IEEE","24 Nov 2016","22-25 Aug. 2016","22-25 Aug. 2016","IEEE","IEEE Conferences"
"Electrical-thermal characterization of carbon nanotube based through glass vias for 3-D integration","L. Qian; G. Shi; Y. Ye","Faculty of Electrical Engineering and Computer Science, Ningbo University, Ningbo, China; College of Mechanical and Electrical Engineering, China Jiliang University, Hangzhou, China; Faculty of Electrical Engineering and Computer Science, Ningbo University, Ningbo, China",2016 IEEE 16th International Conference on Nanotechnology (IEEE-NANO),"24 Nov 2016","2016","","","663","666","Through glass vias (TGVs) is the core technology of three dimensional (3-D) integration. This paper extracts the equivalent electrical parameters of carbon nanotube (CNT) based TGVs and establishes the distributed transmission line model of ground-signal-signal-ground (GSSG) type TGV interconnects. Based on the proposed equivalent circuit model, the effect of various design parameters, such as via pitch, via radius and material properties on the electrical performance of TGV interconnects is evaluated. Due to the domination of conductor loss, it is seen that the electrical characterization of TGV interconnects is totally different from that of conventional through silicon vias (TSVs). Comparison in peak temperature using COMSOL shows that the thermal performance of 3-D integration with glass interposer is significantly improved by replacing copper with CNT in via application.","","978-1-5090-1493-4","10.1109/NANO.2016.7751447","","https://ieeexplore.ieee.org/stamp/stamp.jsp?arnumber=7751447","","Integrated circuit interconnections;Glass;Silicon;Inductance;Carbon nanotubes;Thermal conductivity;Conductivity","","1","","15","IEEE","24 Nov 2016","22-25 Aug. 2016","22-25 Aug. 2016","IEEE","IEEE Conferences"
"Hydrogel-based electrical stimulation culture system to control the engineered cellular activities driven by nano biomolecules","K. Nagamine; H. Sato; H. Kai; H. Kaji; M. Nishizawa","Graduate School of Engineering, Tohoku University, Sendai, Japan; Graduate School of Engineering, Tohoku University, Sendai, Japan; Graduate School of Engineering, Tohoku University, Sendai, Japan; Graduate School of Engineering, Tohoku University, Sendai, Japan; Graduate School of Engineering, Tohoku University, Sendai, Japan",2016 IEEE 16th International Conference on Nanotechnology (IEEE-NANO),"24 Nov 2016","2016","","","232","233","The hydrogel-based electrical stimulation culture device composed of portable cellular micropatterns and the flexible and stretchable PEDOT/PU electrode arrays were developed to afford in vitro cell-based bioassay system. Electrical regulation of muscle cellular contraction driven by intracellular nano-actuator composed of biomolecules was successfully demonstrated by using this system.","","978-1-5090-1493-4","10.1109/NANO.2016.7751448","","https://ieeexplore.ieee.org/stamp/stamp.jsp?arnumber=7751448","","Films;Muscles;Electrodes;Electrical stimulation;Fluorescence;Biomedical monitoring;Neurons","","","","6","IEEE","24 Nov 2016","22-25 Aug. 2016","22-25 Aug. 2016","IEEE","IEEE Conferences"
"Nano-scale oxide layer prepared by plasma oxidation on single-crystalline aluminum film","P. -Y. Chen; C. -C. Wu; Y. -T. Fan; S. -D. Lin","Department of Electronics Engineering, National Chiao Tung University; Department of Electronics Engineering, National Chiao Tung University; Department of Electronics Engineering, National Chiao Tung University; Department of Electronics Engineering, National Chiao Tung University",2016 IEEE 16th International Conference on Nanotechnology (IEEE-NANO),"24 Nov 2016","2016","","","809","811","The plasma oxidation on single crystalline Al thin film grown by molecular beam epitaxy is presented. The dependence of oxidation rates on the N2O flux, the substrate temperature, the RF power, and the chamber pressure is studied with auger electron spectroscopy and transmission electron microscope. Our work provides a simple way to prepare a smooth nano-scale Al2O3 film on aluminum, which is a key step to fabricate ultraviolet plasmonic nanolasers.","","978-1-5090-1493-4","10.1109/NANO.2016.7751449","","https://ieeexplore.ieee.org/stamp/stamp.jsp?arnumber=7751449","","Oxidation;Films;Aluminum oxide;Substrates;Plasma temperature","","5","","5","IEEE","24 Nov 2016","22-25 Aug. 2016","22-25 Aug. 2016","IEEE","IEEE Conferences"
"Preparation of magnesium nanowires by physical vapor deposition","X. Song; H. Wang; B. Zhang","University of Science and Technology Beijing, Beijing; University of Science and Technology Beijing, Beijing; University of Science and Technology Beijing, Beijing",2016 IEEE 16th International Conference on Nanotechnology (IEEE-NANO),"24 Nov 2016","2016","","","261","263","Magnesium nanowires with different morphologies have been successfully prepared by means of physical vapor deposition method, and the influence factors on the formation of these magnesium nanowires have been discussed.","","978-1-5090-1493-4","10.1109/NANO.2016.7751450","","https://ieeexplore.ieee.org/stamp/stamp.jsp?arnumber=7751450","","Magnesium;Nanowires;Steel;Hydrogen;Electron tubes;Nanomaterials;Temperature","","","","9","IEEE","24 Nov 2016","22-25 Aug. 2016","22-25 Aug. 2016","IEEE","IEEE Conferences"
"Nano-steganography using atomic force microscopy","J. Kudelka; T. Martinek; M. Navratil; V. Kresalek","Department of Electronics and Measurement Faculty of Applied Informatics, Tomas Bata University in Zlin, Zlin, Czech Republic; Department of Electronics and Measurement Faculty of Applied Informatics, Tomas Bata University in Zlin, Zlin, Czech Republic; Department of Electronics and Measurement Faculty of Applied Informatics, Tomas Bata University in Zlin, Zlin, Czech Republic; Department of Electronics and Measurement Faculty of Applied Informatics, Tomas Bata University in Zlin, Zlin, Czech Republic",2016 IEEE 16th International Conference on Nanotechnology (IEEE-NANO),"24 Nov 2016","2016","","","157","159","This paper presents physical nano-steganography for secret data transmission. The experimental code was engraved into the base polycarbonate plastic layer of a compact disc by atomic force microscopy nanolithography. The advantage is that such information cannot be found using optical microscopes and it is very problematic to find it even by the most of electron microscopes due to the subtle variations in height.","","978-1-5090-1493-4","10.1109/NANO.2016.7751451","","https://ieeexplore.ieee.org/stamp/stamp.jsp?arnumber=7751451","","Force;Atomic force microscopy;Optical microscopy;Nanolithography;Transmission electron microscopy;Atom optics","","","","11","IEEE","24 Nov 2016","22-25 Aug. 2016","22-25 Aug. 2016","IEEE","IEEE Conferences"
"Enhanced magnetic properties of carbon nanotubes and multilayer graphene decorated with Co3O4","D. Seifu; L. Giri; H. Hong; G. Mallick; S. P. Karna; M. S. Seehra","Department of Physics, Morgan State University, Baltimore, Maryland, USA; Weapons and Materials Research Directorate, Army Research Laboratory, Maryland, USA; Department of Material and Metallurgical Engineering, South Dakota School of Mines and Technology, Rapid City, South Dakota, USA; Weapons and Materials Research Directorate, Army Research Laboratory, Maryland, USA; Weapons and Materials Research Directorate, Army Research Laboratory, Maryland, USA; Department of Physics & Astronomy, West Virginia University, Morgantown, WV",2016 IEEE 16th International Conference on Nanotechnology (IEEE-NANO),"24 Nov 2016","2016","","","587","590","Here we report evidence of enhanced magnetic properties of carbon nanotubes (CNTs) and multilayer graphene (MLG) decorated with Co3O4 nanoparticles (NPs). These 1:1 CNTs/Co3O4 and MLG/Co3O4 nano-composites were prepared by a one-step ultrasonic treatment in sodium dodecylbenzene sulfonate (SDBS) surfactant. Structure and morphology of the composites were verified using X-ray diffraction, scanning and transmission electron microscopy, and Raman spectroscopy. Magnetization (M) vs. magnetic field (H) measurements at room temperature in H up to 2.5 kOe showed that the measured M= MS at 2.5 kOe in both the CNT/Co3O4 and MLG/Co3O4 nanocomposites is enhanced by a factor of about 2.5 as compared to MS expected from the simple addition of MS measured for the two components of the nanocomposites. This is surprising since Co3O4 is a paramagnet at room temperature. These enhanced magnetic properties in the nanocomposites likely result from contributions from Co3+ ions which being in the low-spin S=0 state are non-magnetic in pristine Co3O4 but become magnetic in the reduced crystalline symmetry of the interface layers in CNTs/Co3O4 and MLG/Co3O4.","","978-1-5090-1493-4","10.1109/NANO.2016.7751452","","https://ieeexplore.ieee.org/stamp/stamp.jsp?arnumber=7751452","","Nanocomposites;Magnetic hysteresis;Temperature measurement;Magnetic properties;Nanoparticles;Perpendicular magnetic anisotropy","","4","","22","IEEE","24 Nov 2016","22-25 Aug. 2016","22-25 Aug. 2016","IEEE","IEEE Conferences"
"Defect-free germanium etching for 3D Fin MOSFET using neutral beam etching","E. -T. Lee; S. Noda; W. Mizubayashi; K. Endo; S. Samukawa","Fluid Science Institute of Tohoku University, Sendai, Miyag, Japan; Fluid Science Institute of Tohoku University, Sendai, Miyag, Japan; Nanoelectronics Research Institute, Advanced Industrial Science and Technology, Tukuba, Ibaraki, Japan; Nanoelectronics Research Institute, Advanced Industrial Science and Technology, Tukuba, Ibaraki, Japan; Fluid Science Institute of Tohoku University, Sendai, Miyag, Japan",2016 IEEE 16th International Conference on Nanotechnology (IEEE-NANO),"24 Nov 2016","2016","","","816","818","Several-ten nanometer-width Ge Fin structure with defect-free, vertical and smooth sidewall were successively delineated by a neutral beam etching method using pure Cl2 gas chemistry for developing three dimensional channel FETs. The cross-sectional profile of the Ge Fins tended to have bottom tails without undercuts beneath etching masks in the best etching conditions. The bottom tails were eliminated by increasing Cl neutral beam energy and increasing substrate temperature. Very precise dimension control became possible by adjusting those two conditions. High resolution TEM observations revealed that the Ge Fin sidewalls, which were supposed to be FET channels, etched by the neutral beam seemed very smooth in a substantially atomic level while those ones etched in a plasma had relatively rough surfaces due to plasma damages.","","978-1-5090-1493-4","10.1109/NANO.2016.7751453","","https://ieeexplore.ieee.org/stamp/stamp.jsp?arnumber=7751453","","Etching;Particle beams;Plasma temperature;Silicon;Field effect transistors","","1","","11","IEEE","24 Nov 2016","22-25 Aug. 2016","22-25 Aug. 2016","IEEE","IEEE Conferences"
"Design and fabrication of electrothermal SiC nanoresonators for high-resolution nanoparticle sensing","T. Dinh; H. -P. Phan; T. Kozeki; A. Qamar; T. Namazu; Y. Zhu; N. -T. Nguyen; D. V. Dao","Queensland Micro- and Nanotechnology Centre, Griffith University, Queensland, Australia; Queensland Micro- and Nanotechnology Centre, Griffith University, Queensland, Australia; Department of Mechanical Engineering, University of Hyogo, Hyogo, Japan; Queensland Micro- and Nanotechnology Centre, Griffith University, Queensland, Australia; Department of Mechanical Engineering, University of Hyogo, Hyogo, Japan; Queensland Micro- and Nanotechnology Centre, Griffith University, Queensland, Australia; Queensland Micro- and Nanotechnology Centre, Griffith University, Queensland, Australia; Queensland Micro- and Nanotechnology Centre, Griffith University, Queensland, Australia",2016 IEEE 16th International Conference on Nanotechnology (IEEE-NANO),"24 Nov 2016","2016","","","160","163","In this work, we present the design and fabrication of high-frequency SiC nanoresonators for highly sensitive nanoparticle sensing. A 280-nm single crystalline SiC film was grown on a Si wafer, and released from the substrate using an isotropic dry etching process. The SiC nanoresonators were then formed using the Focused Ion Beam technique. The simulation results show that the as-fabricated resonators can be thermally actuated at a very high in-plane resonant frequency of 366.11 MHz, and utilized as sensitive nano-particle sensing elements with a high mass sensitivity of 233 kHz/femtogram. These data indicate the possibility of developing SiC nanoresonators for high-resolution mass sensing and other high-frequency applications.","","978-1-5090-1493-4","10.1109/NANO.2016.7751454","","https://ieeexplore.ieee.org/stamp/stamp.jsp?arnumber=7751454","","Silicon carbide;Sensors;Resonant frequency;Silicon;Actuators;Fabrication;Chemical sensors","","1","","19","IEEE","24 Nov 2016","22-25 Aug. 2016","22-25 Aug. 2016","IEEE","IEEE Conferences"
"Control of VW and SK growth modes in Ge quantum dot formation on Si(100) via carbon mediation","Y. Itoh; T. Kawashima; K. Washio","Graduate School of Engineering and DIARE, Tohoku University, Sendai, Japan; Department of Electronic Engineering, Tohoku University, Sendai, Japan; Tohoku Daigaku, Sendai, Miyagi, JP",2016 IEEE 16th International Conference on Nanotechnology (IEEE-NANO),"24 Nov 2016","2016","","","694","696","Control and mechanism analysis of Ge quantum dot (QD) formation on Si(100) by using two carbon (C) mediated methods, c(4×4) surface reconstruction (SR) and solid-phase epitaxy (SPE), was demonstrated for the first time. Si surface was reconstructed via the formation of C-Si bonds in advance of Ge deposition in SR method, QDs grew in Volmer-Wever mode due to the preferential nucleation on uncarbonized Si surface. Ge QDs were formed by annealing an amorphous Ge/C/Si heterostructure in SPE method, QDs grew in Stranski-Krastanov mode due to the incorporation of C-Ge bonds. Investigations, in this work, clarified that both c(4×4) surface reconstruction and strain relief played important roles through the analyses of surface morphology and C binding states.","","978-1-5090-1493-4","10.1109/NANO.2016.7751455","","https://ieeexplore.ieee.org/stamp/stamp.jsp?arnumber=7751455","","Surface reconstruction;Silicon;Etching;Surface morphology;Mediation;Quantum dots","","","","13","IEEE","24 Nov 2016","22-25 Aug. 2016","22-25 Aug. 2016","IEEE","IEEE Conferences"
"Tribological properties of polycrystalline diamond films prepared by hot-filament chemical vapor deposition methods","H. Nagasaka; K. Ito; J. Mori; T. Shimizu; S. Sasaki","Tokyo Metropolitan Industrial Technology Research Institute, Japan; Department of Mechanical Engineering, Tokyo University of Science; Tanken Seal Seiko Co., Ltd; Tokyo Metropolitan University; Department of Mechanical Engineering, Tokyo University of Science",2016 IEEE 16th International Conference on Nanotechnology (IEEE-NANO),"24 Nov 2016","2016","","","616","619","Polycrystalline diamond (PCD) films prepared by chemical vapor deposition (CVD) can improve surface properties of hard materials. In this study, the growth rates of PCD film prepared by hot-filament CVD have been investigated on the influence of CH4 concentration. Tribological properties of PCD films on sintered SiC substrates were investigated for application on the mechanical seals of pumps. The critical sealing pressure for friction and wear resistance properties of PCD films paired with PCD films were investigated under practical ring on ring sliding test conditions, and compared with conventional materials of mechanical seals. The results show that friction and wear resistance properties of PCD films are superior to that of conventional materials for high sealing pressure.","","978-1-5090-1493-4","10.1109/NANO.2016.7751456","","https://ieeexplore.ieee.org/stamp/stamp.jsp?arnumber=7751456","","Films;Diamond;Friction;Substrates;Silicon carbide;Scanning electron microscopy;Resistance","","4","","24","IEEE","24 Nov 2016","22-25 Aug. 2016","22-25 Aug. 2016","IEEE","IEEE Conferences"
"Engineering photonic nanojets by core-shell micro-cuboids","C. -Y. Liu; L. -J. Chang","Department of Mechanical and Electro-Mechanical Engineering, Tamkang University, New Taipei City, Taiwan; Department of Mechanical and Electro-Mechanical Engineering, Tamkang University, New Taipei City, Taiwan",2016 IEEE 16th International Conference on Nanotechnology (IEEE-NANO),"24 Nov 2016","2016","","","113","115","A core-shell structure based on three-dimensional micro-cuboids connected by photonic nanojets is proposed with the aim for power enhancement of surface plasmon polaritons. The performance of the core-shell micro-cuboid is evaluated and compared with the dielectric micro-cuboid. The dependence of the power enhancement with the metallic shell is also evaluated and demonstrated that the metallic shell is critical for engineering photonic nanojet. The subwavelength focusing is obtained from the photonic nanojet. The significant effect of core-shell micro-cuboids can be used to distinguish nano-scale objects.","","978-1-5090-1493-4","10.1109/NANO.2016.7751457","","https://ieeexplore.ieee.org/stamp/stamp.jsp?arnumber=7751457","","Photonics;Dielectrics;Finite difference methods;Optimized production technology;Coatings;Focusing;Time-domain analysis","","","2","16","IEEE","24 Nov 2016","22-25 Aug. 2016","22-25 Aug. 2016","IEEE","IEEE Conferences"
"Mass production of narrow chirality distributed single-walled carbon nanotubes by pulse plasma CVD","B. Xu; T. Kato; T. Kaneko","Department of Engineering, Tohoku University, Sendai, Miyagi, Japan; Department of Engineering, Tohoku University, Sendai, Miyagi, Japan; Department of Engineering, Tohoku University, Sendai, Miyagi, Japan",2016 IEEE 16th International Conference on Nanotechnology (IEEE-NANO),"24 Nov 2016","2016","","","620","621","Time-controlled pulse plasma CVD has been developed aiming for the mass production of narrow chirality distributed single-walled carbon nanotubes (SWNTs). Through the comparison of continuous plasma CVD and pulse plasma CVD, it is found that the amount of SWNTs can be increased in keeping with the initial narrow chirality distribution by repeating pulse plasma CVD. The effects of pulse time parameter, plasma off time, on the chirality distribution of SWNTs have been also investigated. The chirality distribution becomes narrow with an increase in the plasma off time, then it becomes broad with off time increase. This indicates adjustment of plasma time parameters in pulse plasma CVD can improve the uniformity of chirality distribution, resulting in the mass production of very narrow chirality distributed SWNTs.","","978-1-5090-1493-4","10.1109/NANO.2016.7751458","","https://ieeexplore.ieee.org/stamp/stamp.jsp?arnumber=7751458","","Plasmas;Carbon nanotubes;Mass production;Chemical vapor deposition;Ions;Plasma measurements;Graphene","","","","8","IEEE","24 Nov 2016","22-25 Aug. 2016","22-25 Aug. 2016","IEEE","IEEE Conferences"
"Lowering of effective work function induced by metal carbide/HfO2 interface dipole for advanced CMOS","W. Mizubayashi; H. Ota; S. Migita; Y. Morita; K. Endo","National Institute of Advanced Industrial Science and Technology (AIST), Tsukuba, Ibaraki, Japan; National Institute of Advanced Industrial Science and Technology (AIST), Tsukuba, Ibaraki, Japan; National Institute of Advanced Industrial Science and Technology (AIST), Tsukuba, Ibaraki, Japan; National Institute of Advanced Industrial Science and Technology (AIST), Tsukuba, Ibaraki, Japan; National Institute of Advanced Industrial Science and Technology (AIST), Tsukuba, Ibaraki, Japan",2016 IEEE 16th International Conference on Nanotechnology (IEEE-NANO),"24 Nov 2016","2016","","","123","126","We investigated the origin of the voltage shift induced by metal carbide (MeC)/HfO2 interface as metal gates in a Si or Ge channel for advanced CMOS. In the MeC/HfO2 gate stacks, the oxidation reaction occurs at the MeC/HfO2 interface, inducing electron transfer from HfO2 to MeC, resulting in the generation of dipole at the MeC/HfO2 interface. It was found that the MeC/HfO2 interface dipole causes a negative voltage shift of about -0.4 V regardless of metal atoms. Thus, the effective work function of MeC in a metal/high-k gate stack structure can be lowered by the negative voltage shift induced by the MeC/HfO2 interface dipole.","","978-1-5090-1493-4","10.1109/NANO.2016.7751459","","https://ieeexplore.ieee.org/stamp/stamp.jsp?arnumber=7751459","","Hafnium compounds;Logic gates;Annealing;Optical wavelength conversion;MOS capacitors;Electrodes","","","","15","IEEE","24 Nov 2016","22-25 Aug. 2016","22-25 Aug. 2016","IEEE","IEEE Conferences"
"Effect of conductive nanomaterial dimensions on radio-wave transmission performance of printed antennas","Y. Goya; H. Koga; M. Nogi; K. Suganuma","Institute of Scientific and Industrial Research, Osaka University, Osaka, Japan; Institute of Scientific and Industrial Research, Osaka University, Osaka, Japan; Institute of Scientific and Industrial Research, Osaka University, Osaka, Japan; Institute of Scientific and Industrial Research, Osaka University, Osaka, Japan",2016 IEEE 16th International Conference on Nanotechnology (IEEE-NANO),"24 Nov 2016","2016","","","375","376","Mass production techniques to provide highly sensitive and low-cost antennas are demanded to achieve the Internet of Things. Printing is a suitable technique for mass production of low-cost antennas. In this study, three types of printed silver nanowire (AgNW) antennas were fabricated by preparing inks containing AgNWs of different width and length. Printed antennas of short, narrow AgNWs achieved low volume resistivity (32.1 μΩ cm) and better radio-wave transmission performance than conventional etched copper foil tracks in the high frequency region of 2.0-5.0 GHz.","","978-1-5090-1493-4","10.1109/NANO.2016.7751460","","https://ieeexplore.ieee.org/stamp/stamp.jsp?arnumber=7751460","","Conductivity;Copper;Propagation losses;Ink;Transmitting antennas;Rough surfaces","","","","6","IEEE","24 Nov 2016","22-25 Aug. 2016","22-25 Aug. 2016","IEEE","IEEE Conferences"
"High thermal stability of SiC packaging with thermosetting imide-based nanocomposite encapsulating materials combined with sintered Ag paste die-attach","T. Sugioka; S. Nagao; S. Ogawa; T. Fujibayashi; Y. Sumida; Z. Hao; K. Suganuma","Advanced Materials Research Center, NIPPON SHOKUBAI CO., LTD., Suita, Osaka, Japan; Institute of Scientific and Industrial Research, Osaka University, Suita, Osaka, Japan; Advanced Materials Research Center, NIPPON SHOKUBAI CO., LTD., Suita, Osaka, Japan; Advanced Materials Research Center, NIPPON SHOKUBAI CO., LTD., Suita, Osaka, Japan; Advanced Materials Research Center, NIPPON SHOKUBAI CO., LTD., Suita, Osaka, Japan; Institute of Scientific and Industrial Research, Osaka University, Suita, Osaka, Japan; Institute of Scientific and Industrial Research, Osaka University, Suita, Osaka, Japan",2016 IEEE 16th International Conference on Nanotechnology (IEEE-NANO),"24 Nov 2016","2016","","","184","187","Heat-resistance of novel encapsulating materials made from thermosetting imide/silsesquioxane nanocomposites are demonstrated in SiC-SBD packages, which are die-attached with a sintered Ag paste. The test specimens are exposed to thermal cycling between -50°C and 250°C and humidity resistance evaluation test at 121°C, 0.19MPa, 95%Rh. The results reveal that the excellent heat and humidity-resistance is brought by the outstanding stability of the thermosetting imide-based nanocomposite encapsulating materials and its remarkable miscibility to sintered Ag die-attach.","","978-1-5090-1493-4","10.1109/NANO.2016.7751461","","https://ieeexplore.ieee.org/stamp/stamp.jsp?arnumber=7751461","","Nanostructured materials;Encapsulation;Humidity;Substrates;Thermal decomposition;Electronic packaging thermal management;Chemicals","","4","","7","IEEE","24 Nov 2016","22-25 Aug. 2016","22-25 Aug. 2016","IEEE","IEEE Conferences"
"Micro bubble generation using monolayer graphene heating elements","Z. Wu; H. -Y. Chan; Y. Zhou; W. J. Li","Institute for Turbulence-Noise-Vibration Interactions and Control, Harbin Institute of Technology, China; Department of Mechanical and Biomedical Engineering, City University of Hong Kong, Hong Kong; Institute for Turbulence-Noise-Vibration Interactions and Control, Harbin Institute of Technology, China; Department of Mechanical and Biomedical Engineering, City University of Hong Kong, Hong Kong",2016 IEEE 16th International Conference on Nanotechnology (IEEE-NANO),"24 Nov 2016","2016","","","728","730","Graphene has already been verified to have potential applications in sensor development due to its unique properties, such as large specific surface area, high carrier mobility, conductivity and optical transparency. Here, we discuss our development of a micro bubble generator that could be used to generate and actuate micron-scale bubbles based on monolayer graphene made from chemical vapor deposition (CVD). This micro bubble generator could generate bubbles with diameter of 2 ~ 65 microns in water. The bubble nucleation power and energy of a graphene heater (7 μm by 30 μm) are 16 mW and 1.6 mJ, respectively. This power is comparable with that of the bubble generator using metal heating elements and carbon nanotubes. Moreover, the resistance-temperature and the current-voltage properties of the fabricated graphene heater are also reported. The experimental results also demonstrated that the monolayer graphene could be used for bubble generation with controllable micro bubble sizes.","","978-1-5090-1493-4","10.1109/NANO.2016.7751462","","https://ieeexplore.ieee.org/stamp/stamp.jsp?arnumber=7751462","","Graphene;Heating;Generators;Resistance;Plasma temperature;Substrates;Chemical elements","","1","","7","IEEE","24 Nov 2016","22-25 Aug. 2016","22-25 Aug. 2016","IEEE","IEEE Conferences"
"Piezoresistive cantilever for measuring mass of airborne particles","S. -J. Chen; Y. -L. Lin; C. -L. Wu","Center for Measurement Standards, Industrial Technology Research Institute, Hsinchu, Taiwan, R.O.C.; Center for Measurement Standards, Industrial Technology Research Institute, Hsinchu, Taiwan, R.O.C.; Center for Measurement Standards, Industrial Technology Research Institute, Hsinchu, Taiwan, R.O.C.",2016 IEEE 16th International Conference on Nanotechnology (IEEE-NANO),"24 Nov 2016","2016","","","678","680","This paper introduces a piezoresistive cantilever that is designed for measuring the mass of airborne particles. The principle of mass measurement is based on measuring the frequency shift in the mechanical resonant frequency due to an additional mass deposited on the cantilever. To detect the resonant frequency, piezoresistors are fabricated on the surface of the cantilever and utilized as a strain gauge. Excitation of the cantilever is provided by an external PZT stack. Preliminary results on sensor characterization and discussion are also given in the paper.","","978-1-5090-1493-4","10.1109/NANO.2016.7751463","","https://ieeexplore.ieee.org/stamp/stamp.jsp?arnumber=7751463","","Resonant frequency;Frequency measurement;Piezoresistance;Atmospheric measurements;Particle measurements;Q-factor;Fabrication","","","","6","IEEE","24 Nov 2016","22-25 Aug. 2016","22-25 Aug. 2016","IEEE","IEEE Conferences"
"Electrodeposition and characterization of nickel-carbon nanotube composite thin films with high carbon nanotube content","M. S. Akhtar; Z. An; M. Toda; T. Ono","School of Engineering, Tohoku University, Sendai, Japan; Microsystem integration center, Tohoku University, Sendai, Japan; School of Engineering, Tohoku University, Sendai, Japan; School of Engineering, Tohoku University, Sendai, Japan",2016 IEEE 16th International Conference on Nanotechnology (IEEE-NANO),"24 Nov 2016","2016","","","904","906","In this work, we present the electrodeposition of nickel (Ni)-carbon nanotube (CNT) composite thin films and evaluate the CNT weight percentage in films using energy-dispersive x-ray spectroscopy (EDX). To increase the CNTs codeposition, the CNTs are functionalized with positive charges and the composite thin films are deposited with different current waveforms. Furthermore, two kinds of composite films with CNTs annealed at different temperatures (1200°C and 2600°C) were compared for their CNT contents also the nanoindentation hardness of the composite films were evaluated. The composite films with a maximum CNT content of 5.4±2.0 wt% with a hardness of 17.0±3.0 GPa are achieved in the case of CNTs annealed at 1200°C. In the case of CNTs annealed at 2600°C, the CNT content of the composite was found to be 3.7±2.0 wt% with hardness of 14.9±3.0 GPa. For all Ni-CNTs composites, mechanical strengthening was found in the composites compared with pure Ni films.","","978-1-5090-1493-4","10.1109/NANO.2016.7751464","","https://ieeexplore.ieee.org/stamp/stamp.jsp?arnumber=7751464","","Nickel;Films;Annealing;Carbon nanotubes;Mechanical factors;Micromechanical devices","","","","9","IEEE","24 Nov 2016","22-25 Aug. 2016","22-25 Aug. 2016","IEEE","IEEE Conferences"
"Injectable polymeric nanosheets for subretinal cell delivery","H. Kaji; J. Suzuki; M. Nishizawa; N. Nagai; T. Abe","Department of Finemechanics, Tohoku University, Sendai, Japan; Department of Finemechanics, Tohoku University, Sendai, Japan; Department of Finemechanics, Tohoku University, Sendai, Japan; Division of Clinical Cell Therapy, Tohoku University Graduate School of Medicine, Sendai, Japan; Division of Clinical Cell Therapy, Tohoku University Graduate School of Medicine, Sendai, Japan",2016 IEEE 16th International Conference on Nanotechnology (IEEE-NANO),"24 Nov 2016","2016","","","267","269","Age-related macular degeneration (AMD) is one of the major ophthalmic diseases that cause visual impairment and blindness. Although transplantation of autologous peripheral cells has been attempted by injecting cell suspensions, limited visual improvement resulted due to the low viability of the injected cells in the subretinal tissue. We developed micropatterned polymeric nanosheets toward local delivery of retinal pigment epithelial (RPE) cells. The micropatterned nanosheet directed growth and morphogenesis of the RPE cells, and allowed for the injection of an engineered RPE monolayer through syringe needles flexibly into the subretinal space of rat eyes. Such an ultra-thin flexible carrier has the promise of a minimally invasive delivery of organized cellular structures into narrow tissue spaces.","","978-1-5090-1493-4","10.1109/NANO.2016.7751465","","https://ieeexplore.ieee.org/stamp/stamp.jsp?arnumber=7751465","","Retina;Needles;Pigments;Rats;Suspensions;Aerospace electronics;Biomembranes","","","","14","IEEE","24 Nov 2016","22-25 Aug. 2016","22-25 Aug. 2016","IEEE","IEEE Conferences"
"Cu2ZnSn(S,Se)4 thin films prepared using Cu2ZnSnS4 nanoparticles","S. Taki; Y. Umejima; A. Uruno; X. Zhang; M. Kobayashi","Department of Electrical Engineering and Bioscience, Waseda University, Tokyo, Japan; Department of Electrical Engineering and Bioscience, Waseda University, Tokyo, Japan; Department of Electrical Engineering and Bioscience, Waseda University, Tokyo, Japan; International Center for Science and Engineering Program (ICSEP), Waseda University, Tokyo, Japan; Kagami Memorial Research Institute for Materials Science and Technology, Waseda University, Tokyo, Japan",2016 IEEE 16th International Conference on Nanotechnology (IEEE-NANO),"24 Nov 2016","2016","","","699","702","Cu2ZnSn(S,Se)4 (CZTSSe) is a compound semiconductor which replaces a part of S in the CZTS crystal by Se. The bandgap varies from 1.05 eV to 1.51 eV depending on the mole ratio between S and Se. In this paper, CZTSSe thin films were prepared by the selenidation of CZTS film, and the Se mole ratio was tuned by changing annealing conditions. The film quality of the obtained CZTSSe was characterized by X-ray diffraction (XRD) and Hall measurements. It was revealed that both the supply of Se vapor pressure and the annealing temperature of CZTS were controlling parameters for the selenidation of the film. The crystal quality of CZTSSe was also influenced by the supply of Se vapor pressure.","","978-1-5090-1493-4","10.1109/NANO.2016.7751466","","https://ieeexplore.ieee.org/stamp/stamp.jsp?arnumber=7751466","","Films;Annealing;Nanoparticles;X-ray scattering;Diffraction;Photovoltaic cells;Crystals","","","","10","IEEE","24 Nov 2016","22-25 Aug. 2016","22-25 Aug. 2016","IEEE","IEEE Conferences"
"Nanostructured asymmetric dual-grating-gate plasmonic THz detectors: Enhancement of external coupling efficiency by array configuration and silicon-lens integration","F. Kasuya; H. Taniguchi; T. Watanabe; T. Suemitsu; T. Otsuji; Y. Takida; H. Ito; H. Minamide; T. Ishibashi; M. Shimizu; A. Satou","Tohoku University, Sendai, Japan; Tohoku University, Sendai, Japan; Tohoku University, Sendai, Japan; Tohoku University, Sendai, Japan; Tohoku Daigaku, Sendai, Miyagi, JP; RIKEN Center for Advanced Photonics (RAP), RIKEN, Sendai, Japan; RIKEN Center for Advanced Photonics (RAP), RIKEN, Sendai, Japan; RIKEN Center for Advanced Photonics (RAP), RIKEN, Sendai, Japan; NTT Electronics Techno, Atsugi, Japan; NTT Electronics, Ibaraki, Japan; Tohoku University, Sendai, Japan",2016 IEEE 16th International Conference on Nanotechnology (IEEE-NANO),"24 Nov 2016","2016","","","116","118","We experimentally verify that the low external responsivity of nanostructured asymmetric-dual-grating-gate high-electron-mobility transistors (A-DGG HEMTs) as plasmonic terahertz detectors developed so far is attributed to their low external coupling efficiency. We separately demonstrate (1) 4-fold enhancement of the efficiency by an array of series-connected 4×1 detectors due to the increase in the effective active area and (2) 6-fold enhancement by the silicon-lens integration due to the better focusing inside the silicon lens. Those preliminary results indicate a possibility of enhancing external responsivities of A-DGG HEMTs up to their intrinsic values.","","978-1-5090-1493-4","10.1109/NANO.2016.7751467","","https://ieeexplore.ieee.org/stamp/stamp.jsp?arnumber=7751467","","Detectors;HEMTs;MODFETs;Logic gates;Lenses;Plasmons;Silicon","","1","","8","IEEE","24 Nov 2016","22-25 Aug. 2016","22-25 Aug. 2016","IEEE","IEEE Conferences"
"Process technological analysis for dynamic characteristic improvement of 16-nm HKMG bulk FinFET CMOS circuits","P. -H. Su; Y. Li","Department of Electrical and Computer Engineering, National Chiao Tung University, Hsinchu, Taiwan; Department of Electrical and Computer Engineering, National Chiao Tung University, Hsinchu, Taiwan",2016 IEEE 16th International Conference on Nanotechnology (IEEE-NANO),"24 Nov 2016","2016","","","812","815","In this work, we study dynamic characteristic of digital CMOS circuits of 16-nm HKMG bulk FinFET devices by optimizing fabrication windows of inline parameters. Key process parameters are ranked according to integrated circuit quiescent current (IDDQ) and delay of ring oscillators. IDDQ and delay are affected by the dual gate-spacer, the source/drain (S/D) proximity, the S/D depth, and the S/D implant. Dependencies of operational frequency and IDDQ on the on-state current ratio of N/P FinFET devices are examined. By replacing dual spacers with single ones will improve the uniformity of implantation; consequently, the variation of IDDQ can be reduced from 252 to 37 nA significantly.","","978-1-5090-1493-4","10.1109/NANO.2016.7751468","","https://ieeexplore.ieee.org/stamp/stamp.jsp?arnumber=7751468","Inline process parameters;Bulk FinFETs;Ring oscillators;Frequency;Integrated circuit quiescent current","Logic gates;Delays;FinFETs;Fluctuations;Implants;Resistance;Three-dimensional displays","","3","","13","IEEE","24 Nov 2016","22-25 Aug. 2016","22-25 Aug. 2016","IEEE","IEEE Conferences"
"Nitrogen-incorporated ultrananocrystalline diamond and graphene nanowalls coated graphite and silicon anodes for long-life lithium ion batteries","Y. Tzeng; Y. -T. Pan","Department of Electrical Engineering, National Cheng Kung University, Tainan, Taiwan; Department of Electrical Engineering, National Cheng Kung University, Tainan, Taiwan",2016 IEEE 16th International Conference on Nanotechnology (IEEE-NANO),"24 Nov 2016","2016","","","426","428","Both conventional graphite and emerging new anode materials, such as silicon based anodes for lithium ion batteries have been coated with nitrogen-incorporated ultrananocrystalline diamond, graphene, and their hybrids. Novel micro- and nano-structures of the anodes enable the LIBs to survive repetitive charging and discharging by much higher number of cycles than those anodes without such innovative nano-carbon coatings. This paper presents the fabrication processes, excellent performance of the LIB anodes and their electrical and electrochemical properties.","","978-1-5090-1493-4","10.1109/NANO.2016.7751469","","https://ieeexplore.ieee.org/stamp/stamp.jsp?arnumber=7751469","","Silicon;Anodes;Graphene;Lithium;Nitrogen;Diamond","","","","16","IEEE","24 Nov 2016","22-25 Aug. 2016","22-25 Aug. 2016","IEEE","IEEE Conferences"
"Power spectrum analysis of lateral friction of MoS2: A theoretical and experimental study","M. Li; L. Liu; N. Xi; N. Jiao; Y. Wang","State Key Laboratory of Robotics, Chinese Academy of Sciences, Shenyang, China; State Key Laboratory of Robotics, Chinese Academy of Sciences, Shenyang, China; State Key Laboratory of Robotics, Chinese Academy of Sciences, Shenyang, China; State Key Laboratory of Robotics, Chinese Academy of Sciences, Shenyang, China; State Key Laboratory of Robotics, Chinese Academy of Sciences, Shenyang, China",2016 IEEE 16th International Conference on Nanotechnology (IEEE-NANO),"24 Nov 2016","2016","","","857","860","The remarkable properties of two-dimensional materials have generated great enthusiasm among researchers. Very recently, MoS2, the representative of transition metal dichalcogenides, has triggered increasing attention and hold huge potential for many applications. Although the tribological properties of MoS2 has been studied for decades, the atomic-scale motion between tip and MoS2 surface is quite rare. Furthermore, the mechanism underlying the friction variation is still unclear. To explore the unknown territory, we carry out both theoretical and experimental research on the power spectrum variation of lateral friction between probe and MoS2. Lateral Friction Microcopy (LFM) was utilized to acquire atomic images for analysis. The friction signals of MoS2 in different angles that obtained from original atomic images were then processed by fast Fourier transform (FFT). We observed distinct characteristic in power spectrum variation between special (zigzag and armchair) and general lattice orientations for the first time. To explain this phenomenon for both cases, we establish a complete motion model and further deduce the different frequencies that the motion model contain. The theoretical analysis well illustrated the different power spectrum variation of actual friction signals for special and general lattice orientations. The results of this paper pave an avenue to fully revel the friction variation mechanism of MoS2 and develop an effective method to detect the lattice orientations of MoS2.","","978-1-5090-1493-4","10.1109/NANO.2016.7751470","","https://ieeexplore.ieee.org/stamp/stamp.jsp?arnumber=7751470","MoS2;friction signal;power spectrum","Molybdenum;Sulfur;Friction;Lattices;Films;Probes;Metals","","","","16","IEEE","24 Nov 2016","22-25 Aug. 2016","22-25 Aug. 2016","IEEE","IEEE Conferences"
"The investigation for In-Ga-Zn-O TFTs with post deposition of in-situ Ar/H2 plasma treatment by atmospheric pressure plasma Jet","K. -M. Chang; B. -W. Huang; C. -H. Wu; H. -Y. Chen; Y. -X. Zheng; M. -C. Lee; Y. -X. Zhang; C. -J. Lin; Y. -H. Cheng; S. -J. Wang; J. -M. Hsu; Y. -L. Lin","Department of Electronics Engineering, National Chiao Tung University, Hsinchu, Taiwan; Department of Electronics Engineering, National Chiao Tung University, Hsinchu, Taiwan; Department of Electronics Engineering, Chung Hua University, Hsinchu, Taiwan; Department of Electronics Engineering, National Chiao Tung University, Hsinchu, Taiwan; Department of Electronics Engineering, Chung Hua University, Hsinchu, Taiwan; Department of Electronics Engineering, National Chiao Tung University, Hsinchu, Taiwan; Department of Electronics Engineering, National Chiao Tung University, Hsinchu, Taiwan; Department of Electronics Engineering, Chung Hua University, Hsinchu, Taiwan; Department of Electronics Engineering, National Chiao Tung University, Hsinchu, Taiwan; Department of Electrical Engineering, National Cheng Kung University, Tainan, Taiwan; Mechanical and Systems Research Laboratories, Industrial Technology Research Institute, Hsinchu, Taiwan; College of Engineering, Chung Hua University, Hsinchu, Taiwan",2016 IEEE 16th International Conference on Nanotechnology (IEEE-NANO),"24 Nov 2016","2016","","","405","407","Atmospheric pressure plasma-enhanced chemical vapor deposition (AP-PECVD) was applied for the fabrication of amorphous indium gallium zinc oxide thin-film transistors (a-IGZO TFTs). In this work, a-IGZO TFTs fabricated by AP-PECVD technique were firstly treated by post deposition of in-situ Ar/H2 plasma with atmospheric pressure plasma Jet (APPJ). Compared to without plasma treatment, samples with the post in-situ Ar/H2 plasma treatment on IGZO active layer exhibited higher mobility of 20.12 cm2/V·S, VT of 1.11 V, lower subthreshold swing of 93 mV/decade, higher Ion/Ioff of 5.34×107. The excellent IGZO TFTs fabricated by AP-PECVD technique also show highly transparent characteristics.","","978-1-5090-1493-4","10.1109/NANO.2016.7751471","","https://ieeexplore.ieee.org/stamp/stamp.jsp?arnumber=7751471","AP-PECVD;APPJ;IGZO TFTs;in-situ Ar/H2 plasma treatment","Plasmas;Thin film transistors;Hydrogen;Zinc oxide;Optical films;Photonic band gap","","2","","16","IEEE","24 Nov 2016","22-25 Aug. 2016","22-25 Aug. 2016","IEEE","IEEE Conferences"
"Control of electron coupled state in superlattice of PbS quantum dots by replacing ligands","F. Suetsugu; K. Niwa; K. Mukai","Graduate School of Engineering, Yokohama National University, Hodogaya-Ku, Yokohama, Kanagawa, Japan; Graduate School of Engineering, Yokohama National University, Hodogaya-Ku, Yokohama, Kanagawa, Japan; Graduate School of Engineering, Yokohama National University, Hodogaya-Ku, Yokohama, Kanagawa, Japan",2016 IEEE 16th International Conference on Nanotechnology (IEEE-NANO),"24 Nov 2016","2016","","","690","693","We report that the emission wavelength of superlattice prepared by dense packing of colloidal PbS quantum dots (QDs) became longer by replacing the ligands with shorter ones. The dense packing was achieved by the aid of pyramidal hole array prepared on Si substrate using facet selective etching. Emission energy shift was accompanied with the increase of emission lifetime. These emission properties were attributed to the de-localization of electron wavefunction in the ground state of QD superlattice.","","978-1-5090-1493-4","10.1109/NANO.2016.7751472","","https://ieeexplore.ieee.org/stamp/stamp.jsp?arnumber=7751472","","Lead;Superlattices;Films;Quantum dots;Stationary state;Photovoltaic cells;Silicon","","","","12","IEEE","24 Nov 2016","22-25 Aug. 2016","22-25 Aug. 2016","IEEE","IEEE Conferences"
"High performance silicon N-channel gate-all-around junctionless field effect transistors by strain technology","P. . -J. Sung; T. . -C. Cho; P. . -C. Chen; F. . -J. Hou; C. . -H. Lai; Y. . -J. Lee; Y. Li; S. Samukawa; T. . -S. Chao; W. . -F. Wu; W. . -K. Yeh","Dept. of Electrophysics, National Chiao Tung University, Hsinchu, Taiwan; Dept. of Electrophysics, National Chiao Tung University, Hsinchu, Taiwan; Dept. of Electrophysics, National Chiao Tung University, Hsinchu, Taiwan; National Nano Device Laboratories, Hsinchu, Taiwan; Dept. of Electronics Engineering, Chung Hua University, Hsinchu, Taiwan; National Nano Device Laboratories, Hsinchu, Taiwan; Dept. of Electrical and Computer Engineering, National Chiao Tung University, Hsinchu, Taiwan; Institute of Fluid Science, Tohoku University, Sendai, Japan; Dept. of Electrophysics, National Chiao Tung University, Hsinchu, Taiwan; National Nano Device Laboratories, Hsinchu, Taiwan; National Nano Device Laboratories, Hsinchu, Taiwan",2016 IEEE 16th International Conference on Nanotechnology (IEEE-NANO),"24 Nov 2016","2016","","","174","175","In this paper, strain effects on silicon n-channel gate-all-around (GAA) jucntionless field effect transistor (JLFET) are studied. By using tensile strain SiN layer, drive currents of the JLFETs show enhancement of up to 42%. The high performance strained JLFETs exhibit superior gate control (Ion/Ioff >109) and ideal S.S. (65 mV/dec.) as a channel width scales down to 20 nm. Drive currents and leakage currents are improved simultaneously after inducing strain technology.","","978-1-5090-1493-4","10.1109/NANO.2016.7751473","","https://ieeexplore.ieee.org/stamp/stamp.jsp?arnumber=7751473","","Logic gates;Silicon compounds;Gallium arsenide;Silicon;Tensile strain;MOSFET","","2","","6","IEEE","24 Nov 2016","22-25 Aug. 2016","22-25 Aug. 2016","IEEE","IEEE Conferences"
"Investigation of microwave assisted annealing on AP-PECVD fabricated In-Ga-Zn-O thin film transistors under positive bias temperature stress","C. -H. Wu; B. -W. Huang; K. -M. Chang; C. -Y. Cheng; H. -Y. Chen; Y. -J. Lee; J. -H. Lin; J. -M. Hsu","Department of Electronics Engineering, Chung Hua University, Hsinchu, TW; Department of Electronics Engineering and the Institute of Electronics, National Chiao Tung University, Hsinchu, Taiwan; Department of Electronics Engineering and the Institute of Electronics, National Chiao Tung University, Hsinchu, Taiwan; Department of Electronics Engineering and the Institute of Electronics, National Chiao Tung University, Hsinchu, Taiwan; Department of Electronics Engineering and the Institute of Electronics, National Chiao Tung University, Hsinchu, Taiwan; National Nano Device Laboratories, Hsinchu, Taiwan; Department of Electronics Engineering and the Institute of Electronics, National Chiao Tung University, Hsinchu, Taiwan; Mechanical and Systems Research Laboratories, Industrial Technology Research Institute, Hsinchu, Taiwan",2016 IEEE 16th International Conference on Nanotechnology (IEEE-NANO),"24 Nov 2016","2016","","","176","179","In this paper, microwave assisted annealing (MWAA) technique on atmospheric pressure plasma-enhanced chemical vapor deposition (AP-PECVD) fabricated indium-gallium-zinc-oxide thin-film transistors (IGZO TFTs) is investigated for the first time. MWAA with 300W for 100sec treatment on AP-IGZO TFTs have been fabricated successfully and show excellent electrical characteristics including a VTH of -1.23 V, SS of 0.18 V/dec, μFE of 17.4 cm2/V-s, and Ion/Ioff ratio of 8.14 106. Stretched exponential time dependence model is used to analyze the mechanism of AP-IGZO TFTs under PBTI stress. Accordingly, chemisorption model for oxygen adsorption at AP-IGZO backchannel with and without MWAA is proposed to explain the mechanism under PBTI stress.","","978-1-5090-1493-4","10.1109/NANO.2016.7751474","","https://ieeexplore.ieee.org/stamp/stamp.jsp?arnumber=7751474","Microwave assisted annealing (MWAA);atmospheric pressure plasma enhanced chemical vapor deposition (AP-PECVD);atmospheric pressure indium-gallium-zinc oxide thin-film transistors (AP-IGZO TFTs);positive bias temperature instability (PBTI)","Stress;Annealing;Logic gates;Thin film transistors;Adsorption;Hall effect;Charge carrier processes","","","","13","IEEE","24 Nov 2016","22-25 Aug. 2016","22-25 Aug. 2016","IEEE","IEEE Conferences"
"The properties of metamaterials based on gold thin film and nanoparticles","Z. -Y. Deng; C. -W. Lin; Y. -T. Kuo; K. -L. Chen; C. -H. Wu","Department of Physics, National Chung Hsing University, Taichung, Taiwan; Institute of Nano-science, National Chung Hsing University, Taichung, Taiwan; Institute of Nano-science, National Chung Hsing University, Taichung, Taiwan; Department of Physics, National Chung Hsing University, Taichung, Taiwan; Institute of Nano-science, National Chung Hsing University, Taichung, Taiwan",2016 IEEE 16th International Conference on Nanotechnology (IEEE-NANO),"24 Nov 2016","2016","","","598","599","THz metamaterials are designed and fabricated. The resonance frequency of the SRRs (split ring resonators) based on thin film and nanoparticles is studied. Nanoparticle constituted metamaterial has a good absorb of THz spectrum. We compare the properties between thin film metamaterials and nanoparticles metamaterials. The transmission spectra of Au metamaterial was measured. The redshift was obtained when the metamaterials covered semiconductor The redshift phenomenon of absorbed wavelength of nanoparticle will be studied.","","978-1-5090-1493-4","10.1109/NANO.2016.7751475","","https://ieeexplore.ieee.org/stamp/stamp.jsp?arnumber=7751475","","Nanoparticles;Metamaterials;Gold;Absorption;Magnetic materials;Optical ring resonators;Optical device fabrication","","","","4","IEEE","24 Nov 2016","22-25 Aug. 2016","22-25 Aug. 2016","IEEE","IEEE Conferences"
"Confined water in nanoporous silica: Application to humidity sensors","P. A. Bonnaud; R. Miura; A. Suzuki; N. Miyamoto; N. Hatakeyama; A. Miyamoto","New Industry Creation Hatchery Center, Tohoku University, Aoba, Sendai, Japan; New Industry Creation Hatchery Center, Tohoku University, Aoba, Sendai, Japan; New Industry Creation Hatchery Center, Tohoku University, Sendai, Japan; New Industry Creation Hatchery Center, Tohoku University, Aoba, Sendai, Japan; New Industry Creation Hatchery Center, Tohoku University, Aoba, Sendai, Japan; New Industry Creation Hatchery Center, Tohoku University, Aoba, Sendai, Japan",2016 IEEE 16th International Conference on Nanotechnology (IEEE-NANO),"24 Nov 2016","2016","","","270","272","Because of their strong hydrophilicity, nanoporous silica materials are good candidates for humidity sensor applications. We employed molecular modeling to investigate the water behavior when confined in such materials in order to refine the design of the next generation of devices. We focused in this work on the mechanical behavior of those porous silica materials.","","978-1-5090-1493-4","10.1109/NANO.2016.7751476","","https://ieeexplore.ieee.org/stamp/stamp.jsp?arnumber=7751476","","Silicon compounds;Adsorption;Humidity;Industries;Computational modeling;Sensors","","1","","15","IEEE","24 Nov 2016","22-25 Aug. 2016","22-25 Aug. 2016","IEEE","IEEE Conferences"
"Electrostatic actuation of folded multi-graphene structure for nano-gripper","T. Fujiwara; M. Nakajima; A. Ichikawa; K. Ohara; Y. Hasegawa; T. Fukuda","Faculty of Science and Engineering, Meijo University, Nagoya, Aichi, Japan; Micro-nano Mechatronics, Nagoya University, Nagoya, Aichi, Japan; Faculty of Science and Engineering, Meijo University, Nagoya, Aichi, Japan; Faculty of Science and Engineering, Meijo University, Nagoya, Aichi, Japan; Department of Micro-Nano Systems Engineering, Nagoya University, Nagoya, Aichi, Japan; Faculty of Science and Engineering, Intelligent Robotics Institute, Nagoya, Aichi, Japan",2016 IEEE 16th International Conference on Nanotechnology (IEEE-NANO),"24 Nov 2016","2016","","","34","35","This paper presents a electrostatic actuation of multi-graphene which was folded by nanomanipulation for novel nano-gripper application. The development design of multi-graphene was initially fabricated by focused ion beam (FIB) process. The nanomanipulation system was used for folding and electrostatic actuation inside a FESEM (Field Emission Scanning Electron Microscope). The movement of multi-graphene was confirmed by electrostatic forces. The actuation was evaluated depending on the applied voltages.","","978-1-5090-1493-4","10.1109/NANO.2016.7751477","","https://ieeexplore.ieee.org/stamp/stamp.jsp?arnumber=7751477","","Conferences;Nanotechnology","","1","","4","IEEE","24 Nov 2016","22-25 Aug. 2016","22-25 Aug. 2016","IEEE","IEEE Conferences"
"Comparative study of piezoresistance effect of semiconducting carbon nanotube-Polydimethylsiloxane nanocomposite strain sensor","M. Lim; J. Lee; D. H. Kim; D. M. Kim; S. Kim; S. -J. Choi","School of Electrical Engineering, Kookmin University, Korea; School of Electrical Engineering, Kookmin University, Korea; School of Electrical Engineering, Kookmin University, Korea; School of Electrical Engineering, Kookmin University, Korea; School of Electrical Engineering, Kookmin University, Korea; Mechatronics R&D Center Samsung electronics, Korea",2016 IEEE 16th International Conference on Nanotechnology (IEEE-NANO),"24 Nov 2016","2016","","","755","758","We comparatively study the performance of flexible strain sensors based on carbon nanotube (CNT)-Polydimethylsiloxane (PDMS) nanocomposites with different concentrations of CNTs. The semiconducting CNTs with high intrinsic gauge factor were employed for the sensor fabrications. A percolation network with a lower CNT concentration shows higher resistance changes in response to applied strains compared to those network with a higher CNT concentration. However, from a stability point of view, a lower concentration percolation network shows much worse characteristics than does a higher concentration percolation network. For the analysis of our observations, a 2-D percolation-based numerical model based on the Monte Carlo method was employed to understand the electrical and coupled electromechanical behaviors of CNT-PDMS nanocomposite strain sensors.","","978-1-5090-1493-4","10.1109/NANO.2016.7751478","","https://ieeexplore.ieee.org/stamp/stamp.jsp?arnumber=7751478","","Strain;Capacitive sensors;Resistance;Stability analysis;Sensitivity;Mathematical model;Films","","3","","6","IEEE","24 Nov 2016","22-25 Aug. 2016","22-25 Aug. 2016","IEEE","IEEE Conferences"
"Nanometrology of an ultraprecision machined surface by using optical sensors","Z. Niu; R. Kobayashi; Y. -L. Chen; Y. Shimizu; S. Ito; W. Gao","Department of Nanomechanics, Tohoku Univerisy, Sendai, Japan; Department of Nanomechanics, Tohoku Univerisy, Sendai, Japan; Department of Nanomechanics, Tohoku Univerisy, Sendai, Japan; Department of Nanomechanics, Tohoku Univerisy, Sendai, Japan; Department of Nanomechanics, Tohoku Univerisy, Sendai, Japan; Department of Nanomechanics, Tohoku Univerisy, Sendai, Japan",2016 IEEE 16th International Conference on Nanotechnology (IEEE-NANO),"24 Nov 2016","2016","","","984","985","This paper presents nanometrology of an ultraprecision machined surface by using optical sensors. To verify the feasibilities of optical sensors on the measurement of surface profile, different types of fiber-optic sensor and laser micro interferometer are employed to measure the roundness of a ultraprecision machined cone in this paper. Experiments confirmed that the fiber-optic sensor can measure not only the roundness but also the surface roughness of the cone. Experiments also confirm that the measurement of the laser micro interferometer is highly affected by the surface roughness of the cone because of the relative measurement principle of the laser micro interferometer.","","978-1-5090-1493-4","10.1109/NANO.2016.7751479","","https://ieeexplore.ieee.org/stamp/stamp.jsp?arnumber=7751479","","Measurement by laser beam;Position measurement;Optical fiber sensors;Semiconductor device measurement;Optical variables measurement;Fiber lasers;Optical interferometry","","","","2","IEEE","24 Nov 2016","22-25 Aug. 2016","22-25 Aug. 2016","IEEE","IEEE Conferences"
"Multiple field response of artificial magneto-electric epitaxial thin films","T. Yokota; K. Hiramatsu; M. Gomi","Nagoya Institute of Technology, Nagoya, Aichi, JAPAN; Nagoya Institute of Technology, Nagoya, Aichi, JAPAN; Nagoya Institute of Technology, Nagoya, Aichi, JAPAN",2016 IEEE 16th International Conference on Nanotechnology (IEEE-NANO),"24 Nov 2016","2016","","","63","66","We have investigated magnetic, electric and thermal response using an artificial magneto-electric multilayer. By the application of magnetic field, a capacitance and resistance value changed. This behavior was more likely due to magnetic coupling and tunneling effect. It is also revealed that the tunneling effect is responsible for thermal response. These results indicate a possibility of new type magneto-electric device.","","978-1-5090-1493-4","10.1109/NANO.2016.7751480","","https://ieeexplore.ieee.org/stamp/stamp.jsp?arnumber=7751480","","Magnetic tunneling;Magnetic multilayers;Magnetic fields;Magnetoelectronics;Magnetomechanical effects;Magnetic field measurement","","","","8","IEEE","24 Nov 2016","22-25 Aug. 2016","22-25 Aug. 2016","IEEE","IEEE Conferences"
"Chemically-induced structural deformation of layered perovskite oxides","T. Nakamura; K. Amezawa","IMRAM, Tohoku University; IMRAM, Tohoku University",2016 IEEE 16th International Conference on Nanotechnology (IEEE-NANO),"24 Nov 2016","2016","","","429","430","In order to understand the behavior of the crystal lattice deformation induced by the interstitial oxygen formation in La2(Ni0.9M0.1)O4+δ (M = Fe, Co, Cu), thermogravimetry, coulometric titration, and high temperature X-ray diffraction measurements were carried out in the temperature range between 873 to 1173 K and the P(O2) range between 10-24 to 1 bar. Oxygen content variation under wide range of P(O2) could be successfully evaluated by combining thermogravimetry and coulometric titration techniques. Compared with non-doped La2NiO4+δ, La2(Ni0.9Fe0.1)O4+δ and La2(Ni0.9Co0.1)O4+δ have more interstitial oxygen while La2(Ni0.9Cu0.1)O4+δ have less. Crystal structure at high temperatures was analyzed assuming the tetragonal symmetry, I4/mmm, for all compositions. With increasing interstitial oxygen concentration, the lattice parameter perpendicular to the perovskite layer increased and that parallel to the perovskite layer decreased. Consequently, the change of the cell volume by the interstitial oxygen formation was small, meaning macroscopic chemical expansion is small.","","978-1-5090-1493-4","10.1109/NANO.2016.7751481","","https://ieeexplore.ieee.org/stamp/stamp.jsp?arnumber=7751481","","Temperature measurement;Chemicals;X-ray diffraction;Lattices;Bars;Extraterrestrial measurements;Solids","","1","","7","IEEE","24 Nov 2016","22-25 Aug. 2016","22-25 Aug. 2016","IEEE","IEEE Conferences"
"Resonant acoustic microsensor for photoacoustic detection","I. Latif; Z. An; T. Ono","Graduate School of Engineering, Tohoku University, Sendai, Japan; Microsystem Integration Center, Tohoku University, Sendai, Japan; Graduate School of Engineering, Tohoku University, Sendai, Japan",2016 IEEE 16th International Conference on Nanotechnology (IEEE-NANO),"24 Nov 2016","2016","","","925","927","This paper describes the development of a photoacoustic microsensor for noninvasive glucose monitoring in human blood. The microsensor, based on capacitive sensing, is comprised of a resonant type cantilevered sensing element, sensitive to acoustic pressure and a rigid back plate electrode. Both parts of the sensor are fabricated separately. To eliminate external biasing requirement, an electret is formed on the back plate electrode using CYTOP. The fabricated sensing element and the back plate electrode are packaged in a housing for evaluation. In this study three different types of cantilevered sensing structures have been designed and tested. Based on the experimental study of the cantilever structures a novel photoacoustic microsensor has been fabricated and evaluated.","","978-1-5090-1493-4","10.1109/NANO.2016.7751482","","https://ieeexplore.ieee.org/stamp/stamp.jsp?arnumber=7751482","","Microsensors;Acoustics;Electrodes;Sugar;Signal to noise ratio;Gold","","","","4","IEEE","24 Nov 2016","22-25 Aug. 2016","22-25 Aug. 2016","IEEE","IEEE Conferences"
"Design of a hybrid piezoelectric-electromagnetic vibration power generator","H. Lin; P. -L. Hsu; T. Chen; H. Liu; H. Huang; L. Sun; L. Cui","Jiangsu Provincial Key Laboratory of Advanced Robotics & Collaborative, Soochow University, Suzhou, China; Jiangsu Provincial Key Laboratory of Advanced Robotics & Collaborative, Soochow University, Suzhou, China; Jiangsu Provincial Key Laboratory of Advanced Robotics & Collaborative, Soochow University, Suzhou, China; Jiangsu Provincial Key Laboratory of Advanced Robotics & Collaborative, Soochow University, Suzhou, China; Jiangsu Provincial Key Laboratory of Advanced Robotics & Collaborative, Soochow University, Suzhou, China; Jiangsu Provincial Key Laboratory of Advanced Robotics & Collaborative, Soochow University, Suzhou, China; School of Mechanical and Electrical Engineering, Harbin Institute of Technology, Harbin, China",2016 IEEE 16th International Conference on Nanotechnology (IEEE-NANO),"24 Nov 2016","2016","","","464","467","This paper presents a hybrid vibration power generator based on piezoelectric and electromagnetic mechanisms. The hybrid power generator is composed of a 36 mm*17 mm*0.73 mm piezoelectric cantilever and a 40 mm long electromagnetic tube. Such combination allows the generator to produce high power output using both piezoelectric effect and electromagnetic induction under low-frequency vibrations. The hybrid generator was capable of producing higher power output (2.173 mW at 25 Hz of 1 g) compared to conventional designs of the same dimensions. The proposed hybrid generator holds a potential in applications such as self-powered microelectronics and wireless sensor nodes.","","978-1-5090-1493-4","10.1109/NANO.2016.7751483","","https://ieeexplore.ieee.org/stamp/stamp.jsp?arnumber=7751483","","Generators;Magnetic resonance;Hybrid power systems;Vibrations;Magnetomechanical effects","","4","","18","IEEE","24 Nov 2016","22-25 Aug. 2016","22-25 Aug. 2016","IEEE","IEEE Conferences"
"Fabrication process of fluidic devices for producing fine droplets using a focused ion beam system","Y. Nozaki; T. Kanai; A. Matsuo; D. Tanaka; I. Yuito; T. Takeuchi; T. Sekiguchi; S. Shoji","Research Organization for Nano & Life Innovation, Waseda University, Tokyo, Japan; Department of Materials Science and Engineering, Yokohama National University, Yokohama, Japan; Department of Materials Science and Engineering, Yokohama National University, Yokohama, Japan; Research Organization for Nano & Life Innovation, Waseda University, Tokyo, Japan; Research Organization for Nano & Life Innovation, Waseda University, Tokyo, Japan; Research Organization for Nano & Life Innovation, Waseda University, Tokyo, Japan; Research Organization for Nano & Life Innovation, Waseda University, Tokyo, Japan; Research Organization for Nano & Life Innovation, Waseda University, Tokyo, Japan",2016 IEEE 16th International Conference on Nanotechnology (IEEE-NANO),"24 Nov 2016","2016","","","795","798","We conducted an experiment on the fabrication of fluidic devices for producing fine droplets. In our proposed method, multiple channels were fabricated by using a focused ion beam (FIB) system. The minimum feature top width was found to be approximately 56 nm. When both the target width and depth of one channel were set to 500 nm, the resultant top width was 750-780 nm, the bottom width was 250-320 nm, and the depth was 560 nm, almost achieving the target size for the channel depth.","","978-1-5090-1493-4","10.1109/NANO.2016.7751484","","https://ieeexplore.ieee.org/stamp/stamp.jsp?arnumber=7751484","","Nanotechnology","","","","7","IEEE","24 Nov 2016","22-25 Aug. 2016","22-25 Aug. 2016","IEEE","IEEE Conferences"
"Growth of atomic-scale aluminum film on GaAs substrate","M. -C. Lo; Y. -T. Fan; C. -C. Wu; P. -Y. Chen; S. -D. Lin","Department of Electronics Engineering, National Chiao Tung University; Department of Electronics Engineering, National Chiao Tung University; Department of Electronics Engineering, National Chiao Tung University; Department of Electronics Engineering, National Chiao Tung University; Department of Electronics Engineering, National Chiao Tung University",2016 IEEE 16th International Conference on Nanotechnology (IEEE-NANO),"24 Nov 2016","2016","","","868","870","We present the method for large-area growth of single-crystalline Al films in atomic scale on GaAs substrate by using molecular beam epitaxy. The grown Al film of thickness down to 5 nm exhibits smooth surface morphology, a clear and single X-ray diffraction peak in θ-2θ scan, and nearly transparent optical response. This work open a window for ex-situ studying quantum size effect in metal film.","","978-1-5090-1493-4","10.1109/NANO.2016.7751485","","https://ieeexplore.ieee.org/stamp/stamp.jsp?arnumber=7751485","","Films;Gallium arsenide;Metals;Reflectivity;Substrates;Atomic layer deposition;X-ray scattering","","","","10","IEEE","24 Nov 2016","22-25 Aug. 2016","22-25 Aug. 2016","IEEE","IEEE Conferences"
"In situ TEM visualization of Pd assisted graphene growth in nanoscale","M. S. Rosmi; Y. Yaakob; S. Sharma; M. Z. Yusop; G. Kalita; M. Tanemura","Dept. of Chemistry, Univ. Pend. Sultan Idris, Tanjung Malim, Perak, Malaysia; Dept. of Physics, UPM Serdang, Selangor, Malaysia; Dept. of Frontier Materials, Nagoya Inst.of Tech, Gokiso-cho, Nagoya, Japan; Dept. of Materials, Univ. Tech. Malaysia, Skudai, Johor, Malaysia; Dept. of Frontier Materials, Nagoya Inst.of Tech, Gokiso-cho, Nagoya, Japan; Dept. of Frontier Materials, Nagoya Inst.of Tech, Gokiso-cho, Nagoya, Japan",2016 IEEE 16th International Conference on Nanotechnology (IEEE-NANO),"24 Nov 2016","2016","","","622","623","Pd is a unique substrate to explore graphene growth. Pd is a well-known “carbon sponge” which have potential to grow graphene with semiconducting properties in nature. Here, we reveal a solid phase reaction process to achieve Pd assisted graphene growth in nanoscale by in-situ transmission electron microscope (TEM). Significant structural transformation of amorphous carbon nanofiber (CNF) incorporated with Pd is observed with an applied potential in a two probe system. The Pd particle recrystallize and agglomerate starting from the middle part of CNF toward the end part of CNF with applied potential due to joule heating and large thermal gradient. Consequently, the amorphous carbon start crystallizing and forming sp2 hybridized carbon to form graphene sheet from the tip of Pd surface. The observed graphene formation in nanoscale by the in-situ TEM process can be significant to understand carbon atoms and Pd interaction.","","978-1-5090-1493-4","10.1109/NANO.2016.7751486","","https://ieeexplore.ieee.org/stamp/stamp.jsp?arnumber=7751486","","Graphene;Carbon;Nanoscale devices;Heating;Visualization;Substrates;Electric potential","","2","","4","IEEE","24 Nov 2016","22-25 Aug. 2016","22-25 Aug. 2016","IEEE","IEEE Conferences"
"Die-bonding performance and mechanism based on the sintering of micro Ag paste for high power devices","T. Takemasa; M. Ueshima; J. Jiu; K. Suganuma","Senju Metal Industry Co., Ltd., Adachiku, Tokyo, Japan; Senju Metal Industry Co., Ltd., Adachiku, Tokyo, Japan; Senju Metal Industry Co., Ltd., Adachiku, Tokyo, Japan; Institute of Scientific and Industrial Research, Osaka University, Ibaraki, Osaka, Japan",2016 IEEE 16th International Conference on Nanotechnology (IEEE-NANO),"24 Nov 2016","2016","","","377","380","Commercially available micron-sized Ag flake particles and submicron-sized Ag particles were used to make Ag paste. The Ag paste was used to connect Si dies to Ni-Ag plated Cu substrates to achieve die-bonding joint for high temperature application. The contact between die and Ag paste was affected by the loading pressure, and was realized with only 0.2 MPa pressure. And the shear strength depended on the bonding pressure and increased over 20 MPa with only 0.2 MPa pressure. The high shear strength achieved at low bonding pressure contributed to the tight contact between die and paste, and optimized bonding pressure.","","978-1-5090-1493-4","10.1109/NANO.2016.7751487","","https://ieeexplore.ieee.org/stamp/stamp.jsp?arnumber=7751487","silver paste;loading pressure;contact;bonding pressure;shear strength","Bonding;Loading;Metals;Silicon;Nanoparticles;Substrates;Thermal stability","","2","","28","IEEE","24 Nov 2016","22-25 Aug. 2016","22-25 Aug. 2016","IEEE","IEEE Conferences"
"Mobility enhancement and hysteresis phenomenon in WSe2 FETs","C. Liu; X. Yan; P. Zhou; D. W. Zhang","Department of Microelectronics, Fudan University, Shanghai, China; Department of Microelectronics, Fudan University, Shanghai, China; Department of Microelectronics, Fudan University, Shanghai, China; Department of Microelectronics, Fudan University, Shanghai, China",2016 IEEE 16th International Conference on Nanotechnology (IEEE-NANO),"24 Nov 2016","2016","","","180","183","Two-dimensional materials are layered materials with outstanding electrical and optical properties in atomic thickness. Here we report on a back-gate transistor with a two-dimensional material WSe2 as channel material. Our device shows a significant mobility enhancement by Atomic layer deposition (ALD), from ~0.95 cm2/Vs to ~26 cm2/Vs. Moreover, we explored the hysteresis phenomenon in our device and fitted our data to make the mechanism clear.","","978-1-5090-1493-4","10.1109/NANO.2016.7751488","","https://ieeexplore.ieee.org/stamp/stamp.jsp?arnumber=7751488","","Transistors;Hysteresis;Atomic layer deposition;Molybdenum;Logic gates;Sulfur;Two dimensional displays","","1","","20","IEEE","24 Nov 2016","22-25 Aug. 2016","22-25 Aug. 2016","IEEE","IEEE Conferences"
"Enhanced gas selectivity by p-n type competition of ZnO nanorods with varied CuO shells","Y. -R. Hou; H. -W. Chen; S. -J. Chen; R. -C. Wang","National University of Kaohsing, Kaohsiung, Taiwan, R.O.C; National University of Kaohsing, Kaohsiung, Taiwan, R.O.C; National University of Kaohsing, Kaohsiung, Taiwan, R.O.C; National University of Kaohsing, Kaohsiung, Taiwan, R.O.C",2016 IEEE 16th International Conference on Nanotechnology (IEEE-NANO),"24 Nov 2016","2016","","","193","195","In this work, n-ZnO/p-CuxO and n-Cu:ZnO/n-Zn:CuO core-shell nanorod (NR) arrays were synthesized by depositing CuxO nanoshells with different thickness on surface of ZnO NRs and subsequent annealing. Scanning electron microscopy (SEM) and Transmission electron microscopy (TEM) show the outer CuxO shells were comprised of Cu2O and CuO nanocrystals before annealing, but they transformed to single-crystalline Zn doped CuO nanoparticles after annealing. X-ray diffraction (XRD) showed the (0002) peaks shift to higher angle after annealing, indicative of diffusion of Cu and replacement of Zn2+ by Cu2+ ions. Room-temperature Gas-sensing measurements show the n-ZnO/p-CuxO core/shell nanostructures with various CuxO thicknesses demonstrating enhanced selectivity for different gases by utilizing the competition of inner n-ZnO and outer p-CuxO. This work proposes an effective route to synthesize n-ZnO/p-CuxO and CZO nanostructures which have great potential in developing room-temperature gas sensors.","","978-1-5090-1493-4","10.1109/NANO.2016.7751489","","https://ieeexplore.ieee.org/stamp/stamp.jsp?arnumber=7751489","","Zinc oxide;II-VI semiconductor materials;Scanning electron microscopy;Annealing;Gases;X-ray scattering;Surface treatment","","","","6","IEEE","24 Nov 2016","22-25 Aug. 2016","22-25 Aug. 2016","IEEE","IEEE Conferences"
"Spike-based time-domain weighted-sum calculation using nanodevices for low power operation","T. Morie; H. Liang; T. Tohara; H. Tanaka; M. Igarashi; S. Samukawa; K. Endo; Y. Takahashi","Graduate School of Life Science and Systems Engineering, Kyushu Institute of Technology, Kitakyushu, Japan; Graduate School of Life Science and Systems Engineering, Kyushu Institute of Technology, Kitakyushu, Japan; Graduate School of Life Science and Systems Engineering, Kyushu Institute of Technology, Kitakyushu, Japan; Graduate School of Life Science and Systems Engineering, Kyushu Institute of Technology, Kitakyushu, Japan; Institute of Fluid Science, Tohoku University, Sendai, Japan; Institute of Fluid Science, Tohoku University, Sendai, Japan; National Institute of Advanced Industrial Science and Technology, Tsukuba, Japan; Graduate School of Information Science and Technology, Hokkaido University, Sapporo, Japan",2016 IEEE 16th International Conference on Nanotechnology (IEEE-NANO),"24 Nov 2016","2016","","","390","392","This paper introduces a time-domain weighted-sum calculation operation based on a spiking neuron model, and discusses a resistance-capacitance circuit that performs a calculation operation assumed to be realized in CMOS VLSI technology. A nanodevice that executes this calculation is also presented. The calculation circuit is useful for extremely low power operation. This operation uses the rising slopes of post-synaptic potentials triggered by input spike pulses. In the time-domain calculation circuit, the energy dissipation is independent of the resistance, and only depends on the capacitance and voltages. However, the time constant, which is the product of the resistance and capacitance, should be relatively large to guarantee the calculation resolution, and therefore the resistance should be at the giga-ohms levels. The nanodevice consists of a nanodisk array connected with a fin field-effect transistor. Nanodisk arrays can be fabricated using a self-assembly bio-nano-template technique, and they act as resistors with resistance levels of several giga-ohms. A weighted sum can be achieved with an energy dissipation on the order of 1 fJ, with a number of inputs that can be more than 100. This amount of energy is several orders of magnitude lower than that of conventional digital processors.","","978-1-5090-1493-4","10.1109/NANO.2016.7751490","","https://ieeexplore.ieee.org/stamp/stamp.jsp?arnumber=7751490","","Neurons;Time-domain analysis;Very large scale integration;Biological neural networks;Nanoscale devices;Timing;Resistance","","7","","9","IEEE","24 Nov 2016","22-25 Aug. 2016","22-25 Aug. 2016","IEEE","IEEE Conferences"
"A key more-than-moore technology: CMOS-MEMS resonant transducers","S. -S. Li","Institute of NanoEngineering and MicroSystems, National Tsing Hua University, Hsinchu, Taiwan",2016 IEEE 16th International Conference on Nanotechnology (IEEE-NANO),"24 Nov 2016","2016","","","456","459","This paper presents the recent progress on CMOS-MEMS resonant transducers, including their applications, fabrication, performance, bottlenecks, and feasible solutions to address the existing issues. The MEMS/IC integration for sensors and actuators through the CMOS-MEMS technology will be emphasized. In addition, various transduction mechanisms employed in CMOS-MEMS will be introduced and compared with each other, showing a proper selection of actuation and sensing is key to achieving decent performance in a variety of application scenarios. Finally, a few implementations of signal processors and sensors via the CMOS-MEMS technology will be presented.","","978-1-5090-1493-4","10.1109/NANO.2016.7751491","","https://ieeexplore.ieee.org/stamp/stamp.jsp?arnumber=7751491","","Conferences;Nanotechnology","","6","","16","IEEE","24 Nov 2016","22-25 Aug. 2016","22-25 Aug. 2016","IEEE","IEEE Conferences"
"Miniband formulation of bilayer type II Ge/Si quantum dot superlattices","Y. -C. Tsai; M. -Y. Lee; Y. Li; S. Samukawa","Department of Electrical and Computer Engineering, National Chiao Tung University, Hsinchu, Taiwan; Department of Electrical and Computer Engineering, National Chiao Tung University, Hsinchu, Taiwan; Department of Electrical and Computer Engineering, National Chiao Tung University, Hsinchu, Taiwan; Institute of Fluid Science and WPI-AIMR, Tohoku University, Sendai, Japan",2016 IEEE 16th International Conference on Nanotechnology (IEEE-NANO),"24 Nov 2016","2016","","","891","894","This article presents a computational study on the impact of layer distance on the miniband formulation and density of state under different quantum dot structural parameters-height, interdot space-in a bilayer and well-aligned Ge/Si quantum-dot array. The miniband bandwidth, energy and effective bandgap is tunable by introducing an additional quantum dot layer. When the vertical distance between layers is smaller than 2.0 nm, the individual band structure of each layer will separate and couple into a broader bandwidth. The effective bandgap decreases since the highest excited states, with broader bandwidth, mix with and become continuous energy levels.","","978-1-5090-1493-4","10.1109/NANO.2016.7751492","","https://ieeexplore.ieee.org/stamp/stamp.jsp?arnumber=7751492","","Couplings;Photonic band gap;Bandwidth;Quantum dots;Etching;Superlattices;Energy states","","1","","9","IEEE","24 Nov 2016","22-25 Aug. 2016","22-25 Aug. 2016","IEEE","IEEE Conferences"
"Independently controlled etching and growth of graphene quantum dots and their SERS applications","Y. R. Chen; Cheng Lung Chung; G. Chen; Y. Tzeng","Department of Electrical Engineering, National Cheng Kung University, Tainan, Taiwan; Department of Electrical Engineering, National Cheng Kung University, Tainan, Taiwan; Department of Electrical Engineering, National Cheng Kung University, Tainan, Taiwan; Department of Electrical Engineering, National Cheng Kung University, Tainan, Taiwan",2016 IEEE 16th International Conference on Nanotechnology (IEEE-NANO),"24 Nov 2016","2016","","","759","762","We report the fabrication of graphene quantum dots on Cu substrates by thermal CVD. The synthesized high-density graphene quantum dots exhibit strong surface enhanced Raman scattering (SERS) effects. The nanoscale distance of 30∼50nm between neighboring quantum dots combined with quantum dots to form nanostructures favorable for plasmonic coupling enhanced high local electric fields, which lead to greatly enhanced strength of signal from Raman scattering of molecules on the substrate as an effective means of detecting, identifying, and measuring low concentration molecules of scientific and technological significance.","","978-1-5090-1493-4","10.1109/NANO.2016.7751493","","https://ieeexplore.ieee.org/stamp/stamp.jsp?arnumber=7751493","","Graphene;Quantum dots;Raman scattering;Etching;Substrates;Copper;Nanoparticles","","","","23","IEEE","24 Nov 2016","22-25 Aug. 2016","22-25 Aug. 2016","IEEE","IEEE Conferences"
"Tunable plasmonic Au-film over nanosphere SERS substrate by rapid thermal annealing","A. Purwidyantri; I. El-Mekki; C. -S. Lai","Biomedical Engineering, Chang Gung University, Taoyuan, Taiwan; Applied Physics Department, University Pierre and Marie Curie, Paris, France; Electronic Engineering Department, Chang Gung University, Taoyuan, Taiwan",2016 IEEE 16th International Conference on Nanotechnology (IEEE-NANO),"24 Nov 2016","2016","","","323","324","In this work, 5 nm Au film was deposited on 100 nm polystyrene (PS) nanobeads and tuned by three different temperatures of a short rapid thermal annealing (RTA) process, 250°, 500° and 750°. Results show that structural alteration of Au-film morphology due to RTA led to a gradual enhancement of SERS response on the detection of Rhodamine 6G (R6G) Raman probe achieving the highest enhancement factor (EF) at 1.08 × 108 by 750° of RTA. Overall, a novel approach of a non-lithographic SERS substrate with tunable plasmonic response assisted by RTA was achieved.","","978-1-5090-1493-4","10.1109/NANO.2016.7751494","","https://ieeexplore.ieee.org/stamp/stamp.jsp?arnumber=7751494","non-lithographic;SERS;RTA;PS nanobeads","Substrates;Gold;Films;Surface morphology;Plasma temperature;Plasmons;Annealing","","1","","5","IEEE","24 Nov 2016","22-25 Aug. 2016","22-25 Aug. 2016","IEEE","IEEE Conferences"
"Single-Walled Carbon Nanotubes based sensors and amplifier circuit integrated on flexible substrates","K. Zhang; J. Zou; Q. Zhang","Nanoelectronic Center of Execellence, School of EEE, Nanyang Technological University, Singapore, Singapore, SG; Nanoelectronic Center of Execellence, School of EEE, Nanyang Technological University, Singapore, Singapore, SG; Nanoelectronic Center of Execellence, School of EEE, Nanyang Technological University, Singapore, Singapore, SG",2016 IEEE 16th International Conference on Nanotechnology (IEEE-NANO),"24 Nov 2016","2016","","","472","474","Single-Walled Carbon Nanotubes (SWCNTs) have been shown to be a promising candidate for flexible electronics, especially logic circuits. However, very little study on SWCNT based analog circuit elements, such as amplifiers and comparators, on flexible substrates has been reported. For practical applications, fully functional flexible electronic devices must have an analog input circuitry to achieve appropriate functionalities. In this work, we demonstrate a resistive SWCNT gas sensor integrated with an amplifier circuit on flexible substrate to detect and amplify the sensing signals.","","978-1-5090-1493-4","10.1109/NANO.2016.7751495","","https://ieeexplore.ieee.org/stamp/stamp.jsp?arnumber=7751495","","Sensors;Field effect transistors;Substrates;Films;Humidity;Hysteresis;Gold","","","","7","IEEE","24 Nov 2016","22-25 Aug. 2016","22-25 Aug. 2016","IEEE","IEEE Conferences"
"Cassia fistula L. florisynthesis and characterisation of silver nanoparticles - a paradigm as antimicrobial functionalized PLA matrix","K. Priadharsini; A. S. Sulthana; C. G. Shree; P. Palani","Centre for Advanced Studies in Botany, University of Madras, Chennai, Tamil Nadu, India; Centre for Advanced Studies in Botany, University of Madras, Chennai, Tamil Nadu, India; Centre for Advanced Studies in Botany, University of Madras, Chennai, Tamil Nadu, India; Centre for Advanced Studies in Botany, University of Madras, Chennai, Tamil Nadu, India",2016 IEEE 16th International Conference on Nanotechnology (IEEE-NANO),"24 Nov 2016","2016","","","435","437","Cassia fistula L. hoarding multi perspective components that are still being used not only as medicines but also in synthesizing silver nanoparticles that are reliably beneficial for its microbial growth inhibition nature. The microbial resistant products seems to have gained much importance in many of the emerging fields. Active biocomposite fabricated relating biodegradable Polylactide (PLA) and synthesized silver nanoparticles using petal extract of C fistula L. as reducing and capping agent by solvent casting method can be used as food/fruit wrapping material. Thus, the reduction of silver nitrate (ions) to silver nanoparticles using C fistula L. petal extract was monitored primarily by visual colour change, later by confirming with SPR bands between 400-500 nm in the solution. HRTEM-SAED pattern, FESEM-EDAX were characterised to observe the size and shape nature of the synthesised silver nanoparticles. Stability and net charge were known using DLS and zeta potential. The major scenario to imply this synthesised silver nanoparticles as a socially harmless substances incorporated in the fabrications of PLA matrices with antimicrobial nature. Matrices were characterised to know the nature by XRD, SEM and mechanical properties by tensile, elongation studies to sustain the fruit safety and commercial materials. Antimicrobial tasks of the synthesized silver nanoparticles and fabricated PLA matrix incorporated with the synthesised silver nanoparticles were estimated by disc diffusion against some pathogenic bacteria and poison plate method against some fungal aerosols. The degrading nature of the fabricated PLA matrices was performed by pot degradation method. Synthesised silver nanoparticles studies strongly states that the reduced particles are of 28 nm sized, semi spherical shaped antimicrobially active nanocrystals when tested against some airborne fungal contaminants and bacterial pathogens. Later, the results revealed a significant positive records with acceptable mechanical properties, efficient antibacterial activities for the fabricated PLA matrix against some common bacterial pathogens.","","978-1-5090-1493-4","10.1109/NANO.2016.7751496","","https://ieeexplore.ieee.org/stamp/stamp.jsp?arnumber=7751496","","Programmable logic arrays;Silver;Nanoparticles;Microorganisms;X-ray scattering;Antibacterial activity;Aerosols","","1","","6","IEEE","24 Nov 2016","22-25 Aug. 2016","22-25 Aug. 2016","IEEE","IEEE Conferences"
"Green synthesis and characterization of silver nanoparticles and its impact on the germination of Solanum lycopersicum L.","S. Malathi; P. Palani","Guindy campus, University of Madras, Chennai, Tamilnadu, India; Guindy campus, University of Madras, Chennai, Tamilnadu, India",2016 IEEE 16th International Conference on Nanotechnology (IEEE-NANO),"24 Nov 2016","2016","","","343","346","In the present investigation, silver nanoparticles (SNP) were synthesised using Dipteracanthus prostratus (Poir.) Nees, leaves extract and were characterised using UV-Visible spectroscopy, High resolution transmission electron microscopy (HR-TEM), and X-ray diffraction. The UV-Vis analysis of nanoparticles shows absorption peak at 412 nm. HR-TEM results showed them to be spherical - ellipsoidal in shape. XRD analysis revealed the metallic nature of the nanoparticles and the average grain size to be 20 nm. Preliminary study was carried out to examine the effect of SNP dosage (Control, AgNO3, 0.1ppm, 1ppm, 10ppm, 50ppm) on the seed germination and growth of tomato (Solanum lycopersicum L.) plants. Each group had different dose responses to SNPs in terms of germination parameters and the measured growth characteristics. Germination percentage of 10ppm SNP treated seeds was marginally higher than the control plants whereas it decreased when the dosage of SNP was increased. Similarly, 1ppm and 10ppm SNPs had negligible negative impact on the tested growth parameters such as the ratio of fresh & dry weight, root length, shoot length and number of leaves of the tomato plant. At 50ppm, a significant reduction in all tested parameters was observed, a manifestation of the SNPs toxicity at higher concentration. Based on our study, low doses of bioreduced SNPs would be harmless to plant growth and development hence could be used in plant disease management strategies. Nevertheless more detailed studies are needed to assess the potential ecotoxicity and bioaccumulation in different trophic levels.","","978-1-5090-1493-4","10.1109/NANO.2016.7751497","","https://ieeexplore.ieee.org/stamp/stamp.jsp?arnumber=7751497","","Silver;Nanoparticles;X-ray diffraction;Ions;Surface treatment;Irrigation","","1","","5","IEEE","24 Nov 2016","22-25 Aug. 2016","22-25 Aug. 2016","IEEE","IEEE Conferences"
"Green synthesis of gold nanoparticles from the rind extract of Garcinia mangostana and its synergistic effect with antibiotics against human pathogenic bacteria","R. Nishanthi; P. Palani","Centre for Advanced Studies in Botany, University of Madras, Chennai, Tamilnadu, INDIA; Centre for Advanced Studies in Botany, University of Madras, Chennai, Tamilnadu, INDIA",2016 IEEE 16th International Conference on Nanotechnology (IEEE-NANO),"24 Nov 2016","2016","","","431","434","The present investigation reports a facile method for the biosynthesis of gold nanoparticles from the rind extract of Garcinia mangostana, a medicinal plant which acts as a reducing agent. It was observed that the aqueous gold ions, when exposed to the rind extract of G.mangostana were reduced in the solution, thereby leading to the formation of gold nanoparticles (GMREGNP). The structural characterization was performed using HR-TEM; the micrographs showed the well dispersed spherical nanoparticles ranged from 25 - 60 nm. The SAED diffraction rings suggested that the GMREGNP were polycrystalline in nature. The peaks in the XRD were in good agreement with the standard values of the spherical form of metallic gold and no peaks of impurities were detected. From the Fourier Transformed-Infrared Spectra (FT-IR) of the rind extract and phytosynthesised gold nanoparticles, the possible functional groups involved in the gold ions reduction and capping of the gold nanoparticles were identified. The particle size (DLS) and the electro kinetic measurement (zeta potential) of the GMREGNP was also evaluated. The nanoparticles were assessed for their increased antimicrobial activity with various antibiotics against potential human pathogens. Further the fabrication of the bio-inspired GMREGNP with the drug and the changes on the characteristics of the nanoparticles were studied using various techniques like UV-VIS spectroscopy and FT-IR. The minimal inhibitory concentration (MIC) of the GMREGNP and drug fabricated GMREGNP has been recorded. The topological changes stamped by the nanoparticles on the surface of the bacteria have been recorded by SEM images. Experiments are underway to prove the possible mechanism for the synergistic effect of the nanoparticles with antibiotics.","","978-1-5090-1493-4","10.1109/NANO.2016.7751498","","https://ieeexplore.ieee.org/stamp/stamp.jsp?arnumber=7751498","","Nanoparticles;Gold;Microorganisms;Antibiotics;Ions;Standards","","5","","5","IEEE","24 Nov 2016","22-25 Aug. 2016","22-25 Aug. 2016","IEEE","IEEE Conferences"
"Characterization of magnetite nanoparticle / polymer nanocomposite materials in gel and dry state","A. Campanella; O. Holderer; K. N. Raftopoulos; C. M. Papadakis; M. P. Staropoli; M. S. Appavou; P. Müller-Buschbaum; H. Frielinghaus","Forschungszentrum Jülich GmbH, Jülich Centre for Neutron Science, Garching, Germany; Forschungszentrum Jülich GmbH, Jülich Centre for Neutron Science, Garching, Germany; Physics Department, Technische Universität München, Garching, Germany; Physics Department, Technische Universität München, Garching, Germany; Forschungszentrum Jülich GmbH, Jülich Centre for Neutron Science, Garching, Germany; Forschungszentrum Jülich GmbH, Jülich Centre for Neutron Science, Garching, Germany; Technische Universitat Munchen, Munchen, Bayern, DE; Forschungszentrum Jülich GmbH, Jülich Centre for Neutron Science, Garching, Germany",2016 IEEE 16th International Conference on Nanotechnology (IEEE-NANO),"24 Nov 2016","2016","","","446","447","We present the characterization of nanocomposite materials made from functionalized magnetite nanoparticles and HEUR amphiphilic polymers in the gel and dry states. The hydrophobically modified particles are mainly associated with the two hydrophobic end-groups of the polymer. One part of this study focuses on the polymeric state and dynamics, that are governed by the polymeric network through amphiphilic interactions forming a gel in the wet state and microphase separated system in the dry state. Apart from the network, the particles seem to be well distributed at concentrations below 1%wt, while strong clustering is observed at higher concentrations. The magnetic response of the dry nanocomposite shows super-paramagnetic behavior with a blocking temperature of ca. 25K.","","978-1-5090-1493-4","10.1109/NANO.2016.7751499","","https://ieeexplore.ieee.org/stamp/stamp.jsp?arnumber=7751499","","Polymers;Magnetic separation;Loading;Nanoparticles;Films;Magnetic domains;Neutron spin echo","","1","","3","IEEE","24 Nov 2016","22-25 Aug. 2016","22-25 Aug. 2016","IEEE","IEEE Conferences"
"Design and simulation of steep-slope silicon-on-insulator FETs using negative capacitance: Impact of buried oxide thickness and remnant polarization","H. Ota; S. Migita; J. Hattori; K. Fukuda; A. Toriumi","National Institute of Advanced Industrial Science and Technology, Tsukuba, Ibaraki, Japan; National Institute of Advanced Industrial Science and Technology, Tsukuba, Ibaraki, Japan; National Institute of Advanced Industrial Science and Technology, Tsukuba, Ibaraki, Japan; National Institute of Advanced Industrial Science and Technology, Tsukuba, Ibaraki, Japan; Department of Materials Engineering, University of Tokyo, Bunkyo, Tokyo, Japan",2016 IEEE 16th International Conference on Nanotechnology (IEEE-NANO),"24 Nov 2016","2016","","","770","772","This paper discusses the importance of determining a suitable value of the buried oxide (BOX) thickness and remnant polarization in ferroelectric silicon-on-insulator FETs to attain a steep subthreshold swing (SS) by exploiting the negative capacitance effects. We reveal that a small value of remnant polarization Pr (3 μC/cm2 at most) and ultrathin BOX (<; 10 nm) are key to realizing SS <; 60 mV/decade.","","978-1-5090-1493-4","10.1109/NANO.2016.7751500","","https://ieeexplore.ieee.org/stamp/stamp.jsp?arnumber=7751500","","Conferences;Nanotechnology","","2","","17","IEEE","24 Nov 2016","22-25 Aug. 2016","22-25 Aug. 2016","IEEE","IEEE Conferences"
"Enhancement-mode AlGaN/GaN MIS-HEMTs with low threshold voltage hysteresis using damage-free neutral beam etched gate recess","Y. -K. Lin; S. Noda; R. -B. Lee; C. -C. Huang; Q. H. Luc; S. Samukawa; E. Y. Chang","Department of Materials Science and Engineering, National Chiao Tung University, Hsinchu, Taiwan; Institute of Fluid Science, Tohoku University, Sendai, Japan; Institute of Photonic System, National Chiao Tung University, Hsinchu, Taiwan; Institute of Imaging and Biomedical Photonics, National Chiao Tung University, Hsinchu, Taiwan; Department of Materials Science and Engineering, National Chiao Tung University, Hsinchu, Taiwan; Institute of Fluid Science, Tohoku University, Sendai, Japan; Department of Materials Science and Engineering and the Department of Electronic Engineering, National Chiao Tung University, Hsinchu, Taiwan",2016 IEEE 16th International Conference on Nanotechnology (IEEE-NANO),"24 Nov 2016","2016","","","799","801","An enhancement-mode AlGaN/GaN MIS-HEMTs with low threshold voltage hysteresis using damage-free neutral beam etched (NBE) gate recess is reported. The NBE can eliminate the plasma-induced defects that generated by irradiating UV/VUV photons as encounted in the conventional inductively coupled plasma-reactive-ion etching (ICP-RIE). Combining the new gate recess process and PEALD-AlN interfacial passivation layer, the Al2O3/AlGaN/GaN enhancement-mode HEMT device shows a threshold voltage of 1.5 V and a current density of 449 mA/mm, and the three-terminal breakdown voltage was 432 V. The device also shows small hysteresis in threshold voltage at stable I-V curve.","","978-1-5090-1493-4","10.1109/NANO.2016.7751501","","https://ieeexplore.ieee.org/stamp/stamp.jsp?arnumber=7751501","","Logic gates;Gallium nitride;Aluminum gallium nitride;Wide band gap semiconductors;HEMTs;Threshold voltage;Hysteresis","","1","","5","IEEE","24 Nov 2016","22-25 Aug. 2016","22-25 Aug. 2016","IEEE","IEEE Conferences"
"Synthesis and optimization of silver nanowire transparent conductive film by organic needle-shaped precursor painting reduction method","Y. Hayashi; K. Fujita; I. Narira; M. Inoue; H. Takizawa","School of Engineering, Tohoku University, Sendai, Miyagi, Japan; School of Engineering, Tohoku University, Sendai, Miyagi, Japan; Graduate school of education, Osaka Kyouiku University, Kashiwara, Osaka, Japan; Advanced Scientific Research Leaders Development Unit, Gunma University, Kiryu, Gunma, Japan; School of Engineering, Tohoku University, Sendai, Miyagi, Japan",2016 IEEE 16th International Conference on Nanotechnology (IEEE-NANO),"24 Nov 2016","2016","","","257","260","A process of silver nanowire transparent conductive films has been developed to synthesize by organic needle-shaped precursor painting reduction. Needle-shaped nanowire precursors are simply synthesized by ultrasound irradiation of silver oxide and carboxylic acid as starting materials. The aspect ratio of the needle-shaped precursors is chenged by condition of ultrasound irradiation. Silver nanowires can be easily obtained by reducing these needle-shaped precursors with hydrazine gas. The morphology of the resulting nanowires is different from that of typical nanowires that have been reported. The small nanoparticles are connected to form polycrystal nanowire. The polycrystal silver nanowire is considered to increase the transparency of the film because of its rough morphology. This method can synthesize silver nanowires and fabricate the transparent conductive film simultaneously, in low cost and high throughput.","","978-1-5090-1493-4","10.1109/NANO.2016.7751502","","https://ieeexplore.ieee.org/stamp/stamp.jsp?arnumber=7751502","","Silver;Conductive films;Painting;Substrates;Morphology;Ultrasonic imaging","","2","","11","IEEE","24 Nov 2016","22-25 Aug. 2016","22-25 Aug. 2016","IEEE","IEEE Conferences"
"Eyeglasses-type retinal imaging system using MEMS scanner","T. Sasaki; T. Nakazawa; K. Hane","Tohoku University, Sendai, Japan; Tohoku University, Sendai, Japan; Tohoku University, Sendai, Japan",2016 IEEE 16th International Conference on Nanotechnology (IEEE-NANO),"24 Nov 2016","2016","","","923","924","We propose an eyeglasses-type retinal imaging system using MEMS scanner. The laser scanning confocal measurement system is incorporated in the glasses frame. The two dimensional electromagnetic MEMS scanner is used. The obtained image of the fundus of model eye using the instrument is also presented.","","978-1-5090-1493-4","10.1109/NANO.2016.7751503","","https://ieeexplore.ieee.org/stamp/stamp.jsp?arnumber=7751503","","Micromechanical devices;Retina;Mirrors;Optical imaging;Optical device fabrication","","","","6","IEEE","24 Nov 2016","22-25 Aug. 2016","22-25 Aug. 2016","IEEE","IEEE Conferences"
"Analysis, modeling, and applications of the straintronics devices for the future spin-based integrated circuits","M. Barangi; P. Mazumder","Department of EECS, Univ. of Mich., Ann Arbor, MI, USA; Department of EECS, Univ. of Mich., Ann Arbor, MI, USA",2016 IEEE 16th International Conference on Nanotechnology (IEEE-NANO),"24 Nov 2016","2016","","","655","658","Increasing the energy efficiency of magnetic memories has been the focus of many research labs in the past decades. Spin polarized current-based switching, although demonstrating promising results, is still far from the fundamental energy limits of the magnetic logic. In order to take a leap towards the inherent energy advantages of the magnetic logic, the principle of straintronics has been proposed as an efficient alternative approach to switch the state of a nanomagnet. This paper shows that the straintronics magnetic tunneling junction (MTJ) can be incorporated into the integrated circuits in order to reduce the switching energy of the magnetic tunneling junction compared to the spin polarized approaches. The critical switching voltage of the device, as a measure of noise tolerance, is investigated. A microspin model of the device is developed using the Verilog-A language to interface and simulate the device with CMOS circuitry. To assist the fast simulation of the device in large systems, a liberal model of the device's dynamics is developed. The use of straintronics-MTJ in CMOS systems is highlighted by discussing the straintronics-MTJ in memory design and artificial neural networks.","","978-1-5090-1493-4","10.1109/NANO.2016.7751504","","https://ieeexplore.ieee.org/stamp/stamp.jsp?arnumber=7751504","","Magnetic tunneling;Magnetization;Integrated circuit modeling;Semiconductor device modeling;Stress;Switches;Mathematical model","","","","11","IEEE","24 Nov 2016","22-25 Aug. 2016","22-25 Aug. 2016","IEEE","IEEE Conferences"
"Multi ion-sensor arrays: Towards an “electronic tongue”","K. Melzer; V. D. Bhatt; T. Schuster; E. Jaworska; K. Maksymiuk; A. Michalska; G. Scarpa; P. Lugli","Department of Electrical Engineering and Information Technology, Technische Universität München, Munich, Germany; Department of Electrical Engineering and Information Technology, Technische Universität München, Munich, Germany; Department of Electrical Engineering and Information Technology, Technische Universität München, Munich, Germany; Faculty of Chemistry, University of Warsaw, Warsaw, Poland; Faculty of Chemistry, University of Warsaw, Warsaw, Poland; Faculty of Chemistry, University of Warsaw, Warsaw, Poland; Department of Electrical Engineering and Information Technology, Technische Universität München, Munich, Germany; Department of Electrical Engineering and Information Technology, Technische Universität München, Munich, Germany",2016 IEEE 16th International Conference on Nanotechnology (IEEE-NANO),"24 Nov 2016","2016","","","475","478","In this work ion-selective arrays based on spray-coated electrolyte-gated carbon-nanotube field-effect transistors will be used in an example application for water quality assessment. Several cations like Na+, K+, Ca2+ and anions like Cl- and NO3- are detected with the ion-selective sensor arrays in different bottled mineral waters. For the ion-selective arrays the sensing results of two different array configurations will be compared: an array with six transistor structures and one common gate electrode or six different planar gate electrodes with one common read-out CNT-FET. These ion-selective sensor array will have various applications in the fields of biomedical diagnostics, soil-quality testing and water-control measurements.","","978-1-5090-1493-4","10.1109/NANO.2016.7751505","","https://ieeexplore.ieee.org/stamp/stamp.jsp?arnumber=7751505","electrolyte-gated CNT-FET;array;ion-selective CNT-FET;water-quality analysis","Minerals;Ions;Sensor arrays;Logic gates;Electrodes;Conductivity;Transistors","","7","2","16","IEEE","24 Nov 2016","22-25 Aug. 2016","22-25 Aug. 2016","IEEE","IEEE Conferences"
"Polynomial Prandtl-Ishlinskii hysteresis modeling for nanorobot motion control","B. Song; Z. Sun; N. Xi; Y. Yang; L. Chen; Z. Zhou","Department of Electrical and Computer Engineering, Michigan State University, East Lansing, MI, USA; Department of Electrical and Computer Engineering, Michigan State University, East Lansing, MI, USA; Department of Industrial and Manufacturing Systems Engineering, The University of Hong Kong, Hong Kong; Department of Electrical and Computer Engineering, Michigan State University, East Lansing, MI, USA; Department of Electrical and Computer Engineering, Michigan State University, East Lansing, MI, USA; Department of Electrical and Computer Engineering, Michigan State University, East Lansing, MI, USA",2016 IEEE 16th International Conference on Nanotechnology (IEEE-NANO),"24 Nov 2016","2016","","","291","292","Nanorobotics have been successfully applied to investigate the physical and biomedical properties in the nano scale. As the center piece of nanorobotics Scanning probe microscope (SPM) has been widely used to measure the topography information of sample surface as well as serving as a manipulation and sensing tool to modify and measure the mechanical and physical properties of sample. However, the manipulation accuracy of the SPM based nanorobot has been considered as a serious issue because of the hysteresis, creep and thermal drift of its piezoelectric actuator. Generally, creep is linear, which is easy to model; thermal drift is unpredictable, however, it is slow and has an ultimate balance state, thus easy to reduce. Unlike creep characteristic, hysteresis is nonlinear and exists ubiquitously in smart material actuators and seriously affects behaviors of them. Thus cancelation of it will significantly improve motion precision using actuator such as piezoelectric actuators. In this research, we proposed a novel hysteresis modeling and compensation strategy: Polynomial Prandtl-Ishlinskii (PPI) operator superposition model, and its inverse compensator. The property of PPI model is that, it possesses a similar modeling capacity as Preisach model, more important, it can be represented as compressive as the classical PI model. The PPI inverse compensator is then combined with a PID controller, named PPI Inverse Aided PID (PIA-PID) controller, to reduce the output error caused by hysteresis, creep and some unknown drift of our atomic force microscope (AFM) based nanorobot.","","978-1-5090-1493-4","10.1109/NANO.2016.7751506","","https://ieeexplore.ieee.org/stamp/stamp.jsp?arnumber=7751506","","Hysteresis;Mathematical model;Creep;Actuators;Data models;Biomedical measurement","","1","","2","IEEE","24 Nov 2016","22-25 Aug. 2016","22-25 Aug. 2016","IEEE","IEEE Conferences"
"A nanogap electrode platform for organic monolayer-film devices","S. Pfaehler; K. Keim; R. Csiki; Q. H. Nguyen; K. -C. Liao; M. Stutzmann; J. Schwartz; A. Cattani-Scholz; M. Tornow","Department of Molecular Electronics, TU München, Germany; Department of Molecular Electronics, TU München, Germany; Walter Schottky Institut & Physics Department, TU München, Germany; Department of Molecular Electronics, TU München, Germany; Department of Chemistry, Princeton University, NJ, USA; Walter Schottky Institut & Physics Department, TU München, Germany; Department of Chemistry, Princeton University, NJ, USA; Walter Schottky Institut & Physics Department, TU München, Germany; Walter Schottky Institut & Physics Department, TU München, Germany",2016 IEEE 16th International Conference on Nanotechnology (IEEE-NANO),"24 Nov 2016","2016","","","842","844","The fabrication and electrical characterization of organic monolayer functionalized, planar silicon nanogap electrode devices is described. Highly doped silicon nanogap electrodes were fabricated with contact separation as small as 200 nm by anisotropic etching of silicon-on-insulator (SOI) substrates using KOH and a patterned metal film as the etch mask. Conductance was greatly improved compared to an untreated device by self-assembly of a monolayer of an aromatic organophosphonate in the nanogap. This device is a prototype for development of self-assembled monolayer-functionalized field-effect transistors involving all-silicon contact electrodes.","","978-1-5090-1493-4","10.1109/NANO.2016.7751507","","https://ieeexplore.ieee.org/stamp/stamp.jsp?arnumber=7751507","","Conferences;Nanotechnology","","4","","16","IEEE","24 Nov 2016","22-25 Aug. 2016","22-25 Aug. 2016","IEEE","IEEE Conferences"
"Effect of the HfO2 passivation on HfS2 Transistors","T. Kanazawa; T. Amemiya; V. Upadhyaya; A. Ishikawa; K. Tsuruta; T. Tanaka; Y. Miyamoto","Tokyo Institute of Technology, Tokyo, Japan; RIKEN, Wako, Japan; Tokyo Institute of Technology, Tokyo, Japan; RIKEN, Wako, Japan; Okayama University, Okayama, Japan; RIKEN, Wako, Japan; Tokyo Institute of Technology, Tokyo, Japan",2016 IEEE 16th International Conference on Nanotechnology (IEEE-NANO),"24 Nov 2016","2016","","","865","867","Hafnium Disulfide (HfS2) is one of the transition metal dichalcogenides which is expected to have high electron mobility and finite bandgap. However, the fabrication process for HfS2 based electron devices has not been established, and it is required to bring out the superior transport properties of HfS2. In this report, we have investigated the effects of ALD HfO2 passivation on the current properties of HfS2 Transistors. HfO2 passivation of HfS2 surface achieved the improvement in drain current and significant reduction of hysteresis. The charge trapping at the outermost surface seems to be the dominant factor for degradation of the current stability.","","978-1-5090-1493-4","10.1109/NANO.2016.7751508","","https://ieeexplore.ieee.org/stamp/stamp.jsp?arnumber=7751508","","Hafnium compounds;Passivation;MOSFET;Degradation;Atmospheric measurements;Logic gates","","1","","12","IEEE","24 Nov 2016","22-25 Aug. 2016","22-25 Aug. 2016","IEEE","IEEE Conferences"
"Integration of hetero-structure body-tied Ge FinFET using retrograde-well implantation","Y. -C. Chou; C. -C. Hsu; C. -T. Chun; C. -H. Chou; M. -L. Tsai; Y. -H. Tsai; W. -L. Lee; S. -Y. Wang; G. -L. Luo; C. -H. Chien","Department of Electronics Engineering and the Institute of Electronics, National Chiao Tung University, Hsinchu, Taiwan; Department of Electronics Engineering and the Institute of Electronics, National Chiao Tung University, Hsinchu, Taiwan; Department of Electronics Engineering and the Institute of Electronics, National Chiao Tung University, Hsinchu, Taiwan; Department of Electronics Engineering and the Institute of Electronics, National Chiao Tung University, Hsinchu, Taiwan; Department of Electronics Engineering and the Institute of Electronics, National Chiao Tung University, Hsinchu, Taiwan; Department of Materials Science and Engineening, National Chiao Tung University, Hsinchu, Taiwan; Department of Electronics Engineering and the Institute of Electronics, National Chiao Tung University, Hsinchu, Taiwan; Department of Electronics Engineering and the Institute of Electronics, National Chiao Tung University, Hsinchu, Taiwan; National Nano Device Laboratories, Hsinchu, Taiwan; Department of Electronics Engineering, National Chiao Tung University, Hsinchu, Taiwan",2016 IEEE 16th International Conference on Nanotechnology (IEEE-NANO),"24 Nov 2016","2016","","","142","144","In this work, we investigated the influence of retrograde-well implantation on hetero-structure body-tied germanium (Ge) FinFET [1]. Using structural engineering, the retrograde well was fabricated prior to Ge epitaxy, which could avoid the activated temperature of dopant in Si substrate. With optimizing the implant condition, the p-Ge/n-Si hetero-structure junction exhibited high ION/IOFF ratio and lower junction leakage (4 × 10−3 µA/cm2). Furthermore, we also make a comparison of planar and mesa junction structures, mesa junction exhibited lower junction leakage (6× 10−6 µA/cm2) as compared with the planar one mentioned before, which could be attributed to improvement in peripheral leakage due to dislocation within Ge and Si. Comparing the difference between retrograde-well and implant-free Ge FinFETs, the drain induced barrier lowering (DIBL) was considerably improved by 50 %. Our retrograde-well Ge FinFET exhibited a high ION/IOFF ratio ∼ 8×103 (IS) than the conventional Ge FinFET (ION/IOFF ∼2×103).","","978-1-5090-1493-4","10.1109/NANO.2016.7751509","","https://ieeexplore.ieee.org/stamp/stamp.jsp?arnumber=7751509","Body-tied Ge FinFET;DIBL (drain-induced barrier lowering);implantation;retrograde-well","FinFETs;Junctions;Silicon;Logic gates;Germanium;Leakage currents","","1","","10","IEEE","24 Nov 2016","22-25 Aug. 2016","22-25 Aug. 2016","IEEE","IEEE Conferences"
"Computational study of second- and third-harmonic generation in periodically patterned 2D-3D heteromaterials","M. Weismann; N. C. Panoiu","Department of Electronic and Electrical Engineering, University College London, Torrington Place, London, UK; Department of Electronic and Electrical Engineering, University College London, Torrington Place, London, UK",2016 IEEE 16th International Conference on Nanotechnology (IEEE-NANO),"24 Nov 2016","2016","","","419","422","Remarkable optical and electrical properties of graphene and other two-dimensional (2D) materials provide significant potential for novel optoelectronic applications and devices, many of which depend on nonlinear optical effects in these 2D materials. In this paper we use a theoretical and computational formalism we have recently introduced to efficiently and accurately compute the linear and nonlinear optical response of nanostructured 2D materials embedded in periodic structures containing regular three-dimensional (3D) materials, such as diffraction gratings or periodic metamaterials. Thus, we use the proposed method to demonstrate enhanced nonlinear optical interactions in periodically patterned photonic nanostructures via resonant excitation of phase-matched nonlinear waveguide modes, enhanced nonlinearity of nanostructures containing graphene and other 2D nanomaterials, such as WS2, and multi-continua Fano resonances for increasing the nonlinear efficiency of hybrid 2D-3D photonic heteromaterials.","","978-1-5090-1493-4","10.1109/NANO.2016.7751510","","https://ieeexplore.ieee.org/stamp/stamp.jsp?arnumber=7751510","","Graphene;Two dimensional displays;Optical waveguides;Frequency conversion;Optical harmonic generation;Nonlinear optical devices","","","","27","IEEE","24 Nov 2016","22-25 Aug. 2016","22-25 Aug. 2016","IEEE","IEEE Conferences"
"Hydrogen diffusion characterization of amorphous Yttrium Stabilized Zirconia dielectrics","S. A. Sheikholeslam; C. Grecu; H. Manzano; A. Ivanov","Department of Electrical and Computer Engineering, The University of British Columbia, Vancouver, BC, Canada; Department of Electrical and Computer Engineering, The University of British Columbia, Vancouver, BC, Canada; Department of Condensed Matter Physics, University of the Basque Country UPV/EHU, Bizkaia, Spain; Department of Electrical and Computer Engineering, The University of British Columbia, Vancouver, BC, Canada",2016 IEEE 16th International Conference on Nanotechnology (IEEE-NANO),"24 Nov 2016","2016","","","164","166","We computed the Hydrogen diffusivity and activation energies in bulk amorphous Yttrium Stabilized Zirconia (YSZ), (Y2O3)8(ZrO2)92, using a Molecular Dynamics approach based on reactive forcefields. We found the Hydrogen diffusion activation energy to be approximately twice that in Silicon dioxide at around 0.35 eV, and found the Hydrogen diffusivity to be 2×10-13 cm2/s. We have also calculated the Hydrogen diffusion coefficient under a constant unidirectional electric field.","","978-1-5090-1493-4","10.1109/NANO.2016.7751511","","https://ieeexplore.ieee.org/stamp/stamp.jsp?arnumber=7751511","","Hydrogen;Dielectrics;Dynamics;Logic gates;MOSFET;Solids;Films","","2","","16","IEEE","24 Nov 2016","22-25 Aug. 2016","22-25 Aug. 2016","IEEE","IEEE Conferences"
"Simultaneous detection of multiple charged particles using a borosilicate nanopore-based sensor","Y. Zhang; L. Esfandiari","Department of electrical and computing system, University of Cincinnati, Cincinnati, OH; Department of electrical and computing system, University of Cincinnati, Cincinnati, OH, USA",2016 IEEE 16th International Conference on Nanotechnology (IEEE-NANO),"24 Nov 2016","2016","","","293","296","Nanopore sensing has been widely researched owing to its single molecule sensitivity. In this work, we have demonstrated the potential application of a relatively low-cost single borosilicate nanopore-based sensor for simultaneous detection of multiple charged particles with various diameters.","","978-1-5090-1493-4","10.1109/NANO.2016.7751512","","https://ieeexplore.ieee.org/stamp/stamp.jsp?arnumber=7751512","Nanopore sensing;multiplex;carboxylate beads;nucleic acids","Nanobioscience;Sensors;Multiplexing;DNA;Glass;Microscopy;Proteins","","1","","23","IEEE","24 Nov 2016","22-25 Aug. 2016","22-25 Aug. 2016","IEEE","IEEE Conferences"
"THz analog to digital converter using single sided spoof surface plasmon polariton waveguide","M. Aghadjani; P. Mazumder","Department of Electrical Engineering and Computer Science, University of Michigan, Ann Arbor, MI; Department of Electrical Engineering and Computer Science, University of Michigan, Ann Arbor, MI",2016 IEEE 16th International Conference on Nanotechnology (IEEE-NANO),"24 Nov 2016","2016","","","845","848","In this paper, an analogue-to-digital convertor (ADC) utilizing the single sided spoof surface plasmon polariton (SS-SSPP) waveguide is presented. The proposed ADC device consists of three stages: first stage is the Mach-Zehnder interferometer (MZI) with two arms which acts as a beam steering device, second is free space propagation stage, and third is the detector arrays to convert analog signal into digital input. The SSPP waveguide includes periodic grooves, which are filled with a thin layer of doped semiconductor. In order to alter the refractive index of the semiconductor the depletion mode has been used. It is demonstrated that the ADC can operate with sampling speed around 47 GS/s.","","978-1-5090-1493-4","10.1109/NANO.2016.7751513","","https://ieeexplore.ieee.org/stamp/stamp.jsp?arnumber=7751513","Corrugated structure;Spoof Surface Plasmon Polariton;THz Technology","Optical waveguides;Refractive index;Gallium arsenide;Semiconductor waveguides;Mathematical model;Surface waves;Optical surface waves","","2","","11","IEEE","24 Nov 2016","22-25 Aug. 2016","22-25 Aug. 2016","IEEE","IEEE Conferences"
"Porphyrin induced changes in charge transport of graphene FET","A. S. Gajarushi; D. Pathan; T. R. Naik; M. Walawalkar; M. Ravikanth; A. Kottantharayil; V. R. Rao","Department of Electrical Engineering, IIT Bombay, Mumbai, India; Department of Electrical Engineering, IIT Bombay, Mumbai, India; Department of Electrical Engineering, IIT Bombay, Mumbai, India; Department of Electrical Engineering, IIT Bombay, Mumbai, India; Department of Chemistry, IIT Bombay, Mumbai, India; Department of Electrical Engineering, IIT Bombay, Mumbai, India; Department of Electrical Engineering, IIT Bombay, Mumbai, India",2016 IEEE 16th International Conference on Nanotechnology (IEEE-NANO),"24 Nov 2016","2016","","","483","486","The transport properties of back-gated graphene field effect transistors (GFETs) can be tuned via chemical doping. In this study, we report alteration of charge transport properties of GFET via 5-(4-hydroxyphenyl)-10,15,20-tri-(p-tolyl) zinc(II) porphyrin (Zn(II)-TTPOH) and its free base counterpart. We propose that, the porphyrin induces p-type doping in graphene.","","978-1-5090-1493-4","10.1109/NANO.2016.7751514","","https://ieeexplore.ieee.org/stamp/stamp.jsp?arnumber=7751514","","Graphene;Logic gates;Sensors;Two dimensional displays;Chemicals;Doping;Optical device fabrication","","5","","19","IEEE","24 Nov 2016","22-25 Aug. 2016","22-25 Aug. 2016","IEEE","IEEE Conferences"
"Characterizing nanomaterial photoelectric properties using two photon laser scanning microscopy","L. Chen; W. Shen; C. Hou; N. Xi; B. Song; Y. Yang; L. Wei; L. Dong","Department of Electrical and Computer Engineering, Michigan State University, East Lansing, MI, USA; Department of Electrical and Computer Engineering, Michigan State University, East Lansing, MI, USA; Department of Electrical and Computer Engineering, Michigan State University, East Lansing, MI, USA; Department of of Electrical and Computer Engineering, The University of Hong Kong, East Lansing, Hong Kong, USA; Department of Electrical and Computer Engineering, Michigan State University, East Lansing, MI, USA; Department of Electrical and Computer Engineering, Michigan State University, East Lansing, MI, USA; Department of Electrical and Computer Engineering, Michigan State University, East Lansing, MI, USA; Department of Electrical and Computer Engineering, Michigan State University, East Lansing, MI, USA",2016 IEEE 16th International Conference on Nanotechnology (IEEE-NANO),"24 Nov 2016","2016","","","408","411","Nano-optoelectronic sensors and devices bring tremendous revolutions in photoelectric conversion due to dimension reduced. The device geometry dominates the electron transport so that the spatially resolved optoelectronics properties are critical to characterize device performance. In this paper, it reports a two-photon pulsed laser scanning microscopy method which utilizes raster scan on device with two coherent light beams. By measuring the light induced photon absorption, it reflects the light matter interaction on single or two combined photon. The experimental results have shown that the photon absorption are dependent on surface defect, geometry shape and internal layers in nanoscale optoelectronic devices. The proposed method will not only spatially measure where optical absorption happens but also reveal what phenomenon is exactly generated at sub-micro scale.","","978-1-5090-1493-4","10.1109/NANO.2016.7751515","","https://ieeexplore.ieee.org/stamp/stamp.jsp?arnumber=7751515","","Optical sensors;Photoconductivity;Photonics;Microscopy;Absorption;Graphene;Carbon nanotubes","","","","29","IEEE","24 Nov 2016","22-25 Aug. 2016","22-25 Aug. 2016","IEEE","IEEE Conferences"
"Fast and accurate evaluation of delay in CNFET circuits","M. Ali; M. Ahmed; M. Chrzanowska-Jeske","Department of Electrical and Computer Engineering, Portland State University, Portland, OR, USA; Department of Electrical and Computer Engineering, Portland State University, Portland, OR, USA; Department of Electrical and Computer Engineering, Portland State University, Portland, OR, USA",2016 IEEE 16th International Conference on Nanotechnology (IEEE-NANO),"24 Nov 2016","2016","","","659","662","The carbon nanotube field-effect transistor (CNFET) is a potential candidate to replace MOSFET due to advantages offered by CNFET such as its superior electrical, thermal, and mechanical properties. When designing circuits made of CNFETs, additional features such as the CNT number, positions and pitch in the array of tubes creating a transistor channel must be considered for performance evaluation. These features create additional challenges during simulation. In this paper, we analyze the effectiveness of CNFET Logical Effort (LE) model, to be used in place of simulation, for circuits with different topologies and CNFET technology (pitch) ranging from 2nm-30nm. We show that our delay evaluation tool using expanded LE model predicts delay for analyzed circuits with a very small average error of 2.15% as compared to SPICE simulations, and runs about 30 times faster. We have also evaluated our model in the presence of tube variations created by removal of unwanted metallic tubes. Our model closely correlated with Stanford SPICE model, developed for CNFET circuits, within 3%.","","978-1-5090-1493-4","10.1109/NANO.2016.7751516","","https://ieeexplore.ieee.org/stamp/stamp.jsp?arnumber=7751516","Carbon Nanotube (CNT);Carbon Nanotube Field Effect Transistor (CNFET);Delay;Logical Effort","Integrated circuit modeling;Electron tubes;Delays;CNTFETs;Analytical models;Semiconductor device modeling;Computational modeling","","2","","6","IEEE","24 Nov 2016","22-25 Aug. 2016","22-25 Aug. 2016","IEEE","IEEE Conferences"
"Characterization and modeling of the thermal and electrical properties of transparent silver nanowire thin-film heaters","M. Bobinger; S. Colasanti; P. Lugli; D. Angeli; P. La Torraca; L. Larcher","Technical University of Munich, Institute for Nanoelectronics, Munich, Germany; Technical University of Munich, Institute for Nanoelectronics, Munich, Germany; Technical University of Munich, Institute for Nanoelectronics, Munich, Germany; Dipartimento di Scienze e Metodi dell'Ingegneria, Università di Modena e Reggio Emilia, Modena, Italy; Dipartimento di Scienze e Metodi dell'Ingegneria, Università di Modena e Reggio Emilia, Modena, Italy; Dipartimento di Scienze e Metodi dell'Ingegneria, Università di Modena e Reggio Emilia, Modena, Italy",2016 IEEE 16th International Conference on Nanotechnology (IEEE-NANO),"24 Nov 2016","2016","","","253","256","In this study, we present the characterization and the modeling of transparent silver nanowire thin-film heaters in terms of their transient thermal response when subjected to Joule heating and their electrical properties. The electrical properties, which showed a conductance-temperature dependence that is reduced down to a factor of 2 compared to the value for bulk silver, could be modeled accurately by simulation results. In addition, our transparent electrode deposition technique, i.e. spray-coating, allowed for an excellent reproducibility and provided homogeneous and large films that compare to state-of-the-art silver nanowire transparent electrode performance.","","978-1-5090-1493-4","10.1109/NANO.2016.7751517","","https://ieeexplore.ieee.org/stamp/stamp.jsp?arnumber=7751517","silver nanowire;AgNW;transparent;thin-film;heater;transient;thermal;response;electrical;properties","Silver;Electrodes;Films;Temperature measurement;Junctions;Heating;Substrates","","7","","25","IEEE","24 Nov 2016","22-25 Aug. 2016","22-25 Aug. 2016","IEEE","IEEE Conferences"
"Spin transport in two-dimensional materials and van der Waals heterostructures","S. P. Dash","Department of Micro tech no logy and Nanoscience, Chalmers University of Technology, Goteborg, Sweden",2016 IEEE 16th International Conference on Nanotechnology (IEEE-NANO),"24 Nov 2016","2016","","","986","986","Summary form only given. Two-dimensional (2D) atomic crystals are considered to be very promising for nanoelectronics and spintronics applications. It provides a large class of materials proposed to be important for long distance spin transport, spin polarized tunneling and large spin-orbit coupling. Here I will discuss spintronic aspects of these 2D materials and their heterostructures. Graphene is considered to be an ideal material for spin transport due to the high mobility and long spin lifetime of the carriers. Recently, we demonstrated spin transport over distances of 16 μm and spin lifetimes up to 1.2 ns in large area CVD graphene on SiO2/Si substrate at room temperature [1]. Subsequently, using insulating h-BN as a tunnel barrier on graphene, we observe an enhancement in spin polarized tunneling [2], and its negative sign for thicker h-BN layers [3]. These signatures provide an experimental evidence of the spin filtering across the ferromagnet/hBN-graphene van der Waals heterostructures. We also employed 2D materials such as h-BN and MoS2 in ferromagnetic tunnel junctions for observation of tunnel magnetoresistance up to room temperature [4]. We further aim to address the issue of spin manipulation in graphene by employing heterostructures with other 2D semiconductors [5], topological insulators [6] and materials with novel spin textures. I will present both electronic and spintronic properties of these 2D materials and their heterostructures. These findings open a platform for exploring novel spin functionalities in 2D crystals and understanding the basic phenomenon that control their behavior.","","978-1-5090-1493-4","10.1109/NANO.2016.7751518","","https://ieeexplore.ieee.org/stamp/stamp.jsp?arnumber=7751518","","Graphene;Two dimensional displays;Tunneling;Topological insulators;Boron;Crystals","","","","6","IEEE","24 Nov 2016","22-25 Aug. 2016","22-25 Aug. 2016","IEEE","IEEE Conferences"
"Investigation of high-k/metal gate MOS capacitors annealed by microwave annealing as a post-metal annealing process","Y. -H. Su; T. -C. Kuo; W. -H. Lee; Y. -R. Lee","Department of Electrical Engineering, National Cheng Kung University, Tainan, Taiwan, R. O. C.; Department of Electrical Engineering, National Cheng Kung University, Tainan, Taiwan, R. O. C.; Department of Electrical Engineering, National Cheng Kung University, Tainan, Taiwan, R. O. C.; National Nano Device Laboratories, Hsinchu, Taiwan, R. O. C.",2016 IEEE 16th International Conference on Nanotechnology (IEEE-NANO),"24 Nov 2016","2016","","","773","776","MOSFETs with high-k and metal gate materials have been adopted nowadays. However, using traditional rapid thermal annealing as the annealing process after metal deposition causes thick SiO2 inter-layers and large flat-band shift. For future processes, an alternative post-metal annealing method has to be found. This study investigated electrical characteristics and physical properties of TiN/Al/TiN/HfO2/Si MOS capacitors annealed with a microwave annealing technique. The results show that samples annealed by microwave annealing at 2700W demonstrate low equivalent oxide thickness, low interface states density and low oxide trapped charge density. Besides, the diffusion of Al into oxides films is also suppressed. As a result, for high-k/metal gate MOS capacitors, high oxide capacitance, high breakdown voltage and low leakage current can be obtained using microwave annealing.","","978-1-5090-1493-4","10.1109/NANO.2016.7751519","","https://ieeexplore.ieee.org/stamp/stamp.jsp?arnumber=7751519","MOS capacitor;microwave annealing;post-metal annealing","Annealing;MOS capacitors;Logic gates;Films;Microwave theory and techniques;Metals;Electromagnetic heating","","1","1","7","IEEE","24 Nov 2016","22-25 Aug. 2016","22-25 Aug. 2016","IEEE","IEEE Conferences"
"Optimization of process parameters for inkjet printing of CNT random networks on flexible substrates","A. Falco; J. F. Salmerón; F. Loghin; A. Abdelhalim; P. Lugli; A. Rivadeneyra","Institute for Nanoelectronics, Technical University of Munich; Institute for Nanoelectronics, Technical University of Munich; Institute for Nanoelectronics, Technical University of Munich; Institute for Nanoelectronics, Technical University of Munich; Institute for Nanoelectronics, Technical University of Munich; Institute for Nanoelectronics, Technical University of Munich",2016 IEEE 16th International Conference on Nanotechnology (IEEE-NANO),"24 Nov 2016","2016","","","487","490","In this work, a comparison between the electro-optical characteristics of CNT random networks obtained through inkjet printing and spray-deposition on flexible substrates is presented. Transmittance values are similar in both fabrication techniques; however, the sheet resistance of the inkjetted layers diverges significantly with respect to the reference spray-deposited thin film. To overcome this limitation, we show a relationship between the printing resolution and the sheet resistance. Furthermore, big differences between the two studied substrates are found in the electro-optical characteristics of CNT films. This work shows a reliable procedure for the choice of substrates and printing parameters for the realization of fully inkjet-printed large area CNT networks for electrode and sensing applications.","","978-1-5090-1493-4","10.1109/NANO.2016.7751520","","https://ieeexplore.ieee.org/stamp/stamp.jsp?arnumber=7751520","","Substrates;Printing;Resistance;Positron emission tomography;Films;Electrodes;Carbon nanotubes","","3","","18","IEEE","24 Nov 2016","22-25 Aug. 2016","22-25 Aug. 2016","IEEE","IEEE Conferences"
"Development of H+ emission gun using a proton conducting glass fiber","Y. Daiko; S. Mizutani; K. Segawa; S. Honda; Y. Iwamoto","Nagoya Institute of Technology, Nagoya, Japan; Nagoya Institute of Technology, Nagoya, Japan; Nagoya Institute of Technology, Nagoya, Japan; Nagoya Institute of Technology, Nagoya, Japan; Nagoya Institute of Technology, Nagoya, Japan",2016 IEEE 16th International Conference on Nanotechnology (IEEE-NANO),"24 Nov 2016","2016","","","351","353","H+ emission from the sharpening glass fiber was successfully observed. Here, ion current density and chemical functionalization via ion irradiation are presented.","","978-1-5090-1493-4","10.1109/NANO.2016.7751521","","https://ieeexplore.ieee.org/stamp/stamp.jsp?arnumber=7751521","","Glass;Protons;Ions;Current density;Plasma temperature;Radiation effects;Optical fiber dispersion","","3","","18","IEEE","24 Nov 2016","22-25 Aug. 2016","22-25 Aug. 2016","IEEE","IEEE Conferences"
"Effects of work-function variation on analog figures-of-merits of inversion-mode and junctionless nanowire transistors","J. Kim; H. Oh; J. Kim; J. -S. Lee","Department of Electrical Engineering, POSTECH, Pohang, South Korea; Department of Electrical Engineering, POSTECH, Pohang, South Korea; Department of Electrical Engineering, POSTECH, Pohang, South Korea; Department of Electrical Engineering, POSTECH, Pohang, South Korea",2016 IEEE 16th International Conference on Nanotechnology (IEEE-NANO),"24 Nov 2016","2016","","","944","946","We investigate the analog figures-of-merits (FOMs) of inversion-mode and junctionless nanowire transistors regarding to the gate metal work-function variation using 3D TCAD simulations. The junctionless device shows more immunity to work-function variation on analog FOMs compared to the inversion-mode counterpart. The correlation between parameters affects the immunity of variation on analog FOMs. Compared to the inversion-mode devices, the overall variation in JL devices are less with weak correlation between transconductance and the gate capacitance resulting in similar cut-off frequency characteristics.","","978-1-5090-1493-4","10.1109/NANO.2016.7751522","","https://ieeexplore.ieee.org/stamp/stamp.jsp?arnumber=7751522","","Logic gates;Correlation;Metals;Solid modeling;Nanoscale devices;Transistors","","1","","16","IEEE","24 Nov 2016","22-25 Aug. 2016","22-25 Aug. 2016","IEEE","IEEE Conferences"
"Design and evaluation of content addressable memory using redox memristive devices","P. Wang; B. Phillips","The authors are with the School of Electrical & Electronic Engineering, University of Adelaide, Adelaide, Australia; The authors are with the School of Electrical & Electronic Engineering, University of Adelaide, Adelaide, Australia",2016 IEEE 16th International Conference on Nanotechnology (IEEE-NANO),"24 Nov 2016","2016","","","533","536","Content addressable memory (CAM) is an indispensable part of devices such as network data processors, but broad adoption of large CAMs is limited by their area and power overhead. We propose a CAM using memristive devices that achieves high density and scalability and low energy consumption.","","978-1-5090-1493-4","10.1109/NANO.2016.7751523","","https://ieeexplore.ieee.org/stamp/stamp.jsp?arnumber=7751523","","Memristors;Sensors;Resistance;Integrated circuit modeling;Transistors;MOS devices;Scalability","","","","12","IEEE","24 Nov 2016","22-25 Aug. 2016","22-25 Aug. 2016","IEEE","IEEE Conferences"
"Development of low-temperature curable, flexible electrical isotropic conductive adhesive","Y. Okabe; T. Araki; H. Koga; T. Go; K. Suganuma; M. Akimoto","CEMEDINE CO., LTD. 94-2, Komahane, Koga, Ibaraki, Japan; Osaka Daigaku, Suita, Osaka, JP; Osaka Daigaku, Suita, Osaka, JP; Osaka Daigaku, Suita, Osaka, JP; Osaka Daigaku, Suita, Osaka, JP; CEMEDINE CO., LTD. 94-2, Komahane, Koga, Ibaraki, Japan",2016 IEEE 16th International Conference on Nanotechnology (IEEE-NANO),"24 Nov 2016","2016","","","6","7","Flexible electronics is expected technology in the future, the bonding material may also be required flexibility. STPE is a promising material that has both flexibility and low-temperature curability, it is possible to satisfy the characteristics required in the near future bonding material.","","978-1-5090-1493-4","10.1109/NANO.2016.7751524","","https://ieeexplore.ieee.org/stamp/stamp.jsp?arnumber=7751524","","Silver;Conductive adhesives;Electrodes;Curing;Resistance;Nanoscale devices","","","","","IEEE","24 Nov 2016","22-25 Aug. 2016","22-25 Aug. 2016","IEEE","IEEE Conferences"
"Deposition and micromachining of graphene nanowall towards high-performance microsystems","J. Li; Z. Wang; T. Ono","Tohoku Daigaku, Sendai, Miyagi, JP; Tohoku Gakuin Daigaku, Sendai, Miyagi, JP; Tohoku Daigaku, Sendai, Miyagi, JP",2016 IEEE 16th International Conference on Nanotechnology (IEEE-NANO),"24 Nov 2016","2016","","","624","626","Preserved the exceptional properties of graphene, the graphene nanowall (GNW) with inter-networked vertically oriented three-dimensional graphene morphology possess superior potential in constructing advanced microsystems. In this paper, GNW thin film was synthesized through the microwave plasma-enhanced chemical vapor deposition method on SiO2/Si wafer and a spiral GNW microelectrode was further prepared with an achievable pattern resolution of 20 µm. The whole micro-patterning process on GNW demonstrated a good compatibility with the conventional Silicon-based micromachining technique. With the rational discussions on both of the growth mechanism and the microfabrication procedures, this work is expected to pave the way to realize GNW-based electronic devices and progressing the micro-electro-mechanical industry.","","978-1-5090-1493-4","10.1109/NANO.2016.7751525","","https://ieeexplore.ieee.org/stamp/stamp.jsp?arnumber=7751525","","Graphene;Substrates;Plasmas;Etching;Carbon;Spirals;Microelectrodes","","","","","IEEE","24 Nov 2016","22-25 Aug. 2016","22-25 Aug. 2016","IEEE","IEEE Conferences"
"Multi-layer coated nanorobot end-effector for efficient drug delivery","J. Yu; Y. Yang; K. Seiffert-Sinha; I. Lee; N. Xi; A. A. Sinha; R. Yang; B. Song; L. Chen; Z. Sun","Department of Chemical Engineering & Materials science, Michigan State University, East Lansing, MI, USA; Department of Electrical and Computer Engineering, Michigan State University, East Lansing, MI, USA; Department of Dermatology, University at Buffalo, Buffalo, NY, USA; Department of Chemical Engineering & Materials science, Michigan State University, East Lansing, MI, USA; Department of Industrial and Manufacturing Systems Engineering, University of Hong Kong, Hong Kong, China; Department of Dermatology, University at Buffalo, Buffalo, NY, USA; Department of Mechanical Engineering, Northwestern University, Evanston, IL, USA; Department of Electrical and Computer Engineering, Michigan State University, East Lansing, MI, USA; Department of Electrical and Computer Engineering, Michigan State University, East Lansing, MI, USA; School of Mechanical Engineering and Automation, Northeastern University, Shenyang, Liaoning, China",2016 IEEE 16th International Conference on Nanotechnology (IEEE-NANO),"24 Nov 2016","2016","","","511","514","A multi-layer coating enabled drug delivery method has been developed here to augment AFM based nanorobot technology. Being developed for over a decade, the AFM based nanorobot has been established as a key concept of nanorobotics, and has been applied in nanomaterial and biomedical related research. In these AFM based nanorobots, however, the AFM tip was mainly used as a mechanical end-effector to execute pushing and cutting in previous development. With its strong application potential in drug discovery and cell biology, AFM based nanorobots carrying functionalized end-effector are in a strong demand. Previous functionalization of AFM tip was aimed for single molecular interaction measurement. It cannot meet the high volume drug loading for localized drug delivery. Here, we developed a multi-layer coating method to load a large amount of protein on AFM tip for long-time release (~ 40 hours). Combined with the AFM based nanorobot previously developed in our lab, this technology would enable scientists to study mechanical cellular response to protein stimulations.","","978-1-5090-1493-4","10.1109/NANO.2016.7751526","","https://ieeexplore.ieee.org/stamp/stamp.jsp?arnumber=7751526","","Probes;Proteins;Nanobioscience;Coatings;Nonhomogeneous media;Loading;Surface treatment","","1","","18","IEEE","24 Nov 2016","22-25 Aug. 2016","22-25 Aug. 2016","IEEE","IEEE Conferences"
"Electrical properties of chemically doped graphene with Aluminum ions","P. Jain; C. Zhang; J. Huang; K. Ahmad; D. Xie; Z. Liu","Department of Microelectronics and Nanoelectronics, Tsinghua University, Beijing, China; Department of Microelectronics and Nanoelectronics, Tsinghua University, Beijing, China; Department of Microelectronics and Nanoelectronics, Tsinghua University, Beijing, China; Department of Microelectronics and Nanoelectronics, Tsinghua University, Beijing, China; Department of Microelectronics and Nanoelectronics, Tsinghua University, Beijing, China; Department of Microelectronics and Nanoelectronics, Tsinghua University, Beijing, China",2016 IEEE 16th International Conference on Nanotechnology (IEEE-NANO),"24 Nov 2016","2016","","","743","746","In this article, we report a Field Effect Transistor (FET) with Aluminum doped graphene channel. The graphene is doped by spin coating a chemical dopant solution which tailored the electrical properties of graphene, such as transfer characteristics and output characteristics. The Doping of graphene was successfully verified by X-Ray photoelectron spectra (XPS) measurements. The testing results showed that the Dirac point (the value of gate to source voltage at which minimum value of drain to source current is attained) in transfer characteristics of Graphene Field Effect Transistor (GFET) shifted from VGS = 6.42 V to VGS = 40 V after doping. The slope of the output characteristics of GFET for VGS = 0 V increased from 3.56 to 5.44.","","978-1-5090-1493-4","10.1109/NANO.2016.7751527","","https://ieeexplore.ieee.org/stamp/stamp.jsp?arnumber=7751527","Graphene;FET;Doping;Electrical Properties","Graphene;Doping;Chemicals;Ions;Logic gates;Field effect transistors;Substrates","","","","14","IEEE","24 Nov 2016","22-25 Aug. 2016","22-25 Aug. 2016","IEEE","IEEE Conferences"
"Adhesion property of carbon nanotube micelles for high-quality printed transistors","H. Numata; S. Asano; F. Sasaki; T. Saito; F. Nihey; H. Kataura","Technology Research Association for Single Wall Carbon Nanotubes (TASC), NEC Corporation, Tsukuba, Japan; TASC; TASC; TASC, Tsukuba, Japan; TASC, NEC Corporation; TASC, National Institute of Advanced Industrial Science and Technology (AIST), Tsukuba, Japan",2016 IEEE 16th International Conference on Nanotechnology (IEEE-NANO),"24 Nov 2016","2016","","","849","852","Ink property for high-quality printed carbon nanotube (CNT) transistor was investigated and it was found that adhesion property of the semiconducting (s-) CNT micelles was a key issue. Anionic surfactants would prevent the s-CNT micelles from being adsorbed to the surface which was functionalized by amino groups and deteriorate the device characteristics. High-quality and high-uniform CNT transistors were obtained by using anionic surfactant free s-CNT ink, and a pressure sensor sheet was successfully demonstrated. The CNT transistors were fabricated by mask-less printing and potentialities of on-demand and on-line fabrication of large-area electronics utilizing printed CNT transistors were shown.","","978-1-5090-1493-4","10.1109/NANO.2016.7751528","","https://ieeexplore.ieee.org/stamp/stamp.jsp?arnumber=7751528","","Ink;Thin film transistors;Carbon nanotubes;Printing;Surface treatment;Fabrication","","1","","10","IEEE","24 Nov 2016","22-25 Aug. 2016","22-25 Aug. 2016","IEEE","IEEE Conferences"
"An AlN-based piezoelectric micro-machined ultrasonic transducer (pMUT) array","Q. Zhu; T. Chen; H. Liu; L. Sun; T. Wang; C. Lee; X. Le; J. Xie","Jiangsu Provincial Key Labratory of Advanced Robotics, Soochow University, Suzhou, China; Jiangsu Provincial Key Labratory of Advanced Robotics, Soochow University, Suzhou, China; Jiangsu Provincial Key Labratory of Advanced Robotics, Soochow University, Suzhou, China; Jiangsu Provincial Key Labratory of Advanced Robotics, Soochow University, Suzhou, China; Department of Electrical and Computer Engineering, National University of Singapore, Singapore; Department of Electrical and Computer Engineering, National University of Singapore, Singapore; State Key Laboratory of Fluid Power and Mechatronic Systems, Zhejiang University, Hangzhou, China; State Key Laboratory of Fluid Power and Mechatronic Systems, Zhejiang University, Hangzhou, China",2016 IEEE 16th International Conference on Nanotechnology (IEEE-NANO),"24 Nov 2016","2016","","","731","734","The development of wireless energy transfer is critical to the promotion of implantable medical devices (IMDs). In this paper, an aluminum nitride (AlN) based piezoelectric micromachined ultrasonic transducer (pMUT) array is designed, fabricated and characterized, which can be a potential power supply for IMDs. The pMUT array is ideally suitable for integration with wireless-powered system since it is fabricated from miniaturized AlN membrane array of 4×4 units. Both the simulation and experiment are conducted to characterize the pMUT device. The transmitting sensitivity of the fabricated pMUT array is measured as 83 nm/V at a resonant frequency of 527 kHz.","","978-1-5090-1493-4","10.1109/NANO.2016.7751529","","https://ieeexplore.ieee.org/stamp/stamp.jsp?arnumber=7751529","","Aluminum nitride;III-V semiconductor materials;Resonant frequency;Sensitivity;Ultrasonic transducers;Acoustics;Cavity resonators","","4","","17","IEEE","24 Nov 2016","22-25 Aug. 2016","22-25 Aug. 2016","IEEE","IEEE Conferences"
"STM observation of resistance switching of nanogap structure","Y. Naitoh","Department of Electronics and Manufacturing, National Institute of Advanced Industrial Science and Technology (AIST), Tsukuba, Ibaraki, Japan",2016 IEEE 16th International Conference on Nanotechnology (IEEE-NANO),"24 Nov 2016","2016","","","792","794","Resistance switching of metal nanogap structures were observed using a scanning tunneling microscope (STM) equipment. Clear negative differential resistances in current-voltage curves and repeated high and low resistance changes were also observed in metal a surface/tunneling gap/metal STM tip junction like as static metal nanogap structures which are fabricated on insulator substrates. This results clearly indicated that the switching effect is independent on substrates and caused by atom migrations on metal surfaces.","","978-1-5090-1493-4","10.1109/NANO.2016.7751530","","https://ieeexplore.ieee.org/stamp/stamp.jsp?arnumber=7751530","","Resistance;Switches;Nanostructures;Tunneling;Electrodes;Metals;Junctions","","3","","18","IEEE","24 Nov 2016","22-25 Aug. 2016","22-25 Aug. 2016","IEEE","IEEE Conferences"
"Imaging of nanoscale particles in microfluidic devices using super-lens manipulated by optically-induced dielectrophoresis","H. S. S. Lai; G. Zhang; W. J. Li","City University of Hong Kong, Kowloon, HK; Shenzhen Academy of Robotics, China; Mechanical and Biomedical Engineering Department, City University of Hong Kong and Shenzhen Academy of Robotics, China",2016 IEEE 16th International Conference on Nanotechnology (IEEE-NANO),"24 Nov 2016","2016","","","412","414","Microsphere-assisted microscopy is a recent super-resolution microscopy technique that is a simple but effective approach to resolve features two to four times smaller than the diffraction limit. However, it is still a difficulty to place high-refractive-index microspheres-based super-lens at a specific site of interest, especially inside microfluidic devices. Here, we demonstrate a flexible and cantilever-free method for transporting a microsphere super-lens to a specific site of interest inside a confined microfluidic environment using optically-induced dielectrophoresis. By such method, nanoparticles and subwavelength features of interest can be observed in real-time and large field-of-view super-resolution images can be obtained inside microfluidic devices.","","978-1-5090-1493-4","10.1109/NANO.2016.7751531","","https://ieeexplore.ieee.org/stamp/stamp.jsp?arnumber=7751531","","Microscopy;Optical imaging;Optical refraction;Optical microscopy;Spatial resolution","","","1","","IEEE","24 Nov 2016","22-25 Aug. 2016","22-25 Aug. 2016","IEEE","IEEE Conferences"
"Analysis of transport in a graphene ribbon with an antidot lattice, based on the scattering matrix solution of the Dirac equation","P. Marconcini; M. Macucci","Universita degli Studi di Pisa, Pisa, Toscana, IT; Universita degli Studi di Pisa, Pisa, Toscana, IT",2016 IEEE 16th International Conference on Nanotechnology (IEEE-NANO),"24 Nov 2016","2016","","","747","750","We have performed a simplified numerical simulation of the transport properties of a graphene ribbon with an antidot lattice. We have used an envelope function model for graphene, in which a space-dependent mass term approximately reproduces the effect of the regions of the ribbon where the carbon atoms are absent. The envelope function equation has been solved in proper subregions of the ribbon and then the results have been composed using a scattering matrix approach. Our simulator has been used to study the dependence of the energy gap and of the conductance of the ribbon on the different geometrical parameters of the antidot lattice, such as the size of the antidots, the distance between them and the tilt angle of the antidot lattice.","","978-1-5090-1493-4","10.1109/NANO.2016.7751532","","https://ieeexplore.ieee.org/stamp/stamp.jsp?arnumber=7751532","","Lattices;Graphene;Mathematical model;Scattering;Numerical models;Carbon;Atomic measurements","","","","","IEEE","24 Nov 2016","22-25 Aug. 2016","22-25 Aug. 2016","IEEE","IEEE Conferences"
"Design of ultra-low-leakage near-threshold dynamic circuits in nano CMOS for IoT applications","B. -H. Chen; P. -Y. Chou; Y. -B. Fang; L. -K. Yong; T. -J. Lin; J. -S. Wang","Dept. of EE, CCU, Taiwan; Dept. of EE, CCU, Taiwan; Dept. of EE, CCU, Taiwan; MediaTek, Taiwan; Dept. of EE, CCU, Taiwan; Dept. of EE, CCU, Taiwan",2016 IEEE 16th International Conference on Nanotechnology (IEEE-NANO),"24 Nov 2016","2016","","","537","540","IoT edge devices demand ultra-low leakage for lowly duty-cycled applications. It is usually believed that the static near-threshold-voltage (near-Vt) CMOS circuit is the only circuit style that is suitable for designing devices to achieve low power, low leakage, medium performance, and high robustness against PVT variations. In this work, we show that the dynamic circuit can be even better than the static circuit under the same performance requirement. First, through a design example, we obtain basic design guidelines for near-Vt dynamic circuits. Second, based on the obtained design guidelines, we demonstrate how to design a dynamic circuit with active and standby operation modes using a 32b ripple carry adder (RCA). All designs are based on 28 nm CMOS technology. We also compare the active and leakage power consumptions of both types of circuits of the same performance. For an IoT application with a 0.02% duty cycle, the 32b dynamic RCA achieves a 35% energy reduction compared to the static counterpart.","","978-1-5090-1493-4","10.1109/NANO.2016.7751533","","https://ieeexplore.ieee.org/stamp/stamp.jsp?arnumber=7751533","","Logic gates;Internet of Things;Transistors;Power demand;Voltage;Logic;Delays;Design methodology;Performance evaluation;Clocks","","3","","14","IEEE","24 Nov 2016","22-25 Aug. 2016","22-25 Aug. 2016","IEEE","IEEE Conferences"
"Inertial force-driven synthesis of near-infrared plasmonic nanosphere composites","J. Batta-Mpouma; G. Sakhel; A. Sinha; H. Han; V. P. Zharov; J. -W. Kim","University of Arkansas Fayetteville, Fayetteville, AR, US; University of Arkansas Fayetteville, Fayetteville, AR, US; University of Arkansas Fayetteville, Fayetteville, AR, US; Pohang University of Science and Technology, Pohang, Gyeongsangbuk-do, KR; University of Arkansas for Medical Sciences, Little Rock, AR, US; University of Arkansas Fayetteville, Fayetteville, AR, US",2016 IEEE 16th International Conference on Nanotechnology (IEEE-NANO),"24 Nov 2016","2016","","","89","90","Near-infrared (NIR) responsive nanoparticles (NPs) like gold nanorods (GNRs) are important in biomedical fields because of their transparency for biological tissues. Although GNRs are sought after as contrast agents for theranostics in cancer studies, capping ligands like cetyl trimethyl ammonium bromide (CTAB) used for the GNR synthesis are toxic for biological tissues. This work aimed to develop a physical method as an alternative to toxic GNR chemical process. The synthesis process, using colloidal citrate capped gold as model NP, was simple, cost-effective, and did not require the use of a toxic chemical like CTAB. The inertial (g-) force-driven synthesis of nanosphere composites (NSCs) resulted in composites of two NPs combined together with little or no gaps between them. The formed NSCs showed rod-like characteristics, which are typified by the evolution of absorption spectra from the transverse to longitudinal mode, similar to GNRs. The new nanomaterials by the g-force-driven technique showed high potential to be an effective alternative to many existing toxic NPs, particularly GNRs.","","978-1-5090-1493-4","10.1109/NANO.2016.7751534","","https://ieeexplore.ieee.org/stamp/stamp.jsp?arnumber=7751534","","Plasmons;Gold;Shape;Nanobioscience;Nanomaterials;Biological tissues;Nanoparticles","","2","","","IEEE","24 Nov 2016","22-25 Aug. 2016","22-25 Aug. 2016","IEEE","IEEE Conferences"
"In-silico constructing three-dimensional hollow structure via self-organization of vascular mesenchymal cells","X. Zhu; H. Yang","School of Mechanical and Electrical Engineering, Hohai University, Changzhou, Jiangsu, China; School of Mechanical and Electrical Engineering, Hohai University, Changzhou, Jiangsu, China",2016 IEEE 16th International Conference on Nanotechnology (IEEE-NANO),"24 Nov 2016","2016","","","468","471","Self-organization process of cells involves complicated orchestration of various chemical, physical and mechanical cues, and the underlying mechanism is still poorly understood. Here, we computationally study the three-dimensional (3D) pattern formation process of vascular mesenchymal cells around the interfaces between hydrogels with different physical and mechanical properties. In this dynamic system, the cells interact with Bone Morphogenic Protein-2 (BMP-2) and Matrix Gla Protein (MGP), which serve as a pair of activator and inhibitor. A reaction-diffusion model is derived based on the biochemical interactions of BMP-2, MGP and cells. The simulation results show that 3D hollow spherical structures and 3D hollow tubes along vertical and horizontal directions with large lumen diameters emerge around interfacial regions, which are not observed in a two-dimensional study. The 3D structures still can emerge even the parameter values in model are changed within moderate ranges, and thus the emerged hollow structures have high robustness. This study provides testable predictions, which may be useful for further understanding and engineering 3D tissue structures with specific hollow cavities.","","978-1-5090-1493-4","10.1109/NANO.2016.7751535","","https://ieeexplore.ieee.org/stamp/stamp.jsp?arnumber=7751535","","Electron tubes;Three-dimensional displays;Inhibitors;Color;Solid modeling;Proteins;Simulation","","3","","24","IEEE","24 Nov 2016","22-25 Aug. 2016","22-25 Aug. 2016","IEEE","IEEE Conferences"
"Protein addressing in packaged multi-channel by electro-click chemistry for calorimetry biosensor","Z. Wang; J. Li; M. Kimura; T. Ono","Tohoku Gakuin Daigaku, Sendai, Miyagi, JP; Tohoku Daigaku, Sendai, Miyagi, JP; Tohoku Gakuin Daigaku, Sendai, Miyagi, JP; Tohoku Daigaku, Sendai, Miyagi, JP",2016 IEEE 16th International Conference on Nanotechnology (IEEE-NANO),"24 Nov 2016","2016","","","681","682","Protein addressing in packaged multi-channels is developed for calorimetric biosensors in this research. First, we use electrodeposition method to fabricate chitosan film as the substrate on the patterned electrode surface. Second, the fabricated chitosan film was functionalized with alkyne groups for click chemistry. Thirdly, the azide-tagged protein is immobilized on the electrode by electrical signal for enzyme immobilization. The results demonstrate that the electro-click chemistry method was capable of multi-enzyme immobilization in packaged multi-channel for calorimetry biosensor of healthcare application.","","978-1-5090-1493-4","10.1109/NANO.2016.7751536","","https://ieeexplore.ieee.org/stamp/stamp.jsp?arnumber=7751536","","Biosensors;Proteins;Films;Electrodes;Calorimetry","","1","","","IEEE","24 Nov 2016","22-25 Aug. 2016","22-25 Aug. 2016","IEEE","IEEE Conferences"
"Surface characterization of a Au/CNT composite for a MEMS switching application","H. Liu; J. W. McBride; M. Z. M. Yusop","University of Southampton-Malaysia Campus, Johor Bahru, Malaysia; Faculty of Engineering and the Environment, University of Southampton, Southampton, U.K.; Universiti Teknologi Malaysia, Skudai, Johor, MY",2016 IEEE 16th International Conference on Nanotechnology (IEEE-NANO),"24 Nov 2016","2016","","","751","754","Multi-walled carbon nanotubes (MWCNTs) have been used to improve the lifetime of electrical contacts of MEMS switches. The surface, usually gold-coated, demonstrates a complex structure. Due to the space between vertically aligned nanotubes, the sputtered gold penetrates into CNT. The surface of the composite also presents a much higher roughness than metal-coated surfaces. This work investigates the surface features of the gold-coated MWCNT composite, as well as the gold penetration into MWCNT. Different techniques are used in the study, namely TEM, SEM, AFM and optical surface profiler.","","978-1-5090-1493-4","10.1109/NANO.2016.7751537","","https://ieeexplore.ieee.org/stamp/stamp.jsp?arnumber=7751537","","Rough surfaces;Surface roughness;Gold;Surface topography;Surface morphology;Contacts;Carbon nanotubes","","6","1","18","IEEE","24 Nov 2016","22-25 Aug. 2016","22-25 Aug. 2016","IEEE","IEEE Conferences"
"Analysis of dielectric microbead detection by impedance spectroscopy with nanoribbons","P. Scarbolo; E. Accastelli; T. Ernst; C. Guiducci; L. Selmi","University of Udine, Udine, Italy; École polytechnique fédérale de Lausanne (EPFL), Switzerland; CEA LETI, France; École polytechnique fédérale de Lausanne (EPFL), Switzerland; University of Udine, Udine, Italy",2016 IEEE 16th International Conference on Nanotechnology (IEEE-NANO),"24 Nov 2016","2016","","","947","950","We present a quantitative numerical analysis of dielectric microbead detection experiments with nanoribbons operated in the AC small signal regime. To this purpose, a comprehensive model of nanoribbon operation in electrolyte environment and with DC/AC signals is extended to include the effect of site-binding charges in DC, transient and AC conditions. The model is calibrated against DC measurements and pH-transients data from the literature. The impact of the microfluidic chamber size, the interconnects and the site-binding charge is investigated. The calibrated model suggests that the impedance response to micron-sized beads cannot be explained without also taking into account the bead surface charge.","","978-1-5090-1493-4","10.1109/NANO.2016.7751538","","https://ieeexplore.ieee.org/stamp/stamp.jsp?arnumber=7751538","","Surface impedance;Current measurement;Numerical models;Semiconductor device measurement;Capacitance;Impedance;Nanobioscience","","4","","22","IEEE","24 Nov 2016","22-25 Aug. 2016","22-25 Aug. 2016","IEEE","IEEE Conferences"
"Bioelectric signal detection and stimulation based on transparent oxide microelectrodes","X. Li; H. Yamahara; H. Tabata","Tokyo Daigaku, Bunkyo-ku, Tokyo, JP; Tokyo Daigaku, Bunkyo-ku, Tokyo, JP; Tokyo Daigaku, Bunkyo-ku, Tokyo, JP",2016 IEEE 16th International Conference on Nanotechnology (IEEE-NANO),"24 Nov 2016","2016","","","234","237","For obtaining the changing law of electrical situations upon cell activities and conversely inducing related behaviors according to the former, a cell-based bioelectric signal sensing and stimulating system consisted of transparent oxide microelectrodes (TOEs) was demonstrated in this work. The indium tin oxide (ITO) interdigitated electrodes array was fabricated on glass substrates with the width of 3µm, 10µm, 20µm as well as 40µm and was easily observed through optical microscope. The frequency characteristics and sensitivity of impedance were measured during mouse myoblast cell line culture on the TOEs for 48 hours. The next step is to analyze single cells cooperated with a ∼100 µm microfluidics channel on the surface of TOEs.","","978-1-5090-1493-4","10.1109/NANO.2016.7751539","","https://ieeexplore.ieee.org/stamp/stamp.jsp?arnumber=7751539","C2C12;ITO;IGZO (indium gallium zine oxide);Biosensor;physical stimulation;microfabrication","Electrodes;Indium tin oxide;Sensitivity;Impedance;Surface impedance;Biosensors","","","1","","IEEE","24 Nov 2016","22-25 Aug. 2016","22-25 Aug. 2016","IEEE","IEEE Conferences"
"Carrier relaxation and impact ionization in core-shell III–V nanowires","R. Hathwar; M. Saraniti; S. M. Goodnick","School of Electrical Computer and Energy Engineering, Arizona State University, Tempe, AZ, USA; School of Electrical Computer and Energy Engineering, Arizona State University, Tempe, AZ, USA; School of Electrical Computer and Energy Engineering, Arizona State University, Tempe, AZ, USA",2016 IEEE 16th International Conference on Nanotechnology (IEEE-NANO),"24 Nov 2016","2016","","","832","835","Nanowires are promising candidates for photovoltaic devices due to their large band gaps and reduced electron-phonon interactions. In the present paper, full band Monte Carlo simulations are performed on square In0.53Ga0.47As nanowires along [100] cladded with InP to study the energy relaxation of carriers in these wires. The carriers are optically excited above the band gap of the cladded nanowire and the energy relaxation times are analyzed for different cladding and core thicknesses. The percentage of carriers undergoing an impact ionization event is also presented.","","978-1-5090-1493-4","10.1109/NANO.2016.7751540","","https://ieeexplore.ieee.org/stamp/stamp.jsp?arnumber=7751540","full band Monte Carlo;cladded nanowire;energy relaxation","Nanowires;Indium phosphide;III-V semiconductor materials;Impact ionization;Photonic band gap;Phonons;Scattering","","","","7","IEEE","24 Nov 2016","22-25 Aug. 2016","22-25 Aug. 2016","IEEE","IEEE Conferences"
"Nanotool Feeding System for efficient nanomanipulation inside Electron Microscope","M. Nakajima; N. Kei; M. Takeuchi; Y. Hasegawa; T. Fukuda; Q. Huang","Nagoya Daigaku, Nagoya, Aichi, JP; Nagoya Daigaku, Nagoya, Aichi, JP; Nagoya Daigaku, Nagoya, Aichi, JP; Nagoya Daigaku, Nagoya, Aichi, JP; Nagoya Daigaku, Nagoya, Aichi, JP; Beijing Institute of Technology, Beijing, Beijing, CN",2016 IEEE 16th International Conference on Nanotechnology (IEEE-NANO),"24 Nov 2016","2016","","","36","37","Nanotool feeding system (NTFS) is presented for efficient nanomanipulation. We constructed a unique bio-nanomanipulation system inside an Environmental-SEM (E-SEM) using various nanotools, for example stiffness measurement nanotool, dual electrical nanoprobe, nanopicker, nanofork, nanocutter, nanoputter, and nanoinjector. For continues usage of different multiple tools, it needs to exchange the nanotools continuously. In this paper, the Rotary-table Nanotool Feeding System (R-NTFS) is proposed to realize continuous exchange of different multiple tools individually. An efficient continuous nanomanipulation was achieved by a short exchange time which was about 13 seconds. Finally, the multiple nanoinjection was demonstrated using the proposed R-NTFS.","","978-1-5090-1493-4","10.1109/NANO.2016.7751541","","https://ieeexplore.ieee.org/stamp/stamp.jsp?arnumber=7751541","","Conferences;Nanotechnology","","1","","","IEEE","24 Nov 2016","22-25 Aug. 2016","22-25 Aug. 2016","IEEE","IEEE Conferences"
"All solid state LIB for mobile applications","I. Honma","Tohoku Daigaku, Sendai, Miyagi, JP",2016 IEEE 16th International Conference on Nanotechnology (IEEE-NANO),"24 Nov 2016","2016","","","836","837","High energy density secondary batteries are key devices and becoming more important for mobile applications such as electric vehicles, drones and robots. In this paper, investigations of new materials and device concepts are reported on the all solid state lithium ion secondary batteries and their wide applications to mobile technologies are discussed.","","978-1-5090-1493-4","10.1109/NANO.2016.7751542","","https://ieeexplore.ieee.org/stamp/stamp.jsp?arnumber=7751542","","Solids;Liquids;Cathodes;Nanoparticles;Batteries;Ions;Lithium","","","","","IEEE","24 Nov 2016","22-25 Aug. 2016","22-25 Aug. 2016","IEEE","IEEE Conferences"
"Performance analysis of molecular communication model","A. Juhi; D. R. Kowalski; A. Lisitsa","University of Liverpool, Liverpool, Merseyside, GB; University of Liverpool, Liverpool, Merseyside, GB; University of Liverpool, Liverpool, Merseyside, GB",2016 IEEE 16th International Conference on Nanotechnology (IEEE-NANO),"24 Nov 2016","2016","","","826","829","Molecular communication is considered a bio-inspired paradigm, in which molecules are transmitted, propagated and received between nanoscale machines. We consider a nanonetwork consist of n nanodevices in a bounded environment. These nanodevices communicate according to diffusion based molecular communication. The main objective is to study performance of molecular communication model, we present an algorithm to find the maximum distance that diffusion of a nanodevice can reach, and propose an energy harvesting model for nanonodes, then we study how could nanonodes in the network distinguish the pattern of diffusion of one nanonode in a distance d′ from it.","","978-1-5090-1493-4","10.1109/NANO.2016.7751543","","https://ieeexplore.ieee.org/stamp/stamp.jsp?arnumber=7751543","","Nanobioscience;Molecular communication;Nanoscale devices;Estimation;Energy harvesting;Biological system modeling;Computational modeling","","6","","","IEEE","24 Nov 2016","22-25 Aug. 2016","22-25 Aug. 2016","IEEE","IEEE Conferences"
"Power-gating schemes for super-threshold FinFET CML circuits","X. Zhang; J. Hu","Faculty of Information Science and Technology, Ningbo University, Ningbo, China; Faculty of Information Science and Technology, Ningbo University, Ningbo, China",2016 IEEE 16th International Conference on Nanotechnology (IEEE-NANO),"24 Nov 2016","2016","","","667","670","In high-speed applications, FinFET Current Mode Logic (FinFET CML) circuits are potential alternative one. However, the FinFET CML circuits have large power consumptions in standby operation because of their constant biasing currents, which badly limits their application in portable devices. This paper presents power-gating schemes for the super-threshold FinFET CML circuits to reduce the standby power dissipations. The structure and operation of the proposed power-gating scheme are addressed in detail. The results show that the power dissipations of FinFET CML circuits can be greatly reduced at super-threshold regions by shutting down their idle logic blocks without performance degrading.","","978-1-5090-1493-4","10.1109/NANO.2016.7751544","","https://ieeexplore.ieee.org/stamp/stamp.jsp?arnumber=7751544","","FinFETs;Power dissipation;Switching circuits;Logic gates;Adders;Power demand","","1","","14","IEEE","24 Nov 2016","22-25 Aug. 2016","22-25 Aug. 2016","IEEE","IEEE Conferences"
"A MEMS metamaterial for dynamic terahertz wave switching","Z. Han; T. Takahashi; H. Toshiyoshi","Tokyo Daigaku, Bunkyo-ku, Tokyo, JP; Tokyo Daigaku, Bunkyo-ku, Tokyo, JP; Tokyo Daigaku, Bunkyo-ku, Tokyo, JP",2016 IEEE 16th International Conference on Nanotechnology (IEEE-NANO),"24 Nov 2016","2016","","","735","738","A terahertz (THz) dynamic switch with polarization dependence is proposed with MEMS metamaterial method. The split ring resonators (SRRs) are located on a silicon-on-insulator (SOI) wafer, where the buried oxide (BOX) is etched to let the silicon layer together with the SRRs work as an electromechanical shutter to control the incident THz wave propagation. Electrostatic actuation is employed for the shutter operation.","","978-1-5090-1493-4","10.1109/NANO.2016.7751545","","https://ieeexplore.ieee.org/stamp/stamp.jsp?arnumber=7751545","","Metamaterials;Micromechanical devices;Switches;Silicon;Electromagnetic scattering;Magnetic fields;Optical filters","","","","","IEEE","24 Nov 2016","22-25 Aug. 2016","22-25 Aug. 2016","IEEE","IEEE Conferences"
"Evaluation of Li chemical potential of mechanically stressed LiCoO2","Y. Kimura; M. Fakkao; K. Funayama; T. Nakamura; N. Kuwata; T. Kawada; J. Kawamura; K. Amezawa","IMRAM, Tohoku University, Aoba-ku, Sendai, Japan; School of engineering, Tohoku University, Aoba-ku, Sendai, Japan; School of engineering, Tohoku University, Aoba-ku, Sendai, Japan; IMRAM, Tohoku University, Aoba-ku, Sendai, Japan; IMRAM, Tohoku University, Aoba-ku, Sendai, Japan; School of environmental studies, Tohoku University, Aoba-ku, Sendai, Japan; IMRAM, Tohoku University, Aoba-ku, Sendai, Japan; IMRAM, Tohoku University, Aoba-ku, Sendai, Japan",2016 IEEE 16th International Conference on Nanotechnology (IEEE-NANO),"24 Nov 2016","2016","","","830","831","All-solid state Li ion batteries are expected as one of next-generation rechargeable batteries since they have the potential to achieve high energy density and are free of risk of a flammable liquid electrolyte. The Li ion batteries cathodes, such as LiCoO2, change their volume during insertion or extraction of Li ions. Therefore, mechanical stress can be induced at the electrode/electrolyte interface. This mechanical stress can affect the thermodynamic and/or kinetic properties of electrodes and electrolytes. In this study, we aimed to understand the influence of the mechanical stress on Li chemical potential of LiCoO2. The variation of Li chemical potential in LiCoO2 under mechanical stress was evaluated by electromotive force (emf) measurements. Positive emf was observed when the external mechanical stress was applied. This indicates that Li chemical potential in LiCoO2 was changed by the mechanical stress. The relationship between Li chemical potential and the mechanical stress was discussed from thermodynamic point of view.","","978-1-5090-1493-4","10.1109/NANO.2016.7751546","","https://ieeexplore.ieee.org/stamp/stamp.jsp?arnumber=7751546","","Liquid crystal on silicon;Stress;Films;Electrodes;Ions;Electric potential;Chemicals","","","","6","IEEE","24 Nov 2016","22-25 Aug. 2016","22-25 Aug. 2016","IEEE","IEEE Conferences"
"Development of drug delivery bioceramics cement for vital pulp therapy","W. -C. Lin; P. -H. Hung; C. -P. Lin","National Sun Yat-sen University, Kaohsiung, TW; National Sun Yat-sen University, Kaohsiung, TW; National Taiwan University, Taipei, TW",2016 IEEE 16th International Conference on Nanotechnology (IEEE-NANO),"24 Nov 2016","2016","","","249","252","This paper demonstrates a dental pulp cell therapy method by using a mixture of a bioceramic materials, simvastatin and collagenase as a drug delivery bioceramic diluent. The drug releasing mechanism and speed are based on a natural diffusion of concentration differences and micro-pinhole sizes on the bioceramic cement, which is composed of the calcium phosphate cement (CPC) and calcium sulfate dihydrate (CSD) powders, respectively. The collagenase and simvastatin can release via the micro-pinhole channels from the cement to not only regenerate dental pulp stem cells but also stimulate the differentiation of pulp cells locally. Three different mixture ratios of CPC and CSD powders were characterized to study the relationship between pinhole sizes and releasing times and speeds. The mixture CPC/CSD ratio of 3∶7, named CPC3CSD7, performs well release profile of the collagenase and simvastatin. The released simvastatin and collagenase are over 80 and 50 percentages, respectively. Furthermore, an in-vitro cell culture experiment was applied to identify the biocompatibility and cultured odontoblasts grown differentiated well on the cement surface.","","978-1-5090-1493-4","10.1109/NANO.2016.7751547","","https://ieeexplore.ieee.org/stamp/stamp.jsp?arnumber=7751547","","Bioceramics;Surface morphology;Dentistry;Drugs;Scanning electron microscopy;Drug delivery;Loss measurement","","1","","","IEEE","24 Nov 2016","22-25 Aug. 2016","22-25 Aug. 2016","IEEE","IEEE Conferences"
"Flexible metamaterial device for terahertz-wave imaging system","Z. Han; S. Ohno; Y. Tokizane; K. Nawata; M. Koyama; T. Notake; Y. Takida; Y. Ogata; S. Hayashi; H. Minamide","Tera-Photonics Research Team, RIKEN Center for Advanced Photonics, Sendai, Japan; Department of Physics, Tohoku University, Sendai, Japan; Tera-Photonics Research Team, RIKEN Center for Advanced Photonics, Sendai, Japan; Tera-Photonics Research Team, RIKEN Center for Advanced Photonics, Sendai, Japan; Tera-Photonics Research Team, RIKEN Center for Advanced Photonics, Sendai, Japan; Tera-Photonics Research Team, RIKEN Center for Advanced Photonics, Sendai, Japan; Tera-Photonics Research Team, RIKEN Center for Advanced Photonics, Sendai, Japan; Tera-Photonics Research Team, RIKEN Center for Advanced Photonics, Sendai, Japan; Tera-Photonics Research Team, RIKEN Center for Advanced Photonics, Sendai, Japan; Tera-Photonics Research Team, RIKEN Center for Advanced Photonics, Sendai, Japan",2016 IEEE 16th International Conference on Nanotechnology (IEEE-NANO),"24 Nov 2016","2016","","","739","742","Metamaterial device with double layers of split ring resonators (SRRs) on flexible substrate is proposed for building a new terahertz (THz)-wave near-field imaging system with real-time performance. The SRRs work as an array of probes that reserve the object near-field information and transfer it to the detection system, which is based on the frequency up-conversion with nonlinear crystal DAST (4-dimethylamino-N-methyl-4-stilbazolium tosylate). A flexible polymer is used for the substrate of the metamaterial device, which finally covers the DAST crystal for the THz wave imaging experiment.","","978-1-5090-1493-4","10.1109/NANO.2016.7751548","","https://ieeexplore.ieee.org/stamp/stamp.jsp?arnumber=7751548","","Metamaterials;Imaging;Polymers;Crystals;Photonics;Substrates;Electronic mail","","","","19","IEEE","24 Nov 2016","22-25 Aug. 2016","22-25 Aug. 2016","IEEE","IEEE Conferences"
"Dielectrophoresis-induced cell patterning using a new PLA scaffold made by 3D printing","Z. Huan; H. K. Chu; J. Yang; D. Sun","Department of Mechanical and Biomedical Engineering, City University of Hong Kong, Kowloon, Hong Kong; Department of Mechanical Engineering, Hong Kong Polytechnic University, Kowloon, Hong Kong, China; Department of Precision Machinery and Instrumentation, University of Science and Technology of China, Hefei, Anhui, China; Department of Mechanical and Biomedical Engineering, City University of Hong Kong, Kowloon, Hong Kong",2016 IEEE 16th International Conference on Nanotechnology (IEEE-NANO),"24 Nov 2016","2016","","","853","856","This paper presents a new technique of fabricating 3D-printed scaffolds that can utilizes dielectrophoresis (DEP) for cell patterning. The scaffold was first fabricated using a 3D printer with a biodegradable polymer, polylactic acid (PLA). The electrical conductivity of the polymeric scaffold was enhanced through sputtering a thin layer of gold. When a voltage was supplied to the scaffold, non-uniform electric fields were generated so that cells were polarized and patterned onto the scaffold. Experiments were conducted to demonstrate that the gold-coated PLA scaffold could be used for rapid patterning MC3T3-E1 cells via DEP. Cell proliferation was assessed by (3-(4, 5-dimethylthiazol-2-yl)-2, 5-diphenyltetrazolium bromide) MTT method and the result confirms the DEP cell patterning mechanism is not cytotoxic.","","978-1-5090-1493-4","10.1109/NANO.2016.7751549","","https://ieeexplore.ieee.org/stamp/stamp.jsp?arnumber=7751549","","Dielectrophoresis;Programmable logic arrays;Three-dimensional displays;Conductivity;Electric fields;Immune system;Sun","","","","15","IEEE","24 Nov 2016","22-25 Aug. 2016","22-25 Aug. 2016","IEEE","IEEE Conferences"
"VerilogA based compact model of a three-terminal ME-MTJ device","N. Sharma; A. Marshall; J. Bird","University of Texas at Dallas, Richardson, TX, US; University of Texas at Dallas, Richardson, TX, US; University at Buffalo - The State University of New York, Buffalo, NY, US",2016 IEEE 16th International Conference on Nanotechnology (IEEE-NANO),"24 Nov 2016","2016","","","145","148","We present the first set of VerilogA based models for Magneto-Electric Magnetic Tunnel Junction (ME-MTJ) devices. The compact models have been developed in Verilog-A language and validated by electrical simulations using Cadence Spectre and Schematic Editor. We show simulation results of the ME-MTJ based logic functions i.e. Buffer/Inverter and Majority gate and also show their integrated memory capability. In addition, we have validated the methodology with a full adder simulation. Experimental parameters are included in the models to enhance simulation accuracy. The simulation results indicate that the ME-MTJ models can be used extensively for more complex circuit design.","","978-1-5090-1493-4","10.1109/NANO.2016.7751550","","https://ieeexplore.ieee.org/stamp/stamp.jsp?arnumber=7751550","Spintronics;Magneto-Electric Magnetic Tunnel Junction (ME-MTJ);logic;Memory;Adder;VerilogA;Magnetic Tunnel Junction (MTJ)","Magnetic tunneling;Semiconductor device modeling;Integrated circuit modeling;Mathematical model;Logic gates;Frequency modulation","","9","","","IEEE","24 Nov 2016","22-25 Aug. 2016","22-25 Aug. 2016","IEEE","IEEE Conferences"
"Numerical simulation of physical and electrical characteristics of Ge/Si quantum dots based intermediate band solar cell","M. -Y. Lee; Y. -C. Tsai; Y. Li; S. Samukawa","National Chiao Tung University, Hsinchu, TW; National Chiao Tung University, Hsinchu, TW; National Chiao Tung University, Hsinchu, TW; Tohoku Daigaku, Sendai, Miyagi, JP",2016 IEEE 16th International Conference on Nanotechnology (IEEE-NANO),"24 Nov 2016","2016","","","361","364","According to the Bloch theorem and the symmetry of superlattice configuration, a new 3D finite element method is employed to calculate the miniband structure and density of state for well-aligned Ge/Si QDs array. This method can overcome the approximation of multi-dimensional Kronig-Penny model and constrain on QDs superlattice structure. The interaction of electronic structure among Ge/Si QDs with various density of QDs therough QDs dimension and superlattice structure is investigated to provide a design guideline for QDs solar cell.","","978-1-5090-1493-4","10.1109/NANO.2016.7751551","","https://ieeexplore.ieee.org/stamp/stamp.jsp?arnumber=7751551","","Superlattices;Photovoltaic cells;Silicon;Photonics;Photonic band gap;Quantum dots;Etching","","2","","","IEEE","24 Nov 2016","22-25 Aug. 2016","22-25 Aug. 2016","IEEE","IEEE Conferences"
"Optimization of dual-threshold independent-gate FinFETs for compact low power logic circuits","X. Zhang; J. Hu; X. Luo","Faculty of Information Science and Technology, Ningbo University, Ningbo, China; Faculty of Information Science and Technology, Ningbo University, Ningbo, China; Faculty of Information Science and Technology, Ningbo University, Ningbo, China",2016 IEEE 16th International Conference on Nanotechnology (IEEE-NANO),"24 Nov 2016","2016","","","529","532","This paper proposes the realization of dual-threshold independent-gate FinFETs by optimizing the FinFET process parameters including the electrode work function, silicon body thickness, and oxide thickness. The optimum values of the FinFET process parameters are derived using BSIM-IMG SPICE model for independent-gate FinFET devices. In optimum dual-threshold independent-gate (IG) FinFETs, a high-threshold IG FinFET is logically equivalent to two short-gate (SG) FinFETs in series, while a low-threshold one is logically equivalent to two SG FinFETs in parallel. The complementary static logic circuits and differential cascode voltage switch logic circuits based on the proposed IG FinFET devices have been verified. The results show that basic gates using the proposed dual-threshold independent-gate FinFETs obtain lower energy delay products than those implementations based on SG FinFETs.","","978-1-5090-1493-4","10.1109/NANO.2016.7751552","","https://ieeexplore.ieee.org/stamp/stamp.jsp?arnumber=7751552","","FinFETs;Logic gates;Logic circuits;Leakage currents;Integrated circuit modeling;Threshold voltage","","15","","15","IEEE","24 Nov 2016","22-25 Aug. 2016","22-25 Aug. 2016","IEEE","IEEE Conferences"
"Investigating non-filament type conduction mechanism of indium-tin-oxide resistance random access memory by varying forming current compliance","C. -H. Pan; B. -W. Chen; T. -C. Chang; Y. -J. Hung","Department of Physics, National Sun Yat-Sen University, Kaohsiung, Taiwan; Department of Materials and Optoelectronic Science, National Sun Yat-Sen University, Kaohsiung, Taiwan; Department of Physics, National Sun Yat-Sen University, Kaohsiung, Taiwan; National Sun Yat-sen University, Kaohsiung, TW",2016 IEEE 16th International Conference on Nanotechnology (IEEE-NANO),"24 Nov 2016","2016","","","787","789","In this letter, we investigated a new interface-type conduction mechanism in ITO/Ga2O3:ITO/TiN resistance random access memory induced by varying forming current compliance. This conduction showed a typical bipolar resistive switching (RS) and a size effect experiment was applied to confirm that the conduction mechanism was an interface-type when forming current compliance was set below 1mA. Current fittings of both high resistance state (HRS) and low resistance state (LRS) showed Schottky emission. Furthermore, a conduction model was provided to separate this new conduction mechanism in ITO material relevant research from traditional filament-type.","","978-1-5090-1493-4","10.1109/NANO.2016.7751553","","https://ieeexplore.ieee.org/stamp/stamp.jsp?arnumber=7751553","RRAM;Indium-Tin-Oxide;Interface-type conduction;Size effect","Switches;Resistance;Indium tin oxide;Fitting;Electrodes;Random access memory;Insulators","","","","12","IEEE","24 Nov 2016","22-25 Aug. 2016","22-25 Aug. 2016","IEEE","IEEE Conferences"
"Abnormal transconductance enhancement effects induced by negative bias-stress at high temperature in amorphous-InGaZnO thin-film transistors","B. -W. Chen; T. -C. Chang; S. -P. Huang; C. -H. Pan; Y. -J. Hung","National Sun Yat-sen University, Kaohsiung, TW; National Sun Yat-sen University, Kaohsiung, TW; National Sun Yat-sen University, Kaohsiung, TW; National Sun Yat-sen University, Kaohsiung, TW; National Sun Yat-sen University, Kaohsiung, TW",2016 IEEE 16th International Conference on Nanotechnology (IEEE-NANO),"24 Nov 2016","2016","","","780","782","This letter investigates the effect of negative bias stress induced abnormal degradation in amorphous InGaZnO thin-film transistors (TFTs) at high temperature. Drain current-gate voltage (ID-VG) and capacitance-voltage (C-V) measurements are employed to analyze degradation mechanism. High temperature negative bias stress lead to not only a negative parallel shift in ID-VG but also a C-V distortion at off-state. This attributes to a barrier lowering effect nearby both drain and source sides according to symmetrical hole-trapping effect. Furthermore, both on-current and subthreshold swing will be improved due to the localized hole-trapping near source and drain.","","978-1-5090-1493-4","10.1109/NANO.2016.7751554","","https://ieeexplore.ieee.org/stamp/stamp.jsp?arnumber=7751554","amorphous InGaZnO thin-film transistors;Negative Bias stress;short channel effects","Thin film transistors;Stress;Metals;Logic gates;NIST;Electric fields;Temperature measurement","","","","","IEEE","24 Nov 2016","22-25 Aug. 2016","22-25 Aug. 2016","IEEE","IEEE Conferences"
"Fabrication and evaluation of CVD diamond resonators","Y. Mochimaru; M. Toda; T. Ono","Graduate School of Engineering, Tohoku University, Sendai, Japan; Graduate School of Engineering, Tohoku University, Sendai, Japan; Graduate School of Engineering, Tohoku University, Sendai, Japan",2016 IEEE 16th International Conference on Nanotechnology (IEEE-NANO),"24 Nov 2016","2016","","","676","677","In this paper, thin film diamond resonators on Si wafer for high sensitivity force sensing have been developed. Patterned diamond structures have been formed on Ir/YSZ/Si substrate. The completed diamond resonator of cantilever shows a resonance frequency of 51.0 kHz with a quality factor of 14911. The both clamped resonator shows the force sensitivity of 3.36×10-13 N/Hz0.5 at 229.3 kHz with 23500 of Q factor. While the crystallites and surface roughness are required to be improved, the patterned diamond resonator can be used as a high sensitive physicochemical sensing tool.","","978-1-5090-1493-4","10.1109/NANO.2016.7751555","","https://ieeexplore.ieee.org/stamp/stamp.jsp?arnumber=7751555","","Diamond;Films;Force;Resonant frequency;Q-factor;Silicon;Sensitivity","","","","3","IEEE","24 Nov 2016","22-25 Aug. 2016","22-25 Aug. 2016","IEEE","IEEE Conferences"
"Statistical device simulation of characteristic fluctuation of 10-nm gate-all-around silicon nanowire MOSFETs induced by various discrete random dopants","W. -L. Sung; H. -T. Chang; C. -Y. Chen; P. -J. Chao; Y. Li","Institute of Communications Engineering, National Chiao Tung University, Hsinchu, Taiwan; Institute of Communications Engineering, National Chiao Tung University, Hsinchu, Taiwan; Institute of Communications Engineering, National Chiao Tung University, Hsinchu, Taiwan; Institute of Biomedical Engineering, National Chiao Tung University, Hsinchu, Taiwan; Department of Electrical and Computer Engineering, National Chiao Tung University, Hsinchu, Taiwan",2016 IEEE 16th International Conference on Nanotechnology (IEEE-NANO),"24 Nov 2016","2016","","","951","954","We study the impact of random dopant fluctuation (RDF) on electrical characteristics of 10-nm-gate high-κ/metal gate gate-all-around silicon nanowire MOSFET devices. To provide the best accuracy of device simulation, model parameters are validated by using full quantum mechanical simulation and calibrated with experimental results. Physical mechanism of RDs inside channel and penetration from the source/drain extensions into the channel is discussed. Electrical characteristic of the device is estimated with respect to different types of RDF.","","978-1-5090-1493-4","10.1109/NANO.2016.7751556","","https://ieeexplore.ieee.org/stamp/stamp.jsp?arnumber=7751556","Gate-all-around;Silicon nanowire MOSFET;Random dopant fluctuation;Modeling;Simulation","Fluctuations;Resource description framework;Semiconductor process modeling;Logic gates;MOSFET;Silicon;Ions","","4","","9","IEEE","24 Nov 2016","22-25 Aug. 2016","22-25 Aug. 2016","IEEE","IEEE Conferences"
"Dynamics of oxygen scattering on ionomer surface in catalyst layer of PEFC","M. Nakauchi; T. Mabuchi; I. Kinefuchi; H. Takeuchi; T. Tokumasu","Graduate school of Engineering, Tohoku University, Sendai, Miyagi, Japan; Department of Mechanical Engineering, University of Tokyo, Bunkyo-ku, Tokyo, Japan; Department of Mechanical Engineering, University of Tokyo, Bunkyo-ku, Tokyo, Japan; Department of Social Design Engineering, National Institute of Technology, Nankoku Kochi, Japan; Institute of Fluid Science, Tohoku University, Sendai, Miyagi, Japan",2016 IEEE 16th International Conference on Nanotechnology (IEEE-NANO),"24 Nov 2016","2016","","","218","221","Molecular dynamics simulations have been performed to clarify the scattering phenomena of oxygen molecules on ionomer thin films, which affect the transport resistance of oxygen in catalyst layers in polymer electrolyte fuel cells. We have evaluated the probability density functions of the translational energy and scattering angle of scattered molecules, and the residence time of oxygen molecules on the ionomer surface. It was found that the energy distributions of scattered oxygen molecules depend on the incident energy and differ from that of thermally equilibrated molecules. On the other hand, the angular distributions are independent of the incident energy, and well reproduced by the diffusive scattering model. These results indicate that oxygen molecules do not accommodate completely with ionomer surface during the collision. We also evaluated the trapping dynamics of oxygen molecules on the ionomer surface in the trajectory calculations. Increasing the normal component of the incident energy results in the longer residence time on the ionomer surface.","","978-1-5090-1493-4","10.1109/NANO.2016.7751557","","https://ieeexplore.ieee.org/stamp/stamp.jsp?arnumber=7751557","","Scattering;Trajectory;Probability density function;Polymers;Surface resistance;Fuel cells;Multiprotocol label switching","","","","12","IEEE","24 Nov 2016","22-25 Aug. 2016","22-25 Aug. 2016","IEEE","IEEE Conferences"
"Modification of oxygen surface exchange kinetics on a dense film of La0.6Sr0.4CoO3-δ by application of porous (La,Sr)2CoO4","T. Kawada; T. Tairako; K. Nagao; A. Unemoto; M. Sase; K. Yashiro; S. Hashimoto; K. Amezawa","Graduate School of Environmental Studies, Tohoku University, Sendai, Aoba-ku, Japan; Graduate School of Environmental Studies, Tohoku University; Graduate School of Environmental Studies, Tohoku University; Graduate School of Environmental Studies, Tohoku University; Graduate School of Environmental Studies, Tohoku University; Graduate School of Environmental Studies, Tohoku University, Sendai, Aoba-ku, Japan; Graduate School of Environmental Studies, Tohoku University, Sendai, Aoba-ku, Japan; Institute of Multidisciplinary Research for Advanced Materials, Tohoku University, Sendai, Aoba-ku, Japan",2016 IEEE 16th International Conference on Nanotechnology (IEEE-NANO),"24 Nov 2016","2016","","","365","366","Dense film electrodes of La0.6Sr0.4CoO3 were formed on ceria based solid electrolytes by pulsed laser deposition. The oxygen exchange reaction rate on the surface was evaluated by impedance spectroscopy, and the effect of coexistence of LaSrCoO4 phase on the surface was investigated. The tendency of Sr segregation on the surface of La0.6Sr0.4CoO3 was mitigated by addition of porous LaSrCoO4 layer, which reduced the activation energy of oxygen exchange reaction and enhanced the reaction rate.","","978-1-5090-1493-4","10.1109/NANO.2016.7751558","","https://ieeexplore.ieee.org/stamp/stamp.jsp?arnumber=7751558","","Electrodes;Surface impedance;Films;Surface treatment;Temperature measurement;Impedance;Surface resistance","","","","4","IEEE","24 Nov 2016","22-25 Aug. 2016","22-25 Aug. 2016","IEEE","IEEE Conferences"
"Ion-sensitive field-effect transistors with multiple Ω-shaped nano channels fabricated by nanoimprint lithography and NEMS process","S. -Y. Lu; T. -N. Lee; H. J. H. Chen; K. -C. Hsieh","Electrical Engineering Department, National Chi Nan Univ., Nantou, Taiwan; Electronics Engineering Department, National Tsing Hua Univ., Hsinchu, Taiwan; Electrical Engineering Department, National Chi Nan Univ., Nantou, Taiwan; Electronics Engineering Department, National Tsing Hua Univ., Hsinchu, Taiwan",2016 IEEE 16th International Conference on Nanotechnology (IEEE-NANO),"24 Nov 2016","2016","","","460","463","This work addresses on the fabrication of ion-sensitive field-effect transistors with the multiple Ω-shape nano-channels. The Ω-shaped channels with the width/space about 1:1, 200/200 nm, were fabricated by the thermal nanoimprint lithography and the anisotropic/isotropic dry etching processes. The sensing properties of proposed ISFETs were studied and compared with the conventional single channel ones. With this approach, the high-performance ISFETs can be fabricated for future biosensor applications.","","978-1-5090-1493-4","10.1109/NANO.2016.7751559","","https://ieeexplore.ieee.org/stamp/stamp.jsp?arnumber=7751559","","Sensors;Silicon;Transistors;Sensitivity;Etching;Rough surfaces;Surface roughness","","","","17","IEEE","24 Nov 2016","22-25 Aug. 2016","22-25 Aug. 2016","IEEE","IEEE Conferences"
"Identical off-state current raise induced by photo-induced schottky barrier lowering in a-InGaZnO4 thin film transistors","H. -M. Chen; T. -C. Chang; P. -Y. Liao; H. -C. Chiang; C. -E. Chen; B. -W. Chen; C. -H. Pan; Y. -J. Hung","Department of Photonics & Institute of Electro-Optical Engineering, National Chiao Tung University, Hsinchu, Taiwan; Advanced Optoelectronics Technology Center, National Cheng Kung University, Tainan, Taiwan; Po-Yung Liao with Department of Physics, National Sun Yat-Sen University, Taiwan; Department of Materials and Optoelectronic, National Sun Yat-Sen University, Taiwan; Department of Materials and Optoelectronic, National Sun Yat-Sen University, Taiwan; National Sun Yat-sen University, Kaohsiung, TW; Department of Electronics Engineering, National Chiao Tung University, Taiwan; Department of Photonics, National Sun Yat-Sen University, Taiwan",2016 IEEE 16th International Conference on Nanotechnology (IEEE-NANO),"24 Nov 2016","2016","","","783","786","This work studies the mechanism of identical photo-induced leakage current in a-InGaZnO4 thin film transistors during reverse gate voltage sweep. There is the identical off-state current with the reverse sweep under UV light irradiation, and the photocurrent for UV light exposure region near the source electrode is more significant than that near the drain electrode, which is different from photocurrent mechanism of low temperature polysilicon TFTs. This is because the photo-generated electrons increase the carrier concentration in a-InGaZnO4 bulk, causing the reduced depletion width of the active layer. Therefore, the back channel of active layer is out of gate control.","","978-1-5090-1493-4","10.1109/NANO.2016.7751560","","https://ieeexplore.ieee.org/stamp/stamp.jsp?arnumber=7751560","UV light;IGZO;depletion length;photo current","Electrodes;Logic gates;Thin film transistors;Leakage currents;Capacitance;Semiconductor device measurement","","","","17","IEEE","24 Nov 2016","22-25 Aug. 2016","22-25 Aug. 2016","IEEE","IEEE Conferences"
"Investigation of abnormal off-current in p-channel double diffused drain metal-oxide-semiconductor transistors after hot carrier stress","C. -E. Chen; T. -C. Chang; Y. -H. Lu; H. -M. Chen; B. -W. Chen; C. -H. Pan; Y. -J. Hung","Department of Electronics Engineering, National Chiao Tung University, Hsinchu, Taiwan; Department of Physics, National Sun Yat-Sen University, Kaohsiung, Taiwan; Department of Physics, National Sun Yat-Sen University, Kaohsiung, Taiwan; Department of Photonics, National Chiao Tung University, Hsinchu, Taiwan; Department of Photonics, National Sun Yat-Sen University, Kaohsiung, Taiwan; Department of Materials and Optoelectronic Science, National Sun Yat-Sen University, Kaohsiung, Taiwan; Department of Physics, National Sun Yat-Sen University, Kaohsiung, Taiwan",2016 IEEE 16th International Conference on Nanotechnology (IEEE-NANO),"24 Nov 2016","2016","","","777","779","This paper studies the degradation behaviors in IV characteristics and the corresponding improvement for p-channel double diffused drain metal-oxide-semiconductor (DDDMOS) transistors after hot carrier stress (HCS). There is an apparent current which is flowed from source to drain in the off-region after HCS. According to the IV characteristic comparisons between different device structures and ISE-TCAD simulation results, the location and mechanism of this abnormal off-current can be demonstrated. Furthermore, this off-current is suppressed effectively by the different process flows in STI fabrication for this DDDMOS device.","","978-1-5090-1493-4","10.1109/NANO.2016.7751561","","https://ieeexplore.ieee.org/stamp/stamp.jsp?arnumber=7751561","","Logic gates;Charge carrier processes;Stress;Degradation;Transistors;Iterative closest point algorithm;Sun","","","","8","IEEE","24 Nov 2016","22-25 Aug. 2016","22-25 Aug. 2016","IEEE","IEEE Conferences"
"Investigation of mechanical damage of SOFC caused by electrochemical oxidation using in-situ acoustic emission and electrochemical technique","K. Kumada; K. Sato; T. Hashida","Graduate School of Engineering, Tohoku University, JAPAN; Graduate School of Engineering, Tohoku University, JAPAN; Graduate School of Engineering, Tohoku University, JAPAN",2016 IEEE 16th International Conference on Nanotechnology (IEEE-NANO),"24 Nov 2016","2016","","","970","973","This paper presents the experimental results of the investigation of mechanical damage in Solid Oxide Fuel Cell (SOFC) under fuel starvation conditions using in-situ Acoustic Emission (AE) and electrochemical technique. The cell was oxidized electrochemically and AE signal has begun to be detected when the oxidation spread from anode/electrolyte interface to anode substrate after Ni/NiO equilibrium. The hydrogen was supplied again and AE signal detection was stopped. Before and after Redox cycling, OCV showed the same value, but the maximum power density decreased by 50 %. After experiment, there was delamination in anode/electrolyte interface, but there was not electrolyte cracking in active cell area. In this experiment, the decrease of maximum power density is thought to be due to causing delamination in anode/electrolyte caused by electrochemical oxidation.","","978-1-5090-1493-4","10.1109/NANO.2016.7751562","","https://ieeexplore.ieee.org/stamp/stamp.jsp?arnumber=7751562","Solid oxide fuel cell;Oxidation;Redox;Acoustic emission;Electrochemical impedance spectroscopy","Anodes;Oxidation;Cathodes;Impedance;Fuel cells;Fuels;Solids","","3","","9","IEEE","24 Nov 2016","22-25 Aug. 2016","22-25 Aug. 2016","IEEE","IEEE Conferences"
"In situ evaluation of mechanical and electrochemical degradation in silicon negative electrode for lithium-ion secondary batteries","N. Yoshida; T. Sakamoto; N. Kuwata; J. Kawamura; K. Sato; T. Hashida","Graduate School of Engineering, Tohoku University, Aobaku, Sendai, Japan; Graduate School of Engineering, Tohoku University, Aobaku, Sendai, Japan; Institute of Multidisciplinary Research for Advanced Materials, Tohoku University, Aobaku, Sendai, Japan; Institute of Multidisciplinary Research for Advanced Materials, Tohoku University, Aobaku, Sendai, Japan; Graduate School of Engineering, Tohoku University, Aobaku, Sendai, Japan; Graduate School of Engineering, Tohoku University, Aobaku, Sendai, Japan",2016 IEEE 16th International Conference on Nanotechnology (IEEE-NANO),"24 Nov 2016","2016","","","974","977","Silicon is a promising anode material for lithium-ion battery application due to its high specific capacity. Unfortunately, silicon undergoes a volume expansion of 300~400% full lithiation and suffers from severe capacity fade, which limit its successful application in commercial cells. In this study, we used in situ acoustic emission and laser microscope observation method for detecting the volume change in silicon negative electrodes. It was shown that the long-term performance of the silicon negative electrode was dictated by its spallation during the discharge steps, while only the first lithiation caused its delamination and spoliation in the charge step. This strongly indicates that the energy of emission, and hence the amount of damage, is related to capacity loss. This study demonstrate that AE is a powerful tool to survey the real-time mechanical damage and electrochemical degradation in the electrode.","","978-1-5090-1493-4","10.1109/NANO.2016.7751563","","https://ieeexplore.ieee.org/stamp/stamp.jsp?arnumber=7751563","","Silicon;Electrodes;Microscopy;Discharges (electric);Buffer layers;Acoustic emission","","1","","11","IEEE","24 Nov 2016","22-25 Aug. 2016","22-25 Aug. 2016","IEEE","IEEE Conferences"
"Magneto-optical properties of waveguide structures containing magnetic nanoparticles using femtosecond laser","S. Nakashima; R. Okabe; K. Sugioka; A. Ishida","Shizuoka Daigaku, Shizuoka, JP; Shizuoka Daigaku, Shizuoka, JP; NA; Shizuoka Daigaku, Shizuoka, JP",2016 IEEE 16th International Conference on Nanotechnology (IEEE-NANO),"24 Nov 2016","2016","","","515","518","This paper demonstrates the advantages of a femtosecond-laser-processing method as a novel fabrication technique of waveguides containing such nanocomposites inside glass materials. By focusing the femtosecond laser inside the transparent glass, the nanocomposites are space-selectively precipitated as results of atomic diffusion and crystallization processes. At the same time, the refractive index of the irradiated area becomes higher, leading to the formation of optical waveguides. Due to the advantages, this method can be potentially applied to produce magneto-optical micro-devices, such as three-dimensional high density magnetic recording devices or micro-sized optical isolators integrated with waveguides. Recently, optical interfaces between electronic circuits are actively studied. In such advanced high-speed devices, micro lasers and the appropriate micro isolators are required.","","978-1-5090-1493-4","10.1109/NANO.2016.7751564","","https://ieeexplore.ieee.org/stamp/stamp.jsp?arnumber=7751564","","Optical waveguides;Faraday effect;Laser beams;Glass;Waveguide lasers;Ultrafast optics;Measurement by laser beam","","","","","IEEE","24 Nov 2016","22-25 Aug. 2016","22-25 Aug. 2016","IEEE","IEEE Conferences"
"Optical control of adhesion property of magnetic nanosensor using photochromism for effective manipulation and cell injection","H. Hashim; W. Lei; H. Maruyama; T. Masuda; F. Arai","Nagoya Daigaku, Nagoya, Aichi, JP; Nagoya Daigaku, Nagoya, Aichi, JP; Nagoya Daigaku, Nagoya, Aichi, JP; Nagoya Daigaku, Nagoya, Aichi, JP; Nagoya Daigaku, Nagoya, Aichi, JP",2016 IEEE 16th International Conference on Nanotechnology (IEEE-NANO),"24 Nov 2016","2016","","","683","686","Effective manipulation and rapid injection of nanosensor with high cell viability have great significance to biological and biomedical applications such as drug delivery and cells biology. This study presents manipulation of a magnetic nanosensor with a temperature indicator and immobilization onto cell surface using glass nanoprobe by Coulomb's force. The nanosensor is stained by Rhodamine B as the temperature indicator and is contained by lipid layer with Spiropyran (SP), which is a photochromic material. The zeta potential of nanosensor is switched between negative and positive by photo-isomerization of SP. The zeta potential of the liposome is switched to positive by UV illumination and recovered to negative by VIS illumination. The nanosensor is picked up and transported by glass nanoprobe. The positively charged nanosensor is immobilized to the cell membrane since the zeta potential of cell membrane is negative. The immobilized nanosensor can be injected into the cell cytoplasm by local laser heating. We demonstrated the manipulation and injection of the Ø750 nm magnetic nanosensor by the micromanipulator and local laser heating.","","978-1-5090-1493-4","10.1109/NANO.2016.7751565","","https://ieeexplore.ieee.org/stamp/stamp.jsp?arnumber=7751565","nanosensor;cell injection;zeta potential;photochromism;laser heating","Lipidomics;Nanobioscience;Glass;Semiconductor lasers;Fluorescence;Optical control;Heating","","1","","","IEEE","24 Nov 2016","22-25 Aug. 2016","22-25 Aug. 2016","IEEE","IEEE Conferences"
"Nanotechnology requirements and challenges for large-scale brain computing","A. Kumar","IBM Research, Yorktown Heights, NY, US",2016 IEEE 16th International Conference on Nanotechnology (IEEE-NANO),"24 Nov 2016","2016","","","273","275","Computing systems today are at the dawn of a new period in history: the cognitive era [1]. This transition is driven by the explosive growth in unstructured data enabled by new technology trends such as Social Media, the Internet of Things, and everywhere computing. Computing workloads are correspondingly shifting away from transactional processing and toward unstructured computational problems requiring fuzzier analysis such as sensing, learning, and inferring; detecting patterns and anomalies; and predicting and discovering.","","978-1-5090-1493-4","10.1109/NANO.2016.7751566","","https://ieeexplore.ieee.org/stamp/stamp.jsp?arnumber=7751566","","Neuromorphics;Three-dimensional displays;Neurons;Stacking;Program processors;Bonding","","","","","IEEE","24 Nov 2016","22-25 Aug. 2016","22-25 Aug. 2016","IEEE","IEEE Conferences"
"Nanoelectromechanical systems based on low dimensional nanomaterials: Beyond carbon nanotube and graphene nanomechanical resonators—a brief review","M. Z. Wang","University of Electronic Science and Technology of China, Chengdu, China",2016 IEEE 16th International Conference on Nanotechnology (IEEE-NANO),"24 Nov 2016","2016","","","875","878","Recent experimental efforts in investigating low-dimensional nanomaterials have spanned significantly beyond carbon nanotube (CNT) and graphene, which are often considered hallmarks of one- and two-dimensional (1&2D) nanostructures. Emerging layered nanomaterials, such as transition metal dichalcogenides (TMDC) and black phosphorus (P), have enabled new device functions and potential applications thanks to their intriguing material properties unavailable in CNT and graphene. In particular, nanoelectromechanical systems (NEMS) based on these new nanostructures exhibit new and interesting device properties. This paper describes the recent progresses in exploring and engineering atomically-thin semiconducting crystals into a new class of two-dimensional nanoelectromechanical systems, which hold promises for building novel nanoscale transducers. Exploration of resonant NEMS based on molybdenum disulfide (MoS2) reveals in these new nanoscale systems very broad dynamic range, rich nonlinear dynamics, and outstanding electrical tunability. Further, recent investigations show that black P NEMS offer the unique opportunity for harnessing the strong mechanical anisotropy in this nanocrystal composed of corrugated atomic sheets, demonstrating potential towards new device functions and applications that are unavailable to CNT and graphene based devices and systems.","","978-1-5090-1493-4","10.1109/NANO.2016.7751567","","https://ieeexplore.ieee.org/stamp/stamp.jsp?arnumber=7751567","","Nanoelectromechanical systems;Optical resonators;Molybdenum;Sulfur;Two dimensional displays;Graphene;Crystals","","1","","77","IEEE","24 Nov 2016","22-25 Aug. 2016","22-25 Aug. 2016","IEEE","IEEE Conferences"
"Micro/nanoscale needle technology for brain","T. Kawano","Department of Electrical and Electronic Information Engineering, Toyohashi University of Technology, Toyohashi, Aichi, Japan",2016 IEEE 16th International Conference on Nanotechnology (IEEE-NANO),"24 Nov 2016","2016","","","933","936","This paper reports our recent progresses on silicon growth technology-based micro/nanoscale three-dimensional (3D) needle-electrode array devices, for use in electrophysiological recordings of neurons/cells within the brain.","","978-1-5090-1493-4","10.1109/NANO.2016.7751568","","https://ieeexplore.ieee.org/stamp/stamp.jsp?arnumber=7751568","","Needles;Silicon;Electrodes;Brain;Three-dimensional displays;Films;Nanobioscience","","","","21","IEEE","24 Nov 2016","22-25 Aug. 2016","22-25 Aug. 2016","IEEE","IEEE Conferences"
"Au-nanoarray by nanosphere lithography sensors for Staphylococcus aureus 16S rRNA","A. Purwidyantri; C. -S. Lai","Biomedical Engineering, Chang Gung University, Taoyuan, Taiwan; Electronic Engineering, Biosensor Group, Taoyuan, Taiwan",2016 IEEE 16th International Conference on Nanotechnology (IEEE-NANO),"24 Nov 2016","2016","","","401","404","Nanopatterning of Au-nanoarray on an indium tin oxide (ITO) electrode using efficient and low-cost nanospheres lithography (NSL) is reported. Convective self-assembly of 500 nm polystyrene (PS) nanobeads was found to effectively provide a well-ordered monolayer template for Au deposition with the coverage of about 90% on ITO. A simple Au-nanoparticles (AuNPs) spin coating was performed. It is observed that AuNPs immobilized by spin-coating techniques tends to follow the contour of the spherical nanobeads instead of filling the gaps within them, therefore, a distinguished hexagonal ring of Au-nanoarray was generated after nanobeads etching. As used for electrochemical sensor of Staphyloccocus aureus 16S rRNA hybridization detection, this substrate resulted high effective surface area which subsequently gave an excellent limitation of detection (LOD) of 10 pM target DNA. Overall, we have demonstrated an integration of NSL and AuNPs spin-coating for a uniform and high troughput substrate fabrication for electrochemical biosensor development.","","978-1-5090-1493-4","10.1109/NANO.2016.7751569","","https://ieeexplore.ieee.org/stamp/stamp.jsp?arnumber=7751569","Nanosphere lithography;Au-nanoarray;16S rRNA;S. aureus;electrochemical;spin-coating","Gold;Substrates;DNA;Indium tin oxide;Biosensors;Nanopatterning","","","","13","IEEE","24 Nov 2016","22-25 Aug. 2016","22-25 Aug. 2016","IEEE","IEEE Conferences"
"Recent progress of fully-printed and ultra-flexible integrated circuits","K. Fukuda","RIKEN Thins-film device laboratory, Center for Emergent Mater Science, Wako, Saitama, Japan",2016 IEEE 16th International Conference on Nanotechnology (IEEE-NANO),"24 Nov 2016","2016","","","838","841","Printed electronics enable the fabrication of large-scale, low-cost electronic devices and systems, and thus offer significant possibilities in terms of developing new electronics/optics applications in various fields. Additionally, reducing the thickness of thin-film electronic devices is a primary goal in the field of flexible electronics, because it would improve the flexibility and lightness of such devices. In this talk, I show our recent progress of fully-printed and ultra-flexible integrated circuits.","","978-1-5090-1493-4","10.1109/NANO.2016.7751570","","https://ieeexplore.ieee.org/stamp/stamp.jsp?arnumber=7751570","","Thin film transistors;Printing;Substrates;Logic gates;Electrodes;Ink;Dielectrics","","","","26","IEEE","24 Nov 2016","22-25 Aug. 2016","22-25 Aug. 2016","IEEE","IEEE Conferences"
"Stretchable patches and devices toward electronics on the skin","H. Kai; K. Nagamine; M. Nishizawa","Department of Engineering, Tohoku University; Department of Engineering, Tohoku University; Department of Engineering, Tohoku University",2016 IEEE 16th International Conference on Nanotechnology (IEEE-NANO),"24 Nov 2016","2016","","","917","920","We developed all-organic patches and devices that fit to skin. Devices for power generation from biofuel as well as transport of biologically relevant molecules into and from the body through the skin are presented. Integration of these technologies may lead to self-powered healthcare electronics on the skin.","","978-1-5090-1493-4","10.1109/NANO.2016.7751571","","https://ieeexplore.ieee.org/stamp/stamp.jsp?arnumber=7751571","wearable electronics;stretchable devices;biofuel cells;microneedle arrays","Skin;Biofuels;Sensors;Biochemistry;Anodes;Biomedical monitoring","","","","8","IEEE","24 Nov 2016","22-25 Aug. 2016","22-25 Aug. 2016","IEEE","IEEE Conferences"
"Nanocopper as a soldering alternative: Solder-free assembly","A. A. Zinn; R. M. Stoltenberg; J. Chang; Y. -L. Tseng; S. M. Clark","Advanced Technology Center of Lockheed Martin's Space Systems Company, Palo Alto, CA USA; Advanced Technology Center of Lockheed Martin's Space Systems Company, Palo Alto, CA USA; Advanced Technology Center of Lockheed Martin's Space Systems Company, Palo Alto, CA USA; Advanced Technology Center of Lockheed Martin's Space Systems Company, Palo Alto, CA USA; Advanced Technology Center of Lockheed Martin's Space Systems Company, Palo Alto, CA USA",2016 IEEE 16th International Conference on Nanotechnology (IEEE-NANO),"24 Nov 2016","2016","","","367","370","A nanocopper-based interconnect material was developed as a robust, high-performance alternative to solder. This new solder-free nanocopper material overcomes an inherent limitation of traditional solders wherein the operating temperature is limited by the processing temperature. For the first time, an interconnect material is capable of operating at temperatures not only equal to but even far above its original processing temperature. Being pure copper, the material can form contacts with 5–10× the thermal and electrical conductivity of typical solder systems. The material rheology can be tuned for drop-in replacement of solder on standard PCB assembly lines and other industrial paste dispensing equipment. Such nanoparticle based interconnects can exhibit improved creep resistance and enhanced reliability in low- and high-temperature operating environments. The nanocopper material is obtained by reducing a copper salt with sodium borohydride in the presence of an amine surfactant mixture that controls particle size and protects the nanoparticles from oxidation. The manufacturing process has proven readily scalable with a 1 kg pilot plant currently in operation and a path to a continuous low-cost manufacturing process. For the present work, a readily dispensable nanocopper paste was formulated to bond commercial LEDs to a thermal heat sink. To evaluate the quality of the formed bulk copper interconnects, a large number of test samples was fabricated to measure mechanical strength. Shear strengths exceeding 70 MPa have been achieved.","","978-1-5090-1493-4","10.1109/NANO.2016.7751572","","https://ieeexplore.ieee.org/stamp/stamp.jsp?arnumber=7751572","sintering;nanocopper;die-attach;LED","Soldering;Contacts;Thermal conductivity;Automotive engineering;Ink;Reliability;Degradation","","4","","","IEEE","24 Nov 2016","22-25 Aug. 2016","22-25 Aug. 2016","IEEE","IEEE Conferences"
"Deterministic doping to silicon and diamond materials for quantum processing","T. Shinada; E. Prati; T. Tanii; T. Teraji; S. Onoda; F. Jelezko; J. Isoya","Center for Innovative Integrated Electronic Systems (CIES), Tohoku University, Miyagi, Japan; Consiglio Nazionale delle Ricerche (CNR), Istituto di Fotonica e Nanotecnologia, Italy; School of Fundamental Science and Engineering, Waseda University, Japan; National Institute for Materials Science, Japan; National Institutes for Quantum and Radiological Science and Technology (QST), Japan; Universitat Ulm, Ulm, Baden-WÃ¼rttemberg, DE; Research Centre for Knowledge Communities, University of Tsukuba, Japan",2016 IEEE 16th International Conference on Nanotechnology (IEEE-NANO),"24 Nov 2016","2016","","","888","890","Nanoscale electronic devices will require the placement of dopants in a predetermined location, namely, a single atom control to explore novel functions for future nanoelectronics. Deterministic doping method, i.e. single-ion implantation, realizes ordered arrays of single-atoms in silicon, diamond and other materials, which might provide opportunities to single-dopant transport or single-photon source beneficial to quantum processing.","","978-1-5090-1493-4","10.1109/NANO.2016.7751573","","https://ieeexplore.ieee.org/stamp/stamp.jsp?arnumber=7751573","","Ions;Silicon;Diamond;Photonics;Arsenic;Doping;Transistors","","2","1","11","IEEE","24 Nov 2016","22-25 Aug. 2016","22-25 Aug. 2016","IEEE","IEEE Conferences"
"Evolution of oxide semiconductors for novel functional device applications","S. Fujita","Photonics and Electronics Science and Engineering Center, Kyoto University, Kyoto, Japan",2016 IEEE 16th International Conference on Nanotechnology (IEEE-NANO),"24 Nov 2016","2016","","","714","717","Ultra-wide bandgap (>3.4 eV) oxide semiconductors can offer opportunity for opening application fields for sustainable development of the community. In the presentation, recent evolution of wide bandgap semiconductors based on α-Al2O3, α-Ga2O3, α-In2O3, and rocksalt MgZnO will be reviewed.","","978-1-5090-1493-4","10.1109/NANO.2016.7751574","","https://ieeexplore.ieee.org/stamp/stamp.jsp?arnumber=7751574","","Photonic band gap;Metals;Substrates;Buffer layers;Chemical vapor deposition;Lattices;Green products","","1","","16","IEEE","24 Nov 2016","22-25 Aug. 2016","22-25 Aug. 2016","IEEE","IEEE Conferences"
"Disposable wireless bio-sensor for daily health examination system","T. Tsukamoto; Y. Zhu; S. Tanaka","Tohoku Daigaku, Sendai, Miyagi, JP; Tohoku Daigaku, Sendai, Miyagi, JP; Tohoku Daigaku, Sendai, Miyagi, JP",2016 IEEE 16th International Conference on Nanotechnology (IEEE-NANO),"24 Nov 2016","2016","","","915","916","This paper reports an on-chip micro battery and a micro electrochromic display, both are key components of a disposable wireless bio-sensor. The on-chip micro battery had a simple structure and it could generate open circuit voltage and power density as high as 1.6 V and 78 µW/mm2, respectively. The micro electrochromic display made of micro patterned polyaniline could be made on an imitation of CMOS chip, and the color control of each pixel was successfully demonstrated.","","978-1-5090-1493-4","10.1109/NANO.2016.7751575","","https://ieeexplore.ieee.org/stamp/stamp.jsp?arnumber=7751575","","Batteries;System-on-chip;Wireless sensor networks;Wireless communication;Image color analysis;Magnetic fields;Density measurement","","1","","","IEEE","24 Nov 2016","22-25 Aug. 2016","22-25 Aug. 2016","IEEE","IEEE Conferences"
"InGaAs/GaAsP quantum wells and wires for high-efficiency photovoltaic applications","M. Sugiyama; H. Cho; T. Kasidit; H. Sodabanlu; K. Watanabe; Y. Nakano","Tokyo Daigaku, Bunkyo-ku, Tokyo, JP; Tokyo Daigaku, Bunkyo-ku, Tokyo, JP; Tokyo Daigaku, Bunkyo-ku, Tokyo, JP; Tokyo Daigaku, Bunkyo-ku, Tokyo, JP; Tokyo Daigaku, Bunkyo-ku, Tokyo, JP; Tokyo Daigaku, Bunkyo-ku, Tokyo, JP",2016 IEEE 16th International Conference on Nanotechnology (IEEE-NANO),"24 Nov 2016","2016","","","519","520","Layer undulation of InGaAs/GaAs/GaAsP strain-balanced quantum well superlattice forms InGaAs nanowires along the bunching steps on a vicinal substrate embedded in the GaAs/GaAsP matrix. When it is used as an absorber in a GaAs single-junction cell, it assists carrier escape from narrow-gap InGaAs and extends photoluminescence lifetime as compared with a planar superlattice. Such a wire structure can be superior to existing quantum wells as a band-gap adjuster of a middle cell for improved current matching and efficiency.","","978-1-5090-1493-4","10.1109/NANO.2016.7751576","","https://ieeexplore.ieee.org/stamp/stamp.jsp?arnumber=7751576","","Wires;Indium gallium arsenide;Substrates;Superlattices;Gallium arsenide;Nanowires;Photonic band gap","","","","","IEEE","24 Nov 2016","22-25 Aug. 2016","22-25 Aug. 2016","IEEE","IEEE Conferences"
"Multifunctional metal oxides and 2D materials utilizing carbon nanotubes as a base template for clean energy and other applications","T. A. J. Loh; Y. Hu; K. C. Pham; Z. Tan; D. H. C. Chua","National University of Singapore, Singapore, SG; National University of Singapore, Singapore, SG; National University of Singapore, Singapore, SG; National University of Singapore, Singapore, SG; National University of Singapore, Singapore, SG",2016 IEEE 16th International Conference on Nanotechnology (IEEE-NANO),"24 Nov 2016","2016","","","899","900","Metal oxides have been shown to have wide ranging material, physical and chemical properties while 2D materials has it unique two-dimensional planar structure and in this review, we show that a hybrid composite utilizing carbon nanotubes are used as a base template, forming a hybrid core-shell type of nanostructure, effectively enhances and extends the range of applications. There are two unique properties of carbon nanotubes which the first is its versatility in structural tubular forms and second, the possibility in enhancing the properties of carbon nanotubes itself. Several applications will also be reviewed here.","","978-1-5090-1493-4","10.1109/NANO.2016.7751577","","https://ieeexplore.ieee.org/stamp/stamp.jsp?arnumber=7751577","","Carbon nanotubes;Two dimensional displays;Chemicals;Nanomaterials;Zinc oxide;II-VI semiconductor materials","","3","","","IEEE","24 Nov 2016","22-25 Aug. 2016","22-25 Aug. 2016","IEEE","IEEE Conferences"
"Flexible energy storage devices based on nanomaterials","D. Ozgit; P. Hiralal; G. A. J. Amaratunga","Zinergy UK Ltd; Zinergy UK Ltd; Electrical Engineering Division, University of Cambridge, UK",2016 IEEE 16th International Conference on Nanotechnology (IEEE-NANO),"24 Nov 2016","2016","","","1","5","Flexible electronics in mobile environments such as those encountered in wearable devices also require energy sources. Ideally the energy source, typically batteries and supercapacitors, should also be flexible and have the same form factor as the electronic system. This has given rise to a new paradigm of flexible energy storage devices. The requirement for flexibility imposes limits on thickness of the component parts of a battery or supercapacitor. As a result the current collectors, electrode layers and the electrolytes all have to be thin enough and not crack or disintegrate under repeated cycles of flexing to the specified minimum arc diameter, typically 1 - 5 cm. In order to achieve sufficient reaction surface/volume in thin film form to have the required energy/power capacity nanomaterial formulations of the electrode become essential. The electrolyte requirements for a flexible energy storage device are particularly challenging. Hermetic sealing of a liquid electrolyte in a flexible package is never ideal. This leads to loss of electrolyte and performance over unacceptable short times. Solid electrolytes are therefore preferred, but they have higher resistance than their liquid counterparts and lead to a loss in performance. Recent developments in flexible batteries. Flexible primary and secondary batteries based on aqueous electrolytes being researched by the authors are introduced. Nanomaterial enhanced solid electrolytes for flexible Zn-MnO2 batteries are also introduced.","","978-1-5090-1493-4","10.1109/NANO.2016.7751578","","https://ieeexplore.ieee.org/stamp/stamp.jsp?arnumber=7751578","","Zinc;Electrodes;Batteries;Discharges (electric);Silver;Nanoparticles;Surface morphology","","6","","15","IEEE","24 Nov 2016","22-25 Aug. 2016","22-25 Aug. 2016","IEEE","IEEE Conferences"
