"Document Title",Authors,"Author Affiliations","Publication Title",Date Added To Xplore,"Publication Year","Volume","Issue","Start Page","End Page","Abstract","ISSN",ISBNs,"DOI",Funding Information,PDF Link,"Author Keywords","IEEE Terms","Mesh_Terms",Article Citation Count,Patent Citation Count,"Reference Count","License",Online Date,Issue Date,"Meeting Date","Publisher",Document Identifier
"Front Cover","",,IEEE Transactions on Nanotechnology,"6 Jan 2023","2022","21","","C1","C1","Presents the front cover for this issue of the publication.","1941-0085","","10.1109/TNANO.2022.3166099","","https://ieeexplore.ieee.org/stamp/stamp.jsp?arnumber=10008992","","","","","","0","IEEE","6 Jan 2023","2022","","IEEE","IEEE Journals"
"IEEE Transactions on Nanotechnology Publication Information","",,IEEE Transactions on Nanotechnology,"9 May 2022","2022","21","","C2","C2","Presents a listing of the editorial board, board of governors, current staff, committee members, and/or society editors for this issue of the publication.","1941-0085","","10.1109/TNANO.2022.3166097","","https://ieeexplore.ieee.org/stamp/stamp.jsp?arnumber=9770859","","","","","","0","IEEE","9 May 2022","2022","","IEEE","IEEE Journals"
"Table of Contents","",,IEEE Transactions on Nanotechnology,"6 Jan 2023","2022","21","","i","v","Presents the table of contents for this issue of the publication.","1941-0085","","10.1109/TNANO.2022.3166095","","https://ieeexplore.ieee.org/stamp/stamp.jsp?arnumber=10008993","","","","","","0","IEEE","6 Jan 2023","2022","","IEEE","IEEE Journals"
"Modified Polyethylene Glycol Encapsulated Iron Oxide Nanoparticles for Accelerated Wound Healing Application","A. Thomas; S. A. Sankaranarayanan; A. K. Rengan","Department of Biomedical Engineering, Indian Institute of Technology, Hyderabad, Telangana, India; Department of Biomedical Engineering, Indian Institute of Technology, Hyderabad, Telangana, India; Department of Biomedical Engineering, Indian Institute of Technology, Hyderabad, Telangana, India",IEEE Transactions on Nanotechnology,"14 Jan 2022","2022","21","","1","5","One of the key factors required in tissue engineering/ regeneration is to create a dynamic platform to increase the interaction of cells in response to various stimuli. In this context, facile synthesis of modified polyethylene glycol (FL PEG) encapsulated Iron Oxide nanoparticles [PoeM (Fe) NPs] is reported for its wound healing application in presence of an external magnetic field. Iron Oxide nanoparticles (8 ± 2nm) are synthesized and coated with FL PEG resulting in the formation of PoeM (Fe) NPs. The synthesized nanoparticles are characterized for their UV-Vis absorbance, DLS and TEM. These PoeM (Fe) NPs show excellent biocompatibility and enhanced wound healing activity in L929 fibroblasts when compared with control groups. This study could pave the way for the development of novel biomimetic nanosystems for wound healing applications.","1941-0085","","10.1109/TNANO.2021.3138260","Ministry of Education, India; MoE; Department of Science & Technology; Department of Biotechnology; Ministry of Human Resources & Development(MHRD), Government of India(grant numbers:DST/INSPIRE/04/2015/000377,BT/09/IYBA/2015/14); DBT-NNT(grant numbers:BT/NNT/28/1386/2017); DST-AMT(grant numbers:DST/TDT/AMT/2017/227); MHRD IMPRINT(grant numbers:4291); Vasudha Foundation, Hyderabad; ","https://ieeexplore.ieee.org/stamp/stamp.jsp?arnumber=9663032","PoeM (Fe) NPs;modified PEG;wound healing;magnetic field;L929 Fibroblasts cells","Nanoparticles;Polyethylene;Fibroblasts;Iron;Magnetic fields","","5","","34","IEEE","24 Dec 2021","2022","","IEEE","IEEE Journals"
"Triangular Shape Hybrid Metal-Insulator-Metal Plasmonic Waveguide for Low Propagation Loss at Deep Subwavelength","S. Kumar; P. Kumar; R. Ranjan","Department of Electrical Engineering, IIT Indore, M.P., India; Department of Electronic and Communication Engineering, NIT Patna, Bihar, India; Department of Electronic and Communication Engineering, NIT Patna, Bihar, India",IEEE Transactions on Nanotechnology,"14 Jan 2022","2022","21","","6","15","The triangular shape based hybrid metal-insulator-metal plasmonic waveguide, to achieve the low propagation loss at deep-subwavelength, has been proposed, and analyzed for the optical properties of the fundamental mode, such as normalized effective mode area, propagation length, etc., at $1550{\rm{\ nm}}$ of working wavelength. Due to the triangular type of high-index regions, the light is primarily confined at its tip-points, i.e., within the low-index materials. This type of waveguide structure can essentially provide the remarkably low propagation loss at deep subwavelength. The optical performance of fundamental hybrid mode is analyzed, by altering the waveguide dimensions, including the angle of triangular-shape high-index layer. Further, the investigation of mode character helps to understand the mode behavior of the proposed waveguide. The simulation results have established that the propagation length of fundamental hybrid mode of the presented waveguide can be achieved as ∼ 279.7 μm, with the normalized effective mode area of $\sim \ 0.4842$, at $w= 200\ nm$, ${h_{si}} = \ 300\ nm$, ${h_g} = \ 10\ nm$, and ${h_m} = \ 100\ nm$; however, with other waveguide dimensions, ${L_p}$ has been achieved as, $ > 700\ \mu m.$ Further, the analysis on coupling length $( {{L_c}} ),$ between the two nearby and similar type of the proposed waveguides, have been accomplished, and ${L_c} > 2500\ \mu m$ has been attained for the waveguide separation, and width respectively of $800\ nm$, and $200\ nm$. Moreover, the phases of fabrication process, along with the tolerance issues in fabricating the tip-points of high-index regions, have been discussed for the proposed waveguide structure. The waveguide structure proposed in this work can be fundamentally effective for the proposal of various nano-photonic components, such as power splitter, directional coupler, etc.","1941-0085","","10.1109/TNANO.2021.3130796","","https://ieeexplore.ieee.org/stamp/stamp.jsp?arnumber=9627570","Coupling length;hybrid plasmonic waveguide;mode character;photonic integration circuits;propagation length;surface plasmon polaritons","Optical waveguides;Plasmons;Metals;Electromagnetic waveguides;Silicon;Shape;Indexes","","14","","38","IEEE","25 Nov 2021","2022","","IEEE","IEEE Journals"
"Error-Tolerant Data Sketches Using Approximate Nanoscale Memories and Voltage Scaling","P. Reviriego; P. Junsangsri; S. Liu; F. Lombardi","Universidad Carlos III de Madrid, Madrid, Spain; Department of Electrical and Computer Engineering, Wentworth Institute of Technology, Boston, MA, USA; Department of ECE, Northeastern University, Boston, MA, USA; Department of ECE, Northeastern University, Boston, MA, USA",IEEE Transactions on Nanotechnology,"14 Jan 2022","2022","21","","16","22","Data sketches (or summaries) are widely used to efficiently process large data sets and obtain relevant information, such as the number of distinct elements, their frequency or the similarity of several sets. Since sketches provide probabilistic estimates (hence accomplishing considerable reductions in storage and computational requirements), it seems that approximate hardware is appropriate for implementation providing an estimate rather than the exact value and enabling further improvements in metrics. In this paper, the use of voltage scaling in an approximate nanoscale FinFET-based memory for implementing sketches is studied and evaluated. To mitigate the errors introduced by the approximate memory, techniques to protect several widely used sketches when implemented in such voltage-scaled FinFET memory, are proposed. The proposed schemes preserve the sketches functionality with a negligible impact on the accuracy of their estimates and tolerate large bit error rates for sketches such as Minhash and HyperLogLog. The analysis and simulation results show that the intrinsic error tolerance of data sketches can be exploited to provide accurate estimates even when the memory suffers many errors due to the voltage scaling of the supply. Voltage scaling enables large power savings for Minhash and HyperLogLog. These initial results suggest that the use of approximate computing for data sketches is an interesting area for further research.","1941-0085","","10.1109/TNANO.2021.3139394","NSF(grant numbers:CCF-1953961,1812467); ACHILLES Project(grant numbers:PID2019-104207RB-I00); Go2Edge Network(grant numbers:RED2018-102585-T); Spanish Agencia Estatal de Investigaci&#x00F3;n(grant numbers:10.13039/501100011033); Madrid Community Research Project TAPIR-CM(grant numbers:P2018/TCS-4496); ","https://ieeexplore.ieee.org/stamp/stamp.jsp?arnumber=9667240","Data sketches;approximate computing;error tolerance;memories","Random access memory;FinFETs;Bit error rate;Probabilistic logic;Power dissipation;Approximate computing;Transistors","","9","","26","IEEE","31 Dec 2021","2022","","IEEE","IEEE Journals"
"Preparation of Nanofibrous Membrane With rGO/TiO2 Photocatalyst and Its Application in Organic Degradation","Y. -H. Nien; J. -L. Liao; Z. -J. Syu","Graduate School of Chemical and Materials Engineering, National Yunlin University of Science and Technology, Douliou, Taiwan; Graduate School of Chemical and Materials Engineering, National Yunlin University of Science and Technology, Douliou, Taiwan; Graduate School of Chemical and Materials Engineering, National Yunlin University of Science and Technology, Douliou, Taiwan",IEEE Transactions on Nanotechnology,"14 Jan 2022","2022","21","","23","28","In this study, rGO, AgNO3, and Y-type zeolite is successfully added to TiO2 by sol-gel method, and one-dimensional nanofibers are prepared by electrospinning. The properties of the photocatalyst are analyzed by SEM and XRD. The results prove that nanofibers are successfully prepared, and rGO, AgNO3 and Y-type zeolite is all added to the composite materials we prepared. The photocatalyst nanofibers of each component are subjected to degradation tests under visible light. The results show that the photodegradation efficiency of the composite material with 0.3 g Y-type zeolite, 0.5 g AgNO3 and 2mL rGO solution can reach 79%.","1941-0085","","10.1109/TNANO.2021.3139938","Ministry of Science and Technology, Taiwan, China(grant numbers:MOST 110-2221-E-224-021); ","https://ieeexplore.ieee.org/stamp/stamp.jsp?arnumber=9669100","Electrospinning;nanofiber;photodegradation;titanium dioxide (TiO2);reduced graphene oxide (rGO);Y-type zeolite","Photocatalysts;Chemicals;Water pollution;Wastewater;Adsorption;Textiles;Nanobioscience","","4","","16","IEEE","4 Jan 2022","2022","","IEEE","IEEE Journals"
"Fabrication of High-Aspect-Ratio Nanopores in Polymer Membranes: Analysis of Artifacts by Non-Destructive Testing","J. -A. Berkenbrock; M. Mail; G. Wells; T. Scherer; S. Achenbach","Electrical and Computer Engineering Department, University of Saskatchewan, Saskatoon, SK, Canada; Karlsruhe Nano Micro Facility (KNMF) and the Institute of Nanotechnology (INT), Karlsruhe Institute of Technology (KIT), Hermann-von-Helmholtz-Platz 1, Eggenstein-Leopoldshafen, Germany; Synchrotron Laboratory for Micro and Nano Devices (SyLMAND), Canadian Light Source, Saskatoon, SK, Canada; Karlsruhe Nano Micro Facility (KNMF) and the Institute of Nanotechnology (INT), Karlsruhe Institute of Technology (KIT), Hermann-von-Helmholtz-Platz 1, Eggenstein-Leopoldshafen, Germany; Electrical and Computer Engineering Department, University of Saskatchewan, Saskatoon, SK, Canada",IEEE Transactions on Nanotechnology,"14 Jan 2022","2022","21","","29","35","Microfluidics is a technology field growing at a high pace which has extended into major areas such as health and agriculture sciences. In these fields, microfluidic devices are employed for analyzing biological samples. Biological structures of interest such as proteins, bacteria, and viruses can be identified with microfluidic detectors. Resistive pulse sensors (RPS) have been long employed for detecting and counting cells. The electric current through a pore is monitored in this method while the target element causes partial and non-permanent obstruction of the pore. Recently, the fabrication of resistive pulse sensors with nanopores (nano-RPS) has been leveraged by advances in micro- and nanofabrication techniques. In this work, a tridimensional numerical model of a nano-RPS is presented. The model validation led to errors lower than 1% highlighting a shift in pore diameter throughout the fabrication steps. The simulated pattern of electric current during translocation events was also found to be in good agreement with experimental data. Moreover, some fabrication defects were examined. The combination of open-pore current and translocation pattern was suggested to be used for assessing parameters such as the diameter and wall smoothness linked to the quality of fabrication processes.","1941-0085","","10.1109/TNANO.2021.3138751","College of Engineering, University of Saskatchewan; Natural Sciences and Engineering Research Council of Canada; Russell “Russ” William Haid Memorial Award; ","https://ieeexplore.ieee.org/stamp/stamp.jsp?arnumber=9664382","Biomedical microelectromechanical systems;microfabrication;nanofluidics;nanofabrication;finite element analysis;numerical analysis","Current;Mathematical models;Voltage;Fabrication;Computational modeling;Nanoscale devices;Data models","","","","53","IEEE","28 Dec 2021","2022","","IEEE","IEEE Journals"
"True Fractional Dimensional Nature of Semiconductor Nanostructures: Removing the Anomaly in the Estimation of Quantum Mechanical Properties","V. Pendem; S. Ganguly; D. Saha","Department of Electrical Engineering, Applied Quantum Mechanics Laboratory, Indian Institute of Technology Bombay, Mumbai, Maharashtra, India; Department of Electrical Engineering, Applied Quantum Mechanics Laboratory, Indian Institute of Technology Bombay, Mumbai, Maharashtra, India; Department of Electrical Engineering, Applied Quantum Mechanics Laboratory, Indian Institute of Technology Bombay, Mumbai, Maharashtra, India",IEEE Transactions on Nanotechnology,"20 Jan 2022","2022","21","","36","42","Here, we have investigated the fractional dimensional nature of the experimental semiconductor quantum mechanical systems to understand the effect on the accurate prediction of electronic and optoelectronic properties. The formalism presented in this paper, to estimate the actual dimensionality of the system, lifts the anomaly of using the conventional integer density of states (DOS), although the carrier confinement isn't infinite. The effective bound state widths estimated by considering the carrier wavefunction leakage is the basis of this formalism. We have experimentally verified the formalism in AlGaN/GaN high electron mobility transistors (HEMTs). The dimensionality varies over a wide range from 3 to 2.38, as the gate bias sweeps the channel from depletion to strong inversion. However, the manifestation of fractional dimension on Capacitance-Voltage characteristics is insignificant for planar HEMTs. The effect becomes noticeable with the increasing confining dimensions of the heterostructure, which is experimentally verified in AlGaN/GaN nanofins. The effect is manifested as a shift in the threshold voltage and the rate of conduction-band state filling. This efficient and accurate formalism can estimate the dimension of any quantum mechanical system, thereby enhancing the accuracy of the models.","1941-0085","","10.1109/TNANO.2021.3140185","Department of Science and Technology, India(grant numbers:EMR/2017/001094,EMR/2017/003223); Visvesvaraya Ph.D. Scheme of the Ministry of Electronics & Information Technology, Government of India; Digital India Corporation; ","https://ieeexplore.ieee.org/stamp/stamp.jsp?arnumber=9669160","AlGaN/GaN;density of states;finite barrier;fractional dimension;semiconductor nanostructures;wavefunction leaking","Quantum mechanics;MODFETs;HEMTs;Wide band gap semiconductors;Aluminum gallium nitride;Estimation;Three-dimensional displays","","2","","28","IEEE","4 Jan 2022","2022","","IEEE","IEEE Journals"
"Edge Engineered Graphene Nanoribbons as Nanoscale Interconnect: DFT Analysis","S. Agrawal; A. Srivastava; G. Kaushal; A. Srivastava","Advanced Nanomaterials Research Group (AMRG),, Gwalior, India; Advanced Nanomaterials Research Group (AMRG),, Gwalior, India; VLSI Design Laboratory ABV-Indian Institute of Information Technology, Management at Gwalior, Gwalior, India; Division of Electrical and Computer Engineering, Louisiana State University, Baton Rouge, LA, USA",IEEE Transactions on Nanotechnology,"24 Jan 2022","2022","21","","43","51","Density functional theory (DFT) with non-equilibrium Green's function (NEGF) formalism and HSPICE simulator have been used to analyse the effect of elemental oxygen atom passivation on the structural, electronic and transport properties of Graphene Nanoribbons (GNRs). The analysis of delay, power dissipation, crosstalk effect, stability and frequency analysis has also been performed to understand its interconnect application. The present study includes all the possible morphologies of zigzag and armchair edge states of GNRs with oxygen and hydrogen passivation. The structural stability of GNRs, analysed in terms of binding energy $(E_{binding})$ observed that the Zigzag graphene nanoribbon (ZGNR) with both edge oxygen passivated, is the most stable configuration, where stability of the configuration increases with Oxygen concentration. Further, frotextm the bandstructure and density-of-states calculations, it has been observed that considered 6 atom wide and hydrogen passivated Armchair GNR (AGNR) is semiconducting in nature, whereas, with same width hydrogen passivated ZGNR is metallic. On the other hand, passivation of AGNR with increasing concentration of oxygen form them to metallic in nature. Based on the enhanced metallicity and increment in fermi velocity due to passivation of GNRs with oxygen, these structures may be a potential candidate for interconnects. Their computed electron transport properties, dynamical parameters, delay, power delay product and crosstalk induced delay confirms that the zigzag GNR with both the edges passivated with oxygen (O-ZGNR-O) can be considered as best contender for interconnect application due to its remarkable electrical and thermal transport in comparison to other GNR's. The O-ZGNR-O shows lowest value of kinetic inductance and quantum capacitance of. 01032H/m and 2.21 nF/m respectively with higher stability and higher immunity to crosstalk effect in comparison to other proposed GNRs, which is required for nanoscale interconnects. The relative stability of GNRs have been analyzed in terms of nyquist plot with different interconnect lengths. The results suggest that O-ZGNR-O have lowest delay and power dissipation with higher stability, hence defends its application for interconnect application.","1941-0085","","10.1109/TNANO.2021.3140041","","https://ieeexplore.ieee.org/stamp/stamp.jsp?arnumber=9669132","Graphene nanoribbon;interconnects;dynamical parameters;current-voltage (I-V);density functional theory (DFT);thermal conductance","Graphene;Nanoribbons;Nanoscale devices;Delays;Thermal stability;Passivation;Thermal conductivity","","20","","42","IEEE","4 Jan 2022","2022","","IEEE","IEEE Journals"
"Multi-Molecule Field-Coupled Nanocomputing for the Implementation of a Neuron","G. Beretta; Y. Ardesi; M. Graziano; G. Piccinini","Department of Electronics and Telecommunications, Politecnico di Torino, Turin, Italy; Department of Electronics and Telecommunications, Politecnico di Torino, Turin, Italy; Department of Applied Science and Technology, Politecnico di Torino, Turin, Italy; Department of Electronics and Telecommunications, Politecnico di Torino, Turin, Italy",IEEE Transactions on Nanotechnology,"28 Jan 2022","2022","21","","52","59","In recent years, several alternatives have been proposed to face CMOS scaling problems. Among these, molecular Field-Coupled Nanocomputing is a paradigm that encodes information in the spatial charges distribution and promises to consume a minimal amount of power. In this technology, circuits have always been designed using the same molecule type, and logic functions are obtained through specific layouts. This work demonstrates that multi-molecule circuits, which use different kinds of molecules in the same layout, enhance the circuit features and set up a new way to conceive molecular Field-Coupled Nanocomputing. In particular, by inserting different molecules with specific characteristics into appropriate layout positions, it is possible to obtain an artificial neuron behavior using the Majority Voter layout.","1941-0085","","10.1109/TNANO.2022.3143720","","https://ieeexplore.ieee.org/stamp/stamp.jsp?arnumber=9684730","Molecular field-coupled nanocomputing;artificial neuron;multi-molecule circuits;modeling","Neurons;Logic gates;Layout;Integrated circuit modeling;Nanobioscience;Voltage;Electrostatics","","7","","27","IEEE","18 Jan 2022","2022","","IEEE","IEEE Journals"
"Highly Porous Carbon From Azadirachta Indica Leaves and Uio-66 Derived Metal Oxide for Asymmetrical Supercapacitors","S. Sundriyal; V. Shrivastav; P. Dubey; M. Singh; A. Deep; S. R. Dhakate","CSIR-National Physical Laboratory, New Delhi, India; CSIR-Central Scientific Instruments Organization, Chandigarh, India; CSIR-National Physical Laboratory, New Delhi, India; CSIR-National Physical Laboratory, New Delhi, India; CSIR-Central Scientific Instruments Organization, Chandigarh, India; CSIR-National Physical Laboratory, New Delhi, India",IEEE Transactions on Nanotechnology,"4 Feb 2022","2022","21","","60","65","Bio-wastes are a great source of carbon possessing good electrical conductivity and high specific surface area for non-faradic charge adsorption. Unlike, metal oxides provide faradic type charge storage due to their high redox activity. Herein, we have utilized the neem leaves (Azadirachta Indica) derived activated carbon (NDAC) and UiO-66 (Zr-based metal-organic framework) derived zirconium oxide ZrO2 (ZO) based electrodes for hybrid supercapacitors. In a three-electrode system, the NDAC as a negative electrode shows a high specific capacitance of 262 F/g at 1A/g using 1M Na2SO4 electrolyte. Besides, ZO as a positive electrode material delivered a high specific capacitance of 337 F/g at a current density of 0.25 A/g using the same electrolyte. Furthermore, an asymmetrical supercapacitor is assembled using charged balanced NDAC and ZO electrodes using 1M Na2SO4 electrolyte. The NDAC//ZO based asymmetrical device delivers a maximum energy density of 49.2 Wh/kg at a high-power density of 540 W/kg along with a long cycle life of ∼78% (after 5000 cycles). These results give new directions for the application of low-cost bio-wastes and MOF-derived metal oxides for next-generation high-energy-density hybrid supercapacitors.","1941-0085","","10.1109/TNANO.2022.3144367","Council for Scientific and Industrial Research, South Africa; Nehru Science Post-Doctoral Fellowship; ","https://ieeexplore.ieee.org/stamp/stamp.jsp?arnumber=9689688","Biomass;waste paper;AC;symmetrical supercapacitor;energy density","Carbon;Supercapacitors;Electrodes;Electrolytes;Metals;X-ray scattering;Capacitance","","11","","28","IEEE","21 Jan 2022","2022","","IEEE","IEEE Journals"
"Lead-Free Ultra-Wide Direct Bandgap Perovskite EACaI3","C. S. Tan","Institute of Electronics, National Yang Ming Chiao Tung University, Hsinchu, Taiwan",IEEE Transactions on Nanotechnology,"18 Feb 2022","2022","21","","66","70","Recently, perovskite-based light-emitting devices (LEDs) have been invested with near-infrared, red, green, and blue emissions. And, short-wavelength perovskite LEDs targeted at violet emission remain a significant challenge. Moreover, the majority of previously reported devices were focused on the lead-containing halide perovskites. In this research, for the first time, EACaI3 (270 nm) was proposed as ultraviolet-C potential lead-free perovskite material with direct ultra-wide bandgap property with 0.03% imaginary part of phonon density of state. The perovskite EACaI3 has dynamic stability and could be used for devices demonstrated with excellent working stability. These results suggest that the lead-free EACaI3 are potentially attractive candidates for preparing environment-friendly and stable ultra-wide band gap device.","1941-0085","","10.1109/TNANO.2022.3146007","Ministry of Science and Technology, Taiwan(grant numbers:MOST 110-2636-E-009-020); ","https://ieeexplore.ieee.org/stamp/stamp.jsp?arnumber=9694617","Perovskite;lead-free;ultraviolet-C;ultra-wide band gap device","Phonons;Perovskites;Photonic band gap;Lead;Thermal stability;Stability criteria;Crystals","","9","","42","IEEE","27 Jan 2022","2022","","IEEE","IEEE Journals"
"Second Harmonic Generation Exploiting Ultra-Stable Resistive Switching Devices for Secure Hardware Systems","Z. Chen; N. Du; M. Kiani; X. Zhao; I. Skorupa; S. E. Schulz; D. Bürger; M. D. Ventra; I. Polian; H. Schmidt","Department Nano Device Technology, Fraunhofer-Institut for Elektronische Nanosysteme ENAS, Chemnitz, Sachsen, Germany; Department Nano Device Technology, Fraunhofer-Institut for Elektronische Nanosysteme ENAS, Chemnitz, Sachsen, Germany; Department Nano Device Technology, Fraunhofer-Institut for Elektronische Nanosysteme ENAS, Chemnitz, Sachsen, Germany; Department Nano Device Technology, Fraunhofer-Institut for Elektronische Nanosysteme ENAS, Chemnitz, Sachsen, Germany; Institute of Ion Beam Physics and Materials Research, Helmholtz-Zentrum Dresden-Rossendorf, Dresden, Sachsen, Germany; Department Nano Device Technology, Fraunhofer-Institut for Elektronische Nanosysteme ENAS, Chemnitz, Sachsen, Germany; Department Nano Device Technology, Fraunhofer-Institut for Elektronische Nanosysteme ENAS, Chemnitz, Sachsen, Germany; Department of Physics, University of California San Diego, La Jolla, CA, USA; Institute of Computer Engineering and Computer Architecture, University of Stuttgart, Stuttgart, Baden-Württemberg, Germany; Department of Quantum Detection, Leibniz Institute of Photonic Technology, Jena, Thüringen, Germany",IEEE Transactions on Nanotechnology,"18 Feb 2022","2022","21","","71","80","In the era of Big Data and Internet of Things (IoT), information security has emerged as an essential system and application metric. The information exchange among the ubiquitously connected smart electronic devices requires functioning reliably in harsh environments, which highlights the need for securing the hardware root of trust. In this work, by leveraging the uniform nonlinear resistive switching of emerging electroforming-free analog memristive device based on $\mathbf {BiFeO}_3$ (BFO) thin film, the security-oriented hardware primitive (SoHP) system is developed and optimized with high-security level. The SoHP system utilizes the distinguishable power conversion efficiency generated at second and higher harmonics in low resistance state (memristor with diodelike behavior) and high resistance state (memristor with high resistive behavior) of memristive devices. By exploring the significant influence of writing bias and operational frequency in sourcing input voltage on the dynamic switching behavior of memristive device, the novel 2-memristor encoding scheme and 1-memristor decoding scheme are developed for SoHP system, which realizes a frequency enhancement of 4000 times in comparison to 1-memristor encoding scheme and 2-memristor decoding scheme. The encoded data bits that generated from physically implemented SoHP system pass diverse statistical test suites (i.e. ENT, BSI, and NIST SP-800.22 statistical test suites), which indicates the high randomness distribution of the encoded data and the high-security level of the proposed memristive encoding system.","1941-0085","","10.1109/TNANO.2021.3135713","Deutsche Forschungsgemeinschaft(grant numbers:DFG439827659); Fraunhofer Internal Programs(grant numbers:600768); ","https://ieeexplore.ieee.org/stamp/stamp.jsp?arnumber=9652069","Ultra-stable resistive switching;second harmonic generation;hardware security;power conversion efficiency","Switches;Memristors;Voltage;Harmonic analysis;Electrodes;Hardware;Writing","","7","","38","CCBY","15 Dec 2021","2022","","IEEE","IEEE Journals"
"Design of Majority Logic-Based Approximate Booth Multipliers for Error-Tolerant Applications","T. Zhang; H. Jiang; H. Mo; W. Liu; F. Lombardi; L. Liu; J. Han","Department of Electrical and Computer Engineering, University of Alberta, Edmonton, AB, Canada; Department of Micro-Nano Electronic, Shanghai Jiao Tong University, Shanghai, China; School of Integrated Circuits, Tsinghua University, Beijing, China; College of Electronic and Information Engineering, Nanjing University of Aeronautics and Astronautics, Nanjing, China; Department of Electrical and Computer Engineering, Northeastern University, Boston, MA, USA; School of Integrated Circuits, Tsinghua University, Beijing, China; Department of Electrical and Computer Engineering, University of Alberta, Edmonton, AB, Canada",IEEE Transactions on Nanotechnology,"18 Feb 2022","2022","21","","81","89","Approximate computing at the nanoscale provides sufficiently accurate and often adaptive results to improve hardware efficiency for error-tolerant applications. Differently from conventional Boolean logic-based designs, many emerging nanotechnologies extensively assemble circuits using the voter-based majority logic (ML). In this letter, we investigate designs of approximate radix-4 Booth multipliers based on ML. Initially, we propose two new radix-4 Booth partial product (PP) generation methods by exploiting the characteristics of ML. Based on these methods, approximate PP generators are designed to produce single-sided or double-sided errors. The PPs are then reduced by using the features of errors to construct approximate multipliers. Specifically, complementary strategies guided by an analysis of error effects are developed to compensate for the accuracy loss and to reduce the hardware overhead during the PP reduction. The reduced PPs are then compressed by using full adders. Four approximate multipliers are proposed to offer various accuracy requirements for different applications. These designs show superior performance in power and area for emerging nanotechnologies. As case studies, image processing, a multiple-layer perceptron and a multi-task convolutional neural network are presented to show the validity and advantages of the proposed designs.","1941-0085","","10.1109/TNANO.2022.3145362","NSF(grant numbers:CCF-1953961,1812467); China Scholarship Council; National Natural Science Foundation of China(grant numbers:62104127); Natural Sciences and Engineering Research Council of Canada(grant numbers:RES0048688); National Natural Science Foundation of China(grant numbers:62022041); ","https://ieeexplore.ieee.org/stamp/stamp.jsp?arnumber=9693191","Booth encoding;partial product generator;approximate multiplier;majority logic;nanotechnologies","Logic gates;Hardware;Image coding;Generators;Approximation algorithms;Shape;Nanoscale devices","","40","","19","IEEE","25 Jan 2022","2022","","IEEE","IEEE Journals"
"A Novel Sensitive Photonic Crystal Fiber Based Voltage Sensor Filled With Nematic Liquid Crystal","S. A. Mitu; K. V. Kumar; M. A. Mollah; S. Mishra; K. Ahmed; F. M. Bui; F. A. Al-Zahrani","Department of Information and Communication Technology, Mawlana Bhashani Science and Technology University, Tangail, Bangladesh; Department of Electrical and Electronics Engineering, New Horizon College of Engineering, Bengaluru, Karnataka, India; Department of Electronics and Telecommunication Engineering, Rajshahi University of Engineering and Technology, Rajshahi, Bangladesh; Department of Electronics and Communications Engineering, Netaji Subhas University of Technology, Delhi, New Delhi, India; Department of Electrical and Computer Engineering, University of Saskatchewan, Saskatoon, SK, Canada; Department of Electrical and Computer Engineering, University of Saskatchewan, Saskatoon, SK, Canada; Department of Computer Engineering, Umm Al-Qura University, Mecca, Saudi Arabia",IEEE Transactions on Nanotechnology,"7 Mar 2022","2022","21","","90","99","A novel photonic crystal fiber (PCF) based on highly sensitive voltage sensor is proposed and numerically analyzed where Silicate glass (SF57) is used as the base material. All the air holes of the PCF’s cladding are proposed to be filled with Nematic Liquid Crystal (NLC) (E7) which is sensitive with the applied external voltage. The maximum sensitivity response of 10 $nm/V$ can be reached for the applied voltage range from 300 V to 400 V. Besides that, the values of the birefringence, coupling length, effective mode area and the resolution of $2.34\times 10^{-4}$, 43.12 nm, 337.7 ${\mu } m^2$, and 12 nm are gained for the applied voltage of 360 V. All the investigations are performed under the temperature of 20°C. Moreover, the sensor contains simple structure which is feasible to fabricate. Generally, experiments are performed to verify the outcomes of the simulated model. The liquid filling process is one end of the proposed fiber is put into the NLC and then the other end is kept in the air; through this fusion process, the NLC will flow into the air holes by capillary force. However, the proposed voltage sensor with high sensitivity response and good linearity could be the effectively used in voltage measurement applications within this range.","1941-0085","","10.1109/TNANO.2022.3149511","Deputyship for Research & Innovation; Ministry of education in Saudi Arabia(grant numbers:20-UQU-IF-P2-001); Natural Sciences and Engineering Research Council of Canada; ","https://ieeexplore.ieee.org/stamp/stamp.jsp?arnumber=9707622","High birefringence;high sensitivity response;Nematic Liquid Crystal;non linearity;silicate glass of SF57;voltage sensor","Sensitivity;Optical sensors;Optical polarization;Optical scattering;Mathematical models;Couplings;Optical coupling","","11","","58","IEEE","8 Feb 2022","2022","","IEEE","IEEE Journals"
"Sensitivity Measurement for Bio-TFET Considering Repulsive Steric Effects With Better Accuracy","A. Bhattacharyya; D. De; M. Chanda","Department of ECE, Haldia Institute of Technology, Haldia, West Bengal, India; Department of CSE, Maulana Abul Kalam Azad University of Technology, Kolkata, West Bengal, India; Department of ECE, Meghnad Saha Institute of Technology, Kolkata, West Bengal, India",IEEE Transactions on Nanotechnology,"7 Mar 2022","2022","21","","100","109","Sensitivity analysis of label free Bio-TFET considering repulsive steric effects (RSEs) has been addressed in the paper. Doping-less underlap dielectric modulating tunnel field effect transistor (DU-DM-TFET) is assumed like a reference structure. Initially, the efficacy of doping-less underlap (DU) TFET without cavity has been compared with the reported TFET literatures. Later, the impact on surface potential (ψ), energy band (EB), ON-current (ION), ION/IOFF ratio, sub-threshold swing (SS), and their corresponding sensitivity due to variations of permittivity (k) along with charge density (Nf) of bioanalytes, length of cavity (Lcavity) and cavity thickness (Tcavity) have been addressed in this context. Non-uniform patterns of bioanalytes inside the nanogap cavity regions considering impulsive steric effects make the analysis more practical. Later, an assessment of noise features inside the cavity of DU-DM-TFET based biosensor is explored. Finally, an error assessment table is prepared to evaluate sensitivity errors (SE) in the reported literature using the proposed RSE. A maximum 40% error in effective capacitance has been found if RSE is not considered. So, RSEs need to be considered always during the analysis of label free biosensing.","1941-0085","","10.1109/TNANO.2022.3148922","Maulana Abul Kalam Azad University of Technology, West Bengal, India(grant numbers:TEQIP-III/MAKAUT/WB/2017); ","https://ieeexplore.ieee.org/stamp/stamp.jsp?arnumber=9706281","Repulsive steric effect;charge plasma;dielectric modulated TFET;label free bio-sensing;sensitivity","TFETs;Tunneling;Logic gates;Molecular biophysics;Biosensors;Silicon;Biological system modeling","","29","","49","IEEE","7 Feb 2022","2022","","IEEE","IEEE Journals"
"Dopingless-TFET Leaky-Integrated-Fire (LIF) Neuron For High-Speed Energy Efficient Applications","Priyanka; S. Singh; M. Panchore","Department of Electronics Engineering, Rajkiya Engineering College, Maipuri, U.P., India; Department of Electronics and Communication Engineering, National Institute of Technology Patna, Bihar, India; Department of Electronics and Communication Engineering, National Institute of Technology Patna, Bihar, India",IEEE Transactions on Nanotechnology,"7 Mar 2022","2022","21","","110","117","The silicon based dopingless tunnel field effect transistor (DL-TFET) demonstrates artificial neuromorphic property for leaky-integrate-fire (LIF) neurons characteristics due to impact ionization. Using the calibrated simulations, this research article reports an ultra-high speed and ultra-energy efficient silicon based electrical neuron realization for emulating biological neuron behaviour. The reported DL-TFET exhibits a very low threshold voltage of 0.289 V and minimum energy of 1.5 aJ to fire a spike signal which is very low in comparison to the earlier reported literature. Here, impact ionization is the dominant mechanism for producing spiking behaviour due to induced holes storage in the potential well of DL-TFET. Furthermore, the DL-TFET device working as a LIF neuron reported around 0.6 THz spiking frequency. This work exhibits a significant reduction in energy consumption and overcomes the limitations of analog/digital circuit-based LIF neurons. Hence, DL-TFET based LIF neuron is a potential solution for implementing large-scale spiking neural networks (SNN) because of its compact circuitry and better efficiency.","1941-0085","","10.1109/TNANO.2022.3151241","","https://ieeexplore.ieee.org/stamp/stamp.jsp?arnumber=9714235","Dopingless-tunnel-field-effect-transistor (DL- TFET);leaky-integrated-fire (LIF);band-to-band tunneling (BTBT);spiking neural network (SNN)","Neurons;Logic gates;Tunneling;TFETs;Electric potential;Electrodes;Silicon","","28","","39","IEEE","15 Feb 2022","2022","","IEEE","IEEE Journals"
"Tunable and Miniaturized Microwave Filters Using Carbon Nanotube-Based Variable Capacitors","M. Aldrigo; M. Dragoman; S. Iordanescu; G. Boldeiu; P. Crippa; G. Biagetti; C. Turchetti; L. Pierantoni; D. Mencarelli; S. Xavier; L. Gangloff; A. Ziaei","National Institute for Research and Development in Microtechnologies, IMT-Bucharest, Voluntari, Romania; National Institute for Research and Development in Microtechnologies, IMT-Bucharest, Voluntari, Romania; National Institute for Research and Development in Microtechnologies, IMT-Bucharest, Voluntari, Romania; National Institute for Research and Development in Microtechnologies, IMT-Bucharest, Voluntari, Romania; Università Politecnica delle Marche, Ancona, Italy; Università Politecnica delle Marche, Ancona, Italy; Università Politecnica delle Marche, Ancona, Italy; Università Politecnica delle Marche, Ancona, Italy; Università Politecnica delle Marche, Ancona, Italy; Thales R&T France, Campus Polytechnique, Palaiseau, France; Thales R&T France, Campus Polytechnique, Palaiseau, France; Thales R&T France, Campus Polytechnique, Palaiseau, France",IEEE Transactions on Nanotechnology,"7 Mar 2022","2022","21","","118","130","In this paper, we introduce a novel concept of tunable and miniaturized filtersthat embed, as voltage-controlled elements, state-of-the-art variable capacitors, based on vertically aligned carbon nanotubes (VACNTs). Starting from a theoretical estimation of the voltage-dependent capacitance between two adjacent CNTs, we extended this physics principle to a large matrix of CNTs, suitably placed on the molybdenum electrodes of an interdigitatedcapacitor (IDC), since molybdenum can withstand the high temperature necessary in the plasma process for the growth of the VACNTs. The IDC is the tunable element of a microwave filter, which must fulfill the need for both reconfigurability (being either a low-pass, a high-pass, or a band-pass filter, at discretion) and low-voltage frequency tuning of reflection/transmission coefficients. For all these reasons, a very compact layout made of T-type cells (comprising VACNT-based variable capacitors and distributed inductors) was designed, simulated, fabricated, and tested, targeting the C, X, and Ku bands (4–16 GHz) for wireless and radar applications. Taking as a reference the free-space wavelength λ0 at 10 GHz, the band-pass filter has overall dimensions of just 3.19 mm × 3.47 mm (i.e., 0.11λ0 × 0.12λ0), with the minimum of the reflection coefficient shifting of 1.16 GHz (within the X band) for an applied dc bias voltage of just 4 V and spanning between −24.81 dB and −36.13 dB. Furthermore, the maximum rejection is 31.65 dB, and the 3-dB fractional bandwidth is 12.44%. The proposed filters are the proof that nanomaterials can be profitably integrated into microwave components for next-generation transceivers.","1941-0085","","10.1109/TNANO.2022.3153561","European Project H2020(grant numbers:ICT-07-201); NANOSMART(grant numbers:825430); ","https://ieeexplore.ieee.org/stamp/stamp.jsp?arnumber=9720245","Microwave filters;tunable circuits and devices;carbon nanotubes;nanotechnology;nanoelectromechanical systems","Microwave filters;Band-pass filters;Capacitors;Capacitance;Resonator filters;Mathematical models;Optical fiber filters","","9","","38","IEEE","23 Feb 2022","2022","","IEEE","IEEE Journals"
"Nanophotonics-Enabled High-Efficiency Selective Solar Absorbers for Waste Heat Management","A. K. Chowdhary; V. A. Reddy; D. Sikdar","Department of Electronics and Electrical Engineering, Indian Institute of Technology Guwahati, Guwahati, Assam, India; Department of Electronics and Electrical Engineering, Indian Institute of Technology Guwahati, Guwahati, Assam, India; Department of Electronics and Electrical Engineering, Indian Institute of Technology Guwahati, Guwahati, Assam, India",IEEE Transactions on Nanotechnology,"14 Mar 2022","2022","21","","131","136","Selective solar absorbers (SSAs) harnessing solar energy as heat and converting it into thermal energy have gained much attention, specifically in solar thermoelectric generators and solar thermophotovoltaic systems. However, most of these SSAs suffer from low solar-to-heat conversion efficiency at moderately-high temperatures (100 – 400$^\circ$ C) and require complex nanofabrication techniques such as focused ion beam milling or electron beam lithography, hindering large-scale production. This article presents a large-area compatible and lithography-free design of SSA comprising a nanoscale multilayer stack of silica–titanium dioxide–silicon–germanium–chromium layers supported by a silicon substrate. We report 87% solar-to-thermal energy conversion efficiency with 889.4 $\mathrm{Wm}^{-2}$ net absorbing power at 100$^\circ$ C. At this temperature, the absorption coefficient achieved is 0.90, and the emission coefficient is reported to be 0.04. A perfect match between theoretically and numerically obtained spectral responses validates our findings. The fabrication tolerance study unveils that the proposed SSA design is expected to be robust and would be less susceptible to fabrication imperfections. This angle-insensitive and polarization-independent design offers a high stagnation temperature of 378$^\circ$ C, thus indicating that the proposed SSA can efficiently operate at high temperatures.","1941-0085","","10.1109/TNANO.2022.3148333","","https://ieeexplore.ieee.org/stamp/stamp.jsp?arnumber=9705092","Energy harvesting;multilayer thin film;spectrally selective;solar absorbers;transfer matrix method","Absorption;Nonhomogeneous media;Silicon;Substrates;Solar radiation;Thermal stability;Magnetic multilayers","","7","","46","IEEE","4 Feb 2022","2022","","IEEE","IEEE Journals"
"Dual-Band Reconfigurable Refractive Index Sensing Using All-Graphene Core-Shell Spherical Nanoparticles","S. H. Raad; Z. Atlasbaf","Department of Electrical and Computer Engineering, Tarbiat Modares University, Tehran, Iran; Department of Electrical and Computer Engineering, Tarbiat Modares University, Tehran, Iran",IEEE Transactions on Nanotechnology,"14 Mar 2022","2022","21","","137","142","In this paper, a dual-band refractive index sensor is proposed using hollow graphene-based core-shell spherical particles. The double tunable operating bands originate from the presence of dual graphene shells, providing tunable plasmonic resonances. The sensitivity (S) and figure of merit (FOM) of the proposed device in its operating bands are respectively as follows: S1 = 9.4e+03 nm/RIU, FOM1 = 50.2, S2 = 8.3e+02 nm/RIU, and FOM2 = 1.01e+02. This excellent performance is provided without any metallic/high index dielectric material. To analyze the proposed sensor, the modified Mie-Lorenz coefficients for a graphene-based core-shell spherical particle are introduced in the fully retarded regime and extreme plasmonic hybridization is discussed by observing the Rabi splitting phenomenon in the extinction cross-section. Later, using small argument approximations of the special functions in the Mie expansion, the associated modified Mie-Lorenz coefficients are simplified for ease of performance optimization.","1941-0085","","10.1109/TNANO.2022.3152599","Iran National Science Foundation(grant numbers:98012903); ","https://ieeexplore.ieee.org/stamp/stamp.jsp?arnumber=9716813","Plasmonic hybridization;graphene;core-shell nanoparticles;sensor;modified Mie's theory;quasi-static regime","Graphene;Scattering;Refractive index;Optical scattering;Surface plasmons;Optical variables control;Optical sensors","","2","","41","IEEE","18 Feb 2022","2022","","IEEE","IEEE Journals"
"Au/TiO2 Nanotube/Ti Chemicapacitive Devices: An Approach for Optimal Gas Sensing","N. K. Chowdhury; B. Bhowmik","Thin Film Device Laboratory, Department of Electronics and Communication Engineering, National Institute of Technology, Jamshedpur, Jharkhand, India; Thin Film Device Laboratory, Department of Electronics and Communication Engineering, National Institute of Technology, Jamshedpur, Jharkhand, India",IEEE Transactions on Nanotechnology,"22 Mar 2022","2022","21","","143","150","VOC sensing response of the TiO2 nanotube array in capacitive mode with the effect of temperature modulation and frequency variation is presented in this paper. The optimal response of the TiO2 nanotube towards acetone, 2-butanone, methanol, ethanol, and 2-propanol was obtained by identifying the resonant frequency over the frequency range of 0.05-225 kHz. The shifts in the resonant frequency upon exposure to VOCs with reference to that in air might be a simple strategy for selective detection of the VOCs. Such resonance frequency shifts have been associated with the drastic change in the dielectric (${\varepsilon _r}$) medium under different vapor exposure at the inner and outer pore of the nanotubes. The experimental finding reveals that TiO2 nanotube showed resonant frequency at 2.2 kHz in air which was shifted to 2.1 kHz, 1.5 kHz, 0.84 kHz, 0.52 kHz, and 0.4 kHz for the exposure of 2-butanone, acetone, 2-propanol, ethanol, and methanol, respectively. Combination of optimum temperature (125 °C) in association with resonant frequency offers a maximum sensor response of ∼180%, 225%, 406%, 556%, and 669%, towards 2-butanone, acetone, 2-propanol, ethanol, and methanol, respectively. The maximum response magnitude to methanol is possibly attributed to the high oriented polarization of the methanol molecules at relatively lower resonant frequency (0.4 kHz). An equivalent circuit model in association with complex impedance data has been analyzed to correlate the experimental findings.","1941-0085","","10.1109/TNANO.2022.3154590","TEQIP-III; NIT Jamshedpur; DST India(grant numbers:NIT/ECE/RP/2019); ","https://ieeexplore.ieee.org/stamp/stamp.jsp?arnumber=9721548","  $TiO_2$   nanotube;VOCs;resonant frequency;dielectric;capacitive","Methanol;Ethanol;Resonant frequency;Temperature sensors;Capacitance;Temperature measurement;Dielectrics","","10","","27","IEEE","25 Feb 2022","2022","","IEEE","IEEE Journals"
"Effect of Position-Dependent Doping on Intermediate Band Generation-Recombination Rate in InAs/GaAs Quantum Dot Solar Cell","A. Sharan; J. Kumar","Department of Electronics Engineering, IIT (ISM) Dhanbad, Dhanbad, Jharkhand, India; Department of Electronics Engineering, IIT (ISM) Dhanbad, Dhanbad, Jharkhand, India",IEEE Transactions on Nanotechnology,"18 Mar 2022","2022","21","","151","157","InAs/GaAs quantum dot solar cells (QDSCs) with n-type delta-doped quantum dots (QDs) have gained immense interest due to their improved open-circuit voltage. Here we report the effect of position-dependent doping on the intermediate band generation-recombination rate through theoretical modelling to analyze the reduced short-circuit current density (JSC) due to doping. A 1-D drift-diffusion model was used to obtain the photovoltaic characteristics. Simulations suggest that the intermediate band's contribution reduces by almost three orders of magnitude for the doped case near the n-doped base at short-circuit conditions compared to the undoped case. We utilized these findings to develop spatially varying doping conditions. The structure with doped QDs exhibit the highest power conversion efficiency (PCE) but minor JSC enhancement. Comparatively, when the QDs near the n-doped base are kept undoped, better results are obtained at low bias, and a JSC enhancement of 0.322 mA/cm2 is observed. With the increase in bias above 0.68V, recombination becomes dominant in the proposed partially doped structure. These observations are backed by the occupation probability of the QDs, electron and hole carrier dynamics, and electric field distribution along the intrinsic region. With such an arrangement, PCE is enhanced by 0.69% compared to that of the undoped QDSC.","1941-0085","","10.1109/TNANO.2022.3157057","","https://ieeexplore.ieee.org/stamp/stamp.jsp?arnumber=9729605","Doping;Drift-diffusion model;Intermediate band;Quantum dot;Solar cell","Doping;Semiconductor process modeling;Charge carrier processes;Photovoltaic cells;Quantum dots;Mathematical models;Gallium arsenide","","2","","25","IEEE","7 Mar 2022","2022","","IEEE","IEEE Journals"
"A Surface Modification Approach to Overcome Wetting Behavior of Gallium-Based Liquid Metal Droplets","R. Kumar; V. Ghai; A. K. Sahani","Department of Biomedical Engineering, Indian Institute of Technology Ropar, Rupnagar, Punjab, India; Department of Industrial and Materials Science, Chalmers University of Technology, Gothenburg, Sweden; Department of Biomedical Engineering, Indian Institute of Technology Ropar, Rupnagar, Punjab, India",IEEE Transactions on Nanotechnology,"14 Apr 2022","2022","21","","158","162","Gallium based eutectic alloys are one of the promising substitutes for mercury. These alloys are nontoxic and environment friendly and have similar or equivalent properties as that of mercury. These alloys exhibit good electrical and thermal properties. However, these alloys form oxides when in contact with oxygen atoms. Due to this, the material surface tension changes, which renders them unsuitable for those applications where the mobility of the fluid is a valuable factor, such as in thermometers and blood pressure monitoring devices. There are few methods reported to remove the oxide layer from the surface of the gallium-based alloys, like acid and base treatment prior to use, but all these methods are not durable and long-lasting. Here in this work, we report gallium oxide coating as a simple approach to convert mercury manometer glass tube, which has glass as a substrate to a nonwetting surface against surface-oxidized gallium-based liquid metal alloys. These alloys form an oxidized layer in ambient air ($O_{2}$ $>$1 ppm) and show stickiness to almost all surfaces that impact the residue-free movement of the liquid metal droplets. Herein, the physical vapor deposition technique was used for gallium oxide coating on substrates such as silicon wafer and glass slide. Moreover, various characterizations were carried out to support our outcomes. This method does not require any micro/nano machining or specific nanoscale surface topology. The contact angle was measured with or without coated gallium oxide film on the glass substrate, and the static contact angle (c.a.) 137.69$^\circ$ and with bared glass 94.30$^\circ$.","1941-0085","","10.1109/TNANO.2022.3154593","","https://ieeexplore.ieee.org/stamp/stamp.jsp?arnumber=9721543","Sphygmomanometer;blood pressure;coating;physical vapour deposition (PVD);galinstan","Surface treatment;Gallium;Metals;Glass;Surface morphology;Liquids;Coatings","","6","","25","IEEE","25 Feb 2022","2022","","IEEE","IEEE Journals"
"Thermal-Aware Modeling and Analysis of Cu-Mixed CNT Nanocomposite Interconnects","B. Kumari; S. Pandranki; R. Sharma; M. Sahoo","Department of Electronics and Communication Engineering, Indian Institute of Technology (Indian School of Mines), Dhanbad, Jharkhand, India; Department of Electronics and Communication Engineering, Indian Institute of Technology (Indian School of Mines), Dhanbad, Jharkhand, India; Department of Electrical Engineering, Indian Instituteof Technology Ropar, Rupnagar, Punjab, India; Department of Electronics and Communication Engineering, Indian Institute of Technology (Indian School of Mines), Dhanbad, Jharkhand, India",IEEE Transactions on Nanotechnology,"14 Apr 2022","2022","21","","163","171","Growing only single-walled carbon nanotube (SWCNT) or only multi-walled carbon nanotube (MWCNT) in a bundle is not feasible practically. Thus, a random number of SWCNTs and MWCNTs whose diameters are also varied randomly (following a Gaussian distribution) should be considered in a bundle of mixed carbon nanotubes. A thermal aware electrical modeling of copper-mixed carbon nanotube (Cu-MCNT) composite interconnect is proposed here and its performance and reliability has been studied and compared with copper interconnect at 7 nm and 11 nm technology nodes. An increase in filling fraction (F_MCNT) of mixed carbon nanotubes in Cu-MCNT composites leads to a decrease in delay. But in some cases, if the fraction of SWCNTs is greater than that of MWCNTs in a bundle, then it leads to a higher delay. Variation in delay with respect to F_MCNT is more at higher temperature by $\sim$10%. Cu-MCNT composite interconnects with F_MCNT = 0.5 have $\sim$52% higher breakdown power than copper interconnects and are thermally more efficient. Scaling down the dimensions leads to degradation in performance and reliability combined but this degradation is more in copper interconnect when compared to Cu-MCNT composite interconnect by $\sim$14% Cu-MCNT composite interconnects attain $\sim$ 39% less temperature rise at steady state when compared to copper interconnects. The performance of Cu-MCNT composite interconnects in terms of meantime to failure at higher current densities is phenomenal as compared to copper interconnects. Our study promotes Cu-MCNT composite interconnects as an alternate candidate to copper interconnects considering their superior electro-thermal performance.","1941-0085","","10.1109/TNANO.2022.3160870","Department of Electronics Engineering, IIT(grant numbers:DST(FIST)(257)/2020-2021/713/ECE); DST (SERB)(grant numbers:DST(SERB)(320)/2021-2022/872/ECE); Technology Innovation Hub at IIT(ISM); ","https://ieeexplore.ieee.org/stamp/stamp.jsp?arnumber=9739872","Copper-Mixed CNT composite;crosstalk;delay;interconnects;noise;reliability","Integrated circuit interconnections;Copper;Delays;Carbon nanotubes;Conductivity;Resistance;Reliability","","9","","35","IEEE","22 Mar 2022","2022","","IEEE","IEEE Journals"
"Optical Characterization of Cobalt Ferrite and Magnetoelectric Cobalt Ferrite-Barium Titanate Core Shell Nanoparticles in Infra-Red Range","S. Hossain; S. Hossain","Department of Electrical Engineering, University of Texas, San Antonio, TX, USA; Department of Cardiology, Ibrahim Cardiac Hospital and Research Institute, Dhaka, Bangladesh",IEEE Transactions on Nanotechnology,"14 Apr 2022","2022","21","","172","176","Cobalt Ferrite- Barium Titanate core-shell nanoparticle has shown application in targeted drug delivery via an external magnetic field. This paper focuses on the absorption peak in the Infrared region of the aforementioned core-shell nanoparticles that can allow scope for application in photo simulation or triggering drug release at a specific absorption band. FTIR was used to verify the absorption peak for 50 nm Cobalt Ferrite nanoparticles, Cobalt Ferrite- Barium Titanate core-shell nanoparticles of 50- 50 composition, and Barium Titanate. The absorption peak was obtained at 2893 nm, 2850 nm, and 2930 nm respectively. The shift was due to the inherent chemical bonds and dielectric properties. The results for absorption peak were verified with Finite Element Analysis using a simulation tool, COMSOL. The results followed a general trend and the absorption peaks were at 2150 nm, 2350 nm, and 2400 nm respectively. Also, the shift in resonance peak for cobalt ferrite and its core-shell with barium titanate was compared with the cavity perturbation technique in the microwave frequency range. It was realized that the shift in resonance mode, quality factor, and loss tangent was slightly higher for core-shell due to the damping effect induced by the difference in optical and dielectric properties.","1941-0085","","10.1109/TNANO.2022.3160349","","https://ieeexplore.ieee.org/stamp/stamp.jsp?arnumber=9737425","Absorption;barium titanate;cobalt ferrite;infra-red","Cobalt;Ferrites;Titanium compounds;Barium;Nanoparticles;Absorption;Magnetic cores","","1","","43","IEEE","17 Mar 2022","2022","","IEEE","IEEE Journals"
"Scalable Approach to Develop High Performance Chemiresistive Nitric Oxide Sensor","R. K. Jha; A. Nanda; P. Avasthi; N. Arya; A. Yadav; V. Balakrishnan; N. Bhat","Department of Electronics and Electrical Engineering, Indian Institute of Technology, Guwahati, Assam, India; Centre for Nanoscience and Engineering (CeNSE), Indian Institute of Science, Bangalore, India; School of Engineering, Indian Institute of Technology, Mandi, India; School of Engineering, Indian Institute of Technology, Mandi, India; CSIR-Central Salt and Marine Chemicals Research Institute, Bhavnagar, India; School of Engineering, Indian Institute of Technology, Mandi, India; Centre for Nanoscience and Engineering (CeNSE), Indian Institute of Science, Bangalore, India",IEEE Transactions on Nanotechnology,"14 Apr 2022","2022","21","","177","184","We report on a low cost and scalable approach to develop a chemiresistive nitric oxide sensor based on iron oxide nanorods sensing film. The device was found to detect nitric oxide (NO) gas at an optimal temperature of 250 °C. The device required very low bias voltage (i.e., 1 mV) to operate and was sensitive to NO gas in the concentration range 0.5 ppm–2.75 ppm. The response of the device in this range found to be 1.49% (0.5 ppm) - 15.2% (2.75 ppm) with average response and recovery time of less than 10 seconds. The device shows non-linear behavior with average hysteresis error of the sensor around 7%. These experimental findings were supported with the density functional theory calculations. These features along with high stability and decent repeatability of the nanorod-based gas sensing device makes it a worthwhile alternative to current available technology.","1941-0085","","10.1109/TNANO.2022.3149710","Department of Science and Technology(grant numbers:DST/TMD/MES/2K17/51(G)); DST Nanomission; ","https://ieeexplore.ieee.org/stamp/stamp.jsp?arnumber=9707656","Chemiresistive sensor;Iron oxide nanorods;Nitric oxide sensor","Iron;Sensors;Nanoscale devices;Temperature sensors;Temperature measurement;Thermal stability;Performance evaluation","","13","","30","IEEE","8 Feb 2022","2022","","IEEE","IEEE Journals"
"XDWM: A 2D Domain Wall Memory","A. Hoque; A. K. Jones; S. Bhanja","Department of Electrical Engineering, University of South Florida, Tampa, FL, USA; Department of Electrical and Computer Engineering, University of Pittsburgh, PA, USA; Department of Electrical Engineering, University of South Florida, Tampa, FL, USA",IEEE Transactions on Nanotechnology,"19 Apr 2022","2022","21","","185","188","Domain-Wall Memory (DWM) structures typically bundle nanowires shifted together for parallel access. Ironically, this organization does not allow the natural shifting of DWM to realize logical shifting within data elements. We describe a novel 2-D DWM cross-point (X-Cell) that allows two individual nanowires placed orthogonally to share the X-Cell. Each nanowire can operate independently while sharing the value at the X-Cell. Using X-Cells, we propose an orthogonal nanowire in the Y dimension overlaid on a bundle of X dimension nanowires for a cross-DWM or XDWM. We demonstrate that the bundle shifts correctly in the X-Direction, and that data can be logically shifted in the Y-direction providing novel data movement and supporting processing-in-memory. We conducted studies on the requirements for physical cell dimensions and shift currents for XDWM. Due to the non-standard domain, our micro-magnetic studies demonstrate that XDWM introduces a shift current penalty of 6.25% while shifting happens in one nanowire compared to a standard nanowire. We also demonstrate correct shifting using nanowire bundles in both the X- and Y- dimensions. Using magnetic simulation to derive the values for SPICE simulation we show the maximum leakage current between nanowires when shifting the bundle together is $\le$3% indicating that sneak paths are not problematic for XDWM.","1941-0085","","10.1109/TNANO.2022.3158889","National Science Foundation(grant numbers:1619027,1822085,2133267,2133340); ","https://ieeexplore.ieee.org/stamp/stamp.jsp?arnumber=9735323","Magnetic domain walls;magnetic memory;spintronics","Nanowires;Magnetization;Resistance;Magnetic domains;Magnetic tunneling;Leakage currents;Current density","","","","11","IEEE","15 Mar 2022","2022","","IEEE","IEEE Journals"
"Compact and Energy Efficient Neuron With Tunable Spiking Frequency in 22-nm FDSOI","H. Eslahi; T. J. Hamilton; S. Khandelwal","Department of Engineering, Macquarie University, Macquarie Park, NSW, Australia; Department of Electrical and Data Engineering, University of Technology Sydney, Ultimo, NSW, Australia; Department of Engineering, Macquarie University, Macquarie Park, NSW, Australia",IEEE Transactions on Nanotechnology,"19 Apr 2022","2022","21","","189","195","In this paper, we present a mixed-signal integrate and fire neuron designed in a 22-nm FDSOI technology. In this novel design, we deploy the back-gate terminal of FDSOI technology for a tunable design. For the first time, we show analytically and with pre- and post-layout simulations a neuron with tunable spiking frequency using the back-gate voltage of FDSOI technology. The neuron circuit is designed in the sub-threshold region and dissipates an ultra-low energy per spike of the order of Femto Joules per spike. With the layout area of only 30 μm2, this is the smallest neuron circuit reported to date.","1941-0085","","10.1109/TNANO.2022.3157585","","https://ieeexplore.ieee.org/stamp/stamp.jsp?arnumber=9730009","Spiking neural networks;integrated circuits;neuromorphic computing;neuron and synapse;FDSOI;frequency modulation","Micromechanical devices;Neurons;Silicon-on-insulator;Membrane potentials;Frequency modulation;Capacitors;Transistors","","14","","56","IEEE","8 Mar 2022","2022","","IEEE","IEEE Journals"
"Ga-In Nanoparticle Induced UV Plasmonic Impact on Heterojunction Based Deep UV Photodetector","A. Kumar; J. Ahuja; A. Mondal; A. Bag","Koneru Lakshmaiah Education Foundation, Vaddeswaram, Andhra Pradesh, India; School of Computing and Electrical Engineering, Indian Institute Technology, Mandi, Himachal Pradesh, India; School of Computing and Electrical Engineering, Indian Institute Technology, Mandi, Himachal Pradesh, India; Department of Electronics and Electrical Engineering, Indian Institute of Technology Guwahati, Guwahati, Assam, India",IEEE Transactions on Nanotechnology,"12 May 2022","2022","21","","196","203","Recent developments in Ga2O3-based heterostructures have opened a new area of applications for optoelectronic devices to be used extensively in deep-ultraviolet (UV) photodetection. Although heterostructure has an advantage in the suppression of high dark current, it also reduces the responsivity and photocurrent. In this context, Gallium-Indium (Ga-In) nanoparticles (NPs) have shown local surface plasmon resonance (LSPR) in the UV region and incorporated into n-Ga2O3/p-CuO quasi-heterostructure based deep UV photodetectors (DUPDs) for performance enhancement. An inexpensive jejune electrospinning technique has been used to fabricate the photodetector on a sapphire (0001) substrate. After CuO and Ga2O3 layer deposition, sputtering has been used to deposit platinum (Pt) electrodes (50 nm) using a shadow mask. The Ga-In NPs have been drop-casted on top of the fabricated device. The device unveils a dark current of ∼1.03×10-13 A at 5 V. Ga-In NPs induce LSPR that inflicts into a huge electron cloud. Extra electrons generated by LSPR reach the electrodes via the Ga2O3 layer and contribute to a very high photocurrent (∼1.14×10-5 A). Thus, present article illustrates an ultra-low dark current of Ga2O3-based DUPDs with upgraded photo responses by designing a p/n heterojunction with plasmonic NPs.","1941-0085","","10.1109/TNANO.2022.3168495","Science and Engineering Research Board, DST(grant numbers:CRG/2021/006815); ","https://ieeexplore.ieee.org/stamp/stamp.jsp?arnumber=9760214","Ga-In nanoparticles;plasmonic;LSPR;dark-current-suppression;Ga2O3;CuO;p-n heterojunction;electro-spraying;UV-photodetector;responsivity","Gallium;Photodetectors;Substrates;Metals;Performance evaluation;X-ray scattering;Heterojunctions","","14","","39","IEEE","19 Apr 2022","2022","","IEEE","IEEE Journals"
"Memristor-Based Neural Network Circuit of Memory With Emotional Homeostasis","J. Sun; J. Han; Y. Wang","School of Electrical and Information Engineering, Zhengzhou University of Light Industry, Zhengzhou, China; School of Electrical and Information Engineering, Zhengzhou University of Light Industry, Zhengzhou, China; School of Electrical and Information Engineering, Zhengzhou University of Light Industry, Zhengzhou, China",IEEE Transactions on Nanotechnology,"12 May 2022","2022","21","","204","212","Most artificial neural networks based on memristor only consider memory and ignore other factors that may affect memory, such as emotion. In this paper, a memristive neural network circuit that can realize memory with emotional homeostasis is designed. It mainly contains three modules: an auditory module, an emotion module and a memory module. The auditory module mimics the auditory receiver in the brain, which can receive external music stimuli and generate auditory voltage. The emotion module realizes a conversion mechanism from hearings to emotions. The extent of emotion will increase with the increase of auditory voltage. In addition, the function of emotional homeostasis is also implemented by the emotion module. If the auditory voltage exceeds a certain value, the extent of emotion will not increase but decrease. The memory module implements the function of learning and forgetting based on the biological synapse composed of memristors. The simulation results in PSPICE show that the proposed circuit can learn and forget under various types of music like humans. The memory neural network with emotional generation and homeostasis provides a reference for further development of brain-like systems.","1941-0085","","10.1109/TNANO.2022.3153518","National Natural Science Foundation of China(grant numbers:U1804262); Foundation of Young Key Teachers from the University of Henan Province(grant numbers:2018GGJS092); Youth Talent Lifting Project of Henan Province(grant numbers:2018HYTP016); Henan Province University Science and Technology Innovation Talent Support Plan(grant numbers:20HASTIT027); Zhongyuan Thousand Talents Program(grant numbers:204200510003); Zhongyuan Talents Program(grant numbers:ZYYCYU202012154); Henan Natural Science Foundation–Outstanding Youth Foundation(grant numbers:222300420095); ","https://ieeexplore.ieee.org/stamp/stamp.jsp?arnumber=9720087","Emotion;emotional homeostasis;memristor;synapse;neural network","Memristors;Homeostasis;Biological neural networks;Synapses;Memory modules;Threshold voltage;Tunneling","","17","","46","IEEE","23 Feb 2022","2022","","IEEE","IEEE Journals"
"Chua's Oscillator With OTA Based Memcapacitor Emulator","N. Raj; R. K. Ranjan; A. James","Department of Electronics Engineering, IIT (ISM), Dhanbad, India; Department of Electronics Engineering, IIT (ISM), Dhanbad, India; Digital University Kerala (formerly IIITMK), Kazhakkoottam, India",IEEE Transactions on Nanotechnology,"13 May 2022","2022","21","","213","218","A charge-controlled memcapacitor emulator design based on the current-mode technique has been proposed in this research work. The physical realization of a memcapacitor is an open problem that motivates creating newer designs for memcapacitor emulator circuits. The memcapacitor emulator comprises an operational transconductance amplifier (OTA), an active component and has additional passive elements. Memcapacitor, abstracted to have a (pinched) hysteresis loop, is emulated in this work, can be also observed as a nonlinear capacitor with memory in its physical form. The simulations are carried out using 0.18 μm (Taiwan Semiconductor Manufacturing Company) TSMC technology and a ±1.2 V supply voltage to analyse robustness of design through process corner, temperature variation, and non-volatility. Experimental validations are performed using ICs CA3080 on breadboard. An application of chaotic oscillator and adaptive learning circuit using a memcapacitor emulator circuit is shown as a practical case study.","1941-0085","","10.1109/TNANO.2022.3168154","Shastri Institutional Collaborative Research(grant numbers:MHRD (SICRG)/2020-2021/740/ECE); ","https://ieeexplore.ieee.org/stamp/stamp.jsp?arnumber=9760002","Current mode circuit;Operational transcondu- ctance amplifier;Memcapacitor;Hysteresis loop;Chua's oscillator","Voltage;Hysteresis;Capacitors;Oscillators;Transconductance;Memristors;Temperature distribution","","13","","31","IEEE","19 Apr 2022","2022","","IEEE","IEEE Journals"
"Active Graphene Plasmonic Tweezers: Size Based Nanoparticle Trapping and Sorting","B. Jafari; E. Gholizadeh; S. Golmohammadi; H. Soofi","Faculty of Electrical and Computer Engineering, University of Tabriz, Tabriz, Iran; Faculty of Electrical and Computer Engineering, University of Tabriz, Tabriz, Iran; Faculty of Electrical and Computer Engineering, University of Tabriz, Tabriz, Iran; Faculty of Electrical and Computer Engineering, University of Tabriz, Tabriz, Iran",IEEE Transactions on Nanotechnology,"17 May 2022","2022","21","","219","226","In this article, a novel graphene based Optical tweezer (OT) and size based particle sorter is proposed and numerically investigated by finite difference time domain (FDTD) method and Maxwell's stress tensor (MST) analysis. Each unit cell of the structure is composed of a graphene layer on top a metallic nano-ring which is embedded in SiO2. Strong hotspots with field enhancements reaching values as high as 140 are obtained inside the rings with no need to sharp edges conventional in plasmonic structures. Size based trapping can be achieved by controlling the fermi energy of the graphene through a gate. By cascading several unit cells, each operating at a different gate voltage, a particle size based sorter is designed which can effectively sort Polystyrene particles with their diameter in the range of smaller than 10 nm to 100 nm. The structure is illuminated by a laser beam in the mid-IR frequency range of 4-8 μm and its wavelength and intensity are kept constant even for sorting functionality. Instead, tunable plasmonic characteristics of graphene is utilized for active particle sorting. The fermi level-particle size-gate voltage relationship of the proposed OT is fully investigated at the article. Moreover, it is shown that the proposed structure is capable of sorting particles according to their refractive indices as well.","1941-0085","","10.1109/TNANO.2022.3171546","","https://ieeexplore.ieee.org/stamp/stamp.jsp?arnumber=9767741","Graphene;fabry-perot cavity;optical tweezers;particle sorter;plasmonics","Graphene;Sorting;Optical polarization;Plasmons;Logic gates;Force;Optical variables control","","15","","40","IEEE","3 May 2022","2022","","IEEE","IEEE Journals"
"Investigating the Characteristics of Amino Silane Functionalized Alumina Nanoparticles Doped Epoxy Nanocomposite for High-Voltage Insulation","J. P. Varghese; A. M. Chandran; P. K. S. Mural; R. Sunitha; P. Preetha","Department of Electrical Engineering, National Institute of Technology Calicut, Kattangal, Kerala, India; Materials Chemistry and Polymer Technology Group, Department of Chemical Engineering, National Institute of Technology Calicut, Kattangal, Kerala, India; Faculty of Department of Metallurgical Engineering and Materials Science, Indian Institute of Technology Bombay (IITB), Mumbai, Maharashtra, India; Faculty of Electrical Engineering, National Institute of Technology Calicut, Kattangal, Kerala, India; Faculty of Electrical Engineering, National Institute of Technology Calicut, Kattangal, Kerala, India",IEEE Transactions on Nanotechnology,"26 May 2022","2022","21","","227","235","Gas Insulated Transmission Lines (GIL) and Gas Insulated Substations (GIS) are the technologies that utilize less space than conventional methods for the transmission of high power. This high power transmission necessitates electrical insulators (spacers) with high mechanical stability, dielectric properties and thermal conductivity. In this context, a number of novel materials and preparation methods are under research for developing a suitable material for the spacer. The present work aims to characterize epoxy alumina nanocomposites filled with surface-functionalized alumina nanoparticles. Alumina nanoparticles were functionalized using silane coupling agents; (3-Aminopropyl) triethoxy silane (APTES) and (3-Glycidyloxypropyl) trimethoxy silane (GPTMS); to analyze their effects on the performance of epoxy nanocomposites. The primary investigation shows that the nanocomposites filled with APTES treated alumina nanoparticles increase the volume resistivity, tensile strength, and thermal conductivity by 11%, 17% and 11%, respectively, as compared to unfilled epoxy. These results indicate that the epoxy nanocomposites filled with APTES treated alumina nanoparticles can be a promising substitute for epoxy spacer used in GIL and GIS.","1941-0085","","10.1109/TNANO.2022.3172546","","https://ieeexplore.ieee.org/stamp/stamp.jsp?arnumber=9769956","APTES;dielectric materials;epoxy alumina nanocomposites;GPTMS;materials testing;permittivity measurement;surface treatment","Nanoparticles;Conductivity;Surface treatment;Insulation;Thermal conductivity;Transmission line measurements;Couplings","","9","","49","IEEE","5 May 2022","2022","","IEEE","IEEE Journals"
"Design Space of Negative Capacitance in FETs","A. Rassekh; F. Jazaeri; J. -M. Sallese","Department of Electrical and Computer Engineering, University of Tehran, Tehran, Iran; Electron Device Modeling and Technology Laboratory (EDLAB) of the École Polytechnique Fédérale de Lausanne (EPFL), Lausanne, Switzerland; Electron Device Modeling and Technology Laboratory (EDLAB) of the École Polytechnique Fédérale de Lausanne (EPFL), Lausanne, Switzerland",IEEE Transactions on Nanotechnology,"26 May 2022","2022","21","","236","243","Relying on the previously developed charge-based approaches, this paper presents a physics-based design space of negative capacitance in double-gate and bulk MOSFET architectures. The impact of thickness variation of the ferroelectric on the DC characteristics has been deeply investigated. The model precisely estimates a critical thickness of ferroelectric at instability conditions before the device goes into the hysteresis regime. Explicit relationships have been driven for hysteresis voltages which can be used as a general guideline for technology optimization of negative capacitance FETs.","1941-0085","","10.1109/TNANO.2022.3174471","","https://ieeexplore.ieee.org/stamp/stamp.jsp?arnumber=9773006","Charge-based model;MOSFET;negative capacitance;instability;hysteresis","Logic gates;Capacitance;MOSFET;Electric fields;Semiconductor device modeling;Hysteresis;Insulators","","10","","38","IEEE","11 May 2022","2022","","IEEE","IEEE Journals"
"Giant Magnetoresistance and Rectification Behavior in Fluorinated Zigzag Boron Nitride Nanoribbon for Spintronic Nanodevices","S. Kharwar; S. Singh; N. K. Jaiswal","Microelectronics and VLSI Lab, National Institute of Technology, Patna, Bihar, India; Microelectronics and VLSI Lab, National Institute of Technology, Patna, Bihar, India; 2-D Materials Research Laboratory, Discipline of Physics, Indian Institute of Information Technology, Design and Manufacturing, Jabalpur, Madhya Pradesh, India",IEEE Transactions on Nanotechnology,"8 Jun 2022","2022","21","","244","250","In the present work, the spin-polarized structural and electronic properties of fluorine (F) passivated zigzag boron nitride nanoribbons (ZBNNRs) at the selective boron (B) and nitrogen (N) edge atoms are investigated. This study is based on the density functional theory (DFT) along with non-equilibrium Green function (NEGF) formalism. Our study predicts that half-metallic property can be obtained in ZBNNRs via F passivation at the selective edges. The F-passivated ZBNNRs are found to be structurally stable in both non-magnetic as well as magnetic ground states irrespective of their width. Hence, the transport properties of F-passivated ZBNNRs are also studied as fluorinated structures are reported to be more stable. The current-voltage characteristics of F-passivated ZBNNRs based devices exhibit the perfect spin-filter characteristics with magnificently high spin-filtering efficiency (SFE) even under a low bias. It is worth mentioning here that giant magnetoresistance (GMR), and rectification ratio (RR) of the order of $10^{8}$ and $10^{5}$ respectively, have been observed for F-BN-F device. This is because dangling bonds break the edge states’ symmetry and induces some localized states, which suppresses the electron transmission and reduces the current. The observed perfect spin-filtering characteristics, GMR, and rectifying characteristics suggest that F-passivated ZBNNRs have immense potentials to be deployed for nanoscale spintronic devices.","1941-0085","","10.1109/TNANO.2022.3174247","","https://ieeexplore.ieee.org/stamp/stamp.jsp?arnumber=9778846","Binding energy;boron nitride nanoribbon;electronic structure;giant magnetoresistance (GMR);spin-filtering efficiency (SFE)","Boron;Behavioral sciences;Stationary state;Spintronics;Passivation;Photonic band gap;Nanoscale devices","","21","","40","IEEE","19 May 2022","2022","","IEEE","IEEE Journals"
"A FoM for Investigation of SB TFET Biosensor Considering Non-Ideality","M. Y. Iqbal; M. S. Alam; S. Anand; S. I. Amin","Department of Electronics and Communication Engineering, Jamia Millia Islamia, New Delhi, India; Department of Electrical Engineering, College of Engineering, Imam Mohammad Ibn Saud Islamic University, Riyadh, Saudi Arabia; Department of Electronics and Communication, Amity University, Noida, India; Department of Electronics and Communication Engineering, Jamia Millia Islamia, New Delhi, India",IEEE Transactions on Nanotechnology,"20 Jun 2022","2022","21","","251","258","A new FoM to investigate a carefully engineered Schottky barrier (SB) TFET by accounting for dc power consumption, and silicon area, which are the key consideration for energy efficiency and cost of the biosensors, is reported in this paper. The SB TFET utilizes source overlap, drain underlap, and nano-cavity near the source region to detect biomolecules by accounting non-ideality, i.e., steric hindrance (SH). The sensitivity due to drain current $\mathbf {{I_{D}}}$, ON-OFF ratio $\mathbf {{\frac{I_{ON}}{I_{OFF}}}}$, average subthreshold swing AVSS, threshold voltage $\mathbf {{V_{TH}}}$ transconductance $\mathbf {{g_{m}}}$ are thoroughly investigated. The proposed FoM is utilized, and impact analysis is carried out by considering neutral biomolecules mainly due to changes in their dielectric constants, SH step profiles, and variation in the pocket length. After the detailed analysis by considering the case of APTES (k=3.57) biomolecules in different step profiles, the concave profile realized an optimized FoM of $\mathbf {30nW^{-1} nm^{-1}}$. However, when k is varied, and when Bacteriophage T7 (k=6.3), Keratin (k=8), and Gelatin (k=12) biomolecules with k$>$5 were used, the FoM was realized nearly $\mathbf {26{nW^{-1} nm^{-1}}}$. The improvement in FoM is observed around 67% when pocket length of 5 nm is used as compared to when it is not used. Comparisons with the published papers having similar dimensions TFETs biosensors by mainly targeting $\mathbf {{I_{ON}}}$ sensitivity and corresponding FoM are presented, and the proposed nano SB TFET was found to achieve significantly higher results.","1941-0085","","10.1109/TNANO.2022.3178845","","https://ieeexplore.ieee.org/stamp/stamp.jsp?arnumber=9784885","Schottky barrier;TFET;FoM;Nickel Silicide;biosensors;TCAD","Molecular biophysics;TFETs;Sensitivity;Biosensors;Logic gates;Biological system modeling;Tunneling","","24","","53","IEEE","30 May 2022","2022","","IEEE","IEEE Journals"
"THz Multimode Interference Power Divider Based on Groove Gap Waveguide Configuration","M. A. Mahdian; M. Nikoufard","Department of Electronics, Faculty of Electrical and Computer Engineering, University of Kashan, Kashan, Iran; Department of Electronics, Faculty of Electrical and Computer Engineering, University of Kashan, Kashan, Iran",IEEE Transactions on Nanotechnology,"27 Jun 2022","2022","21","","259","265","This article proposes a groove gap waveguide (GGW) for terahertz (THz) applications. At first, a metal unit cell is introduced, which shows a bandgap frequency range of 1-2 THz. The metal pins are surrounded by benzocyclobutene (BCB) polymer to facilitate the fabrication process. The GGW with a width of 133.40 μm has a cutoff frequency of 1.2 THz. A multimode interference (MMI) power divider is also investigated using the proposed structure in the frequency range of 1.3 to 1.8 THz. The S-parameters and electromagnetic power distributions were determined for a 1 × 2 MMI-power divider with a width of 351.52 μm and length of 103.40 μm. Meanwhile, the effect of length and width variations of the MMI-power divider on the S-parameters is studied. This novel 3 dB MMI structure can be used in a variety of terahertz applications.","1941-0085","","10.1109/TNANO.2022.3177440","","https://ieeexplore.ieee.org/stamp/stamp.jsp?arnumber=9780584","Groove gap waveguide;multimode interference (MMI);terahertz power divider;unit cell","Cutoff frequency;Electromagnetic waveguides;Power dividers;Photonic band gap;Gap waveguide;Optical waveguides;Pins","","7","","36","IEEE","24 May 2022","2022","","IEEE","IEEE Journals"
"Control of Charge Transport Properties in Molybdenum Diselenide Field-Effect Transistors for Enhanced Noise-Margin and Inverter Characteristics","S. Kim; S. Hong; H. Yoo","Department of Electronic Engineering, Gachon University, Seongnam, Korea; School of Advanced Materials Science and Engineering, Sungkyunkwan University, Suwon, Korea; Department of Electronic Engineering, Gachon University, Seongnam, Korea",IEEE Transactions on Nanotechnology,"27 Jun 2022","2022","21","","266","270","Ambipolar field-effect transistor (FET) capable of transporting both holes and electrons has the advantage of operating as both p-type and n-type with a single device depending on the voltage bias condition. Among transition metal dichalcogenides (TMDs), molybdenum diselenide (MoSe2), which has ambipolar properties, exhibits n-type dominant electrical characteristics. As a result, a digital inverter implemented only using pristine MoSe2 FETs exhibited asymmetric and limited output swing characteristics because of the difficulty in pull-up operation. Therefore, a method for improving the p-type characteristics of MoSe2 is needed to implement a complementary metal–oxide–semiconductor (CMOS)-like digital inverter using only MoSe2. In this study, an n-type dominant MoSe2 FET was adjusted to have p-type dominant characteristics through annealing process. Raman spectroscopy was used to compare the transistor with previous studies. Statistical analysis showed that the charge transport behavior was reproduced in multiple devices. The p-type enhanced MoSe2 FET was applied as a pull-up transistor of a digital inverter to present the practicality of the annealing process to improve the p-type characteristics of the MoSe2 FET. Eventually, a more symmetrical output swing and improved noise margin were achieved compared to a digital inverter composed of only n-type dominant MoSe2 FETs.","1941-0085","","10.1109/TNANO.2022.3181107","National Research Foundation of Korea(grant numbers:2020R1A2C1101647); Gachon University Research Fund of 2020(grant numbers:GCU-202008460002); ","https://ieeexplore.ieee.org/stamp/stamp.jsp?arnumber=9789590","Transition metal dichalcogenides (TMDs);molybdenum diselenide (MoSe  $_2$  );annealing process;digital inverter","Annealing;Field effect transistors;Inverters;Electric variables;Voltage measurement;Substrates;Silicon","","1","","33","IEEE","7 Jun 2022","2022","","IEEE","IEEE Journals"
"Inference Dropouts in Binary Weighted Analog Memristive Crossbar","A. James; Y. Toleubay; O. Krestinskaya; C. Reghuvaran","Digital University Kerala, Trivandrum, Kerala, India; University of Tsukuba, Tsukuba, Ibaraki, Japan; KAUST, Thuwal, Makkah, Saudi Arabia; IIITMK, Trivandrum, Kerala, India",IEEE Transactions on Nanotechnology,"21 Jun 2022","2022","21","","271","277","Miniaturization and energy efficiency are essential for building reliable edge AI computing devices using memristive crossbar accelerators. We propose that stochastic dropouts in inference stages are essential to improve the operational energy efficiency. Further, we show that the binarization of weights under stochastic processing improves the robustness in a crossbar based architecture. The inference dropouts can reduce the power consumption of memristive crossbars without compromising the performance accuracy for up to 10-15% of dropped neurons, saving significant energy in the crossbar. The architecture shows robustness to variability, hardware noise, aging, and drifting of memristor levels and memristor failures.","1941-0085","","10.1109/TNANO.2022.3182244","","https://ieeexplore.ieee.org/stamp/stamp.jsp?arnumber=9795106","Neural network;memristor;variability;non-ideality;dropout;adaptive programming","Memristors;Programming;Computer architecture;Neurons;Voltage;Power demand;Switches","","6","","23","IEEE","13 Jun 2022","2022","","IEEE","IEEE Journals"
"Preparation and Properties Characterization of Nano-Composite Scaffold Getter With Induction Heating","L. Liu; Z. Bu; C. Zhong; K. Wu; G. He; J. Wu; C. Yin; L. Wang","Department of Mechanical and Electrical Engineering, Xiamen University, Xiamen, China; Department of Mechanical and Electrical Engineering, Xiamen University, Xiamen, China; Department of Mechanical and Electrical Engineering, Xiamen University, Xiamen, China; Department of Mechanical and Electrical Engineering, Xiamen University, Xiamen, China; Department of Mechanical and Electrical Engineering, Xiamen University, Xiamen, China; Fujian Key Laboratory for Rare Earth Functional Materials, China; Fujian Key Laboratory for Rare Earth Functional Materials, China; Department of Mechanical and Electrical Engineering, Xiamen University, Xiamen, China",IEEE Transactions on Nanotechnology,"24 Jun 2022","2022","21","","278","284","In MEMS manufacturing process, the device level vacuum package is the key to the performance of high precision resonant devices. Non-evapotranspiration getter (NEG) is widely used in the field of MEMS vacuum packaging, the development of vacuum packaging devices is restricted by the low adsorption capacity and long activation time of 2D planar thin film getter. In view of this article, a composite porous nano-scaffold getter which can be activated rapidly by induction heating was proposed. Based on the model of equal field intensity and volume expansion, the experimental platform of anodic oxidation device was built. Through experimental investigation, the Si-Ni-Al composite nano-scaffold with a pore distance of 750 nm and a pore diameter of over 650 nm was finally prepared. The test results showed that the prepared composite porous nano-scaffold base getter could be heated to over 700 °C by micro-flexion induction within 15s to realize the activation and reactivation of the Ti film getter. The composite porous nano getter can adsorb gas molecules with a mass of 20.04 mg with a maximum adsorption rate of $123.703 \times {10^{ - 4}}{\boldsymbol{mg}}/({{\boldsymbol{s}}.{\boldsymbol{g}}})$. Therefore, the composite scaffold getter can effectively solve the contradiction of between the high temperature resistance of MEMS and the activation temperature of getter, also can solve the contradiction between small package size of MEMS device and large adsorption capacity of getter.","1941-0085","","10.1109/TNANO.2022.3147861","National Natural Science Foundation of China(grant numbers:61674125); Aeronautical Science Funds(grant numbers:20180868001); Science and Technology Program of Shenzhen(grant numbers:JCYJ20170818141912229); ","https://ieeexplore.ieee.org/stamp/stamp.jsp?arnumber=9698993","Adsorption;getter;induction heating;MEMS;vacuum encapsulation","Gettering;Micromechanical devices;Nanocomposites;Induction heating;Oxidation;Adsorption;Surface treatment","","4","","37","IEEE","1 Feb 2022","2022","","IEEE","IEEE Journals"
"Compact Modeling and SPICE Simulation of GCMO-Based Resistive Switching Devices","E. Miranda; V. Lähteenlahti; H. Huhtinen; A. Schulman; P. Paturi","Departament d'Enginyeria Electrònica, Universitat Autònoma de Barcelona, Cerdanyola del Valles, Spain; Wihuri Physical Laboratory, Department of Physics and Astronomy, University of Turku, Turku, Finland; Wihuri Physical Laboratory, Department of Physics and Astronomy, University of Turku, Turku, Finland; Wihuri Physical Laboratory, Department of Physics and Astronomy, University of Turku, Turku, Finland; Wihuri Physical Laboratory, Department of Physics and Astronomy, University of Turku, Turku, Finland",IEEE Transactions on Nanotechnology,"27 Jun 2022","2022","21","","285","288","This letter reports a compact behavioral model for the hysteretic conduction characteristics of Al/Gd0.1Ca0.9MnO3 (GCMO)/Au resistive switching devices suitable for SPICE simulations. The devices are nonvolatile, forming-less, compliance-free, and self-rectifying multistate memristive structures which makes them of maximum interest for neuromorphic computing and memory applications. The proposed model relies on two coupled equations, one for the electron transport and a second one for the vacancy displacement. First, the fixed and variable current components that contribute to the total electronic flow are identified and modelled. They are tunneling and diode-like conduction with series resistance through the thin sub-oxide layer formed at the GCMO/Al interface in combination with filamentary conduction. Second, the memory equation accounts for the reversible movement of vacancies that causes the generation and self-healing of these micro-filaments. Importantly, the proposed model considers a novel approach for solving the internal state of the device based on the so-called generalized quasi-static hysteron whose application can be extended to other structures and dynamics in addition to the ones discussed here.","1941-0085","","10.1109/TNANO.2022.3181500","Ministerio de Ciencia e Innovación, Spain(grant numbers:TEC2017-84321-C4-4-R); Academy of Finland(grant numbers:308285); The Nokia Foundation, Finland; ","https://ieeexplore.ieee.org/stamp/stamp.jsp?arnumber=9793681","GCMO;memristor;resistive switching","Mathematical models;Switches;Integrated circuit modeling;Behavioral sciences;Resistance;SPICE;Gold","","5","","18","IEEE","10 Jun 2022","2022","","IEEE","IEEE Journals"
"Novel Design Methodologies for CNFET-Based Ternary Sequential Logic Circuits","S. Gadgil; C. Vudadha","Department of Electrical and Electronics Engineering, Birla Institute of Technology and Science, Hyderabad, India; Department of Electrical and Electronics Engineering, Birla Institute of Technology and Science, Hyderabad, India",IEEE Transactions on Nanotechnology,"1 Jul 2022","2022","21","","289","298","The quest for efficient technologies beyond the traditional CMOS (Complementary-Metal-Oxide-Semiconductor) technology has led researchers to explore newer technologies like the CNFET(Carbon-Nanotube-Field-Effect-Transistor). CNFETs are being used to design and implement various ternary logic circuits. Multivalued logic (MVL) requires multiple threshold voltages that are possible to obtain using CNFETs by modifying the physical dimensions of their CNTs (Carbon Nano Tubes). The ternary sequential logic circuits like ternary D-latch, D-flipflop, and counters existing in literature have been implemented either using STIs (Standard Ternary Inverters) or successor-predecessor circuits. This paper proposes a new design methodology for a ternary D-flipflop that uses a ternary buffer and two STIs designed using two power supplies. Two hybrid architectures for ternary D-flipflop designs have also been proposed that are implemented using a combination of ternary buffer, STIs and successor-predecessor circuits. Using these ternary D-flipflop designs, ternary 3- trit synchronous and asynchronous counters are designed in this paper. The proposed designs are simulated using HSPICE and a standard Stanford CNFET model. The proposed ternary D-flipflops show an improvement of up to 93.5% in power, up to 44.7% in delay and up to 94.3% in PDP compared to existing designs.","1941-0085","","10.1109/TNANO.2022.3184759","Start-up Research Grant (SRG) by DST-SERB, India(grant numbers:SRG/2020/000202); ","https://ieeexplore.ieee.org/stamp/stamp.jsp?arnumber=9802715","CNFET;D-flipflop;D-latch;STI;ternary logic","Logic gates;Multivalued logic;CNTFETs;Standards;Threshold voltage;Multiplexing;Inverters","","12","","29","IEEE","21 Jun 2022","2022","","IEEE","IEEE Journals"
"Zn-Passivated Zigzag Boron Nitride Nanoribbons for Perfect Spin-Filtering and Negative Differential Resistance Based Devices","S. Kharwar; S. Singh; N. K. Jaiswal","Microelectronics & VLSI lab, National Institute of Technology, Patna, India; Microelectronics & VLSI lab, National Institute of Technology, Patna, India; 2-D Materials Research Laboratory, Discipline of Physics, Indian Institute of Information Technology, Design & Manufacturing, Jabalpur, India",IEEE Transactions on Nanotechnology,"30 Jun 2022","2022","21","","299","306","The spin polarized structural, electronic, and transport properties of Zn-passivated zigzag boron nitride nanoribbons (ZBNNRs) at the selective boron and nitrogen edge atoms along with H-passivation are investigated. Present density functional theory (DFT) based studies predict that half-metallic property can be obtained in ZBNNRs via selective Zn and H-passivation. The spin active most stable structure of Zn-passivated ZBNNRs is H-BN-Zn irrespective of ribbon width. The current-voltage characteristics of the Zn-passivated ZBNNRs device exhibit the perfect spin-filter characteristics with magnificently high spin-filtering efficiency even under a low bias. Interestingly, the negative differential resistance (NDR) with a large $I_{P}/I_{V}$ (peak-to-valley current ratio (PVCR)) of the order of $10^{3}$ has also been observed for Zn-BN-H due to spin-up current component. This is because the dangling bonds at the edge atoms break the edge states and stimulates multiple local states, which prevents electron transfer and reduces current to get a better $I_{P}/I_{V}$ ratio. The observed perfect spin-filtering characteristics and NDR effect suggest that Zn-passivated ZBNNRs have immense potentials to be deployed for nanoscale spintronic devices.","1941-0085","","10.1109/TNANO.2022.3183857","","https://ieeexplore.ieee.org/stamp/stamp.jsp?arnumber=9797854","Boron nitride nanoribbon;spin-filtering efficiency;negative differential resistance (NDR);peak-to-valley current ratio (PVCR)","Zinc;Boron;Nanoribbons;Nitrogen;Stationary state;Nanomaterials;Frequency modulation","","13","","44","IEEE","16 Jun 2022","2022","","IEEE","IEEE Journals"
"Graphene Nanofilms/Silicon Near-Infrared Avalanche Photodetectors","L. Liu; X. Cao; X. Liu; Z. Zhang; X. Wang; Y. Xu","School of Micro-nanoelectronics, State Key Laboratory of Silicon Materials, Hangzhou Global Scientific and Technological Innovation Center, ZJU-UIUC Joint Institute, Zhejiang University, Hangzhou, China; School of Micro-nanoelectronics, State Key Laboratory of Silicon Materials, Hangzhou Global Scientific and Technological Innovation Center, ZJU-UIUC Joint Institute, Zhejiang University, Hangzhou, China; School of Micro-nanoelectronics, State Key Laboratory of Silicon Materials, Hangzhou Global Scientific and Technological Innovation Center, ZJU-UIUC Joint Institute, Zhejiang University, Hangzhou, China; School of Micro-nanoelectronics, State Key Laboratory of Silicon Materials, Hangzhou Global Scientific and Technological Innovation Center, ZJU-UIUC Joint Institute, Zhejiang University, Hangzhou, China; School of Micro-nanoelectronics, State Key Laboratory of Silicon Materials, Hangzhou Global Scientific and Technological Innovation Center, ZJU-UIUC Joint Institute, Zhejiang University, Hangzhou, China; School of Micro-nanoelectronics, State Key Laboratory of Silicon Materials, Hangzhou Global Scientific and Technological Innovation Center, ZJU-UIUC Joint Institute, Zhejiang University, Hangzhou, China",IEEE Transactions on Nanotechnology,"4 Jul 2022","2022","21","","307","310","Graphene/silicon Schottky junction diodes have been extensively studied and widely used in photodetection. However, limited to the low light absorption of single-layer graphene and bandgap of silicon, graphene/silicon devices exhibit low quantum efficiency in the infrared region. Here, we demonstrate a high-performance near-infrared Schottky diode by integrating silicon with the macroscopic assembled graphene nanofilms (nMAG). Because of the intense light absorption, low work function, and long carrier lifetime of nMAG, the device shows a detection spectra range up to 1870 nm with the responsivity of 0.4 mA/W and response speed of 371 ns. By driving the device into avalanche multiplication, 104-105 of avalanche gain has been obtained, and the responsivity at 1870 nm increases to 10 A/W. The device structure in this report could be compatible with the semiconductor process so that silicon-based infrared photodetectors with high performance and low cost could be potentially realized.","1941-0085","","10.1109/TNANO.2022.3185108","National Natural Science Foundation of China(grant numbers:92164106,61874094); Fundamental Research Funds for the Central Universities(grant numbers:K20200060,2021FZZX001-17); ","https://ieeexplore.ieee.org/stamp/stamp.jsp?arnumber=9802691","Graphene nanofilm;schottky junction;infrared;photodetector;avalanche","Silicon;Absorption;Photodetectors;Photoconductivity;Substrates;Graphene;Schottky diodes","","17","","25","CCBY","21 Jun 2022","2022","","IEEE","IEEE Journals"
"Evaluating the Ballistic Transport in nFinFETs: A Carrier Centric Perspective","G. F. Furtado; V. V. A. Camargo; D. Vasileska; G. I. Wirth","PGMicro, Universidade Federal do Rio Grande do Sul, Porto Alegre, Brazil; CDTec, Universidade Federal de Pelotas, Pelotas, Brazil; ECEE, Arizona State University, Tempe, AZ, USA; PGMicro, Universidade Federal do Rio Grande do Sul, Porto Alegre, Brazil",IEEE Transactions on Nanotechnology,"12 Jul 2022","2022","21","","311","319","A 3D-TCAD Monte Carlo device simulator with real-space treatment of the electron-electron (e-e) and electron-ion (e-i) interactions is used to evaluate the role of these Coulomb interactions, surface roughness scattering, and phonon scattering mechanisms on the charge transport and the ballisticity of nFinFETs. A statistical analysis was performed, showing an increased dominance of phonon scattering mechanisms over surface roughness scattering as the channel length scales down. An analysis of the transit time of electrons in the device was also performed, and it serves as a basis to study how the carrier's energy evolves as they stay in the channel. The results show a significant widening of the carriers' energy distribution and a decrease in its average value as the carriers' time in the channel increases. Such behavior is attributed to the surface and phonon scattering mechanisms, and particularly to the e-e interactions. While the phonon scattering mechanisms take a long time to be effective, the e-e interactions dominate at short time scales, which is consistent with literature findings. The impact of short-range e-e interactions was also evaluated. Results show that their impact becomes more significant as carriers' transit time gets smaller in deeply scaled devices.","1941-0085","","10.1109/TNANO.2022.3186147","Conselho Nacional de Desenvolvimento Científico e Tecnológico; Fundação de Amparo à Pesquisa do Estado do Rio Grande do Sul(grant numbers:19/2551-0002286-7); National Science Foundation(grant numbers:ECCS-2025490); ","https://ieeexplore.ieee.org/stamp/stamp.jsp?arnumber=9806342","3-D TCAD Monte Carlo device simulation;ballistic transport;carrier energy distribution;electron-electron interactions;FinFET;Scattering mechanisms","Scattering;FinFETs;Ballistic transport;Monte Carlo methods;Phonons;Surface roughness;Rough surfaces","","4","","28","IEEE","24 Jun 2022","2022","","IEEE","IEEE Journals"
"Broad Range (254–302 nm) and High Performance Ga2O3:SnO2 Based Deep UV Photodetector","A. Mondal; S. Nandi; M. K. Yadav; A. Nandi; A. Bag","School of Computing and Electrical Engineering, Indian Institute of Technology Mandi, Mandi, India; School of Basic Science, Indian Institute of Technology Mandi, Mandi, India; School of Computing and Electrical Engineering, Indian Institute of Technology Mandi, Mandi, India; School of Computing and Electrical Engineering, Indian Institute of Technology Mandi, Mandi, India; Department of Electronics and Electrical Engineering, Indian Institute of Technology Guwahati, Guwahati, India",IEEE Transactions on Nanotechnology,"12 Jul 2022","2022","21","","320","327","The harmful UV radiation leaking out of the ozone hole can have a detrimental effect on mother nature. To monitor any UV rays leaking out of the ozone hole requires an electronic device such as deep UV photodetectors. In this context, Sn-doped Ga2O3 incorporated with SnO2 nanostructures has been grown on a c-plane sapphire substrate using low-pressure chemical vapor deposition (LPCVD) followed by the fabrication of metal-semiconductor-metal (MSM) based deep ultraviolet (UV) photodetector (PD) using Pt as electrodes with interdigitated geometry. The PD possesses a low dark current of 21 nA even at 50 V bias with a very high photo-to-dark current ratio of 9 × 104 and exceptionally large responsivity of 1532 and 262 A/W under 254 nm and 302 nm UV-illumination respectively. Consequently, an extremely high detectivity of 1.7 × 1015 Jones and external quantum efficiency of 7.4 × 105% has been recorded under 254 nm illumination with a fast fall time of 0.2 sec. The PD works well in UV-B range with high responsivity and is attributed to the long wavelength absorption by the SnO2 nanostructures accompanied by a charge transfer from SnO2 to the Ga2O3 layer. The high gain has been attributed to the photoconductive gain due to interface trapped charges and self-trapped holes, along with light trapping on the textured Ga2O3 surface.","1941-0085","","10.1109/TNANO.2022.3186472","SERB, Govt. of India(grant numbers:CRG/2021/006815); Council of Scientific and Industrial Research, India; ","https://ieeexplore.ieee.org/stamp/stamp.jsp?arnumber=9807436","Ga  $_{2}$  O  $_{3}$  , LPCVD;light trapping;UV photodetectors","Gallium;Nanostructures;Photodetectors;Gases;Tin;Dark current;Wide band gap semiconductors","","17","","50","IEEE","27 Jun 2022","2022","","IEEE","IEEE Journals"
"Effects of Annealing Temperature on TiN/Hf0.5Zr0.5O2/TiN Ferroelectric Capacitor Prepared by In-Situ Like Consecutive Atomic Layer Deposition","Y. -K. Liang; Y. -S. Huang; L. -C. Peng; T. -Y. Yang; B. -F. Young; C. -C. Lu; S. H. Yeong; Y. -M. Lin; C. -J. Su; E. -Y. Chang; C. -H. Lin","International College of Semiconductor Technology, National Yang Ming Chiao Tung University, Hsinchu, Taiwan; International College of Semiconductor Technology, National Yang Ming Chiao Tung University, Hsinchu, Taiwan; International College of Semiconductor Technology, National Yang Ming Chiao Tung University, Hsinchu, Taiwan; International College of Semiconductor Technology, National Yang Ming Chiao Tung University, Hsinchu, Taiwan; Taiwan Semiconductor Manufacturing Company, Hsinchu, Taiwan; Taiwan Semiconductor Manufacturing Company, Hsinchu, Taiwan; Taiwan Semiconductor Manufacturing Company, Hsinchu, Taiwan; Taiwan Semiconductor Manufacturing Company, Hsinchu, Taiwan; Department of Electrophysics, National Yang Ming Chiao Tung University, Hsinchu, Taiwan; Department of Materials Science and Engineering, International College of Semiconductor Technology, National Yang Ming Chiao Tung University, Hsinchu, Taiwan; International College of Semiconductor Technology, National Yang Ming Chiao Tung University, Hsinchu, Taiwan",IEEE Transactions on Nanotechnology,"15 Jul 2022","2022","21","","328","331","In this letter, the ferroelectric characteristics and reliability of TiN/Hf0.5Zr0.5O2/TiN Metal-Ferroelectric-Metal (MFM) capacitor fabricated using the ‘‘in-situ’’ like consecutive atomic layer deposition (C-ALD) and the “ex-situ” deposition techniques are compared for different post metal annealing (PMA) temperatures. We suggested that C-ALD deposition improves the interface of the ferroelectric HZO film and the higher PMA temperature further improves the crystal quality. We found that wake-up tends to happen for both types of samples with lower PMA temperature, indicating the possible higher dependence of “wake-up” on crystallinity. Nevertheless, C-ALD and higher PMA temperature are both required to prevent early breakdown. C-ALD samples combined with 600 °C PMA showed the excellent remanent polarization (2Pr) of 53 μC/cm2, endurance properties of 1011 cycles, and outstanding time-dependent dielectric breakdown (TDDB) characteristics.","1941-0085","","10.1109/TNANO.2022.3187589","Taiwan Semiconductor Manufacturing Company; Ministry of Science and Technology, Taiwan(grant numbers:MOST-109-2222-E-009-001-MY3,109-2923-E-492-002-MY3,110-2634-F-009-027,110-2218-E-A49-014-MBK); ","https://ieeexplore.ieee.org/stamp/stamp.jsp?arnumber=9813429","Ferroelectric capacitor;hafnium zirconium oxide (Hf0.5Zr0.5O2HZO);endurance;reliability;TDDB","Capacitors;Tin;Electric breakdown;Electrodes;Zirconium;Reliability;Nonvolatile memory","","13","","24","IEEE","1 Jul 2022","2022","","IEEE","IEEE Journals"
"Split-Gate Induced High-Field for Impact Ionization Triggered Bipolar Action and Sub-kT/q Switching in Junctionless FET","T. Kumari; J. Singh; P. K. Tiwari","Department of Electrical Engineering, Indian Institute of Technology Patna, Bihar, India; Department of Electrical Engineering, Indian Institute of Technology Patna, Bihar, India; Department of Electrical Engineering, Indian Institute of Technology Patna, Bihar, India",IEEE Transactions on Nanotechnology,"12 Jul 2022","2022","21","","332","339","In this article, an energy-efficient, ultra-steep subthreshold slope device based on the split-gate junctionless field-effect transistor (JLFET) has been proposed and investigated. Through split-gate, two regions, namely, channel-1 and channel-2, separated by a gap ($L_{gap}$) are created. A high electric field is thus induced at the interface of these two regions, which initiates impact ionization (II) at sub-bandgap drain voltage. The II-generated holes/electrons accumulate in channel-2 of N-JLFET/P-JLFET and set up a floating body that reduces the potential barrier between channel-1 and source of the device resulting in ultra-steep switching. Using a well-calibrated TCAD tool, we analyzed the operation of both N- and P-JLFET. A subthreshold swing (SS) of $\sim$50 $\mu$V/decade over nearly three decades of drain current is possible while maintaining a low OFF current of $\sim$$4.9\times 10^{-12}$ A/$\mu$m at a drain voltage of 0.4 V for silicon N-JLFET, which is better than any of the results reported so far for the junctionless devices. We have also investigated the impact of various device design parameters such as lengths of channel-1, channel-2, channel doping concentration, $L_{gap}$, gate oxide thickness and its permittivity, channel thickness, and dual-metal work function on the device performance.","1941-0085","","10.1109/TNANO.2022.3186961","","https://ieeexplore.ieee.org/stamp/stamp.jsp?arnumber=9809925","Bipolar action;band-to-band tunneling (BTBT);junctionless FET (JLFET);impact ionization (II);steep switching;split-gate (SG)","Electric fields;Impact ionization;Semiconductor process modeling;Mathematical models;Logic gates;Split gate flash memory cells;Silicon","","1","","32","IEEE","28 Jun 2022","2022","","IEEE","IEEE Journals"
"Network Pruning Towards Highly Efficient RRAM Accelerator","J. Peng; Z. Li; H. Liu; L. Huang; Q. Li","College of Electronic Science and Technology, National University of Defense Technology, Changsha, China; College of Electronic Science and Technology, National University of Defense Technology, Changsha, China; College of Electronic Science and Technology, National University of Defense Technology, Changsha, China; College of Electronic Science and Technology, National University of Defense Technology, Changsha, China; College of Electronic Science and Technology, National University of Defense Technology, Changsha, China",IEEE Transactions on Nanotechnology,"14 Jul 2022","2022","21","","340","351","RRAM crossbar arrays have contributed to the acceleration of deep neural networks (DNNs) by processing in-memory. How to make use of crossbar structure's properties to reduce the resource consumption while maintaining the reasonable accuracy and throughput is a critical issue for large scale sparse neural networks. In this paper, a pruning method for DNNs implemented on RRAM accelerator is proposed, which maps the 2D weight matrix to the crossbar arrays in blocks and reduces the row/column synapses of three sparse scenarios. To overcome the weights imbalance problem during the pruning process, we design an imbalance norm to regularize the network weights, leading to a more compact neural network after pruning. In addition, the corresponding hierarchical architecture of RRAM accelerator is proposed, which utilizes the index module to restore the orderly connection between the input voltage, output current and the cross array after network pruning. Experimental results demonstrated that the proposed pruning method could not only save 45.93% of crossbar resources, reduce the 81.26% power consumption, achieve 73.68% area saving, and speed up by 3.2x, with acceptable loss of accuracy, but also support neural network acceleration with limited precision weights (signed 5-bits).","1941-0085","","10.1109/TNANO.2022.3181793","National Key Research and Development Program of China(grant numbers:2019YFB2205102); National Natural Science Foundation of China(grant numbers:61974164,62074166,61804181,62004219,62004220); National University of Defense and Technology(grant numbers:ZK20-06); ","https://ieeexplore.ieee.org/stamp/stamp.jsp?arnumber=9794435","Crossbar architecture;neural network;pruning method;RRAM;sparsity","Sparse matrices;Computer architecture;Computational modeling;Artificial neural networks;Memory management;Voltage;Virtual machine monitors","","3","","42","IEEE","10 Jun 2022","2022","","IEEE","IEEE Journals"
"Heat Conduction Enhancement of a Thermal Interface Material for Heat Sink Applications Using Carbon Nanomaterials","O. Mouane; E. Sideras-Haddad; E. Nkadimeng; R. Mckenzie; R. Van Rensburg; C. Sandrock; B. Mellado; N. J. Coville","School of Physics and Institute for Collider Particle Physics, University of the Witwatersrand, Johannesburg, South Africa; School of Physics and Institute for Collider Particle Physics and the DSI-NRF Centre of Excellence in Strong Materials, University of the Witwatersrand, Johannesburg, South Africa; School of Physics and Institute for Collider Particle Physics, University of the Witwatersrand, Johannesburg, South Africa; School of Physics and Institute for Collider Particle Physics, University of the Witwatersrand, Johannesburg, South Africa; School of Physics and Institute for Collider Particle Physics, University of the Witwatersrand, Johannesburg, South Africa; School of Physics and Institute for Collider Particle Physics, University of the Witwatersrand, Johannesburg, South Africa; School of Physics and Institute for Collider Particle Physics and iThemba Laboratories for Accelerator Based Sciences (LABS), University of the Witwatersrand, Johannesburg, South Africa; DSI-NRF Centre of Excellence in Strong Materials and the Molecular Sciences Institute, School of Chemistry, University of the Witwatersrand, Johannesburg, South Africa",IEEE Transactions on Nanotechnology,"29 Jul 2022","2022","21","","352","359","We report on the enhancement of the heat transfer of a commercial thermal compound after incorporation of certain carbon nanomaterials. Carbon nanotubes and carbon nanospheres, characterized by transmission electron microscopy, were diffused in a thermal epoxy compound following a precisely developed protocol based on sonication. The heat transmission of these fabricated thermal interface materials was tested using a setup designed to monitor heat dissipation and transmission to the cooling system under simulated operating conditions of standard electronic components. The data were recorded every 10 seconds by an in house built data acquisition system controlled by LabVIEW software. The effect of the amount of the carbon nanomaterials incorporated in the thermal interface compound was investigated, including reproducibility of the recorded results. The incorporation of the carbon nanomaterials showed an improvement in the thermal properties of the fabricated thermal interface materials. The highest achieved heat transfer has been measured for thermal interface materials fabricated with 1% of carbon nanomaterials corresponding to a maximum temperature drop of 2 °C. In addition, the thermal resistance of the thermal interface material used was characterized by the steady state approach. The measurements revealed lowest thermal resistance values of 80.14 and 100.9 mm2K/W corresponding to the thermal interface materials containing 1% of carbon nanotubes and carbon nanospheres respectively. The aim was to incorporate the new developed thermal interface materials in the low voltage power supply electronics as part of the upgrade of the ATLAS detector at CERN, and to be integrated in electronic devices in general in order to protect the important electronic components from damage and overheating and thus expand their life span.","1941-0085","","10.1109/TNANO.2022.3186102","SA-CERN programme; National Research Foundation; Department of Science and Innovation of South Africa; ","https://ieeexplore.ieee.org/stamp/stamp.jsp?arnumber=9806351","Carbon nanotubes;carbon nanospheres;heat transfer;thermal interface materials","Carbon;Nanomaterials;Compounds;Heat transfer;Heat sinks;Temperature measurement;Carbon nanotubes","","6","","25","IEEE","24 Jun 2022","2022","","IEEE","IEEE Journals"
"Luminescent Solar Concentrators: A Review of Nanoengineering Opportunities for Reducing Surface Losses","V. J. Oliveto; C. Boyd; D. Smith; M. Hughes; D. -A. Borca-Tasciuc","Rensselaer Polytechnic Institute, Troy, NY, USA; Rensselaer Polytechnic Institute, Troy, NY, USA; Rensselaer Polytechnic Institute, Troy, NY, USA; Rensselaer Polytechnic Institute, Troy, NY, USA; Rensselaer Polytechnic Institute, Troy, NY, USA",IEEE Transactions on Nanotechnology,"2 Aug 2022","2022","21","","360","366","Luminescent solar concentrators are a lesser-known solar power technology that have the potential to make their way into the constellation of building integrated photovoltaics products. A transparent plastic sheet with solar cells on its edges incorporating luminescent species acts as a wave guide to concentrate light entering through its exposed surface to smaller area photovoltaics. Although they have many advantages, the technology's low efficiency constitutes a major barrier to potential commercialization. While there are several factors contributing to this issue, the low efficiency is largely attributed to the escape cone losses through the light-receiving, large area surfaces. Advances in nanoengineering have provided new, promising ways to reduce these losses. Spectrally selective mirrors, cholesteric mirrors, photonic crystals, asymmetric light transmission interfaces, and quantum dots and dyes with anisotropic emission are all possible solutions that can be engineered at the nanoscale to reduce surface losses and improve overall performance of luminescent solar concentrators. Continued research and improvements in these fields could enable luminescent solar concentrators to become staple products for green buildings.","1941-0085","","10.1109/TNANO.2022.3188962","","https://ieeexplore.ieee.org/stamp/stamp.jsp?arnumber=9816097","Green buildings;net zero energy buildings;luminescent solar concentrators;surface losses","Mirrors;Buildings;Photonics;Reflectivity;Photonic band gap;Surface waves;Photovoltaic systems","","6","","72","IEEE","6 Jul 2022","2022","","IEEE","IEEE Journals"
"Beyond-Cu Intermediate-Length Interconnect Exploration for SRAM Application","Z. Pei; F. Catthoor; Z. Tokei; C. Pan","Department of Electrical Engineering, The University of Texas at Arlington, Arlington, TX, USA; IMEC, Leuven, Belgium; IMEC, Leuven, Belgium; Department of Electrical Engineering, The University of Texas at Arlington, Arlington, TX, USA",IEEE Transactions on Nanotechnology,"29 Jul 2022","2022","21","","367","373","Promising interconnect materials continue to emerge and are considered as potential replacements for Cu interconnects. In this paper, an intermediate-length interconnect technology exploration framework for SRAM array-level performance based on CACTI 7 is presented to efficiently optimize various emerging interconnect technologies. Three graphene-based wire materials are benchmarked against their traditional Cu counterpart for optimal SRAM array-level performance. Furthermore, we investigate the scalability of the emerging wire for the SRAM application under five technology nodes based on ASU Predictive Technology Model for FinFET devices and quantify the impact of different cache sizes on key performance metrics, including energy-delay product (EDP) and energy-delay-area product (EDAP). Results demonstrate that the cache using thick graphene wires has over 19% EDP reduction comparing the Cu counterpart. It is shown that up to 37% of the EDAP improvement can be achieved by thick graphene wires for 2MB cache size at 7 nm.","1941-0085","","10.1109/TNANO.2022.3157952","IMEC; ","https://ieeexplore.ieee.org/stamp/stamp.jsp?arnumber=9732180","Interconnect;graphene;SRAM;mean free path;delay;energy-delay product;energy-delay-area product;design/technology co-optimization","Wires;Graphene;Integrated circuit interconnections;Random access memory;Resistance;Quantum capacitance;Performance evaluation","","5","","39","IEEE","9 Mar 2022","2022","","IEEE","IEEE Journals"
"Single Step Synthesis of 2-D Marcasite FeS2 Micro-Flowers Based Electrochemical Sensor for Simultaneous Detection of Four DNA Bases","R. Sha; N. Vishnu; S. Badhulika","Department of Electrical Engineering, Indian Institute of Technology, Hyderabad, India; Department of Electrical Engineering, Indian Institute of Technology, Hyderabad, India; Department of Electrical Engineering, Indian Institute of Technology, Hyderabad, India",IEEE Transactions on Nanotechnology,"29 Jul 2022","2022","21","","374","379","This work demonstrates the single-step solvothermal synthesis of marcasite FeS2 as a low-cost electrochemical platform for the separation-less sensing of four nucleobases of DNA. FESEM micrographs reveal high surface area micro-flowers like morphology of the marcasite FeS2 wherein each micro-flower comprises vertically grown interwoven 2D nanosheets. XRD and Raman spectra further confirm the successful synthesis of the marcasite FeS2. A detailed optimization study on the impact of electrolytic pH values on the simultaneous determination of four DNA bases (adenine (A), thymine (T), guanine (G) and cytosine (C)) is performed. Under optimal pH conditions, the marcasite FeS2 based electrode is capable of identifying DNA bases altogether over the linear range of 500-2000 μM with excellent reproducibility and stability. The superior electrochemical sensing properties of the marcasite FeS2 towards simultaneous detection of four bases can be ascribed to high electro-active surface area and conductivity from the active sites of this unique 2D nanosheets-like structure. Besides, to establish its efficacy in real-time applications, the sensor is successfully utilized for the detection of nucleobases of denatured DNA of calf-thymus, and the obtained value of $\frac{{( {G + C} )}}{{( {A + T} )}}$ is found to be 0.77. These results establish that the marcasite FeS2 has enormous potential to be used as a promising low-cost, functional transition metal di-chalcogenide (TMD) nanomaterial for bio-analytical and sensing applications.","1941-0085","","10.1109/TNANO.2022.3190223","","https://ieeexplore.ieee.org/stamp/stamp.jsp?arnumber=9827610","Adenine;calf-thymus DNA;cytosine;guanine;marcasite FeS  $_{2}$  ;thymine","Iron;DNA;Sensors;Electrodes;X-ray scattering;Surface morphology;Redox","","18","","18","IEEE","12 Jul 2022","2022","","IEEE","IEEE Journals"
"Analysis of Parasitic Effects in a Crossbar in CMOS Based Neuromorphic System for Pattern Recognition Using Memristive Synapses","S. A. Thomas; S. K. Vohra; R. Kumar; R. Sharma; D. M. Das","Department of Electrical Engineering, Indian Institute of Technology, Ropar, Rupnagar, India; Department of Electrical Engineering, Indian Institute of Technology, Ropar, Rupnagar, India; Department of Electrical Engineering, Indian Institute of Technology, Ropar, Rupnagar, India; Department of Electrical Engineering, Indian Institute of Technology, Ropar, Rupnagar, India; Department of Electrical Engineering, Indian Institute of Technology, Ropar, Rupnagar, India",IEEE Transactions on Nanotechnology,"29 Jul 2022","2022","21","","380","389","This paper proposes a complete CMOS realized neuromorphic system for pattern recognition having CMOS-based memristor emulators as synaptic circuits. The crossbar array of the system is modeled by considering the emulator circuit's area to determine the spacing between the interconnects. The interconnect parasitics are obtained from the ANSYS Q3D extractor. Parasitics extracted are also validated using the analytical model. A crossbar array architecture modeled with the extracted parasitic components and the memristor emulator will provide an understanding of the behavior of the crossbar array and can be used to analyze the parasitic effects on various real-time applications. Our analysis shows that as the operating frequency increases, the recognition rate of the neuromorphic system is reduced to 66.67% due to the crossbar's parasitics, non-idealities of the neuron, and memristor circuits. The memristor's state, either low or high resistance, significantly affects the system's performance, which is evaluated by the rise time and signal delay. The energy consumed by the CMOS-based memristor emulator synapse for recognizing each pattern is 0.44 $nJ$, which is significantly lower when compared with the previous works. The circuit design and verification are done using 180-nm CMOS technology.","1941-0085","","10.1109/TNANO.2022.3190903","Ministry of Electronics and IT, Government of India(grant numbers:MLA/4(36)/2015-16); SMDP-C2SD(grant numbers:9(1/2014-MMD)); SERB-CRG(grant numbers:CRG/2021/007283); ","https://ieeexplore.ieee.org/stamp/stamp.jsp?arnumber=9830050","Neuromorphic system;pattern recognition;crossbar array;memristor;interconnects;parasitic effects","Memristors;Neurons;Pattern recognition;Neuromorphics;Integrated circuit modeling;Capacitors;Synapses","","22","","35","IEEE","14 Jul 2022","2022","","IEEE","IEEE Journals"
"Hysteresis Modeling and Analysis of Magnetic Shape Memory Alloy-Driven Actuator","C. Zhang; Y. Yu; J. Xu; M. Zhou","Department of Control Science and Engineering, Jilin University, Changchun, China; Department of Control Science and Engineering, Jilin University, Changchun, China; Department of Control Science and Engineering, Jilin University, Changchun, China; Department of Control Science and Engineering, Jilin University, Changchun, China",IEEE Transactions on Nanotechnology,"2 Aug 2022","2022","21","","390","398","The accuracy of the micro-positioning system impelled by a magnetic shape memory alloy-driven actuator (MSMADA), is severely restricted by the frequency-dependent hysteresis nonlinearity. Moreover, the actuating accuracy is further affected by various operating factors such as load and temperature. In this study, a Duhem model (DM) identified online by a Takagi-Sugeno fuzzy neural network (TSFNN-DM) is innovatively proposed for describing the frequency-dependent hysteresis nonlinearity of the MSMADA. The DM, which has the explicit function expression, is one of the popular differential equation-based hysteresis models. However, the determination of the DM parameters is difficult and hinders its further applications. The TSFNN, which combines the advantages of easy expressing of the fuzzy inference system and self-adjustment ability of the NN, is employed to identify the DM parameters online. The rationality of the developed method is proved by a Taylor expansion in theory. Plenty of experiments verify that the proposed TSFNN-DM method is an efficient manner to capture the frequency-dependent hysteresis nonlinearity under different working conditions.","1941-0085","","10.1109/TNANO.2022.3190299","National Natural Science Foundation of China(grant numbers:51675228); Science and Technology Development Plan of Jilin Province of China(grant numbers:20180101052JC,20190303020SF); ","https://ieeexplore.ieee.org/stamp/stamp.jsp?arnumber=9827593","Duhem model (DM);fuzzy neural network;hysteresis modeling;magnetic shape memory alloy-driven actuator (MSMADA)","Mathematical models;Magnetic hysteresis;Hysteresis;Computational modeling;Adaptation models;Shape;Springs","","10","","24","IEEE","12 Jul 2022","2022","","IEEE","IEEE Journals"
"A Glucose Sensor Based on Surface Functionalized MXene","Y. Huang; Z. Long; J. Zou; L. Luo; X. Zhou; H. Liu; W. He; K. Shen; J. Wu","Institute of Fundamental and Frontier Sciences, University of Electronic Science and Technology of China, Chengdu, P. R. China; State Key Laboratory of Electronic Thin Films and Integrated Devices, University of Electronic Science and Technology of China, Chengdu, Sichuan, China; Institute of Fundamental and Frontier Sciences, University of Electronic Science and Technology of China, Chengdu, P. R. China; Institute of Fundamental and Frontier Sciences, University of Electronic Science and Technology of China, Chengdu, P. R. China; College of Chemistry and Chemical Engineering, Henan University of Technology, Zhengzhou, P.R. China; Institute of Fundamental and Frontier Sciences, University of Electronic Science and Technology of China, Chengdu, P. R. China; Institute of Fundamental and Frontier Sciences, University of Electronic Science and Technology of China, Chengdu, P. R. China; Institute of Fundamental and Frontier Sciences, University of Electronic Science and Technology of China, Chengdu, P. R. China; Institute of Fundamental and Frontier Sciences and State Key Laboratory of Electronic Thin Films and Integrated Devices, University of Electronic Science and Technology of China, Chengdu, P. R. China",IEEE Transactions on Nanotechnology,"9 Aug 2022","2022","21","","399","405","Biosensor based on surface functionalized MXene for sensitive enzymatic glucose detection is reported. We intentionally generate a few defects and increase surface hydroxyl groups on the surface of MXene-Ti3C2Tx as binding sites for the bioreceptor immobilization. The biosensor utilizes the excellent electrical conductivity and abundant active sites of functionalized MXene, providing a transfer channel for the electrons generated by the redox reaction between glucose oxidase (GOx) enzyme and glucose. The sensor exhibits a high sensitivity up to 5.1 A/A for 10 mM glucose. Furthermore, we developed a glucose data collection and sharing system based on a cloud platform, ensuring the sensor detection error controlled within 10%. Therefore, the surface functionalized MXene reported in this work is emerged as a potential candidate for electrochemical biosensors.","1941-0085","","10.1109/TNANO.2022.3190989","Fundamental Research Funds for the Central Universities(grant numbers:ZYGX2019Z018); Innovation Group Project of Sichuan Province(grant numbers:20CXTD0090); UESTC Shared Research Facilities of Electromagnetic Wave and Matter Interaction(grant numbers:Y0301901290100201); ","https://ieeexplore.ieee.org/stamp/stamp.jsp?arnumber=9832783","Cloud platform;glucose oxidase enzyme;glucose sensor;hydroxyl groups;MXene","Glucose;Sensitivity;Biosensors;Surface morphology;Sensors;Redox;Substrates","","17","","40","IEEE","18 Jul 2022","2022","","IEEE","IEEE Journals"
"Time-Multiplexed In-Memory Computation Scheme for Mapping Quantized Neural Networks on Hybrid CMOS-OxRAM Building Blocks","S. K. Kingra; V. Parmar; M. Sharma; M. Suri","Electrical Engineering, Indian Institute of Technology Delhi, New Delhi, India; Electrical Engineering, Indian Institute of Technology Delhi, New Delhi, India; Electrical Engineering, Indian Institute of Technology Delhi, New Delhi, India; Electrical Engineering, Indian Institute of Technology Delhi, New Delhi, India",IEEE Transactions on Nanotechnology,"9 Aug 2022","2022","21","","406","412","In this work, we experimentally demonstrate two key building blocks for realizing Binary/Ternary Neural Networks (BNNs/TNNs): (i) 130 nm CMOS based sigmoidal neurons and (ii) HfO$_{2}$ based multi-level (MLC) OxRAM-synaptic blocks. An optimized vector matrix multiplication (VMM) programming scheme that utilizes the two building blocks is also presented. Compared to prior approaches that utilize differential synaptic structures, a single device per synapse with two sets of READ operations is used. Proposed hardware mapping strategy shows performance change of $< $5% (decrease of 2-5% for TNN, increase of 0.2% for BNN) compared to software-based implementation with significant memory savings in the order of 16-32× for classification problem on Fashion MNIST (FMNIST) dataset. Impact of OxRAM device variability on the performance of Hardware BNN/TNN is also analyzed.","1941-0085","","10.1109/TNANO.2022.3193921","Science and Engineering Research Board(grant numbers:CRG/2018/001901); IITD-FIRP Grant; ","https://ieeexplore.ieee.org/stamp/stamp.jsp?arnumber=9841006","BNN;in-memory computing;neuromorphic;OxRAM;TNN;VMM","Neurons;Hardware;Programming;Logic gates;Synapses;Virtual machine monitors;Resistance","","2","","30","IEEE","26 Jul 2022","2022","","IEEE","IEEE Journals"
"On the Enabling of Multi-Receiver Communications With Reconfigurable Intelligent Surfaces","H. Taghvaee; A. Jain; S. Abadal; G. Gradoni; E. Alarcón; A. Cabellos-Aparicio","George Green Institute for Electromagnetics Research, Department of Electrical and Electronics Engineering, University of Nottingham, Nottingham, U.K.; Telecommunications Engineering Department, Neutroon Technologies S.L., Barcelona, Spain; NaNoNetworking Center in Catalonia (N3Cat), Universitat Politècnica de Catalunya, Barcelona, Spain; George Green Institute for Electromagnetics Research, Department of Electrical and Electronics Engineering, University of Nottingham, Nottingham, U.K.; NaNoNetworking Center in Catalonia (N3Cat), Universitat Politècnica de Catalunya, Barcelona, Spain; NaNoNetworking Center in Catalonia (N3Cat), Universitat Politècnica de Catalunya, Barcelona, Spain",IEEE Transactions on Nanotechnology,"16 Aug 2022","2022","21","","413","423","The reconfigurable intelligent surface is a promising technology for the manipulation and control of wireless electromagnetic signals. In particular, it has the potential to provide significant performance improvements for wireless networks. However, to do so, a proper reconfiguration of the reflection coefficients of unit cells is required, which often leads to complex and expensive devices. To amortize the cost, one may share the system resources among multiple transmitters and receivers. In this paper, we propose an efficient reconfiguration technique providing control over multiple beams independently. Compared to time-consuming optimization techniques, the proposed strategy utilizes an analytical method to configure the surface for multi-beam radiation. This method is easy to implement, effective and efficient since it only requires phase reconfiguration. We analyze the performance for indoor and outdoor scenarios, given the broadcast mode of operation. The aforesaid scenarios encompass some of the most challenging scenarios that wireless networks encounter. We show that our proposed technique provisions sufficient improvements in the observed channel capacity when the receivers are close to the surface in the indoor office environment scenario. Further, we report a considerable increase in the system throughput given the outdoor environment.","1941-0085","","10.1109/TNANO.2022.3195116","Royal Society(grant numbers:INF\R2\192066); European Commission; H2020 RISE-6G(grant numbers:101017011); Engineering and Physical Sciences Research Council(grant numbers:EP/V048937/1); ","https://ieeexplore.ieee.org/stamp/stamp.jsp?arnumber=9844838","RIS;metasurface;beyond 5G;6G;relay","Receivers;Time division multiplexing;Reflection;5G mobile communication;Antenna radiation patterns;Wireless networks;Time-domain analysis","","21","","57","IEEE","29 Jul 2022","2022","","IEEE","IEEE Journals"
"Robust Electric-Field Input Circuits for Clocked Molecular Quantum-Dot Cellular Automata","P. Cong; E. P. Blair","Department of Electrical and Computer Engineering, Baylor University, Waco, TX, USA; Department of Electrical and Computer Engineering, Baylor University, Waco, TX, USA",IEEE Transactions on Nanotechnology,"17 Aug 2022","2022","21","","424","433","Quantum-dot cellular automata (QCA) is a paradigm for low-power, general-purpose, classical computing designed to overcome the challenges facing CMOS in the extreme limits of scaling. A molecular implementation of QCA offers nanometer-scale devices with device densities and operating speeds which may surpass CMOS device densities and speeds by several orders of magnitude, all at room temperature. Here, a proposal for electric field bit write-in to molecular QCA circuits is extended to QCA circuits clocked using the $z$ component of an applied electric field. Input electrodes, which may be much larger than the cells themselves, apply an input $y$ field component. The input field selects an input bit on a field-sensitive portion of the circuit, and a shift register transmits the input bit to downstream logic. The circuit is sensitive to the input field, since even a very weak input field selects a bit and drives the shift register as desired. The circuit also is robust: the coupling between the field-sensitive segment and the shift register fails at input field strengths much stronger than those needed to write a bit. A simple rotation of the the shift register cells eliminates this circuit failure, even under arbitrarily strong input fields. The modified circuit also tolerates a significant unwanted $x$ field component, which is used neither for clocking nor for input. The write-in of classical bits to molecular QCA circuits is one road-block that must be cleared in order to realize energy-efficient molecular computation using QCA. Write-in may be achieved simply by using relatively large electrodes and clocked molecular circuits that respond to a weak input field and tolerate very strong applied fields without failing.","1941-0085","","10.1109/TNANO.2022.3193123","Office of Naval Research(grant numbers:N00014-20-1-2420); ","https://ieeexplore.ieee.org/stamp/stamp.jsp?arnumber=9837453","Bit write-in;clocked QCA;field tolerance;molecular electronics;quantum dots","Quantum dots;Stationary state;Electrodes;Tunneling;Shift registers;Logic gates;Mathematical models","","7","","71","IEEE","22 Jul 2022","2022","","IEEE","IEEE Journals"
"Demonstration of an UltraLow Energy PD-SOI FinFET Based LIF Neuron for SNN","V. Rajakumari; K. P. Pradhan","Department of ECE, Indian Institute of Information Technology Design and Manufacturing (IIITDM), Chennai, Tamil Nadu, India; Department of ECE, Indian Institute of Information Technology Design and Manufacturing (IIITDM), Chennai, Tamil Nadu, India",IEEE Transactions on Nanotechnology,"17 Aug 2022","2022","21","","434","441","In this article, partially depleted silicon on insulator (PD-SOI) FinFET based LIF neuron is demonstrated to mimic biological neuronal behaviour with aid of well-calibrated 3D TCAD simulation. The floating body effect of PD-SOI FinFET is used to store the holes generated by the impact ionisation (‘II’), which exhibits the integration phenomenon and recombination manifests the leaky function. It shows 5.4 fJ of energy per spike, which is significantly lower than other FinFET based neurons reported till date. Moreover, it needs only 1.8 V of supply voltage, which is lower as compared to its equivalent bulk FinFET and PD-SOI MOSFET based LIF neurons. The proposed PD-SOI FinFET LIF neuron shows megahertz range of spiking frequency, that is $\sim 10 ^{5}$× higher than biological neuron ($\sim$1–10 Hz). Furthermore, the effective area of the FinFET is optimized as 0.023 $\mu$m$ ^{2}$. Thus, the proposed PD-SOI FinFET based LIF neuron is more attractive for large scale hardware implementation of SNN, due to its energy and area efficiency comparable with biological neuron along with CMOS compatibility.","1941-0085","","10.1109/TNANO.2022.3195698","Science and Engineering Research Board, Government of India(grant numbers:SRG/2020/001622); ","https://ieeexplore.ieee.org/stamp/stamp.jsp?arnumber=9847408","Impact ionisation;leaky-integrate and fire;PD-SOI FinFET;spiking neural network","Neurons;FinFETs;Biology;Logic gates;Computational modeling;Biological system modeling;Hardware","","23","","32","IEEE","2 Aug 2022","2022","","IEEE","IEEE Journals"
"Role of the Polymeric Matrix and Surface Affinity During Gold Nanoparticles Patterning by Multi-Photon Photo-Reduction","T. Ritacco; P. Pagliusi; M. Giocondo","Department of Physics, University of Calabria, Rende, Italy; Department of Physics, University of Calabria, Rende, Italy; CNR Nanotec– Institute of Nanotechnology, Rende, Italy",IEEE Transactions on Nanotechnology,"18 Aug 2022","2022","21","","442","448","Gold nanoparticles (GNPs) can be patterned on specific positions and substrates by Multi-Photon Direct Laser Writing (MP-DLW) in wet polymeric matrices doped with tetrachloroauric acid (HAuCl4) as gold precursor. The Hamaker constants describing the GNP-GNP interaction and the interaction between the GNPs and the surrounding materials is described, defining the role of the polymeric matrix; thus, its limits and the advantages are thoroughly analysed. The Multi-Photon Photo-Reduction (MPPR) process, leading to the GNPs creation, triggers a local temperature rising, which can ablate the polymer and influences the particle distribution, size and density. The GNPs polydispersity also depends on the water content in the film, variable because of the vaporization. A protocol to perform MP-DLW of GNPs, without the use of the polymer is illustrated: by treating the surface with a surfactant, it is possible to make the particles stick to the substrate, control their size and reduce the diffusive and convective effects generated by the MPPR.","1941-0085","","10.1109/TNANO.2022.3191782","MUR(grant numbers:H26J20001560005); CNR(grant numbers:PONa3-00362); ","https://ieeexplore.ieee.org/stamp/stamp.jsp?arnumber=9832516","3D laser printing;gold nanoparticles;nanopatterning;multi-photon photo-reduction;polyvinyl alcohol","Polymers;Gold;Substrates;Economic indicators;Gratings;Nanoparticles;Power lasers","","","","53","IEEE","18 Jul 2022","2022","","IEEE","IEEE Journals"
"Emulating Switching From Short-Term to Long-Term Plasticity of Bio-Synapse Using Split Gate MOSFET","A. K. Kamal; A. Thakur; J. Singh","Department of Electrical Engineering, Indian Institute Of Technology, Patna, Bihar, India; Department of Electrical Engineering, Indian Institute Of Technology, Patna, Bihar, India; Department of Electrical Engineering, Indian Institute Of Technology, Patna, Bihar, India",IEEE Transactions on Nanotechnology,"26 Aug 2022","2022","21","","449","454","For the development of brain-inspired neuromorphic hardware with high integration density and connectivity in this work, we have proposed a fully planar, CMOS compatible, and energy efficient (inference energy = 7.4x$10^{-17}$ J) tunable-split gate synaptic transistor (T-SGST) with correlation-based plasticity. Valence band offset (VBO) in the device due to SiGe region and charge trapping/de-trapping in the nitride layer are found to be effective for synaptic learning (short-term potentiation (STP), long-term potentiation (LTP), and long-term depression (LTD)) at low trapping/de-trapping voltage ($V_{G2S}$ = $\mid 3.5 \mid$ V). Furthermore, the switching from STP to LTP is governed by repeated input pulses (correlation-based plasticity) and the bias potential on gate 1 (G1). The proposed T-SGST offers a switching at the $8^{th}$ input pulse when G1 is tuned at $V_{G1S}$ = 0 V, whereas for $V_{G1S}$ = -0.2 V there is no switching. In addition, we have also reported the strong dependence of the interval time between input pulses on switching. These findings in our proposed T-SGST device make it a promising candidate for application in the neuromorphic technology.","1941-0085","","10.1109/TNANO.2022.3198223","Department of Science and Technology–Science and Engineering Research Board(grant numbers:CRG/2021/007278); ","https://ieeexplore.ieee.org/stamp/stamp.jsp?arnumber=9855217","Synaptic transistor;band to band tunnelling (BTBT);impact ionization (II);potential well;plasticity","Logic gates;Transistors;Silicon germanium;Silicon;Voltage;Switches;Impact ionization","","8","","26","IEEE","11 Aug 2022","2022","","IEEE","IEEE Journals"
"Design of a STT-MTJ Based Random-Access Memory With In-situ Processing for Data-Intensive Applications","K. Monga; N. Chaturvedi; S. Gurunarayanan","Department of Electrical and Electronics Engineering, Birla Institute of Technology and Science, Pilani, India; Department of Electrical and Electronics Engineering, Birla Institute of Technology and Science, Pilani, India; Department of Electrical and Electronics Engineering, Birla Institute of Technology and Science, Pilani, India",IEEE Transactions on Nanotechnology,"29 Aug 2022","2022","21","","455","465","During the last few years, deep learning techniques are frequently applied in large-scale image processing, detection in a variety of computer vision, cognitive tasks, and information analysis applications. The execution of deep learning algorithms like CNN and FCNN requires high dimensional matrix multiplication, which contributes to significant computational power. The frequent data movement between memory and core is one of the main reasons for considerable power consumption and latency, hence becoming a major performance bottleneck for conventional computing systems. To address this challenge, we propose an in-memory computing array that can perform computation directly within the memory, hence, reducing the overhead associated with data movement. The proposed Random-Access Memory with in-situ Processing (RAMP) array reconfigures the emerging magnetic random-access memory to realize logic and arithmetic functions inside the memory. Furthermore, the array supports independent operations over multiple rows and columns, which helps in accelerating the execution of matrix operations. To validate the functionality and evaluate the performance of the proposed array, we perform extensive spice simulations. At 45nm, the proposed array takes 5.39 ns, 0.68 ns, 0.68 ns, 0.7 ns and consumes 2.2 pJ/bit, 0.21 pJ/bit, 0.23 pJ/bit, 0.7 pJ/bit while performing a memory write, memory read, logic, and arithmetic operations respectively.","1941-0085","","10.1109/TNANO.2022.3199230","Department of Science and Technology; Ministry of Electronics and Information Technology; National Supercomputing Mission and R&D(grant numbers:DST/NSM/R&D_Exascale/2021/13); ","https://ieeexplore.ieee.org/stamp/stamp.jsp?arnumber=9858639","In-Memory Computing (IMC);low-power;Magnetic Random-Access Memory (MRAM);non-volatile memory;Spin Transfer Torque-Magnetic Tunnel Junction (STT-MTJ)","Random access memory;Logic arrays;Arrays;Magnetic tunneling;Arithmetic;Resistance;Junctions","","8","","33","IEEE","17 Aug 2022","2022","","IEEE","IEEE Journals"
"Performance of the 100-μm Diameter High Conductivity CNT Fibers in MHz Frequencies","M. Ehab; M. A. Tawfik; C. -G. Lee; A. Ahmed; J. -H. Park","Electrical Engineering, Soongsil University, Seoul, Korea; Soongsil University, Seoul, Korea; Soongsil University, Seoul, Korea; Soongsil University, Seoul, Korea; Electrical Engineering, Soongsil University, Seoul, Korea",IEEE Transactions on Nanotechnology,"13 Sep 2022","2022","21","","466","473","In the last few years there is an encouraging development in CNT-based wires. However, not a lot of fabrication technologies are able to produce a promising conductivity value. One of the most highly productive fabrication technologies to increase the electrical characteristics is the solution spinning technology. There are two kinds of high conductivity CNT-wires; one is CNTF yarn and the other is CNT fiber. This paper compares these two kinds of wires in high frequency MHz region. The CNTF yarn is proven to exhibit non-metallic characteristics and has excellent high frequency performance as compared to metals. The main focus of this paper is to investigate the high frequency performance focusing on the CNT fiber. One of the most conductive CNTF-yarn based wires is 500 μm in diameter with a conductivity of 2.7 ± 0.3 MS/m. Whereas, the CNT-fiber based wire is 100 μm in diameter with a conductivity of 8 ± 2 MS/m. Both wires are compared to solid copper wires. A bundle of these CNT fibers has been constructed to form the diameter similar to the other wires. Then, a spiral inductor was made for every wire with the same dimensions. The frequency and temperature measurement results prove that the CNTF yarn performs better than the bundled CNT fiber in high frequency. FEM analysis has been conducted to verify the measurement results. The analysis validated the measurement results and revealed that the CNT fiber displays quasi-metallic characteristics along with anisotropic effects. Both the measurement and the FEM results are discussed in the paper.","1941-0085","","10.1109/TNANO.2022.3200640","National Research Foundation of Korea(grant numbers:NRF2019R1A2C108460511); ","https://ieeexplore.ieee.org/stamp/stamp.jsp?arnumber=9864061","AC resistance;carbon nanotube fiber (CNTF) yarn;carbon nanotube (CNT) fiber;copper (Cu);high frequency;metallic characteristics;spiral inductor","Yarn;Resistance;Copper;Inductors;Temperature measurement;Electrical resistance measurement;Conductivity","","5","","33","IEEE","22 Aug 2022","2022","","IEEE","IEEE Journals"
"Exploration of Cu/g-C3N4 Nanocomposites as a Cost-Effective High-Performance Asymmetric Supercapacitor Electrode Material","S. Yesmin; I. Hussain; M. Devi; R. Dasgupta; S. S. Dhar","Department of Electronics and Instrumentation Engineering, National Institute of Technology Silchar, Silchar, India; Aditya College of Engineering, East Godavari, India; Department of Chemistry, National Institute of Technology Silchar, Silchar, India; Department of Electronics and Instrumentation Engineering, National Institute of Technology Silchar, Silchar, India; Department of Chemistry, National Institute of Technology Silchar, Silchar, India",IEEE Transactions on Nanotechnology,"13 Sep 2022","2022","21","","474","480","This work reports the synthesis, characterization, and electrochemical analysis of composites comprised of copper nanoparticles grafted on graphitic carbon nitride (g-C3N4) for cost-effective, high-performance supercapacitor applications. A facile synthesis method was adopted to impregnate copper nanoparticles over g-C3N4 sheets, and structural and morphological characterizations evidenced successful in situ grafting of Cu/g-C3N4. Different electrochemical investigations were accomplished to estimate the supercapacitive behavior of the designed electrode material. These electrochemical analyses unveiled that the designed nanocomposites showed superior electrochemical performances than pristine g-C3N4. The equivalent series resistance of 1.61 Ω was obtained for Cu/g-C3N4, which is lesser than base material g-C3N4 sheets (2.19 Ω) from the Nyquist plot of EIS spectra. An asymmetric solid-state supercapacitor was designed, and a specific capacitance of 265.25 Fg−1 at 0.5 Ag−1 current density was found, along with an energy density of 36.87 Wh/kg at a power density of 2.50 kW/kg. Moreover, good cyclic consistency of 79.4% capacitance retention was obtained at 5 Ag−1 at 5000 cycles. These electrochemical performances indicate that Cu/g-C3N4 nanocomposites have a vast potential to use in energy storage perspective.","1941-0085","","10.1109/TNANO.2022.3194097","","https://ieeexplore.ieee.org/stamp/stamp.jsp?arnumber=9842315","Copper nanoparticles;electrochemical analysis;specific energy;graphitic carbon nitride;specific power;supercapacitors","Electrodes;Supercapacitors;Nanoparticles;Electrolytes;Copper;Capacitance;Nanocomposites","","9","","39","IEEE","27 Jul 2022","2022","","IEEE","IEEE Journals"
"A Two-Step Process for Reduced Graphene Oxide Films With Work Function Tunability","F. Sun; H. Ghosh; J. Wang; Z. Tan; S. Sivoththaman","Department of Electrical and Computer Engineering, University of Waterloo, Waterloo, Ontario, Canada; Department of Electrical and Computer Engineering, University of Waterloo, Waterloo, Ontario, Canada; Department of Electrical and Computer Engineering, University of Waterloo, Waterloo, Ontario, Canada; Departments of Mechanical and Mechatronics Engineering and Chemical Engineering, University of Waterloo, Waterloo, Ontario, Canada; Department of Electrical and Computer Engineering, University of Waterloo, Waterloo, Ontario, Canada",IEEE Transactions on Nanotechnology,"16 Sep 2022","2022","21","","481","488","Reduced graphene oxide (rGO) is an attractive material for variety of optoelectronic applications. It has a high potential for mass and cost-effective production. This work presents the synthesis of rGO by two-step reduction to reduce graphene oxide (GO) produced from inexpensive graphite starting material. Uniform rGO films with thickness of about 20 nm are produced from a rather defective GO starting material and characterized for structural, optical and electrical properties. The film transparency is close to 90% over a broad range of wavelengths. The work function of the rGO films analyzed using ultraviolet photoelectron spectroscopy ranges from 3.6 to 5.1 eV, revealing significant tunability depending on the adopted reduction process. These properties underline the potential of rGO for electrodes with carrier-selectivity.","1941-0085","","10.1109/TNANO.2022.3193075","","https://ieeexplore.ieee.org/stamp/stamp.jsp?arnumber=9837454","Reduced graphene oxide;photoelectron spectroscopy;work function;transparency","Graphene;Graphite;Surface roughness;Surface morphology;Rough surfaces;Pollution measurement;Optical films","","3","","46","IEEE","22 Jul 2022","2022","","IEEE","IEEE Journals"
"Strain Minimization of InAs QDs Heterostructures Using Dual Quaternary-Ternary/Ternary-Quaternary Capping Materials via Digital Alloy Capping Layer Approach","R. Kumar; J. Saha; S. Chakrabarti","Indian Institute of Technology Bombay, Mumbai, India; Electrical Engineering, IIT Gandhinagar, Palaj, Gujarat, India; Indian Institute of Technology Bombay, Mumbai, India",IEEE Transactions on Nanotechnology,"13 Sep 2022","2022","21","","489","498","The role of combinational (ternary and quaternary) capping layers to understand the strain distribution mechanism and optical properties through digital alloy capping layer (DACL) has been presented in this work. GaAsSb as ternary and InGaAsSb as quaternary capping materials have been used, and a combination of ternary-quaternary/quaternary-ternary has been implemented. Digital alloy technique has been employed to cover the quantum dots with the combinational capping materials. The biaxial as well as hydrostatic strain is obtained using Nextnano++ software and compared to analyze the strain distribution inside the heterostructure. Digital alloyed structures offer a red shift in emission wavelength (∼ 2 μm) compared to conventional structures based on the selection of capping material. However, the selection of capping materials (GaAsSb and InGaAsSb) exhibits both type-I as well as type-II band profiles which can be utilized in multiple optoelectronic applications. This detailed theoretical study of the digital and analog alloy approach of the combinational ternary/quaternary and quaternary/ternary capping layer would help to optimize advanced futuristic device heterostructures with reduced strain and better crystal quality.","1941-0085","","10.1109/TNANO.2022.3199417","DST Nano Mission(grant numbers:SR/NM/NS 1178/2015(G)); Science and Engineering Research Board(grant numbers:EMR/2016/005338); DST-SERI(grant numbers:DST/TMC/SERI/FR/117(G)); Indian Space Research Organization(grant numbers:09SUBH001); Abdul Kalam Technology Innovation National Fellowship(grant numbers:INAE/121/AKF); National Central of Excellence in Technology for Internal Security; ","https://ieeexplore.ieee.org/stamp/stamp.jsp?arnumber=9858641","Quantum Dots;Digital Alloy Capping Layer (DACL);Analog Alloy Capping Layer (AACL);Ternary/Quaternary;Quaternary/Ternary;Lattice Parameter;and Strain;PL emission","Strain;Lattices;Gallium arsenide;Software;Digital alloys;Tensors;Shape","","2","","46","IEEE","17 Aug 2022","2022","","IEEE","IEEE Journals"
"Perovskite Capped ZnO Nanorods Ultraviolet/Visible Broadband Photodetectors","M. -H. Li; J. -J. Jhang; S. -M. Chen; J. -R. Chen; L. -S. Lu; H. -H. Chen; P. Chen; H. Chen; C. -F. Lin; J. Han","Department of Applied Materials and Optoelectronic Engineering, National Chi Nan University, Nantou, Taiwan; Department of Applied Materials and Optoelectronic Engineering, National Chi Nan University, Nantou, Taiwan; Department of Applied Materials and Optoelectronic Engineering, National Chi Nan University, Nantou, Taiwan; Department of Applied Materials and Optoelectronic Engineering, National Chi Nan University, Nantou, Taiwan; Department of Applied Materials and Optoelectronic Engineering, National Chi Nan University, Nantou, Taiwan; Department of Photonics, National Cheng Kung University, Tainan, Taiwan; Department of Photonics, National Cheng Kung University, Tainan, Taiwan; Department of Applied Materials and Optoelectronic Engineering, National Chi Nan University, Nantou, Taiwan; Department of Materials Science and Engineering, National Chung Hsing University, Taichung, Taiwan; Department of Electrical Engineering, Yale University, New Haven, CT, USA",IEEE Transactions on Nanotechnology,"13 Sep 2022","2022","21","","499","504","A high-performance broadband photodetector (PD) based on triple-cation perovskite (PVSK)/ZnO nanorods (ZnO NRs) is fabricated. Multiple material analysis, including scanning electron microscope (SEM), absorption spectrum, X-ray diffractometer (XRD), and high-resolution transmission electron microscopy (HR-TEM) are conducted. The analyses indicate that a dense perovskite film is closely capped on the ZnO NRs. A light source with different wavelength is applied to evaluate the photosensitive behaviors along with impulse responses of the PVSK/ZnO NRs PDs and pure ZnO NRs PDs. Results show that the PVSK/ZnO NRs PDs are sensitive to the ultraviolet (UV) and visible light, while the pure ZnO NRs PDs are only sensitive to the UV light. Moreover, owing to the superior photoelectric properties of triple-cation perovskite than the mono-cation perovskite, the triple-cation PVSK/ZnO NRs PDs deliver a high declivity of 7.69 $ \,\times\, {10}^{12}$, 1.49 $ \,\times\, {10}^{13}$ and 3.61$ \,\times\, {10}^{13}$ Jones under the light illumination with a wavelength of 350, 450 and 600 nm, respectively. Triple-cation PVSK/ZnO NRs composites are promising materials for broadband wavelength detection from UV to visible light with high detectivity.","1941-0085","","10.1109/TNANO.2022.3200677","Ministry of Science and Technology, Taiwan(grant numbers:MOST 110-2221-E-260-006,MOST 109-2222-E-260 -001-MY3); ","https://ieeexplore.ieee.org/stamp/stamp.jsp?arnumber=9864265","Triple cation;Perovskite;ZnO nanorods;Broadband;Photodetector","Zinc oxide;II-VI semiconductor materials;Perovskites;Photodetectors;Photonics;Broadband communication;Lighting","","8","","29","IEEE","22 Aug 2022","2022","","IEEE","IEEE Journals"
"Simulation of Low Power Self-Selective Memristive Neural Networks for in situ Digital and Analogue Artificial Neural Network Applications","C. Tsioustas; P. Bousoulas; J. Hadfield; T. P. Chatzinikolaou; I. -A. Fyrigos; V. Ntinas; M. -A. Tsompanas; G. C. Sirakoulis; D. Tsoukalas","Department of Physics, School of Applied Sciences, National Technical University of Athens, Athens, Greece; Department of Physics, School of Applied Sciences, National Technical University of Athens, Athens, Greece; Department of Physics, School of Applied Sciences, National Technical University of Athens, Athens, Greece; Department of Electrical and Computer Engineering, Democritus University of Thrace, Xanthi, Greece; Department of Electrical and Computer Engineering, Democritus University of Thrace, Xanthi, Greece; Department of Electrical and Computer Engineering, Democritus University of Thrace, Xanthi, Greece; Department of Electrical and Computer Engineering, Democritus University of Thrace, Xanthi, Greece; Department of Electrical and Computer Engineering, Democritus University of Thrace, Xanthi, Greece; Department of Physics, School of Applied Sciences, National Technical University of Athens, Athens, Greece",IEEE Transactions on Nanotechnology,"23 Sep 2022","2022","21","","505","513","Self-selective memory devices are considered promising candidates for suppressing the undesired sneak path currents that appear within crossbar memory structures and compromise their performance during the write and read operations. Along these lines, in this work we present forming free SiO$_{\mathbf{2}}$-based resistive devices with inherent self-selection and self-compliance properties. The devices can operate in dual mode, since they can perform volatile threshold switching and non-volatile bipolar resistive behavior by regulating the external voltage amplitude. Interestingly, the devices exhibit low operating voltage ($\sim$260 – 360 mV) and quick response time ($\sim$100 ns). A comprehensive model is then developed in order to interpret this unique feature and provide valuable insights into the underlying physical mechanisms. Additionally, self-activated neural networks are theoretically investigated by performing in-situ digital and analog computations, whereas the calculated outcomes are compared with traditional neural networks with transistors as selecting elements. More specifically, a logic NAND gate and supervised learning upon the MNIST dataset is performed, while the proposed neural network architecture is tuned differently according to the application. Notably, the acquired results are comparable with the respective data where selectors have been employed, indicating the promising aspects of the proposed memristive devices. Moreover, a thorough analysis is carried out regarding the correlation between the device's linearity and the recognition's accuracy score, offering valuable insights. The proposed architecture paves the way for the development of energy-efficient artificial neural network computing architectures with tunable properties.","1941-0085","","10.1109/TNANO.2022.3205698","Hellenic Foundation for Research and Innovation(grant numbers:3830); ","https://ieeexplore.ieee.org/stamp/stamp.jsp?arnumber=9887886","Artificial neural network applications;memristive logic;self-selectivity;non-volatile bipolar resistive switching;volatile threshold switching;linearity","Switches;Mathematical models;Performance evaluation;Fitting;Behavioral sciences;Memristors;Threshold voltage","","17","","42","IEEE","12 Sep 2022","2022","","IEEE","IEEE Journals"
"Enhanced Nonlinear Harmonic Signal Emission by an Electromagnetically Induced Transparency Resonant All-Dielectric Metasurface","S. Nooshnab; S. Golmohammadi; H. Baghban","Faculty of Electrical and Computer Engineering, University of Tabriz, Tabriz, Iran; Faculty of Electrical and Computer Engineering, University of Tabriz, Tabriz, Iran; Faculty of Electrical and Computer Engineering, University of Tabriz, Tabriz, Iran",IEEE Transactions on Nanotechnology,"28 Sep 2022","2022","21","","514","521","Artificially engineered all-dielectric configurations have received growing attention in the past decades owing to their unique properties in facilitating low-loss and efficient manipulation of electromagnetic radiations. Using the concept of all-dielectric metamaterials, in this study, we demonstrate that a metasurface consisting of all-dielectric unit cells based on a combination of bar and ring resonators efficiently augments the emission of nonlinear harmonics through the use of the optically driven electromagnetically induced transparency (EIT) mode. Initially, we discuss and present the spectral response of the system in the linear regime to judiciously tailor the geometrics of the proposed meta-atom. By taking advantage of the effective third-order nonlinear susceptibility tensors of the entire dielectric metasurface, as well as the resonant EIT feature in the near-infrared wavelengths, we showed that the designed platform facilitates the emission of visible light. The formation of robust near-field enhancements within the unit cell enabled the emission of the third harmonic beam with a high conversion efficiency of 1.75 × 10−4%. Compared to the analogous studies based on nonlinear dielectric meta-optics (i.e., Mie resonators), the proposed configuration facilitates substantially high conversion efficiency and low loss operation. We envision that this understanding paves the way toward the use of asymmetric lineshapes and all-dielectric metasurfaces in the development of coherent light sources and intense lasers.","1941-0085","","10.1109/TNANO.2022.3199726","","https://ieeexplore.ieee.org/stamp/stamp.jsp?arnumber=9874386","All-dielectric metasurface;EIT;nonlinear photonics;third harmonic generation;high conversion efficiency","Resonators;Nonlinear optics;Harmonic analysis;Dielectrics;Plasmons;Metasurfaces;Geometry","","5","","50","IEEE","1 Sep 2022","2022","","IEEE","IEEE Journals"
"Investigations Into the Role of Native Defects on Photovoltaic and Spintronic Properties in Copper Oxide","A. Sumanth; V. Mishra; P. Pandey; M. S. R. Rao; T. Dixit","Optoelectronics and Quantum Devices Group, ECE Department, Indian Institute of Information Technology Design and Manufacturing Kancheepuram, Chennai, India; Department of Physics, Indian Institute of Technology Madras, Chennai, India; MBU, Indian Institute of Science Bangalore, Bengaluru, Karnataka, India; Department of Physics, Indian Institute of Technology Madras, Chennai, India; Optoelectronics and Quantum Devices Group, ECE Department, Indian Institute of Information Technology Design and Manufacturing Kancheepuram, Chennai, India",IEEE Transactions on Nanotechnology,"28 Sep 2022","2022","21","","522","527","Copper(II) oxide(CuO) is a promising contender for photovoltaics, photodetection, photocatalysis, and spintronics in theory, but experimental success in terms of device performance has been limited. We used experimental and theoretical techniques to examine the fascinating optoelectronic and spintronic features of a p-type semiconductor; i.e., copper oxide. Absorption spectra of CuO have revealed intriguing properties such as defect-induced strong absorption in the visible and near-infrared (NIR) regions, making it an attractive candidate for NIR and broadband detection. Additionally, due to its antiferromagnetic characteristics, CuO has potential applications in spintronics. Clearly, these applicability ranges are greatly dependent on the intrinsic material qualities and defects. To gain a better understanding of CuO band structures, defect dynamics, charge distribution, and absorption properties; ab-initio calculations were conducted in a systematic manner. Additionally, the stability of several types of defects has been investigated theoretically in Cu and O-rich environments. The literature is ambiguous about the stability of several defects in CuO, including copper vacancies, oxygen vacancies, and interstitials. Interestingly, it is discovered that VCu−VO di-vacancies and VO are extremely stable in O-deficient environments, whereas VCu is highly stable in O-rich environments. Numerous defects such as copper vacancies, oxygen vacancies, and di-vacancies all contribute significantly to the photovoltaic features such as quantum-efficiency. Furthermore, unlike pristine CuO, defect assisted CuO has a significant magnetic moment as shown by first-principle calculations, making it a suitable option for spintronics. The work will open several features of CuO for next generation devices.","1941-0085","","10.1109/TNANO.2022.3204587","IIITDM; DST SERB(grant numbers:CRG/2020/005371,SRG/2021/000946); DST FIST(grant numbers:SR/FST/ET-I/2020/578); DST, Government of India(grant numbers:DST/ NM/JIIT/01-2016,SR/NM/NT-01/2016); ","https://ieeexplore.ieee.org/stamp/stamp.jsp?arnumber=9878243","Absorption properties;CuO;Defects;DFT;Electronic properties;Photovoltaics","Absorption;Copper;Spintronics;Photonic band gap;Band structures;Optical imaging;Optical diffraction","","32","","38","IEEE","6 Sep 2022","2022","","IEEE","IEEE Journals"
"The Impact of Dopant on the Dielectric Properties of Metal-Semiconductor With ZnFe2O4 Doped Organic Polymer Nanocomposites Interlayer","J. A. M. Alsmael; S. O. Tan; H. U. Tecimer; Ş. Altındal; Y. A. Kalandaragh","Department of Electrical and Electronics Engineering, Karabuk University, Karabük, Turkey; Department of Electrical Engineering, Karabuk University, Karabük, Turkey; Department of Medical Engineering, Karabuk University, Karabük, Turkey; Physics Department, Gazi University, Ankara, Turkey; Photonics Application and Research Center, Gazi University, Ankara, Turkey",IEEE Transactions on Nanotechnology,"29 Sep 2022","2022","21","","528","533","In this research, the dielectric characteristics of fabricated Al/(ZnFe2O4-PVA)/p-Si structures have been investigated in wide range frequency and voltage. Thus, by deriving capacitance-conductance (C-G/ω) measurements the main parameters of the metal-polymer-semiconductor (MPS) structure such as complex dielectric constants (ϵ′ and ϵ′′), loss tangent (tanδ), complex electric modulus (M′ and M′′) and ac electrical conductivity (σac), were acquired at frequency and voltage ranges of 1 kHz–1 MHz and (±5V). As a result of the experiment, it was observed that the presence of negative capacitance (NC) at low frequencies differently affects the dielectric properties of the structure. Although the NC effect disappeared at high frequencies by the reduction of the effect of many parameters such as series resistance (Rss) and interface states (Nss) with frequency increment, the dielectric properties of the structure varied especially in the reverse bias region. Ultimately, it has been observed that the dielectric properties of the structure are highly dependent on frequency, voltage, Nss, and polarization.","1941-0085","","10.1109/TNANO.2022.3207900","","https://ieeexplore.ieee.org/stamp/stamp.jsp?arnumber=9895333","Metal-Polymer-Semiconductor structure;Doping;Dielectric properties;Electric modulus;AC conductivity;Frequency dependence","Polymers;Dielectrics;Capacitance;Conductivity;Semiconductor device measurement;Interface states;Ferrites","","11","","44","IEEE","19 Sep 2022","2022","","IEEE","IEEE Journals"
"Investigation on Variability of Ferroelectric-Gate Field-Effect Transistor Memory by Random Spatial Distribution of Interface Trap","K. Lee; S. Kim; M. Kim; J. -H. Lee; B. -G. Park; D. Kwon","Department of Electrical and Computer Engineering and the Inter-University Semiconductor Research Center, Seoul National University, Seoul, Korea; Department of Electrical and Computer Engineering and the Inter-University Semiconductor Research Center, Seoul National University, Seoul, Korea; Department of Electrical and Computer Engineering and the Inter-University Semiconductor Research Center, Seoul National University, Seoul, Korea; Department of Electrical and Computer Engineering and the Inter-University Semiconductor Research Center, Seoul National University, Seoul, Korea; Department of Electrical and Computer Engineering and the Inter-University Semiconductor Research Center, Seoul National University, Seoul, Korea; Department of Electrical Engineering, Inha University, Incheon, Korea",IEEE Transactions on Nanotechnology,"27 Sep 2022","2022","21","","534","538","We investigated the variability of memory window (MW) in ferroelectric-gate field-effect transistor (FeFET) by considering the spatial distribution of the trap density at the ferroelectric layer/interfacial layer (FE/IL) interface. Through technology computer-aided design (TCAD) simulations including calibrated ferroelectric parameters, the variability of ultrathin body (UTB) structured FeFETs by the scaling of IL and channel area was confirmed. It was revealed that the reduction of IL thickness (TIL) not only increases mean of MW (μMW) but also decreases standard deviation of MW (σMW). Additionally, by identifying the σMW/μMW sensitivity for the reduction of gate length (LG) and channel width (W), it was indicated that W causes the more serious σMW degradation because short channel effects by LG scaling mitigate the σMW degradation.","1941-0085","","10.1109/TNANO.2022.3207505","INHA UNIVERCITY Research Grant; ","https://ieeexplore.ieee.org/stamp/stamp.jsp?arnumber=9894728","Ferroelectric-gate FET (FeFET);ferroelectric variation;random spatial distribution;variability;interface trap","FeFETs;Iron;Tunneling;Threshold voltage;Electron traps;Logic gates;Graphical models","","4","","34","IEEE","19 Sep 2022","2022","","IEEE","IEEE Journals"
"Amplitude and Frequency Modulation With an On-Chip Graphene-Based Plasmonic Terahertz Nanogenerator","J. Crabb; X. Cantos-Roman; G. R. Aizin; J. M. Jornet","Department of Electrical and Computer Engineering, Institute for the Wireless Internet of Things, Northeastern University, Boston, MA, USA; Department of Electrical and Computer Engineering, Institute for the Wireless Internet of Things, Northeastern University, Boston, MA, USA; Kingsborough College and the Graduate Center of the City University of New York, New York, NY, USA; Department of Electrical and Computer Engineering, Institute for the Wireless Internet of Things, Northeastern University, Boston, MA, USA",IEEE Transactions on Nanotechnology,"4 Oct 2022","2022","21","","539","546","Terahertz communication is envisioned as a key technology not only for the next generation of macro-scale networks (e.g., 6G), but also for transformative networking applications at the nanoscale (e.g., wireless nanosensor networks and wireless networks on chip). In this paper, an on-chip THz nano-generator with amplitude and frequency modulation capabilities is presented. The proposed device uses and leverages the tunability of the Dyakonov-Shur instability for the growth and modulation of plasmonic oscillations in the two-dimensional electron gas channel of a graphene-based high-electron-mobility transistor. An in-house developed finite-element-methods platform, which self-consistently solves the hydrodynamic model and Maxwell's equations, is utilized to provide extensive numerical results demonstrating the device's functionality along with ultra-wide bandwidth and high modulation index capabilities.","1941-0085","","10.1109/TNANO.2022.3208084","Air Force Office of Scientific Research(grant numbers:FA9550-16-1-0188); National Science Foundation(grant numbers:CNS-2011411); ","https://ieeexplore.ieee.org/stamp/stamp.jsp?arnumber=9896171","Graphene transistor;Dyakonov-Shur instability;THz modulation;plasmonics","Modulation;Plasmons;Graphene;Frequency modulation;Logic gates;MODFETs;HEMTs","","15","","55","IEEE","20 Sep 2022","2022","","IEEE","IEEE Journals"
"Impact of Drain Voltage Coupling on Device and Circuit-Level Performance of Negative Capacitance Silicon Nanotube FET","S. Moparthi; P. K. Tiwari; G. K. Saramekala","Department of Electronics and Communication Engineering, NIT Calicut, Kozhikode, India; Department of Electrical Engineering, IIT Patna, Patna, India; Department of Electronics and Communication Engineering, NIT Calicut, Kozhikode, India",IEEE Transactions on Nanotechnology,"4 Oct 2022","2022","21","","547","554","In this article, the impact of drain voltage coupling induced negative drain induced barrier lowering (N-DIBL) and negative output conductance (NOC) on negative capacitance silicon nanotube FET (NC Si NTFET) is studied. The influence of core radius (tc) and source/drain overlap length (Lov) on DIBL and intrinsic delay (τ) are assessed. The NC Si NTFET offered better τ than Si NTFET from its steep switching despite higher intrinsic gate capacitance. The N-DIBL of NC Si NTFET is enhanced with Lov owing to better capacitance matching. However, the N-DIBL of NC Si NTFET deteriorated at higher tc due to poor capacitance matching as the effective thickness of gate oxide (tox) increased. As a result, NOC of NC Si NTFET becomes less prominent at higher tc. The τ of the NC Si NTFET increased with tc despite higher ON current owing to the capacitance induced from a higher radius. It is found that the tc of NC Si NTFET needs to be selected with a trade-off between DIBL and other parameters such as τ and NOC. Further, the circuit-level performance of the NC Si NTFET is estimated with digital benchmark circuits at a channel length (L) of 45 nm with a supply voltage (VDD) ranging from 0.3 V to 1.2 V using Cadence Virtuoso. An NC CMOS inverter exhibited a shift in its DC characteristics with a better noise margin due to the N-DIBL. At a VDD of 0.3 V, the NC CMOS inverter offered a τp of 16.07 nS which is ∼3.5 times smaller than the conventional inverter which is at 58.66 nS. The NC ring-oscillator offered the best frequency of 22.75 GHz at a VDD of 1.2 V. The NC Si NTFET based 6 T SRAM cell offered a superior signal-to-noise margin (SNM) than conventional Si NTFET 6 T SRAM.","1941-0085","","10.1109/TNANO.2022.3208208","","https://ieeexplore.ieee.org/stamp/stamp.jsp?arnumber=9896203","Negative drain induced barrier lowering (N-DIBL);negative output conductance (NOC);signal-to-noise margin (SNM);silicon nanotube FET (Si NTFET)","Silicon;Logic gates;Capacitance;Field effect transistors;Performance evaluation;Couplings;Doping","","5","","19","IEEE","20 Sep 2022","2022","","IEEE","IEEE Journals"
"An Energy-Efficient Ge-Based Leaky Integrate and Fire Neuron: Proposal and Analysis","A. Gupta; S. Saurabh","Department of Electronics and Communication Engineering, Indraprastha Institute of Information Technology, Delhi, India; Department of Electronics and Communication Engineering, Indraprastha Institute of Information Technology, Delhi, India",IEEE Transactions on Nanotechnology,"4 Oct 2022","2022","21","","555","563","In this paper, we propose an energy-efficient Ge-based Leaky Integrate and Fire (LIF) neuron and analyze it using a well calibrated 2D simulation model. The proposed neuron can directly receive the incoming voltage spikes and avoid the energy dissipation in generating a summed potential. The incoming voltage spikes lead to accumulation of holes in the channel, leading to lowering of the potential barrier and an increase in current. A firing and subsequent reset circuitry are triggered when the current reaches a predefined threshold. The smaller bandgap with dominant direct tunneling of Ge allows the device to operate at a lower voltage level. The energy consumption per spike in the proposed implementation is 0.07 fJ, which is lower than LIF neuron implementations (experimental or simulated) reported in the literature. Power consumed by the reset circuitry can also be reduced due to a lower drain voltage required in the proposed device.","1941-0085","","10.1109/TNANO.2022.3209078","University Grants Commission; Science and Engineering Research Board, Department of Science and Technology, India(grant numbers:SRG/2021/001777); ","https://ieeexplore.ieee.org/stamp/stamp.jsp?arnumber=9900467","Band to band tunneling (BTBT);LIF neuron;neuromorphic computing;spiking neural network (SNN)","Neurons;Voltage;Logic gates;Electric potential;Tunneling;Energy efficiency;Integrated circuit modeling","","6","","30","IEEE","23 Sep 2022","2022","","IEEE","IEEE Journals"
"Ab Initio Study of Carbon Nanotube Field Effect Transistor Gas Sensor for Detection of Ammonia and Nitrogen Dioxide Gas","A. Dixit; N. Gupta; N. Chaturvedi","Department of Electrical and Electronics Engineering, Birla Institute of Technology and Science (BITS), Pilani, India; Department of Electrical and Electronics Engineering, Birla Institute of Technology and Science (BITS), Pilani, India; Department of Electrical and Electronics Engineering, Birla Institute of Technology and Science (BITS), Pilani, India",IEEE Transactions on Nanotechnology,"4 Oct 2022","2022","21","","564","574","Lebel-free sensors are capable for sensing low concentration of gas molecules. In this article, the importance of Carbon Nanotube Field Effect Transistor (CNFET) is described for gas sensing application. The first principal study to investigate the CNFET to detection of low concentration of ammonia (NH3) and nitrogen dioxide (NO2) gas molecules. By discussing the electronic and transport properties of CNFET, we find that CNFET can be used for gas sensing applications. Detailed analysis of binding energy, e-k diagram, density of state (DOS), device density of state (DDOS), transmission pathways and current-voltage (I-V) characteristics configuration have been performed using density functional theory (DFT) and non-equilibrium green function (NEGF) method. It has been observed that CNFET can be used for the potential application of gas sensor at room temperature. Out theoretical findings are corroborated with experimental data and this virtual device structure can be converted into physical device to get nano dimensions integrated gas sensor.","1941-0085","","10.1109/TNANO.2022.3192015","Defence Research and Development Organisation (DRDO), Government of India(grant numbers:ERIP/ER/DGMED&OS/990416502/M/01.1657); Birla Institute of Technology and Science, BITS-Pilani, Pilani Campus; ","https://ieeexplore.ieee.org/stamp/stamp.jsp?arnumber=9832790","CNFET;sensors;ammonia;nitrogen dioxide;DFT;Quantumwise;virtual nano lab;sensitivity;NEGF","CNTFETs;Sensors;Photonic band gap;Computational modeling;Ammonia;Gas detectors;Nitrogen","","7","","44","IEEE","18 Jul 2022","2022","","IEEE","IEEE Journals"
"Tensile-Force-Resilient Biomedical Front-End Circuits Employing Auto-Calibrated Omni-Directional Thin-Film Transistors","Y. Liu; Z. Ma; H. Liu; W. Lin; J. Wei; S. Chen; C. Lin; Y. Li; J. Zhao","Department of Micro/Nano Electronics & Department of Electronic Engineering, Shanghai Jiao Tong University, Shanghai, China; Department of Micro/Nano Electronics & Department of Electronic Engineering, Shanghai Jiao Tong University, Shanghai, China; Department of Micro/Nano Electronics & Department of Electronic Engineering, Shanghai Jiao Tong University, Shanghai, China; Department of Micro/Nano Electronics & Department of Electronic Engineering, Shanghai Jiao Tong University, Shanghai, China; Beijing Institute of Mechanical Equipment, Beijing, China; Department of Micro/Nano Electronics & Department of Electronic Engineering, Shanghai Jiao Tong University, Shanghai, China; School of Aerospace Engineering, Tsinghua University, Beijing, China; Department of Micro/Nano Electronics & Department of Electronic Engineering, Shanghai Jiao Tong University, Shanghai, China; Department of Micro/Nano Electronics & Department of Electronic Engineering, Shanghai Jiao Tong University, Shanghai, China",IEEE Transactions on Nanotechnology,"4 Oct 2022","2022","21","","575","585","Flexible electronics based on thin film transistors (TFTs) are expected to deliver important benefits in the mobile healthcare field. Nevertheless, the mechanical strain caused by the respiration or movement of organisms seriously affects the characteristics of the TFTs, and thus deteriorates the performance of TFT-based circuits and systems. Taking indium-gallium-zinc-oxide (IGZO) TFT as an example, this paper proposes a tensile-force-resilient biomedical front-end system based on omni-directional thin film transistors (OD TFTs). The proposed OD TFT is a combination of dual gate TFTs with optimized layout, whose force-insensitive axis can be adjusted by the biasing of top gate. Based on this, an auto calibration technique in front-end system is introduced, which can automatically adjust the top gate biasing of OD TFTs according to the Poisson's ratio of substrate and the direction of external force, so as to align the force-insensitive axis along the direction of external force. Employing the OD TFTs in circuits and the auto calibration technique, the force resilience of the flexible electronic system is significantly improved in practical applications. The simulations of front-end system on acquiring electrocardiogram (ECG) and electromyogram (EMG) signals are performed. The results show that the proposed front-end system with auto calibration provides an increase of SNR from initial −19.91 dB and −25.89 dB without calibration to 17.53 dB and 1.32 dB in two cases, respectively.","1941-0085","","10.1109/TNANO.2022.3208555","National Key Research and Development Program of China(grant numbers:2019YFA0706100); ","https://ieeexplore.ieee.org/stamp/stamp.jsp?arnumber=9900274","Wearable devices;flexible electronics;thin film transistors;biomedical front-end circuits;Poisson's ratio","Strain;Force;Thin film transistors;Substrates;Logic gates;Choppers (circuits)","","1","","50","IEEE","22 Sep 2022","2022","","IEEE","IEEE Journals"
"Nanostructured Strontium Titanate Perovskite Hyperbolic Metamaterial Supported Tunable Broadband THz Brewster Modulator","M. Pourmand; P. K. Choudhury","Institute of Microengineering and Nanoelectroics, Universiti Kebangsaan Malaysia, Bangi, Malaysia; Institute of Microengineering and Nanoelectroics, Universiti Kebangsaan Malaysia, Bangi, Malaysia",IEEE Transactions on Nanotechnology,"5 Oct 2022","2022","21","","586","591","The investigation was made of nanostructured intensity and phase modulators, the designs of which are based on Brewster angle manipulation. The configuration consists of thin indium tin oxide, strontium titanate and quartz layers embedded on silicon substrate. The structure exhibits the elliptical and hyperbolic metamaterial kinds, which can be manipulated by varying the ambient temperature. The design yields broadband intensity and phase modulator with 99.8% modulation depth and perfect phase shift (i.e., 180°), respectively, at room temperature. This would find potentials in active polarization switches, modulators and tunable phase shifters operating in the THz regime.","1941-0085","","10.1109/TNANO.2022.3210111","Ministry of Higher Education, Malaysia(grant numbers:FRGS/1/2019/STG02/UKM/01/1); ","https://ieeexplore.ieee.org/stamp/stamp.jsp?arnumber=9904908","Hyperbolic metamaterials;brewster modulator;THz devices;epsilon-near-zero","Permittivity;Phase modulation;Hidden Markov models;Indium tin oxide;Temperature;Optical polarization;High-speed optical techniques","","7","","42","IEEE","28 Sep 2022","2022","","IEEE","IEEE Journals"
"Investigation of the Thermal Transport Properties Across Van der Waals Interfaces of 2D Materials","O. Kaya; N. Donmezer","Bogazici University, Istanbul, Turkey; Bogazici University Mechanical Engineering Department, Istanbul, Turkey",IEEE Transactions on Nanotechnology,"27 Oct 2022","2022","21","","592","597","Two-dimensional (2D) materials have attracted extensive research interest in various applications in recent years due to their superior thermal, electrical, and optical properties, making them preferable for potential electronic and optoelectronic applications. These 2D materials form Van der Waals interfaces with common substrate materials due to fabrication and/or device requirements. Since the generated heat during the operation of the devices cause degradation and reliability concerns, interface thermal boundary conductance (TBCs) and in-plane thermal conductivities of the interfaces should be well understood for proper thermal management. Herein, we investigate the TBC and in-plane thermal conductivities of the Van der Waals interfaces of 2D materials by approach to-equilibrium molecular dynamics (AEMD) and non-equilibrium molecular dynamics (NEMD) simulations. Our results show that the TBC is higher for the interfaces with stronger phonon DOS and lattice match. Also, the increasing number of 2D material layers increases the TBC of the interface. The results also showed that the thermal conductivity of the materials forming the interface could affect each other's in-plane thermal conductivity. Changes in thermal conductivities of individual in-plane thermal conductivities can be as high as 70%. Change in thermal conductivity depends on the difference in thermal conductivities of materials in contact and only visible in the vicinity of the interface. Thermal management strategies should pay attention to the trade-off between the changes in individual thermal conductivities and TBC of the interfaces.","1941-0085","","10.1109/TNANO.2022.3179329","Bogazici University Scientific Research Projects(grant numbers:14330); National Center for High Performance Computing of Turkey(grant numbers:4006962019); ","https://ieeexplore.ieee.org/stamp/stamp.jsp?arnumber=9786606","Boron nitride;gallium nitride;molecular dynamics;semiconductor materials;silicon dioxide;transition metal dichalcogenide","Thermal conductivity;Conductivity;Phonons;Substrates;Temperature;Lattices;Thermal management","","4","","52","IEEE","1 Jun 2022","2022","","IEEE","IEEE Journals"
"Deep Exploration on Fault Model of Electromagnetic Pulse Attack","M. Zhang; H. Li; Q. Liu","School of Microelectronics, Tianjin University, Tianjin, China; Department of Engineering and Trinity College, University of Cambridge, Cambridge, U.K.; School of Microelectronics, Tianjin University, Tianjin, China",IEEE Transactions on Nanotechnology,"27 Oct 2022","2022","21","","598","605","The efficient fault injection attack (FIA) technique, electromagnetic pulse attack (EMPA), becomes a severe threat to the security of integrated circuits (ICs). Understanding the fault model of EMPA is necessary to protect ICs against EMPA. This work investigates the fault model of EMPA on digital circuits in depth by exploring its fault behaviors, fault conditions and fault causes. During exploration, a new kind of sampling fault model, called S-sampling fault model, is found. By adding the new finding, the fault models of EMPA can be built, fully covering the combinational and sequential digital circuits, the positive and negative polarity of EM pulse, and the signals processed by the circuits. The investigation is carried out based on the circuit-level simulation, considering the disturbances on the IC power and ground grids caused by EMPA. The insights into the EMPA fault models allow circuit designers to design more efficient countermeasures against EMPA.","1941-0085","","10.1109/TNANO.2022.3214341","National Natural Science Foundation of China(grant numbers:61974102); ","https://ieeexplore.ieee.org/stamp/stamp.jsp?arnumber=9918028","Fault injection attack;ICs;Electromagnetic pulse attack;Fault models;Fault mechanism","Circuit faults;Integrated circuit modeling;Probes;Integrated circuits;Couplings;Inverters;Monitoring","","5","","20","IEEE","13 Oct 2022","2022","","IEEE","IEEE Journals"
"Photovoltaic Performance of Dye-Sensitized Solar Cells Under Low Illumination by Modification of a Photoanode With ZnFe2O4/TiO2 Nanofibers","Y. -H. Nien; Y. -T. Wu; J. -C. Chou; P. -H. Yang; C. -S. Ho; C. -H. Lai; P. -Y. Kuo; R. -H. Syu; S. -W. Zhuang; P. -F. Chen","School of Chemical and Materials Engineering, National Yunlin University of Science and Technology, Douliou, Taiwan; School of Chemical and Materials Engineering, National Yunlin University of Science and Technology, Douliou, Taiwan; School of Chemical and Materials Engineering, National Yunlin University of Science and Technology, Douliou, Taiwan; School of Chemical and Materials Engineering, National Yunlin University of Science and Technology, Douliou, Taiwan; Graduate School of Chemical and Materials Engineering, Tunghai University, Taichung, Taiwan; Graduate School of Chemical and Materials Engineering, Tunghai University, Taichung, Taiwan; School of Chemical and Materials Engineering, National Yunlin University of Science and Technology, Douliou, Taiwan; School of Chemical and Materials Engineering, National Yunlin University of Science and Technology, Douliou, Taiwan; School of Chemical and Materials Engineering, National Yunlin University of Science and Technology, Douliou, Taiwan; School of Chemical and Materials Engineering, National Yunlin University of Science and Technology, Douliou, Taiwan",IEEE Transactions on Nanotechnology,"1 Nov 2022","2022","21","","606","612","In this study, the content of ZnFe2O4/TiO2 nanofibers were synthesized by electrospinning technology with various ratios of 1%, 3% and 5%. Then ZnFe2O4/TiO2 nanofibers were applied to modify photoanodes of dye-sensitized solar cells (DSSCs). This study demonstrates that the conversion efficiency under different light intensities of the DSSC modified by 3% ZnFe2O4/TiO2 nanofibers is superior to that of the other DSSCs. At a light intensity of 100 mW/cm2, the efficiency is 5.78%, which is 69.5% improvement over the pure TiO2-based DSSC (3.41%). The conversion efficiency of the DSSC modified by 3% ZnFe2O4/TiO2 nanofibers is the highest about 7.92% at a light intensity of 30% mW/cm2. The critical role of ZnFe2O4 in promoting photovoltaic performance is demonstrated by use of incident photocurrent conversion efficiency (IPCE) and electrochemical impedance spectroscopy (EIS). EIS analysis confirms that the DSSC modified by 3% ZnFe2O4/TiO2 nanofibers possesses superior photoelectrochemical performance with a maximum IPCE value of 49% at a wavelength of 530 nm. The DSSC modified by 3% ZnFe2O4/TiO2 nanofibers does not only have high efficiency, but also improve the dye adsorption performance.","1941-0085","","10.1109/TNANO.2022.3213278","National Science of Technology Council, Taiwan(grant numbers:111-2221-E-224-058); ","https://ieeexplore.ieee.org/stamp/stamp.jsp?arnumber=9915470","Dye-sensitized solar cells (DSSCs);electrospinning;nanofibers;one-dimensional (1D) TiO  $_{2}$  ;ZnFe  $_{2}$  O  $_{4}$  ","X-ray diffraction;Metals;Diffraction;Nanobioscience;Chemicals;Temperature measurement;Photovoltaic cells","","2","","31","IEEE","10 Oct 2022","2022","","IEEE","IEEE Journals"
"Novel Sequential DNA Circuits Using DNAzymes","Y. Sun; Y. Xiao; Z. Gong; X. Zhong; Y. Chen","School of Mechanical and Electrical Engineering, Chengdu University of Technology, Chengdu, China; School of Mechanical and Electrical Engineering, Chengdu University of Technology, Chengdu, China; School of Engineering, University of Waikato, Hamilton, New Zealand; School of Mechanical and Electrical Engineering, Chengdu University of Technology, Chengdu, China; School of Life Science and Technology, University of Electronic Science and Technology of China, Chengdu, China",IEEE Transactions on Nanotechnology,"31 Oct 2022","2022","21","","613","619","DNA circuits, consisting of DNAzyme library logic gates that relay DNA strand displacement reactions, have been proven to harness massive parallel computing abilities in a biologically friendly environment. Sequential logic is critical to detecting and visualising the biological micro-environment, which concerns both the previous and current states. However, the research to date has primarily focused only on combinational logic rather than sequential logic. Thus, this paper proposes novel sequential logic DNA circuits through the competition mechanism, allowing recognising previous and current triggering sequential signals. We report the sequential logical gates using DNAzymes and illustrate their potential applications. This work would be a valid building block in molecular computing to perform more complicated tasks in the biological microenvironment.","1941-0085","","10.1109/TNANO.2022.3208061","","https://ieeexplore.ieee.org/stamp/stamp.jsp?arnumber=9896201","DNA computing;DNA strand displacement;DNAzyme-based logic gates;sequential circuits","Logic gates;DNA;Substrates;Inhibitors;Ions;Information processing;DNA computing","","4","","24","IEEE","20 Sep 2022","2022","","IEEE","IEEE Journals"
"Blood Hemoglobin Concentration Sensing by Optical Nano Biosensor-Based Plasmonic Metasurface: A Feasibility Study","A. Hamouleh-Alipour; M. Forouzeshfard; R. Baghbani; Z. Vafapour","Department of Biomedical Engineering, Hamadan University of Technology, Hamadan, Iran; Physics Department, Faculty of Science, Vali-e-Asr University of Rafsanjan, Rafsanjān, Iran; Department of Biomedical Engineering, Hamadan University of Technology, Hamadan QFPQ+F7H, Iran; Department of Physics, School of Natural Sciences, University of California Merced, Merced, CA, USA",IEEE Transactions on Nanotechnology,"1 Nov 2022","2022","21","","620","628","Erratic in concentration of the blood hemoglobin (Hb) is pernicious and common disease in many humans worldwide. The establishment of Hb measurement led to finding bio-optics mechanisms for tunable and high sensitivity dual-band plasmonic metasurface (PM) configuration that studied for Hb concentration detection of blood and formed by a semiconductor integrated with metal and dielectric layers. However, finding particularly useful mechanisms without surgery is a safe method with several potentials in biomedical applications. In this paper, a biosensor based on surface plasmon resonances (SPRs) that is a label-free detection method is proposed to measure Hb concentration of blood. The presented sensing method is susceptible to being a dual-bands metasurface perfect absorber at room temperature to adjust the optical properties of the integrated semiconductor plasmonic structure. The modeling and numerical performance have been fulfilled based on the finite element method (FEM) using an electromagnetic field simulation software (CST). Also, to validate the numerical results, the transfer matrix method (TMM) was introduced as an analytical model. The analytical and numerical results show a good agreement. Results indicate maximum sensitivity, figure of merit (FoM), and quality factor (Q) as 315 nm/RIU, 398.8, and 1407.6, respectively. By controlling and harnessing the light-matter interaction in near-infrared (NIR) region, we obtained the giant electric field intensity enhancement (EFIE) as 5000 and the maximum absorption close to 1 in the first resonance peak of λ1 = 1.126 µm which is the best track of optical operation in NIR regime. By adding samples to the biosensor, different Hb concentrations of 0 g/L to 260 g/L have been detected from 1.11 µm to 1.17 µm. Furthermore, the proposed optical metasurface design can be utilized as a biosensor to measure the different content of Hb concentration in whole blood on a g/L scale, making it one of the best candidates for the future optical biosensors for biomedical applications.","1941-0085","","10.1109/TNANO.2022.3213560","","https://ieeexplore.ieee.org/stamp/stamp.jsp?arnumber=9916145","Finite-difference time-domain (FDTD);magnetic field intensity enhancement (MFIE);plasmonic metasurface;refractive index;transfer matrix method (TMM)","Biosensors;Optical sensors;Biomedical optical imaging;Plasmons;Metasurfaces;Optical variables control;Optical refraction","","49","","49","IEEE","11 Oct 2022","2022","","IEEE","IEEE Journals"
"Nanoscale Reconfigurable Intelligent Surface Design and Performance Analysis for Terahertz Communications","X. Ma; Z. Chen; C. Huang","National Key Laboratory of Science and Technology on Communications, University of Electronic Science and Technology of China, Chengdu, China; National Key Laboratory of Science and Technology on Communications, University of Electronic Science and Technology of China, Chengdu, China; College of Information Science and Electronic Engineering, Zhejiang University, Hangzhou, China",IEEE Transactions on Nanotechnology,"1 Nov 2022","2022","21","","629","637","Terahertz (THz) communications have been envisioned as a promising enabler to provide ultra-high data transmission for sixth generation (6G) wireless networks. To tackle the blockage vulnerability brought by severe attenuation and poor diffraction of THz waves, a nanoscale reconfigurable intelligent surface (NRIS) is developed to smartly manipulate the propagation directions of incident THz waves. In this paper, the electric properties of the graphene are investigated by revealing the relationship between conductivity and applied voltages, and then an efficient hardware structure of electrically-controlled NRIS is designed based on Fabry-Perot resonance model. Particularly, the phase response of NRIS can be programmed up to 306.82 degrees. To analyze the hardware performance, we jointly design the passive and active beamforming for NRIS aided THz communication system. Particularly, an adaptive gradient descent (A-GD) algorithm is developed to optimize the phase shift matrix of NRIS by dynamically updating the step size during the iterative process. Finally, numerical results demonstrate the effectiveness of our designed hardware architecture as well as the developed algorithm.","1941-0085","","10.1109/TNANO.2022.3208193","National Key Research and Development Program of China(grant numbers:2018YFB1801500); China Scholarship Council(grant numbers:202006070151); ","https://ieeexplore.ieee.org/stamp/stamp.jsp?arnumber=9896211","Terahertz (THz) communications;nanoscale reconfigurable intelligent surface (NRIS);hybrid beamforming;adaptive gradient descent (A-GD)","Hardware;Graphene;Array signal processing;MIMO communication;Nanoscale devices;Conductivity;Channel estimation","","4","","40","IEEE","20 Sep 2022","2022","","IEEE","IEEE Journals"
"Tunnel Magnetoresistance Based Passive Resistance Replacement in Hybrid MTJ-CMOS Integration","Y. -a. Wu; X. Xie; X. Tong; Y. Di; L. Naviner; B. Liu; J. Xiao; H. Cai","National ASIC System Engineering Center, School of Electronic Science and Engineering, Southeast University, Nanjing, China; National ASIC System Engineering Center, School of Electronic Science and Engineering, Southeast University, Nanjing, China; National ASIC System Engineering Center, School of Electronic Science and Engineering, Southeast University, Nanjing, China; National ASIC System Engineering Center, School of Electronic Science and Engineering, Southeast University, Nanjing, China; Télécom Paris, Institut Polytechnique de Paris, Palaiseau, France; National ASIC System Engineering Center, School of Electronic Science and Engineering, Southeast University, Nanjing, China; Nanjing University of Posts and Telecommunications, Nanjing, China; National ASIC System Engineering Center, School of Electronic Science and Engineering, Southeast University, Nanjing, China",IEEE Transactions on Nanotechnology,"7 Nov 2022","2022","21","","638","647","Previous theoretical and experimental works revealed the novel factors that Magnetic tunnel junction (MTJ) can be integrated into novel hybrid circuits except for memory applications. This paper makes exploitation of tunnel magnetoresistacne based replacement in diminishing layout penalty of on-chip passive component during circuit design and takes sigma-delta analog-to-digital converter (SD-ADC), resistor-based temperature sensor (-55$^{\,\circ }$C $\sim 125^{\,\circ }$C) as two case study where large resistance is needed and restricts the scaling down. Considering the application in MRAM, the mainstream field of MTJ process and dealing with the problems of MRAM in wide temperature write operation, two temperature adaptive write schemes of MRAM are also proposed as the further applications of the proposed MTJ-based temperature sensor. The research of these circuits covers major characteristics of MTJ as the passive component, including area, variation and temperature characteristics. Large CMOS resistance in SD-ADC and bridge transducer in resistor-based temperature sensor are replaced by MTJ-based resistors. Simulation results reveal that the layout area of passive resistors in resistor-capacitor (RC) integrator was greatly reduced by 94.52% in comparison with fully 28nm CMOS design or 94.13% for wide temperature use when other performance is almost unchanged. In addition, the MTJ based bridge transducer in resistor-based temperature sensor can reduce the resistance layout area by over 90% with better linearity comparing with general CMOS resistor-based temperature sensor designs. Based on the MTJ-based temperature sensor, the two different adaptive write circuits help reduce write power consumption and delay of MRAM respectively for wide temperature use.","1941-0085","","10.1109/TNANO.2022.3216778","National Natural Science Foundation of China(grant numbers:61904028); ","https://ieeexplore.ieee.org/stamp/stamp.jsp?arnumber=9927281","Tunnel magnetoresistance;hybrid MTJ-CMOS integration;MTJ sensor;passive resistance","Magnetic tunneling;Resistors;Resistance;Temperature sensors;Layout;Voltage;Thermal resistance","","2","","31","IEEE","25 Oct 2022","2022","","IEEE","IEEE Journals"
"Compact Programmable True Random Number Generator Based on Spin Torque Nano-Oscillator","B. Zhang; Z. Lin; Y. Liu; Y. Wang; D. Zhang; T. Gao; L. Zeng","Fert Beijing Institute, MIIT Key Laboratory of Spintronics, School of Integrated Circuit Science and Engineering, Beihang University, Beijing, China; Fert Beijing Institute, MIIT Key Laboratory of Spintronics, School of Integrated Circuit Science and Engineering, Beihang University, Beijing, China; Fert Beijing Institute, MIIT Key Laboratory of Spintronics, School of Integrated Circuit Science and Engineering, Beihang University, Beijing, China; Fert Beijing Institute, MIIT Key Laboratory of Spintronics, School of Integrated Circuit Science and Engineering, Beihang University, Beijing, China; Fert Beijing Institute, MIIT Key Laboratory of Spintronics, School of Integrated Circuit Science and Engineering, Beihang University, Beijing, China; Fert Beijing Institute, MIIT Key Laboratory of Spintronics, School of Integrated Circuit Science and Engineering, Beihang University, Beijing, China; Fert Beijing Institute, MIIT Key Laboratory of Spintronics, School of Integrated Circuit Science and Engineering, Beihang University, Beijing, China",IEEE Transactions on Nanotechnology,"7 Nov 2022","2022","21","","648","654","True Random Number Generator (TRNG) is the key component for stochastic computation. It can also act as the Probabilistic Bit (P-Bit) which is the core device for Ising Computer. In previous study, we have proposed a novel programmable TRNG based on Spin Torque Nano-Oscillator (STNO). With this TRNG constructed with STNO, a time division multiplexing Ising computer is designed to work under the Incremental Coupling Rule. However, the programmable TRNG is still lack of a corporeal hardware implementation. In this work, a SPICE model for STNO which can accurately describe the frequency, resistance as well as noise spectrum is provided first. And then, a compact optimized Schmitt trigger circuit with 14 nm FinFET technology is proposed to construct the programmable TRNG. Finally, the performance of the compact programmable TRNG circuit is evaluated and discussed.","1941-0085","","10.1109/TNANO.2022.3216844","National Natural Science Foundation of China(grant numbers:62171009,61901017,62101018); National Key R&D Program of China(grant numbers:2018YFB0407602); International mobility Project(grant numbers:B16001); National Natural Science Foundation of China(grant numbers:U20A20204); National Key Technology Program of China(grant numbers:2017ZX01032101); ","https://ieeexplore.ieee.org/stamp/stamp.jsp?arnumber=9928378","Programmable true random number generator;SPICE model;noise spectrum;schmitt trigger circuit","Magnetization;Resistance;Oscillators;Phase noise;Torque;SPICE;Integrated circuit modeling","","10","","49","IEEE","25 Oct 2022","2022","","IEEE","IEEE Journals"
"Junctionfree Gate Stacked Vertical TFET Hydrogen Sensor at Room Temperature","S. Ghosh; L. Rajan; A. Varghese","Department of Electronics and Communication Engineering, National Institute of Technology, Calicut, Kerala, India; Department of Electronics and Communication Engineering, National Institute of Technology, Calicut, Kerala, India; School of Engineering, Cardiff University, U.K.",IEEE Transactions on Nanotechnology,"10 Nov 2022","2022","21","","655","662","Presented through this work is an investigation of junctionfree gate-stacked (SiO2 + high-k) double gated vertical tunnel field-effect transistor (JF-GS-VTFET) with focus on its hydrogen (H2) sensing performance at room temperature (RT) for the first time. JF-GS-VTFET with vertically characterized channel length feature minimizes short channel effects (SCEs), elevates gate controllability over regular TFETs without the presence of any sharp doping gradient. A systematical study of the sensing performance is demonstrated through effective variations in Palladium (Pd) and Gold (Au) catalytic metal gate work functions corresponding to the concentration of hydrogen appearing at the gate metal surface. A concentration dependent thorough analysis has been illustrated in terms of energy band, potential, transfer and transient characteristics. Sensing capability of the device have been analyzed in terms of variations in detecting parameters such as transconductance (gm), off current, on current, threshold voltage and sub-threshold slope in presence of the target gas using SILVACO ATLAS TCAD. At 1.04 ppm H2 gas concentration, the optimally designed sensor exhibits high ION/IOFF ratios in the order of ∼${10}^{13}$ and ∼${10}^{11}$, high gm sensing responses of 99.98% and 98.93%, high off current sensing responses of ∼$1.895 \times {10}^4$ and ∼1 $.47 \times {10}^4$, better sub-threshold swing sensing responses of ∼0.71 and ∼0.55, increased threshold voltage sensing responses of ∼0.27 and ∼0.25 for Pd and Au metal gates respectively at RT. Perceptible outcomes in terms of interface trap charge density have also been presented to recognize RT H2 sensing.","1941-0085","","10.1109/TNANO.2022.3217652","","https://ieeexplore.ieee.org/stamp/stamp.jsp?arnumber=9931404","Catalytic gate;gate-stack;hydrogen sensor;junctionfree vertical tunnel field-effect transistor (JF-VTFET);sensing response;TCAD","Logic gates;Sensors;Hydrogen;Metals;Gold;Tunneling;Threshold voltage","","20","","37","IEEE","27 Oct 2022","2022","","IEEE","IEEE Journals"
"Nanosensor Location Estimation in the Human Circulatory System Using Machine Learning","J. T. Gómez; A. Kuestner; J. Simonjan; B. D. Unluturk; F. Dressler","TU, Berlin, Germany; TU, Berlin, Germany; Technology Innovation Institute, Abu Dhabi, UAE; Michigan State University, East Lansing, MI, USA; TU, Berlin, Germany",IEEE Transactions on Nanotechnology,"14 Nov 2022","2022","21","","663","673","The human body can be considered a complex natural network due to the variety of interconnections between the different body regions. One example is the network of blood vessels, where artificial communication channels can be rendered using nanosensors that travel in the bloodstream as collectors and carriers of information. Further advancing this vision, in this work we investigate the detection and localization capabilities of flowing nanosensors in the blood flow to report abnormalities in the human body. Specifically, we target the detection quorum sensing molecules and provide a methodology to evaluate its performance. The methodology consists of modeling the traveling path of nanosensors along the vessels through a Markov chain, and the use of machine learning (ML) models to compute their transition probabilities. We illustrate the resulting distribution of nanosensors in the body, which evidences a close match to expected results. We also evaluate their detection and localization capabilities in different body regions revealing their effectiveness to determine the presence of abnormalities in the human vessels.","1941-0085","","10.1109/TNANO.2022.3217653","Project MAMOKO; German Federal Ministry of Education and Research(grant numbers:16KIS0917); Project NaBoCom; Deutsche Forschungsgemeinschaft(grant numbers:DR 639/21-1); ","https://ieeexplore.ieee.org/stamp/stamp.jsp?arnumber=9931497","Nanosensors;nano communication;human circulatory system;precision medicine;machine learning;markov model","Sensors;Location awareness;Nanobioscience;Microorganisms;Computational modeling;Machine learning;Logic gates","","10","","50","IEEE","27 Oct 2022","2022","","IEEE","IEEE Journals"
"Non-Enzymatic Ascorbic Acid Sensor Simultaneous Applied to Potentiometric and Amperometric Measurement","J. -C. Chou; K. -T. Lee; P. -H. Yang; P. -Y. Kuo; Y. -H. Nien; C. -H. Lai","Graduate School of Electronic Engineering, National Yunlin University of Science and Technology, Douliou, Taiwan; Graduate School of Electronic Engineering, National Yunlin University of Science and Technology, Douliou, Taiwan; Graduate School of Electronic Engineering, National Yunlin University of Science and Technology, Douliou, Taiwan; Graduate School of Electronic Engineering, National Yunlin University of Science and Technology, Douliou, Taiwan; Graduate School of Chemical and Materials Engineering, National Yunlin University of Science and Technology, Douliou, Taiwan; Graduate School of Electronic Engineering, National Yunlin University of Science and Technology, Douliou, Taiwan",IEEE Transactions on Nanotechnology,"10 Nov 2022","2022","21","","674","684","This study used copper oxide nanoparticles (CuO NPs) modified molybdenum trioxide (MoO3) film prepare non-enzymatic ascorbic acid (AA) sensor. We used polyethylene terephthalate (PET) as the substrate for the AA sensor. The properties of the device were examined using potentiometric and amperometric measurement approaches. Screen printing and radio frequency (R.F.) sputtering were used to fabricate the device and the advantages and disadvantages of the potentiometric and amperometric approaches were measured and recorded. The average sensitivity, coefficient of determination, effects of interference, limits of detection (LOD), reproducibility and response time of the device were compared to existing known devices. The (CuO NPs) used for the study were produced in-lab by the green synthesis method, and were then used to modify the MoO3 film by simple instillation. The properties of the CuO NPs/MoO3/Silver/PET sensor showed that both potentiometric and amperometric measurement methods were viable for AA solutions in a concentration range 7.81 μM-2 mM. This study demonstrates that even without enzymatic assistance, AA sensors can show excellent selectivity and sensing performance.","1941-0085","","10.1109/TNANO.2022.3218922","National Science and Technology Council, Taiwan(grant numbers:111-2221-E-224-058-); ","https://ieeexplore.ieee.org/stamp/stamp.jsp?arnumber=9935316","Ascorbic acid;molybdenum trioxide (MoO  $_{3}$  );copper oxides nanoparticles (CuO NPs);non-enzymatic sensor;potentiometric and amperometric measurement","Electrodes;Pollution measurement;Voltage measurement;Sensitivity;Current measurement;Copper;Silver","","6","","49","IEEE","2 Nov 2022","2022","","IEEE","IEEE Journals"
"FPGA Accelerated Post-Quantum Cryptography","H. Li; Y. Tang; Z. Que; J. Zhang","School of Electronic Science and Engineering, Southeast University, Nanjing, China; School of Electronic Science and Engineering, Southeast University, Nanjing, China; Department of Computing, Imperial College London, London, U.K.; College of Semiconductors (College of Integrated Circuits), Hunan University, Changsha, China",IEEE Transactions on Nanotechnology,"18 Nov 2022","2022","21","","685","691","Recent advancement in quantum information processing technology has led to the emergence of advanced cryptography in the post-quantum era. Next generation cryptographic techniques aim to be mathematically resistant against any known attacks related to quantum computing, and can be easily implemented on traditional hardware platforms. The National Institutes of Standards and Technology (NIST) has entered the fourth-round standardization process of post-quantum cryptography (PQC). Software implementations of PQC candidates have been widely investigated. Interests in domain-specific hardware acceleration of PQC algorithms have risen, in particular using field-programmable gate arrays (FPGAs). While conventional general-purpose hardware platforms have been used for PQC implementations, modern FPGAs promise software-hardware co-optimisation, deep pipeline parallelism and trivial support for custom-precision arithmetic. Therefore, the time is ripe for reviewing recent FPGA-based PQC implementations. This article first surveys state-of-the-art advances in PQC implementations on FPGAs, including fast arithmetic, algorithm-hardware codesign approaches and open-source PQC hardware projects, then gives a brief review of recent attacks on PQC algorithms and their hardware implementations. Finally, we summarise the challenges for hardware implementations along with potential research directions in this promising field.","1941-0085","","10.1109/TNANO.2022.3217802","National Natural Science Foundation of China(grant numbers:62122023,U20A20202); ","https://ieeexplore.ieee.org/stamp/stamp.jsp?arnumber=9931964","Post-quantum cryptography;FPGA;hardware-software codesign;hardware acceleration","Field programmable gate arrays;Hardware;Cryptography;NIST;Encryption;Arithmetic;Software","","13","","51","IEEE","28 Oct 2022","2022","","IEEE","IEEE Journals"
"A Programmable Complex Impedance IC for Scalable and Reconfigurable Meta-Atoms","L. Petrou; K. M. Kossifos; M. A. Antoniades; J. Georgiou","Department of Electrical and Computer Engineering, University of Cyprus (UCY), Nicosia, Cyprus; Department of Electrical and Computer Engineering, University of Cyprus (UCY), Nicosia, Cyprus; Department of Electrical Computer and Biomedical Engineering, Ryerson University, Toronto, ON, Canada; Department of Electrical and Computer Engineering, University of Cyprus (UCY), Nicosia, Cyprus",IEEE Transactions on Nanotechnology,"18 Nov 2022","2022","21","","692","702","This article presents the design of a fully-custom integrated circuit (IC) suitable for adjusting the complex impedance of individual meta-atoms to enable programmability of metasurface systems. Implemented in a 0.18 μm mixed-signal CMOS process, the circuit utilizes four integrated complex impedance elements, each one with 216 available states. The impedance elements are optimized between 2–6 GHz, thus covering the entire S-band as well as half of the C-band. An asynchronous digital control circuit based on Quasi Delay Insensitive (QDI) circuits has been employed, offering basic communication capabilities and software programmability, but most importantly, the clockless operation allows for extreme scalability, ultra-low static power consumption and low electromagnetic (EM) radiated emissions. An array of meta-atoms utilizing the ICs can form metasurfaces with arbitrary sizes and shapes, on both rigid and flexible substrates, adjusting their surface impedance without interfering with incoming EM waves. Measurement results of the 2.2 mm × 2.2 mm IC demonstrate that it achieves a reconfiguration frequency of 1 MHz for all loading elements, whilst consuming 324 μW static power consumption.","1941-0085","","10.1109/TNANO.2022.3221309","European Union's Horizon 2020 Future Emerging Technologies(grant numbers:736876); European Regional Development Fund; Republic of Cyprus; ","https://ieeexplore.ieee.org/stamp/stamp.jsp?arnumber=9950362","Asynchronous circuit design;asynchronous control circuit;integrated circuit;integrated complex impedance;programmable meta-atom;programmable metasurface;quasi delay insensitive;scalable metasurface","Integrated circuits;Impedance;Metamaterials;Costs;Clocks;Surface impedance;Metasurfaces","","6","","54","CCBY","14 Nov 2022","2022","","IEEE","IEEE Journals"
"A Multifunctional Device Based on Graphene/Silicon Heterojunction","L. Chen; J. Lv; F. Tian; J. Chai; Z. Li; Y. Dong; Y. Chen; H. Ning; X. Cao; X. Liu; S. C. Bodepudi; K. Xu; Y. Zhao; B. Yu; Y. Xu","School of Micro-Nano Electronics, ZJU-Hangzhou Global Scientific and Technological Innovation Center, ZJU-UIUC Joint Institute, State Key Laboratory of Silicon Materials, Zhejiang University, Hangzhou, China; School of Micro-Nano Electronics, ZJU-Hangzhou Global Scientific and Technological Innovation Center, ZJU-UIUC Joint Institute, State Key Laboratory of Silicon Materials, Zhejiang University, Hangzhou, China; School of Micro-Nano Electronics, ZJU-Hangzhou Global Scientific and Technological Innovation Center, ZJU-UIUC Joint Institute, State Key Laboratory of Silicon Materials, Zhejiang University, Hangzhou, China; School of Micro-Nano Electronics, ZJU-Hangzhou Global Scientific and Technological Innovation Center, ZJU-UIUC Joint Institute, State Key Laboratory of Silicon Materials, Zhejiang University, Hangzhou, China; School of Micro-Nano Electronics, ZJU-Hangzhou Global Scientific and Technological Innovation Center, ZJU-UIUC Joint Institute, State Key Laboratory of Silicon Materials, Zhejiang University, Hangzhou, China; School of Micro-Nano Electronics, ZJU-Hangzhou Global Scientific and Technological Innovation Center, ZJU-UIUC Joint Institute, State Key Laboratory of Silicon Materials, Zhejiang University, Hangzhou, China; School of Micro-Nano Electronics, ZJU-Hangzhou Global Scientific and Technological Innovation Center, ZJU-UIUC Joint Institute, State Key Laboratory of Silicon Materials, Zhejiang University, Hangzhou, China; School of Micro-Nano Electronics, ZJU-Hangzhou Global Scientific and Technological Innovation Center, ZJU-UIUC Joint Institute, State Key Laboratory of Silicon Materials, Zhejiang University, Hangzhou, China; School of Micro-Nano Electronics, ZJU-Hangzhou Global Scientific and Technological Innovation Center, ZJU-UIUC Joint Institute, State Key Laboratory of Silicon Materials, Zhejiang University, Hangzhou, China; School of Micro-Nano Electronics, ZJU-Hangzhou Global Scientific and Technological Innovation Center, ZJU-UIUC Joint Institute, State Key Laboratory of Silicon Materials, Zhejiang University, Hangzhou, China; School of Micro-Nano Electronics, ZJU-Hangzhou Global Scientific and Technological Innovation Center, ZJU-UIUC Joint Institute, State Key Laboratory of Silicon Materials, Zhejiang University, Hangzhou, China; School of Micro-Nano Electronics, ZJU-Hangzhou Global Scientific and Technological Innovation Center, ZJU-UIUC Joint Institute, State Key Laboratory of Silicon Materials, Zhejiang University, Hangzhou, China; School of Micro-Nano Electronics, ZJU-Hangzhou Global Scientific and Technological Innovation Center, ZJU-UIUC Joint Institute, State Key Laboratory of Silicon Materials, Zhejiang University, Hangzhou, China; School of Micro-Nano Electronics, ZJU-Hangzhou Global Scientific and Technological Innovation Center, ZJU-UIUC Joint Institute, State Key Laboratory of Silicon Materials, Zhejiang University, Hangzhou, China; School of Micro-Nano Electronics, ZJU-Hangzhou Global Scientific and Technological Innovation Center, ZJU-UIUC Joint Institute, State Key Laboratory of Silicon Materials, Zhejiang University, Hangzhou, China",IEEE Transactions on Nanotechnology,"29 Nov 2022","2022","21","","703","708","Heterojunction devices based on two-dimensional materials have been widely studied in the fields of electronics and optoelectronics. As the complexity of the chip system increases, the ability to realize multi-function in a single device is increasingly in demand. Here, we propose a multifunctional device based on graphene/silicon heterojunction, which can operate in photodetection mode or tunable rectifier mode. The heterojunction barrier is tunable by the external electric field. The photodetection range covers ultraviolet to visible, and the responsivity can reach 51 A/W and 495 A/W at 266 nm and 532 nm while keeping the off-state current at a low level of 10−8 A. With the control of the external electric field, the device can also function as a tunable rectifier to achieve three states: positive-pass, off, and negative-pass, which can be applied in signal processing and logic circuit. The multifunctional integrated device has potential in future optoelectronic logic applications while reducing the cost and the device footprint.","1941-0085","","10.1109/TNANO.2022.3221412","NSFC(grant numbers:61874094,92164106,62090030,62090034); Fundamental Research Funds for the Central Universities(grant numbers:2021FZZX001-17); ","https://ieeexplore.ieee.org/stamp/stamp.jsp?arnumber=9946424","Gr/Si heterojunction;multifunctional device;photodetector;tunable rectifying behavior","Heterojunctions;Lighting;Lasers;Silicon;Logic gates;Substrates;Rectifiers","","3","","36","IEEE","11 Nov 2022","2022","","IEEE","IEEE Journals"
"Characterization of Silicone Rubber/MgO Nanocomposites for Grippers in Transmission Line Inspection Robots","P. Nagachandrika; R. Sarathi; K. Sridharan","Department of Electrical Engineering, Indian Institute of Technology Madras, Chennai, India; Department of Electrical Engineering, Indian Institute of Technology Madras, Chennai, India; Department of Electrical Engineering, Indian Institute of Technology Madras, Chennai, India",IEEE Transactions on Nanotechnology,"29 Nov 2022","2022","21","","709","719","The effect of addition of nanoparticles to silicone rubber is studied in this paper in the context of soft robotic applications to transmission line maintenance. Silicone rubber and polylactic acid (PLA) are used in the fabrication of these robotic structures. Desirable characteristics for the materials making the structure are (i) Low surface charge and space charge accumulation and (ii) High tensile and tear strength. To meet these requirements, addition of nano MgO to silicone rubber is proposed and studies pertaining to surface potential variation, space charge variation and dielectric parameters are performed. It is observed that 3wt% MgO added silicone rubber shows better performance than pure silicone rubber. Further, silicone rubber/MgO nanocomposite sandwiched PLA shows least space charge at the electrodes and at the interfaces of the sandwich. Moreover, the mechanical properties are also enhanced via the addition of nano MgO. In particular, 3wt% MgO added silicone rubber shows maximum tensile and tear strength. A direct correlation between tear strength and Shore A hardness is also observed. In addition, substantial improvement in viscoelastic properties of silicone rubber is observed with the addition of nano MgO.","1941-0085","","10.1109/TNANO.2022.3221493","","https://ieeexplore.ieee.org/stamp/stamp.jsp?arnumber=9946431","Silicone rubber;nano-Magnesium Oxide;polylactic acid;surface potential;space charge;tensile strength;tear strength;soft robots;transmission line inspection","Rubber;Space charge;Nanocomposites;Electrodes;Programmable logic arrays;Mechanical factors;Temperature measurement","","4","","40","IEEE","11 Nov 2022","2022","","IEEE","IEEE Journals"
"Silicene Nanoribbon Based Spin-Field Effect Transistor With Spin Filtering and Spin Seebeck Effects","K. Gaurav; A. Srivastava","Advanced Materials Research Group, CNT Laboratory, ABV–Indian Institute of Information Technology and Management, Gwalior, MP, India; Advanced Materials Research Group, CNT Laboratory, ABV–Indian Institute of Information Technology and Management, Gwalior, MP, India",IEEE Transactions on Nanotechnology,"30 Nov 2022","2022","21","","720","727","The present work reports the application of density functional theory (DFT) and non-equilibrium Green's function (NEGF) formalism based framework to investigate the voltage-dependent spin transport properties for a Z-shaped silicene nanoribbon (SiNR) based spin-field effect transistor (spin-FET). The structural and magnetic properties of transition metal passivated zigzag-SiNR with symmetric and asymmetric hydrogenation at other ends have been analyzed to identify the suitability of these materials as a potential source and drain electrodes for the proposed spin-FET model. The analysis reveals that the device displays an excellent spin filtering effect and oscillatory transfer characteristics in the parallel configuration (PC) mode. Also, a high drive current and I$ _{ON}$/I$ _{OFF}$ ratio and both positive and negative transconductance are achieved. Additionally, the device generates a highly spin-polarized thermal current with the spin Seebeck effect and high spin filtration efficiency under the influence of temperature gradient. These findings defend that the proposed device model can be treated as multifunctional spintronic and spin caloritronic devices.","1941-0085","","10.1109/TNANO.2022.3220031","","https://ieeexplore.ieee.org/stamp/stamp.jsp?arnumber=9946974","Spintronics;Spin-field effect transistor (Spin-FET);Spin caloritronics;Density functional theory (DFT)","Electrodes;Iron;Metals;Spintronics;Signal to noise ratio;Interference;Photonic band gap","","8","","40","IEEE","11 Nov 2022","2022","","IEEE","IEEE Journals"
"Germanium Nanowire Reconfigurable Transistor Model for Predictive Technology Evaluation","J. N. Quijada; T. Baldauf; S. Rai; A. Heinzig; A. Kumar; W. M. Weber; T. Mikolajick; J. Trommer","NaMLab gGmbH, Dresden, Germany; University of Applied Sciences Dresden, Dresden, Germany; Chair for Processor Design, Center For Advancing Electronics Dresden, Technische Universität Dresden, Dresden, Germany; Chair for Nanoelectronics, Technische Universität Dresden, Dresden, Germany; Chair for Processor Design, Center For Advancing Electronics Dresden, Technische Universität Dresden, Dresden, Germany; Institute of Solid State Electronics, TU Wien, Vienna, Austria; NaMLab gGmbH, Dresden, Germany; NaMLab gGmbH, Dresden, Germany",IEEE Transactions on Nanotechnology,"29 Nov 2022","2022","21","","728","736","Reconfigurable Field Effect Transistors can be electrostatically programmed to p- or n-type behavior. This device level reconfigurability is a promising way to enhance the functionality of digital circuits. Here, we present a Verilog-A based Germanium nanowire table model for the analysis of dynamically reconfigurable logic gates. The model is based on TCAD simulations of a nanowire transistor design with feature sizes compatible to a 14nm FinFET process. To showcase that our model enables digital circuit design for reconfigurable operation, performance and power consumption estimations for basic static as well as reconfigurable logic cells are given. Performance improvements over Silicon nanowire based designs are predicted, making Germanium RFETs a promising candidate for future co-integration into standard CMOS processes.","1941-0085","","10.1109/TNANO.2022.3221836","Saxon State Parliament; German Research Foundation(grant numbers:326384402); ","https://ieeexplore.ieee.org/stamp/stamp.jsp?arnumber=9947333","Functionally enhanced logic gates;germanium;MIGRFET;reconfigurable transistor;RFET;TIGFET","Logic gates;Integrated circuit modeling;Germanium;Transistors;Semiconductor device modeling;Predictive models;Silicon","","19","","52","IEEE","14 Nov 2022","2022","","IEEE","IEEE Journals"
"A Fully Configurable PUF Using Dynamic Variations of Resistive Crossbar Arrays","J. Li; Y. Cui; C. Wang; C. Gu; W. Liu","College of Electronic and Information Engineering, Nanjing University of Aeronautics and Astronautics, Nanjing, China; College of Electronic and Information Engineering, Nanjing University of Aeronautics and Astronautics, Nanjing, China; College of Electronic and Information Engineering, Nanjing University of Aeronautics and Astronautics, Nanjing, China; Centre for Secure Information Technologies, Queen's University Belfast, Belfast, U.K.; College of Electronic and Information Engineering, Nanjing University of Aeronautics and Astronautics, Nanjing, China",IEEE Transactions on Nanotechnology,"29 Nov 2022","2022","21","","737","746","A resistive random access memory (RRAM) as an emerging nanoelectronic device, is widely used for memory and physical unclonable function (PUF) applications. The compatibility of RRAM PUFs with memory architectures can be exploited to reduce the hardware overhead. Therefore, an intrinsic PUF using dynamic variations of resistive crossbar arrays is presented in this paper. Based on an improved sense amplifier (SA), the proposed intrinsic RRAM PUF can be fully configured as a memory cell or a PUF cell, leading to a minimal design overhead. Using the device-to-device (D2D) variation of an RRAM, a significant number of challenge-response pairs (CRPs) is generated with a flexible configuration of the resistive crossbar arrays. The proposed RRAM PUF can be refreshed to a new instance relying on the cycle-to-cycle (C2C) variation of an RRAM. An efficient challenge generation method is presented to improve the security of the proposed RRAM PUF. To verify the performance of the proposed RRAM PUF, 20 instances are simulated and implemented using a compact Spice model and a UMC 65 nm CMOS process technology, respectively. The simulation results show that the proposed RRAM PUF exhibits good performances with a high uniqueness, reliability, and reconfigurability. The randomness of the PUF is evaluated by the National Institute of Standards and Technology (NIST) and autocorrelation function (ACF) tests. Moreover, the experimental results show that the proposed RRAM PUF achieves a good resistance against machine learning (ML) attacks.","1941-0085","","10.1109/TNANO.2022.3221372","Natural Science Foundation of Jiangsu Province(grant numbers:BK20210287); National Natural Science Foundation of China(grant numbers:62104107,62022041,62134002); EPSRC New Investigator Award(grant numbers:EP/X009602/1); Royal Society(grant numbers:IEC\NSFC\211024); ","https://ieeexplore.ieee.org/stamp/stamp.jsp?arnumber=9946437","Physical unclonable function (PUF);resistive random access memory (RRAM);authentication;reconfigurability;modelling attacks","Computer architecture;Resistance;Microprocessors;Physical unclonable function;Switches;Resistive RAM;Hardware","","11","","26","IEEE","11 Nov 2022","2022","","IEEE","IEEE Journals"
"Design-Technology Co-Optimizations for Symmetric Linear Synapse Behaviors in Ferroelectric FET Based Neuromorphic Computing","G. Zhao; S. Wu; X. Zhan; M. Tang; W. Wei; L. Tai; J. Wu; J. Chai; H. Xu; X. Wang; J. Chen","School of Information Science and Engineering, Shandong University, Qingdao, China; School of Information Science and Engineering, Shandong University, Qingdao, China; School of Information Science and Engineering, Shandong University, Qingdao, China; School of Information Science and Engineering, Shandong University, Qingdao, China; School of Information Science and Engineering, Shandong University, Qingdao, China; School of Information Science and Engineering, Shandong University, Qingdao, China; School of Information Science and Engineering, Shandong University, Qingdao, China; Institute of Microelectronics of Chinese Academy of Sciences, Beijing, China; Institute of Microelectronics of Chinese Academy of Sciences, Beijing, China; Institute of Microelectronics of Chinese Academy of Sciences, Beijing, China; School of Information Science and Engineering, Shandong University, Qingdao, China",IEEE Transactions on Nanotechnology,"29 Nov 2022","2022","21","","747","751","Benefitted from the strong compatibility and scalability, Hf0.5Zr0.5O2 (HZO) based ferroelectric field-effect transistor (FeFET) has gained extensive attention as artificial neuron and synapse. In this work, with in-depth understanding of the correlations between domain switching (DS) and charge trapping (CT), multi-states in FeFET are controlled precisely by modulating the channel conductance. When DS contribution dominates, cycle-to-cycle variations can be well suppressed in the intermediate storage states. With further co-optimizations by including CT and temperature impacts, symmetric linear conductance modulations and large conductance ratios are achieved simultaneously. The biological synaptic potentiation and depression characteristics demonstrate the great potential of HZO FeFET in neuromorphic computing.","1941-0085","","10.1109/TNANO.2022.3223183","National Natural Science Foundation of China(grant numbers:62104134,91964105,62034006); China Key Research and Development Program(grant numbers:2016YFA0201802); Natural Science Foundation of Shandong Province(grant numbers:ZR2020JQ28,ZR2020KF016); Young Scholars Program of Shandong University; ","https://ieeexplore.ieee.org/stamp/stamp.jsp?arnumber=9954925","FeFET;domain switch;charge trapping;multilevel storage;reliability;neuromorphic computing","FeFETs;Switches;Logic gates;Depression;Zirconium;Temperature measurement;Nonvolatile memory","","1","","27","IEEE","18 Nov 2022","2022","","IEEE","IEEE Journals"
"Analytical Physics-Based Compact Current–Voltage Model for 2D-2D Resonant Tunneling Diodes","D. R. Celino; R. Ragi; M. A. Romero","Department of Electrical and Computer Engineering, University of Sao Paulo, São Carlos, SP, Brazil; Department of Electrical and Computer Engineering, University of Sao Paulo, São Carlos, SP, Brazil; Department of Electrical and Computer Engineering, University of Sao Paulo, São Carlos, SP, Brazil",IEEE Transactions on Nanotechnology,"1 Dec 2022","2022","21","","752","762","In this paper, we develop an analytical model for the resonant current-voltage (I–V) characteristics of 2D-2D Resonant Tunneling Diodes. Starting from the Tsu-Esaki formalism, we consider the overall electrical potential distribution in the device layer structure, including the quantized space charge region in the emitter layer. Additionally, to obtain a more realistic model, we also take into account the scattering experienced by electrons during tunneling process through the double barrier region. These additional features greatly improve the accuracy of the proposed model when compared with others approaches reported in the literature. The device model is fully physics-based, allowing the computation of the I–V curve accordingly to the geometry and device structure of the RTD. The model is fully analytical and explicit, thereby well suited for circuit simulator environment. The model is validated against experimental data from distinct RTDs structures, providing excellent agreement.","1941-0085","","10.1109/TNANO.2022.3223019","Doctoral Scholarship; Brazilian Research Council(grant numbers:309343/2021-6); ","https://ieeexplore.ieee.org/stamp/stamp.jsp?arnumber=9954191","2D-2D resonant tunneling;analytical modeling;physics-based compact model;resonant tunneling diode;RTD","Computational modeling;Integrated circuit modeling;Electric potential;Analytical models;Numerical models;Electric fields;Space charge","","1","","44","IEEE","17 Nov 2022","2022","","IEEE","IEEE Journals"
"Characterization and Optimization of Coherent MZI-Based Nanophotonic Neural Networks Under Fabrication Non-Uniformity","A. Mirza; A. Shafiee; S. Banerjee; K. Chakrabarty; S. Pasricha; M. Nikdast","Department of Electrical and Computer Engineering, Colorado State University, Fort Collins, CO, USA; Department of Electrical and Computer Engineering, Colorado State University, Fort Collins, CO, USA; NVIDIA Corporation, Santa Clara, CA, USA; Department of Electrical and Computer Engineering, Duke University, Durham, NC, USA; Department of Electrical and Computer Engineering, Colorado State University, Fort Collins, CO, USA; Department of Electrical and Computer Engineering, Colorado State University, Fort Collins, CO, USA",IEEE Transactions on Nanotechnology,"9 Dec 2022","2022","21","","763","771","Silicon-photonic neural networks (SPNNs) and artificial intelligence (AI) accelerators have emerged as promising successors to electronic accelerators by offering orders of magnitude lower latency and higher energy efficiency. Nevertheless, the underlying silicon photonic devices in SPNNs are sensitive to inevitable fabrication-process variations (FPVs) stemming from optical lithography imperfections. Consequently, the inferencing accuracy in an SPNN can be highly impacted by FPVs—e.g., can drop to below 10%—the impact of which is yet to be fully studied. In this article, we, for the first time, model and explore the impact of optical phase noise due to FPVs in the waveguide width, silicon-on-insulator (SOI) thickness, and etch depth in coherent SPNNs that use Mach–Zehnder interferometers (MZIs). Leveraging such models, we propose a novel variation-aware, design-time optimization solution to improve MZI tolerance to different FPVs in SPNNs. Simulation results for two example SPNNs of different scales under realistic and correlated FPVs indicate that using the optimized MZIs can lead to significant improvements in the network inferencing accuracy. The proposed one-time optimization imposes low area overhead and hence is applicable even to resource-constrained designs.","1941-0085","","10.1109/TNANO.2022.3223915","National Science Foundation(grant numbers:CCF-1813370,CCF-2006788,CNS-2046226); ","https://ieeexplore.ieee.org/stamp/stamp.jsp?arnumber=9962782","Silicon photonic integrated circuits;fabrication-process variations;deep learning;optical neural networks","Optical waveguides;Optical network units;Optical device fabrication;Optical interferometry;Transmission line matrix methods;Optical crosstalk;Integrated optics","","23","","20","IEEE","23 Nov 2022","2022","","IEEE","IEEE Journals"
"Miniaturized High Gain Flexible Spiral Antenna Tested in Human-Like Tissues","M. Fernandez-Munoz; R. Sanchez-Montero; P. L. Lopez-Espi; J. A. Martinez-Rojas; E. Diez-Jimenez","Signal Theory and Communications Department, Mechanical Engineering Area, Universidad de Alcalá, Alcalá de Henares, Madrid, Spain; Signal Theory and Communications Department, Universidad de Alcalá, Alcalá de Henares, Madrid, Spain; Signal Theory and Communications Department, Universidad de Alcalá, Alcalá de Henares, Madrid, Spain; Signal Theory and Communications Department, Universidad de Alcalá, Alcalá de Henares, Madrid, Spain; Signal Theory and Communications Department, Mechanical Engineering Area, Universidad de Alcalá, Alcalá de Henares, Madrid, Spain",IEEE Transactions on Nanotechnology,"9 Dec 2022","2022","21","","772","777","A miniaturized helical antenna is presented in this work. The antenna is flexible, it is 6100 μm long and it has a diameter of 352 μm. This antenna has such a small cross-section, that permits to be implanted in the human body with fine syringes and minimally invasive surgeries. The antenna can be used to receive power and/or send information in medical devices. The antenna is made of biocompatible materials: polytetrafluoroethylene (PFTE) and copper. The fundamental parameters of the antenna have been simulated and experimentally measured in animal human-like tissues, showing good agreement. The resonant frequency of the antenna is 4.7 GHz, with a reflection coefficient of −25.1 dB, and a gain of −4.7 dBi. As expected, the resonant frequency decreases inside biological tissues comparing to the free-space open-air measurement. Reducing the resonant frequency is an advantage because power signals can penetrate deeper into body tissues.","1941-0085","","10.1109/TNANO.2022.3225912","European Union's Horizon 2020 Research and Innovation Programme(grant numbers:857654–UWIPOM2); Universidad de Alcalá; ","https://ieeexplore.ieee.org/stamp/stamp.jsp?arnumber=9968124","Helical antenna;high gain antenna;implantable medical device (IMD);miniaturized flexible thin antenna;spiral antenna;wireless power transfer (WPT)","Antennas;Antenna measurements;Resonant frequency;Helical antennas;Gain;Reflector antennas;Receiving antennas","","7","","29","IEEE","1 Dec 2022","2022","","IEEE","IEEE Journals"
"Plasma Treated Low-Density Polyethylene Nanocomposites: Investigation of Partial Discharge and Breakdown Strength","N. Mat Saman; N. A. Awang; M. H. Ahmad; Z. Buntat; M. U. Wahit; N. Chalashkanov","Institute of High Voltage and High Current, School of Electrical Engineering, Universiti Teknologi Malaysia, Johor Bahru, Malaysia; Institute of High Voltage and High Current, School of Electrical Engineering, Universiti Teknologi Malaysia, Johor Bahru, Malaysia; Institute of High Voltage and High Current, School of Electrical Engineering, Universiti Teknologi Malaysia, Johor Bahru, Malaysia; Institute of High Voltage and High Current, School of Electrical Engineering, Universiti Teknologi Malaysia, Johor Bahru, Malaysia; Department of Bioprocess and Polymer Engineering, School of Chemical and Energy Engineering, Centre for Advanced Composite Materials (CACM), Universiti Teknologi Malaysia, Johor Bahru, Johor, Malaysia; College of Science, University of Lincoln. Brayford Pool, Lincoln, U.K.",IEEE Transactions on Nanotechnology,"26 Dec 2022","2022","21","","778","788","Polymeric insulating materials have been widely used in high voltage equipment, particularly in power cables, as insulating material, due to their excellent performances. This study investigates the significance of atmospheric pressure plasma (APP) treatment on silicon dioxide (SiO2) nanoparticles in enhancing the partial discharge (PD) resistant and breakdown strength characteristics of low-density polyethylene (LDPE) nanocomposites. The duration of plasma treatment was manipulated for 15 and 30 minutes to identify the effects of treatment duration on their dielectric properties. The loading of fillers was varied into 1, 3, and 5 wt% to identify the promising formulations. The results exhibited that the dielectric properties of LDPE nanocomposites have improved as the SiO2 nanoparticles were treated, anticipated due to the surface activation via functionalizing hydroxyl group on the fillers as ultimate oxidation agent, resulting in reduced size of agglomerated clusters. The PD resistant and breakdown strength characteristics have increased up to 47% and 70% of the unfilled samples, respectively, as the SiO2 nanoparticles were treated using plasma. Plasma treatment was found to be an alternative technique for improving the filler-polymer surface interaction, at once promising the better dielectric properties of LDPE nanocomposites, potentially prolonging the lifetime of the insulating materials.","1941-0085","","10.1109/TNANO.2022.3226403","Universiti Teknologi Malaysia; Universitas Sriwijaya; Maha Power Sdn. Bhd.; Global Testing Services (M) Sdn. Bhd.; Ministry of Higher Education, Malaysia(grant numbers:01M73,16J61,4B383,07G05,04G81,4B340,4B341,4B342,4C647); ","https://ieeexplore.ieee.org/stamp/stamp.jsp?arnumber=9968295","Plasma treatment;nanoparticles;polymer nanocomposites;partial discharge resistance;breakdown strength","Atmospheric-pressure plasmas;Nanocomposites;Nanoparticles;Dielectrics;Polyethylene;Partial discharges","","8","","32","IEEE","2 Dec 2022","2022","","IEEE","IEEE Journals"
"p-Si/Macro-Assembled Graphene/n-Si Heterojunction Near-Infrared Photodetector","Y. Chen; X. Cao; S. Wang; L. Liu; J. Lv; X. Liu; S. C. Bodepudi; Y. Shen; H. Sun; L. Peng; W. Fang; J. Song; Y. Xu","School of Micro-Nano Electronics, ZJU-Hangzhou Global Scientific and Technological Innovation Center, ZJU-UIUC Joint Institute, State Key Laboratory of Silicon Materials, Zhejiang University, Hangzhou, China; School of Micro-Nano Electronics, ZJU-Hangzhou Global Scientific and Technological Innovation Center, ZJU-UIUC Joint Institute, State Key Laboratory of Silicon Materials, Zhejiang University, Hangzhou, China; Department of Engineering Mechanics, Soft Matter Research Center and Key Laboratory of Soft Machines and Smart Devices of Zhejiang Province, Zhejiang University, Hangzhou, China; School of Micro-Nano Electronics, ZJU-Hangzhou Global Scientific and Technological Innovation Center, ZJU-UIUC Joint Institute, State Key Laboratory of Silicon Materials, Zhejiang University, Hangzhou, China; School of Micro-Nano Electronics, ZJU-Hangzhou Global Scientific and Technological Innovation Center, ZJU-UIUC Joint Institute, State Key Laboratory of Silicon Materials, Zhejiang University, Hangzhou, China; School of Micro-Nano Electronics, ZJU-Hangzhou Global Scientific and Technological Innovation Center, ZJU-UIUC Joint Institute, State Key Laboratory of Silicon Materials, Zhejiang University, Hangzhou, China; School of Micro-Nano Electronics, ZJU-Hangzhou Global Scientific and Technological Innovation Center, ZJU-UIUC Joint Institute, State Key Laboratory of Silicon Materials, Zhejiang University, Hangzhou, China; MOE Key Laboratory of Macromolecular Synthesis and Functionalization, Department of Polymer Science and Engineering, International Research Center for X Polymers, Zhejiang University, Hangzhou, China; Hangzhou Gaoxi Technol Co Ltd., Hangzhou, China; MOE Key Laboratory of Macromolecular Synthesis and Functionalization, Department of Polymer Science and Engineering, International Research Center for X Polymers, Zhejiang University, Hangzhou, China; MOE Key Laboratory of Macromolecular Synthesis and Functionalization, Department of Polymer Science and Engineering, International Research Center for X Polymers, Zhejiang University, Hangzhou, China; Department of Engineering Mechanics, Soft Matter Research Center and Key Laboratory of Soft Machines and Smart Devices of Zhejiang Province, Zhejiang University, Hangzhou, China; School of Micro-Nano Electronics, ZJU-Hangzhou Global Scientific and Technological Innovation Center, ZJU-UIUC Joint Institute, State Key Laboratory of Silicon Materials, Zhejiang University, Hangzhou, China",IEEE Transactions on Nanotechnology,"19 Dec 2022","2022","21","","789","793","p-type silicon (p-Si)/macro-assembled graphene nanofilm (nMAG)/n-type silicon (n-Si) heterojunction is utilized to fabricate near-infrared photodetector. Dual built-in electric fields were established in the same direction at the p-Si/nMAG and nMAG/n-Si heterojunctions, providing an enhanced electron-hole separation ability. The p-Si/nMAG/n-Si device has realized responsivities of 90 mA/W and 45 mA/W under 900 nm and 1064 nm illumination at room temperature and corresponding external quantum efficiency (EQE) of 11.8% and 5.2%, respectively, which is 30% and 45% higher than that of the single-junction nMAG/n-Si device. In this work, we applied two-dimensional (2D) carbon materials combined with monocrystalline silicon to explore complementary metal-oxide-semiconductor (CMOS) process-compatible device fabrication techniques, which paves the way to develop low-cost and large-scale near-infrared carbon-based photodetectors.","1941-0085","","10.1109/TNANO.2022.3223371","National Natural Science Foundation of China(grant numbers:61874094,92164106,62090030,62090034); Fundamental Research Funds for the Central Universities(grant numbers:2021FZZX001-17); China Postdoctoral Science Foundation(grant numbers:2022T150558); ZJU Micro-Nano Fabrication Center; ","https://ieeexplore.ieee.org/stamp/stamp.jsp?arnumber=9956026","Macro-assembled graphene nanofilm (nMAG);photodetector;Schottky junction;silicon","Silicon;Graphene;Photodetectors;Absorption","","4","","22","IEEE","21 Nov 2022","2022","","IEEE","IEEE Journals"
"2D Bi$_{2}$$O_{2}$Se Based Highly Selective and Sensitive Toxic Non-Condensable Gas Sensor","A. Sirohi; J. Singh","Department of Electrical Engineering, Indian Institute of Technology Patna, Patna, India; Department of Electrical Engineering, Indian Institute of Technology Patna, Patna, India",IEEE Transactions on Nanotechnology,"19 Dec 2022","2022","21","","794","800","In this study, we discussed the interaction of toxic NCG with monolayer (ML) Bismuth Oxyselenide (Bi$_{2}$$O_{2}$Se) for the first time. The density functional theory (DFT) combined with non equilibrium Green's function (NEGF) were used to investigate gas sensing properties of ML Bi$_{2}$$O_{2}$Se with and without Se vacancy. The authors discussed adsorption energy, adsorption sites, charge exchange, band structure, density of states (DOS), and current-voltage properties with adsorbed toxic Non-condensable gases (NO$_{2}$, NO, NH$_{3}$, CO, and CO$_{2}$). Our study indicates that NO$_{2}$ has the lowest adsorption energy and highest charge transfer that results in superior NO$_{2}$ selectivity of vacancy less (VL) Bi$_{2}$$O_{2}$Se. The band structure and DOS analysis show that adsorption of only NO$_{2}$ and NO results in the addition of impurity states near the Fermi level in VL Bi$_{2}$$O_{2}$Se. The presence of Se vacancy (SV) can further improve the sensitivity and selectivity of Bi$_{2}$$O_{2}$Se towards sensing toxic gases when compared with VL Bi$_{2}$$O_{2}$Se. It was found that SV Bi$_{2}$$O_{2}$Se is most selective towards NO gas with an adsorption energy of -1.59 eV. The ML Bi$_{2}$$O_{2}$Se device shows a distinct I-V response upon the adsorption of different gases. Both VL and SV Bi$_{2}$$O_{2}$Se devices are most sensitive towards NO adsorption due to their superior response. A high response (S) of 0.99 with a current of 1.11 $\mu$A was achieved from the SV Bi$_{2}$$O_{2}$Se device at 0.75 V after NO adsorption. Our theoretical studies indicate that Bi$_{2}$$O_{2}$Se can function as a promising gas sensing material.","1941-0085","","10.1109/TNANO.2022.3226507","","https://ieeexplore.ieee.org/stamp/stamp.jsp?arnumber=9969913","Monolayer Bi  $_{2}$     $O_{2}$  Se;gas sensor;density functional theory;non equilibrium Green's function;non-condensable gases (NCG)","Adsorption;Sensors;Gas detectors;Density functional theory;Gases;Green's function methods;Bismuth compounds","","10","","32","IEEE","5 Dec 2022","2022","","IEEE","IEEE Journals"
"Hydrogenated/Fluorinated Phase Borophene Nanoribbons as Nano-Interconnects","S. Kharwar; M. S. Krishna; S. Singh; K. K. Jha","Microelectronics and VLSI lab, National Institute of Technology, Patna, India; Microelectronics and VLSI lab, National Institute of Technology, Patna, India; Microelectronics and VLSI lab, National Institute of Technology, Patna, India; Indian Institute of Information Technology, Vadodara, Gujarat, India",IEEE Transactions on Nanotechnology,"20 Dec 2022","2022","21","","801","809","Density functional theory (DFT) together with non-equilibrium Green's function (NEGF) is used for the theoretical investigation of structural, electronic, and transport properties of zigzag $v_{1/6}-30^{\circ }$ phase borophene nanoribbons (BNRs). Pristine and fluorinated $v_{1/6}-30^{\circ }$ phase BNRs are considered for the nanoscale interconnect design. The binding energy computations indicate the improvement in the structural stability of the BNRs with increase in fluorine concentration. The E-k relations reveal the hydrogen (H) and fluorine (F) passivated BNRs are metallic. The quantum transport properties are evaluated using the two-probe geometry method. The current-voltage (I-V) behavior of the considered BNR devices are linear with applied bias. Further, interconnect distributed model is explored and the dynamical parameters are evaluated. The Fermi velocity ($v_{f}$) is measured to be highest for the H and F passivated BNR (F-BNR-H) of about 3.784 $\times 10^{4}$ m/s. The dynamic parameters for the nanoscale interconnects are improved upon fluorinating the BNRs. The calculated values of quantum resistance ($R_{Q}$), quantum capacitance ($C_{Q}$) and kinetic inductance ($L_{K}$) for F-BNR-H are 1.845 K$\Omega$, 28.61 $nF/m$, and 24.38 $nH/\mu m$, respectively. Further, F-BNR-H device is found to have relatively lower delay from delay calculations. The stability and frequency analysis determine that the F-BNR-H has superior stability and bandwidth as compared to Cu interconnects. The interconnect performance is found to reduce with edge roughness and line parasitic effects. These theoretical findings suggest the fluorinated BNRs can be potentially used as the metal interconnect at nanoscale dimensions.","1941-0085","","10.1109/TNANO.2022.3227123","","https://ieeexplore.ieee.org/stamp/stamp.jsp?arnumber=9982387","Borophene nanoribbons (BNRs);Fluorination;Transport properties;Density functional theory (DFT);Nano-interconnect","Nanoscale devices;Nanoribbons;Graphene;Boron;Stability analysis;Integrated circuit interconnections;Fluorine;Density functional theory","","3","","62","IEEE","12 Dec 2022","2022","","IEEE","IEEE Journals"
"Performance Analysis of Time-Hopping Multiple Access Using Multilevel PPM for Terahertz Nanocommunications","P. Singh; S. -Y. Jung","Department of Electronic Engineering, Yeungnam University, Gyeongsan, Gyeongsangbuk, South Korea; Department of Electronic Engineering, Yeungnam University, Gyeongsan, Gyeongsangbuk, South Korea",IEEE Transactions on Nanotechnology,"22 Dec 2022","2022","21","","810","822","Terahertz (THz)-band nanocommunication is envisioned to revolutionize the future of wireless communications by enabling applications in nanoscale domains such as the Internet of Nanothings, wireless on-chip communications, and advanced health monitoring. However, communication between nanodevices is hindered by the highly frequency-selective and distance-dependent nature of the THz channel, which ultimately restricts nanocommunication distances to a few millimeters. Moreover, attempts by multiple nanodevices to access the channel simultaneously increase the interference in the overall communication system. In this study, a new pulse-based modulation scheme for nanonetworks called time-hopping multilevel pulse position modulation (TH ML-PPM) is proposed and its performance in a multiuser nanocommunication scenario is analyzed. In ML-PPM, each nanomachine in the nanonetwork first transforms the transmitted bits into multilevels by using several orthogonal codes and then modulates each multilevel code into a pulse position. The generated ML-PPM signal is subsequently time-hopped to achieve multiple access. Employing orthogonal coding results in spreading gain at the nanoreceiver, which improves the performance of the proposed scheme. The bit error rate and link capacity of the time-hopped multilevel PPM scheme are evaluated for different THz propagation conditions and system design parameters. The results show that for a THz channel with 10% water vapor concentration, a link capacity of more than 100 gigabits per second is achieved across a transmission distance of $0.5 \,\mathrm{m}\mathrm{m}$.","1941-0085","","10.1109/TNANO.2022.3226760","National Research Foundation of Korea; Korean government(grant numbers:NRF-2022R1G1A1004799,NRF-2018R1A2B6002204); ","https://ieeexplore.ieee.org/stamp/stamp.jsp?arnumber=9970394","Link capacity;multiple access;multilevel signal;modulation;nanocommunication;pulse position modulation;time-hopping;terahertz band","Modulation;Nanocommunication (telecommunication);Multiaccess communication;Nanoscale devices;OFDM;Terahertz communications;Interference","","7","","39","IEEE","5 Dec 2022","2022","","IEEE","IEEE Journals"
"Electron Irradiation of Titanium-Doped Chromium Nanostructured Thin Films for Higher Conductive Electrodes","S. Polosan; C. C. Ciobotaru; I. C. Ciobotaru; M. Enculescu; D. Iosub; A. Mandes; R. Vladoiu","National Institute of Materials Physics, Bucharest-Magurele, Romania; National Institute of Materials Physics, Bucharest-Magurele, Romania; National Institute of Materials Physics, Bucharest-Magurele, Romania; National Institute of Materials Physics, Bucharest-Magurele, Romania; Stimpex SA, Bucharest, Romania; Ovidius University, Constanta, Romania; Ovidius University, Constanta, Romania",IEEE Transactions on Nanotechnology,"23 Dec 2022","2022","21","","823","829","The low-energy electron irradiation improves the electrical properties of the Ti-doped chromium thin films obtained by Laser-assisted Thermionic Vacuum Arc (LTVA). The irradiation doses, between 0.6 C/m2 and 326.4 C/m2, operate as a nanozonal melting effect, decreasing the metallic alloy's roughness, and increasing the electrical conductivity at a depth up to 8 nm. Therefore, the grain sizes of the surface nanostructures are increased after irradiation, but the surface roughness is substantially improved. By tailoring the surface parameters like crystallinity and roughness of the metallic thin films used as electrodes in the OLED technologies, a reduction of the Schottky contacts between the metal and semiconductor contact is expected. This fact minimizes the contact resistance between the metallic and semiconductor thin films and increases the charge injection across the OLED sandwich structures.","1941-0085","","10.1109/TNANO.2022.3227366","EIT Raw Materials-EITRM-OUC(grant numbers:338/390014/09.02.2021,MySMIS 108048); Intermediary Body-Romanian Ministry of Research and Innovation(grant numbers:54/2016); PNCDI III(grant numbers:PN-III-P2-2.1-PED-2021-0828); ","https://ieeexplore.ieee.org/stamp/stamp.jsp?arnumber=9973426","Chromium alloys;conductive films;electron sources;plasma materials processing;surface resistance","Plasma materials processing;Surface resistance;Electron sources;Chromium alloys;Conductive films","","3","","39","IEEE","7 Dec 2022","2022","","IEEE","IEEE Journals"
"Ultra-Low Threshold Voltage OFET Using PANI Nanofibers","A. Ali; A. M. Sallam; M. Mohsen; A. Kasry; S. O. Abdellatif","Nanotechnology Research Centre (NTRC), British University in Egypt (BUE), Cairo, Egypt; Physics Department, Faculty of Science, Ain Shams University, Cairo, Egypt; Physics Department, Faculty of Science, Ain Shams University, Cairo, Egypt; Nanotechnology Research Centre (NTRC), British University in Egypt (BUE), Cairo, Egypt; Electrical Engineering Department, Faculty of Engineering and FabLab, Centre for Emerging Learning Technologies (CELT), The British University in Egypt (BUE), Cairo, Egypt",IEEE Transactions on Nanotechnology,"26 Dec 2022","2022","21","","830","835","Organic field-effect transistors (OFETs) have shown potential market in many low-power sensing applications. Toward that, the fabrication of sharp on/off OFET is essential. Herein, we present an attempt to fabricate OFET using polyaniline (PANI), in the form of PANI-nanofibers with a fiber diameter of 75 nm, as an active semiconductor layer. The polymethyl methacrylate (PMMA) is utilized as a gate dielectric with an aluminum bottom electrode. Top electrodes for both source and drain were fabricated of gold. The Primary, in-situ polymerization method is used in preparing the PANI as a semiconductor film. The morphological and optical properties of PANI nanofibers, as well as PMMA oxide thin-film, were investigated using SEM, FTIR, AFM, and UV-Vis. Spectrometer. The bandgap energy was observed to be 2.2 eV. Consequently, the I-V characteristics were studied for the device, showing a sharp sub-threshold response. An ultra-low threshold voltage of 0.17 V was recorded, promoting the fabricated devices for various sensing applications.","1941-0085","","10.1109/TNANO.2022.3230261","Nanotechnology Research Centre; British University in Egypt; NTRC Internal Fund; ","https://ieeexplore.ieee.org/stamp/stamp.jsp?arnumber=9991854","Organic semiconductors;polyaniline nanofibers;tauc bandgap;  $I-V$   characteristics;low threshold voltage","OFETs;Polymers;Organic semiconductors;Threshold voltage","","10","","50","IEEE","19 Dec 2022","2022","","IEEE","IEEE Journals"
"2022 Index IEEE Transactions on Nanotechnology Vol. 21","",,IEEE Transactions on Nanotechnology,"18 Jan 2023","2022","21","","836","862","Presents the 2022 author/subject index for this issue of the publication.","1941-0085","","10.1109/TNANO.2023.3237310","","https://ieeexplore.ieee.org/stamp/stamp.jsp?arnumber=10019336","","","","","","0","IEEE","18 Jan 2023","2022","","IEEE","IEEE Journals"
