"Document Title",Authors,"Author Affiliations","Publication Title",Date Added To Xplore,"Publication Year","Volume","Issue","Start Page","End Page","Abstract","ISSN",ISBNs,"DOI",Funding Information,PDF Link,"Author Keywords","IEEE Terms","Mesh_Terms",Article Citation Count,Patent Citation Count,"Reference Count","License",Online Date,Issue Date,"Meeting Date","Publisher",Document Identifier
"18th International Conference on Nanotechnology (IEEE-NANO)","",,2018 IEEE 18th International Conference on Nanotechnology (IEEE-NANO),"27 Jan 2019","2018","","","1","1","Presents the title page of the proceedings record.","1944-9380","978-1-5386-5336-4","10.1109/NANO.2018.8626220","","https://ieeexplore.ieee.org/stamp/stamp.jsp?arnumber=8626220","","","","","","","IEEE","27 Jan 2019","23-26 July 2018","23-26 July 2018","IEEE","IEEE Conferences"
"[Copyright notice]","",,2018 IEEE 18th International Conference on Nanotechnology (IEEE-NANO),"27 Jan 2019","2018","","","1","1","Presents the copyright information for the conference. May include reprint permission information.","1944-9380","978-1-5386-5336-4","10.1109/NANO.2018.8626375","","https://ieeexplore.ieee.org/stamp/stamp.jsp?arnumber=8626375","","","","","","","IEEE","27 Jan 2019","23-26 July 2018","23-26 July 2018","IEEE","IEEE Conferences"
"Welcome Message","",,2018 IEEE 18th International Conference on Nanotechnology (IEEE-NANO),"27 Jan 2019","2018","","","1","1","Presents the introductory welcome message from the conference proceedings. May include the conference officers' congratulations to all involved with the conference event and publication of the proceedings record.","1944-9380","978-1-5386-5336-4","10.1109/NANO.2018.8626373","","https://ieeexplore.ieee.org/stamp/stamp.jsp?arnumber=8626373","","","","","","","IEEE","27 Jan 2019","23-26 July 2018","23-26 July 2018","IEEE","IEEE Conferences"
"Organising Committee","",,2018 IEEE 18th International Conference on Nanotechnology (IEEE-NANO),"27 Jan 2019","2018","","","1","1","The conference organizers greatly appreciate the support of the various corporate sponsors listed.","1944-9380","978-1-5386-5336-4","10.1109/NANO.2018.8626326","","https://ieeexplore.ieee.org/stamp/stamp.jsp?arnumber=8626326","","","","","","","IEEE","27 Jan 2019","23-26 July 2018","23-26 July 2018","IEEE","IEEE Conferences"
"A Clear, Delicate, Biocompatible Optical Window for Brain Imaging","S. V. Puttaswamy; A. Bandla; S. J. Fishlock; C. Lee; J. McLaughlin","Singapore Institute for Neurotechnology, National University of Singapore; Singapore Institute for Neurotechnology, National University of Singapore; Connected Health Innovation Centre, Ulster University, Newtownabbey, United Kingdom; Department of Electrical and Computer Engineering, National University of Singapore; Connected Health Innovation Centre, Ulster University, Newtownabbey, United Kingdom",2018 IEEE 18th International Conference on Nanotechnology (IEEE-NANO),"27 Jan 2019","2018","","","1","4","In this work, we present a single-step method to fabricate transparent, flexible optical windows of biocompatible hydrogel material for repeated, long-term optical recordings and stroke monitoring of rodent cortex. The main advantage of the proposed method is that the optical window of any desired shape and size can be conveniently fabricated in a short span of time. The fabrication of the optical window is simple and completed in a single step. Biocompatible hydrogel poly (ethylene glycol) diacrylate (PEGDA) in the liquid form before curing conforms well to the required shape and size after cross linking. Being a light, transparent and stretchable material provide a practical solution to long-term optical imaging in the anesthetized rat.","1944-9380","978-1-5386-5336-4","10.1109/NANO.2018.8626270","","https://ieeexplore.ieee.org/stamp/stamp.jsp?arnumber=8626270","","Optical device fabrication;Optical imaging;Biomedical optical imaging;Cranial;Windows;Mice","","1","","13","IEEE","27 Jan 2019","23-26 July 2018","23-26 July 2018","IEEE","IEEE Conferences"
"A Controlling Method of Nanowire Array Biosensor","C. A. Lee; H. Watanabe","Department of Electrical and Computer Engineering, National Chiao Tung University, Hsinchu, Taiwan; Department of Electrical and Computer Engineering, National Chiao Tung University, Hsinchu, Taiwan",2018 IEEE 18th International Conference on Nanotechnology (IEEE-NANO),"27 Jan 2019","2018","","","1","3","The limit-of-detection (LOD) is a key factor to characterize the performance of electronic biosensing. A biosensor unit comprises plurality of nanowire biotransistors having oxide surface to bind biomolecules in a specimen electrolyte. In order to improve the LOD, we may reduce the number of bound biomolecules, which are necessary to detect signal change through nanowire transistors. However, as the number of bound biomolecules reduces, the signal change becomes too small to dominate the noise due to irregular reactions. This is the current limitation of LOD improvement. In this work, we demonstrate an exemplary concept of system solution to this problem by statistical analysis of Monte-Carlo simulation results.","1944-9380","978-1-5386-5336-4","10.1109/NANO.2018.8626291","","https://ieeexplore.ieee.org/stamp/stamp.jsp?arnumber=8626291","","Molecular biophysics;Electrolytes;Biosensors;Frequency modulation;Biological system modeling;Monte Carlo methods","","","","10","IEEE","27 Jan 2019","23-26 July 2018","23-26 July 2018","IEEE","IEEE Conferences"
"A Fiber Optic Laser Ultrasound Transducer using Candle Soot Nanoparticles/PDMS Composites","W. -Y. Chang; X. Jiang","Department of Mechanical and Aerospace Engineering, North Carolina State University, Raleigh, North Carolina, USA; Department of Mechanical and Aerospace Engineering, North Carolina State University, Raleigh, North Carolina, USA",2018 IEEE 18th International Conference on Nanotechnology (IEEE-NANO),"27 Jan 2019","2018","","","1","2","Laser ultrasound patch composed of candle soot nanoparticles and polydimethylsiloxane (CS/PDMS) composites showed high photoacoustic transducer efficiency than other carbon based composites. In this study, we report a single fiber optic laser ultrasound transducer for minimal invasive ultrasound imaging and therapy.","1944-9380","978-1-5386-5336-4","10.1109/NANO.2018.8626346","","https://ieeexplore.ieee.org/stamp/stamp.jsp?arnumber=8626346","","Ultrasonic imaging;Transducers;Optical fibers;Absorption;Fiber lasers;Acoustics;Optical variables measurement","","4","","11","IEEE","27 Jan 2019","23-26 July 2018","23-26 July 2018","IEEE","IEEE Conferences"
"A large-scale lithography-free plasmonic color filter for effectively glucose sensing","Y. -S. Lin; R. Xu; Y. Tong; J. Luo; K. Yan; W. Chen; Z. Xu; X. Liu; S. Yang; D. Yao; J. Sha; J. Zhong; S. Liao; Y. Yu","State Key Laboratory of Optoelectronic Materials and Technologies, Sun Yat-Sen University, Guangzhou, China; State Key Laboratory of Optoelectronic Materials and Technologies, Sun Yat-Sen University, Guangzhou, China; State Key Laboratory of Optoelectronic Materials and Technologies, Sun Yat-Sen University, Guangzhou, China; State Key Laboratory of Optoelectronic Materials and Technologies, Sun Yat-Sen University, Guangzhou, China; State Key Laboratory of Optoelectronic Materials and Technologies, Sun Yat-Sen University, Guangzhou, China; State Key Laboratory of Optoelectronic Materials and Technologies, Sun Yat-Sen University, Guangzhou, China; State Key Laboratory of Optoelectronic Materials and Technologies, Sun Yat-Sen University, Guangzhou, China; State Key Laboratory of Optoelectronic Materials and Technologies, Sun Yat-Sen University, Guangzhou, China; State Key Laboratory of Optoelectronic Materials and Technologies, Sun Yat-Sen University, Guangzhou, China; State Key Laboratory of Optoelectronic Materials and Technologies, Sun Yat-Sen University, Guangzhou, China; State Key Laboratory of Optoelectronic Materials and Technologies, Sun Yat-Sen University, Guangzhou, China; State Key Laboratory of Optoelectronic Materials and Technologies, Sun Yat-Sen University, Guangzhou, China; State Key Laboratory of Optoelectronic Materials and Technologies, Sun Yat-Sen University, Guangzhou, China; State Key Laboratory of Optoelectronic Materials and Technologies, Sun Yat-Sen University, Guangzhou, China",2018 IEEE 18th International Conference on Nanotechnology (IEEE-NANO),"27 Jan 2019","2018","","","1","3","A large-scale lithography-free plasmonic color filter (PCF) is presented, which is integrated with a microfluidic chip for effective glucose sensing. PCF is composed of hybrid nanopillars fabricated with SiO2 and Au thin-films on Si substrate. It exhibits angle-independence, and polarization-independence, which are the most important factors for color filters for industrial applications. The resonance shift is 56 nm with a stable bandwidth (~30nm) by varying concentration of glucose solution. The sensitivity is 157.61 nm/RIU and the corresponding figure-of-merit is 5.25. Such strategy can be exploited to further potentially enter the ultra-strong coupling regime in chemical solution sensors.","1944-9380","978-1-5386-5336-4","10.1109/NANO.2018.8626405","","https://ieeexplore.ieee.org/stamp/stamp.jsp?arnumber=8626405","","Sugar;Microfluidics;Optical sensors;Plasmons;Optical polarization;Optical filters","","","","9","IEEE","27 Jan 2019","23-26 July 2018","23-26 July 2018","IEEE","IEEE Conferences"
"Enhanced ion-selective membrane sensors based on a novel electroacoustic measurement approach","B. F. E. Matarèse; A. Kale; A. Stevenson","Department of Chemical Engineering and Biotechnology, Cambridge, UK; Department of Chemical Engineering and Biotechnology, Cambridge, UK; Department of Chemical Engineering and Biotechnology, Cambridge, UK",2018 IEEE 18th International Conference on Nanotechnology (IEEE-NANO),"27 Jan 2019","2018","","","1","5","This work investigates the mechanical and dielectric properties of an ion-selective membrane based on PDMS:PEG:valinomycin, with a view to creating practical geometries for high performance ion sensing in a variety of realworld settings including healthcare, food industry and agriculture. We focus effort on measuring physical changes in the membrane that can be detected with simple sensors. First a dynamic mechanical analyser instrument was used to determine the effect of potassium ions on the real and imaginary bending storage modulus, loss tangent, glass transition temperature, temperature coefficient of millimeter sized PDMS samples. Second, a microwave dielectric analyser with a coaxial probe fixture was applied to the same sample to isolate dielectric shifts associated with ion uptake, namely the real and imaginary permittivities. These perturbation measurements performed for PDMS, PDMS:PEG and PDMS:PEG:V samples, provide strong evidence that alternatives to traditional electrochemical sensing devices can easily be constructed. Thus a plethora of new acoustic and capacitive sensing geometries arise. Thus there is the opportunity to integrate membranes into quartz crystal microbalance, surface acoustic wave and single-sided capacitance sensors. Some suggestions on suitable dimensions, aspect ratios, operating frequencies are provided.","1944-9380","978-1-5386-5336-4","10.1109/NANO.2018.8626277","","https://ieeexplore.ieee.org/stamp/stamp.jsp?arnumber=8626277","viscoelastic;elastomeric membranes;ion-selective membranes;bending storage modulus;dielectric properties;(carrier) ionophore;Dynamic mechanical analysis;Acoustic sensor","Ions;Biomembranes;Dielectrics;Temperature;Potassium;Temperature sensors","","","","12","IEEE","27 Jan 2019","23-26 July 2018","23-26 July 2018","IEEE","IEEE Conferences"
"A Novel Crossing Device for in-plane Nanomagnetic Logic Circuits","J. G. Nizer Rahmeier; T. G. Resende; L. G. C. Melo; O. P. Vilela Neto","Federal University of Minas Gerais, Belo Horizonte, MG, Brazil; Federal University of Minas Gerais, Belo Horizonte, MG, Brazil; Federal University of Minas Gerais, Belo Horizonte, MG, Brazil; Federal University of Minas Gerais, Belo Horizonte, MG, Brazil",2018 IEEE 18th International Conference on Nanotechnology (IEEE-NANO),"27 Jan 2019","2018","","","1","4","Nanomagnetic logic (NML) circuits provide an efficient way to overcome the physical and thermal limits of charge-based logic devices. They present very low power consumption, making them very attractive to be employed as remote devices in the field of Internet of Things (IoT) technology. When designing complex nanomagnetic circuits, we often need a circuit device to perform the crossing of information without the necessity of extra layer of interacting magnets. In this work, we propose and analyze the behavior of a structure that allows an in-plane crossing of information that can be useful in the design of complex NML circuits. Micromagnetic simulation through the Object Oriented Micro-Magnetic Framework (OOMMF) was performed by inserting the device on the desired crossing spot and driving all magnets using external magnetic fields as clock signals. We show that the proposed circuit can horizontally and vertically cross the signal data, extending its usage to antiferromagnetic ally and ferromagnetically coupled wires.","1944-9380","978-1-5386-5336-4","10.1109/NANO.2018.8626282","","https://ieeexplore.ieee.org/stamp/stamp.jsp?arnumber=8626282","","Clocks;Perpendicular magnetic anisotropy;Magnetic circuits;Magnetization;Wires;Magnetic devices","","2","","13","IEEE","27 Jan 2019","23-26 July 2018","23-26 July 2018","IEEE","IEEE Conferences"
"A Novel Nanocomposite Polymer Electrolyte for Application in Solid State Lithium Ion Battery","S. S. Satyanarayana Reddy; J. V. R. Ravindra; N. H. Reddy; A. R. Polu","Department of Computer Science & Engineering, Vardhaman College of Engineering Shamshabad, Hyderabad, Telangana; Department of Electronics and Communication Engineering, Vardhaman College of Engineering, Shamshabad, Hyderabad, Telangana; Department of Computer Science & Engineering, Vardhaman College of Engineering Shamshabad, Hyderabad, Telangana; Department of Physics, Vardhaman College of Engineering, Shamshabad, Hyderabad, Telangana, India",2018 IEEE 18th International Conference on Nanotechnology (IEEE-NANO),"27 Jan 2019","2018","","","1","4","Nanocomposite polymer electrolytes (NCPE) have been prepared by blending poly(ethylene oxide) (PEO) and polyhedral oligomeric silsesquioxane-functionalized with poly(ethylene glycol) (POSS- PEG) with lithium bis(oxalate) borate (LiBOB). Different thermal, electrical and electrochemical studies exhibit promising characteristics of these polymer electrolytes, suitable as electrolytes in rechargeable lithium-ion batteries. POSS-PEG was highly compatible with PEO up to 50 wt% and resulted in single $\mathbf{T}_{\mathbf{g}}$ and increased ionic conductivity. The ionic conductivity of the nanocomposites increased to $3.98\times 10^{-6}$ S/cm at 50 wt% of POSS-PEG by more than 2 orders of magnitude. POSS-PEG nanoparticles sustainably increased ionic conductivity without impeding chain motion of polymer and were highly compatible with PEO up to 50 wt% of POSS-PEG, which can mitigate the restriction of the amount of nanoparticles introduction. The Li/PEO-LiBOB-POSS PEG/LiFeP04 coin-typed cell cycled at 0.1 C shows the $1^{\mathbf{st}}$ discharge capacity about 146 mAh $\mathbf{g}^{-1}$, and remains 126.2 mAh $\mathbf{g}^{-1}$ on the $50^{\mathbf{th}}$ cycle. Overall, these results indicate that POSS-PEG nanocomposites can be potentially useful as a new class of nanocomposite polymer electrolytes for rechargeable lithium batteries.","1944-9380","978-1-5386-5336-4","10.1109/NANO.2018.8626268","","https://ieeexplore.ieee.org/stamp/stamp.jsp?arnumber=8626268","Organic-inorganic hybrid nanoparticles;nanocomposite polymer electrolytes;glass transition temperature;ionic conductivity;Li-ion battery","Electrolytes;Polymers;Conductivity;Nanoparticles;Loading;Lithium;Lithium-ion batteries","","2","","13","IEEE","27 Jan 2019","23-26 July 2018","23-26 July 2018","IEEE","IEEE Conferences"
"A photoelectrical artificial synapse for novel neuromorphic network","K. Yang; S. Yuan; Y. Zhan; L. Zheng; F. Seoane","Biotechnology and Health, KTH Royal Institution of Technology, Stockholm, Sweden; State Key Laboratory of ASIC and System, SIST, Fudan University, Shanghai, China; State Key Laboratory of ASIC and System, SIST, Fudan University, Shanghai, China; State Key Laboratory of ASIC and System, SIST, Fudan University, Shanghai, China; Swedish School of Textiles, University of Borås, Borås, Sweden",2018 IEEE 18th International Conference on Nanotechnology (IEEE-NANO),"27 Jan 2019","2018","","","1","2","The requirement of information acquisition and processing is growing rapidly. However, existing systems either suffering from inadequate processing ability or from architecture limitations being restricted by the data sensing and transmission process. In this work, a novel photoelectrical artificial synapse is developed to settle down these issues by proposing a new possibility of having a photoelectrical neuromorphic network. The photoelectrical artificial synapse has both light sensing and non-volatile multilevel states making it a suitable candidate as building block in a sensing-processing merged and photoelectrical-enabled neuromorphic system. The device also has physical flexibility to adapt to flexible and wearable systems. This work initiates a new area of novel artificial synapses and neuromorphic networks.","1944-9380","978-1-5386-5336-4","10.1109/NANO.2018.8626411","","https://ieeexplore.ieee.org/stamp/stamp.jsp?arnumber=8626411","","Neuromorphics;Synapses;Logic gates;Sensors;Computer architecture;Hardware;Performance evaluation","","","","11","IEEE","27 Jan 2019","23-26 July 2018","23-26 July 2018","IEEE","IEEE Conferences"
"A Rodent Flash FPGA Control System for Closed-loop Optogenetic Stimulation to Suppress Seizures","L. Xia; A. Soltan; J. Luo; G. Chester; P. Degenaar","School of Engineering, Newcastle University, Newcastle upon Tyne, UK; School of Engineering, Newcastle University, Newcastle upon Tyne, UK; School of Engineering, Newcastle University, Newcastle upon Tyne, UK; School of Engineering, Newcastle University, Newcastle upon Tyne, UK; School of Engineering, Newcastle University, Newcastle upon Tyne, UK",2018 IEEE 18th International Conference on Nanotechnology (IEEE-NANO),"27 Jan 2019","2018","","","1","4","in this effort, we report a low power Flash FPGA based control system for benefiting closed-loop neuroscience experiments. A digital implementation of closed-loop proportional-integral-derivative control algorithm has been implemented for offering more flexibility to generate further optogenetic stimulation to stabilize the epileptiform oscillation in epileptiform neuron network. The proposed digital control system receiving recordings from an implantable probe, preformed the closed-loop control algorithm and generating optogenetic stimulation to control epileptic seizures as a closed-loop system. The prototype is capable of satisfying the real time constraints posed by the application when clocked at 20 MHz which costs 4.67 rnA.","1944-9380","978-1-5386-5336-4","10.1109/NANO.2018.8626342","","https://ieeexplore.ieee.org/stamp/stamp.jsp?arnumber=8626342","Neural recording;neural stimulation;closed-loop Neural Interface","Optical buffering;Optical filters;Field programmable gate arrays;Kernel;Finite impulse response filters;Optical recording;Pulse width modulation","","","","15","IEEE","27 Jan 2019","23-26 July 2018","23-26 July 2018","IEEE","IEEE Conferences"
"A Shape Memory Alloy 1×2 Optical Waveguide Switch","R. Fechner; C. Chlub; E. Quandt; M. Kohl","Karlsruhe Institute of Technology, Karlsruhe, Germany; University of Kiel, Kiel, Germany; University of Kiel, Kiel, Germany; Karlsruhe Institute of Technology, Karlsruhe, Germany",2018 IEEE 18th International Conference on Nanotechnology (IEEE-NANO),"27 Jan 2019","2018","","","1","3","This paper presents design, fabrication and characterization of a novel integrated optical waveguide switch that allows for coupling of an input port in either of two output ports. A new fabrication process has been developed to integrate a shape memory alloy (SMA) bimorph nanoactuator with a footprint below 5 μm2 on a silicon photonic chip. Optical measurements demonstrate a decrease in power transfer by 53 % for a decrease in gap size from 250 nm to 200 nm at a wavelength of 1300 nm, which is in line with FEM-based simulations. The simulations further indicate that a decrease in power transfer by 100% occurs at a gap size of 170 nm.","1944-9380","978-1-5386-5336-4","10.1109/NANO.2018.8626320","","https://ieeexplore.ieee.org/stamp/stamp.jsp?arnumber=8626320","","Optical waveguides;Optical switches;Silicon;Optical device fabrication;Couplings;Photonics;Optical coupling","","","","5","IEEE","27 Jan 2019","23-26 July 2018","23-26 July 2018","IEEE","IEEE Conferences"
"A spin orbit torque based true random number generator with real-time optimization","Y. Liu; Z. Wang; Z. Li; X. Wang; W. Zhao","School of Electronics and Information Engineering, Beihang University, Beijing, China; School of Electronics and Information Engineering, Beihang University, Beijing, China; School of Electronics and Information Engineering, Beihang University, Beijing, China; School of Electronics and Information Engineering, Beihang University, Beijing, China; School of Electronics and Information Engineering, Beihang University, Beijing, China",2018 IEEE 18th International Conference on Nanotechnology (IEEE-NANO),"27 Jan 2019","2018","","","1","4","True random number generators (TRNG) is desired by various applications such as data encryption and statistical sampling. Due to the stochastic switching behavior, spin transfer torque magnetic tunnel junction (STT-MTJ) is used for the design of TRNG. However, it requires a high-complexity circuit to precisely control the duration and amplitude of the applied current. In this work, we propose a spin orbit torque MTJ based TRNG (SOT-TRNG) with a correction circuit. The controlling of the current is simplified, and the optimization modules are easy to be implemented. The transient simulation and the National Institute of Standards and technology (NIST) tests results demonstrate that the proposed TRNG can generate true random numbers with high speed meanwhile tolerate process, voltage and temperature (PVT) variations. Furthermore, the comparison results show that the SOT-TRNG has a wider operational margin of current and stronger robustness.","1944-9380","978-1-5386-5336-4","10.1109/NANO.2018.8626347","","https://ieeexplore.ieee.org/stamp/stamp.jsp?arnumber=8626347","","NIST;Magnetic tunneling;Switches;Magnetization;Generators;Torque;Transient analysis","","12","","16","IEEE","27 Jan 2019","23-26 July 2018","23-26 July 2018","IEEE","IEEE Conferences"
"A three-finger microgripper based on 3D-Assembly","H. Wu; L. Chen; H. Huang","School of Mechanical and Electric Engineering, Soochow University, Suzhou, China; School of Mechanical and Electric Engineering, Soochow University, Suzhou, China; School of Mechanical and Electric Engineering, Soochow University, Suzhou, China",2018 IEEE 18th International Conference on Nanotechnology (IEEE-NANO),"27 Jan 2019","2018","","","1","4","Due to force scaling laws, large adhesion forces make the release of microobjects difficult. In order to achieve stable clamping, handling and reliable release of microscale components in micron scale, a three-finger microgripper was developed. The mechanical and dynamic characteristics of the microgripper are analyzed by the finite element software. The gripper is fabricated using a SOI process. Clamping operation is realized by using the electro-thermal-drive. The flat finger and the third finger are assembled into a three-dimensional structure by a micro-assembly method.Test results show the gripper obtained a displacement of 45 μm with an applied voltage of 25 V.Micro-operation experiment was made for the 70 ~ 110μm microspheres. The cantilever micro-clamping finger can be used to auxiliary handover the release, which can effectively overcome the adhesion between the micro ball and the finger, to achieve reliable release operation.","1944-9380","978-1-5386-5336-4","10.1109/NANO.2018.8626403","","https://ieeexplore.ieee.org/stamp/stamp.jsp?arnumber=8626403","","Grippers;Force;Thumb;Clamps;Adhesives;Heating systems","","1","","8","IEEE","27 Jan 2019","23-26 July 2018","23-26 July 2018","IEEE","IEEE Conferences"
"Advances in the synthesis and long-term protection of zero-valent iron nanoparticles","J. P. Mehta; B. R. Knappett; G. Divitini; E. Ringe; P. A. Midgley; D. Fairen-Jimenez; A. E. H. Wheatley","University of Cambridge, Cambridge, UK; University of Cambridge, Cambridge, UK; University of Cambridge, Cambridge, UK; University of Cambridge, Cambridge, UK; University of Cambridge, Cambridge, UK; University of Cambridge, Cambridge, UK; University of Cambridge, Cambridge, UK",2018 IEEE 18th International Conference on Nanotechnology (IEEE-NANO),"27 Jan 2019","2018","","","1","2","Core@shell Fe@Fe3O4 NPs are synthesized via the thermal decomposition of iron pentacarbonyl (Fe(CO)5) in the presence either of oleylamine (OAm) or a mixture of OAm and oleic acid (OA). In the presence of a single surfactant, the heterostructured nanocomposites formed do so by a post-synthetic modification of isolated Fe seeds. The deployment of a secondary surfactant allows the synthetic methodology to be developed from a two-pot scenario where seeds are isolated then coated, to an easier and more efficient direct one-pot scenario. In both cases, the monodisperse product reveals a carbonaceous interface between the Fe core and oxide shell. Meanwhile for the one-pot synthesis, the OA:OAm ratio influences both the morphology and dispersity of the product. This is interpreted in terms of competing interactions of the ligands with the iron precursor. Superparamagnetism (SPM) is observed, and microscopic studies reveal oxidative stability of the Fe(O) cores achieved by either method for months. It is proposed that the carbonaceous interface is critical to this sustained oxidative stability.","1944-9380","978-1-5386-5336-4","10.1109/NANO.2018.8626392","","https://ieeexplore.ieee.org/stamp/stamp.jsp?arnumber=8626392","","Iron;Surfactants;Magnetic cores;Nanoparticles;Oxidation;Coatings;Carbon","","","","6","IEEE","27 Jan 2019","23-26 July 2018","23-26 July 2018","IEEE","IEEE Conferences"
"All Inkjet-Printed High On/Off Ratio Two-Dimensional Materials Field Effect Transistor","M. U. Jewel; F. Mokhtari-Koushyar; R. T. Chen; M. Y. Chen","Ingram School of Engineering, Texas State University, San Marcos, TX, USA; Electrical and Computer Engineering, The University of Texas at Austin, Austin, TX, USA; Electrical and Computer Engineering, The University of Texas at Austin, Austin, TX, USA; Ingram School of Engineering, Texas State University, San Marcos, TX, USA",2018 IEEE 18th International Conference on Nanotechnology (IEEE-NANO),"27 Jan 2019","2018","","","1","4","This paper introduces the development of a novel ink, design, fabrication, and characterization of all inkjet-printed two-dimensional (2D) materials-based field effect transistor with a high current on/off ratio. A stable and efficient method of inkjet printing is developed for nitrogen-doped graphene (N-graphene) nanosheets. Good area coverage of N-graphene percolation clusters is observed from the SEM image. The Raman spectrum reveals a high amount of disorder in the nanoflakes due to the nitrogen doping. A current on-off ratio of 336 is achieved for the transistor with a systematic combination of N-graphene and molybdenum disulfide (MoS2) percolation network channel. An EDS spectrum confirms the heterostructure of N-graphene and MoS2. To our best knowledge, this is the highest on/off ratio for a fully inkjet printed transistor based on 2D materials.","1944-9380","978-1-5386-5336-4","10.1109/NANO.2018.8626364","","https://ieeexplore.ieee.org/stamp/stamp.jsp?arnumber=8626364","","Molybdenum;Sulfur;Transistors;Graphene;Ink jet printing;Nitrogen","","3","","12","IEEE","27 Jan 2019","23-26 July 2018","23-26 July 2018","IEEE","IEEE Conferences"
"All Printed Large Area E-field Antenna Utilizing Printed Organic Rectifying Diodes for RF Energy Harvesting","M. Li; G. Daniel; B. E. Kahn; L. H. Ohara; B. D. F. Casse; N. Pretorius; B. Krusor; P. Mei; G. L. Whiting; C. Tonkin; D. Lupo","Dept. of Electronics and Communication Engineering, Tampere University of Technolozy, Finland; Metawave Corporation, USA; Rochester Institute of Technology, AMPrint Center, USA; Clemson University, The Sonoco Institute of Packaging Design and Graphics, USA; Metawave Corporation, USA; Clemson University, The Sonoco Institute of Packaging Design and Graphics, USA; PARC- a Xerox company, USA; PARC- a Xerox company, USA; Department of Mechanical Engineering, University of Colorado Boulder, USA; Clemson University, The Sonoco Institute of Packaging Design and Graphics, USA; Dept. of Electronics and Communication Engineering, Tampere University of Technolozy, Finland",2018 IEEE 18th International Conference on Nanotechnology (IEEE-NANO),"27 Jan 2019","2018","","","1","5","Fully printed radio frequency (RF) harvesters that operate at HF RFID and ISM frequency of 13.56 MHz are normally comprised of a small printed loop antenna. They work at short ranges using inductive coupling. In this paper, we present a novel screen printed large area E-field antenna incorporated with a printed organic diode rectifier that can provide close to 1 V dc voltage with 1 W input at a distance of a few meters. The unique high bulk capacitance of the printed organic diodes enables effective imaginary impedance matching to the antenna without an additional matching component. The results demonstrate the possibility of fully printed RF energy harvesters for long range operation at HF frequencies.","1944-9380","978-1-5386-5336-4","10.1109/NANO.2018.8626318","","https://ieeexplore.ieee.org/stamp/stamp.jsp?arnumber=8626318","","Antennas;Capacitance;Schottky diodes;Impedance;Radio frequency;Voltage measurement","","2","","16","IEEE","27 Jan 2019","23-26 July 2018","23-26 July 2018","IEEE","IEEE Conferences"
"Amplifying organic semiconductor waveguide based nanocrystal sensor","M. Jankauskas; B. Guilhabert; M. D. Dawson; N. Laurand","SUPA Department of Physics, University of Strathclyde, Glasgow, United Kingdom; SUPA Department of Physics, University of Strathclyde, Glasgow, United Kingdom; SUPA Department of Physics, University of Strathclyde, Glasgow, United Kingdom; SUPA Department of Physics, University of Strathclyde, Glasgow, United Kingdom",2018 IEEE 18th International Conference on Nanotechnology (IEEE-NANO),"27 Jan 2019","2018","","","1","3","We demonstrate an optical sensor that consists of an amplifying organic semiconductor waveguide with a protective polymer cladding for photostability. Sensing is achieved by evanescence of the guided amplified spontaneous emission (ASE) combining high signal levels at detection with simplicity of implementation. We show correlations between the presence and concentration of colloidal semiconductor nanoparticles on the cladding surface and changes in both the ASE threshold and the optical gain.","1944-9380","978-1-5386-5336-4","10.1109/NANO.2018.8626358","","https://ieeexplore.ieee.org/stamp/stamp.jsp?arnumber=8626358","","Optical waveguides;Optical surface waves;Optical sensors;Stimulated emission;Semiconductor waveguides;Optical device fabrication;Optical pumping","","","","6","IEEE","27 Jan 2019","23-26 July 2018","23-26 July 2018","IEEE","IEEE Conferences"
"An approach with electrostatic MEMS switch for environment energy harvesting","Y. Chen; J. Zhao; Y. Gao","Department of Precision Instrument, Tsinghua University, Beijing, China; Department of Precision Instrument, Tsinghua University, Beijing, China; Department of Precision Instrument, Tsinghua University, Beijing, China",2018 IEEE 18th International Conference on Nanotechnology (IEEE-NANO),"27 Jan 2019","2018","","","1","4","A new approach is developed for environment energy harvesting based on an electrostatic MEMS switch due to its hysteresis property. A hysteresis model of the electrostatic MEMS switch is established, and theoretical and experimental results show that the hysteresis window is designable. A demo for piezoelectric energy harvesting based on the MEMS switch is designed and finished. The approach is compacted, passive and efficient, which facilitates the development of energy harvesting.","1944-9380","978-1-5386-5336-4","10.1109/NANO.2018.8626330","","https://ieeexplore.ieee.org/stamp/stamp.jsp?arnumber=8626330","","Microswitches;Hysteresis;Energy harvesting;Electrodes;Electrostatics;Contacts","","2","","7","IEEE","27 Jan 2019","23-26 July 2018","23-26 July 2018","IEEE","IEEE Conferences"
"Approximate Probabilistic Neural Networks with Gated Threshold Logic","O. Krestinskaya; A. P. James","Nazarbayev University, Astana, Kazakhstan; Nazarbayev University, Astana, Kazakhstan",2018 IEEE 18th International Conference on Nanotechnology (IEEE-NANO),"27 Jan 2019","2018","","","1","4","Probabilistic Neural Network (PNN) is a feedforward artificial neural network developed for solving classification problems. This paper proposes a hardware implementation of an approximated PNN (APNN) algorithm in which the conventional exponential function of the PNN is replaced with gated threshold logic. The weights of the PNN are approximated using a memristive crossbar architecture. In particular, the proposed algorithm performs normalization of the training weights, and quantization into 16 levels which significantly reduces the complexity of the circuit.","1944-9380","978-1-5386-5336-4","10.1109/NANO.2018.8626302","","https://ieeexplore.ieee.org/stamp/stamp.jsp?arnumber=8626302","","Memristors;Training;Logic gates;Hardware;Threshold voltage;Probabilistic logic;Approximation algorithms","","5","","18","IEEE","27 Jan 2019","23-26 July 2018","23-26 July 2018","IEEE","IEEE Conferences"
"Arrays of Janus-Type Magnetoelectric Nanowires for Passive Magnetic Field Sensing","M. Bauer; D. Arnold; J. Andrew","Dept. of Materials Science and Engineering, University of Florida, Gainesville, FL, USA; Dept. of Electrical and Computer Engineering, University of Florida, Gainesville, FL, USA; Dept. of Materials Science and Engineering, University of Florida, Gainesville, FL, USA",2018 IEEE 18th International Conference on Nanotechnology (IEEE-NANO),"27 Jan 2019","2018","","","1","3","The increasing ubiquity of sensors in IoT devices and consumer electronics demands the development of high performance, low power sensors, which can be integrated on chip with existing semiconductor technology. Magnetoelectrics, materials in which an applied magnetic field induces an electrical polarization, could offer passive magnetic field sensing capability using minimal power. Here, novel magnetoelectric nanowire arrays are fabricated which produce magnetoelectric coefficients 1-2 orders of magnitude greater than their thin film analogs are presented with 1910±100 mV cm-1 Oe-1 and 2241 ±528mV cm-1 Oe-1 observed at 1 kHz in barium titanate-cobalt ferrite and lead zirconate titanate-nickel zinc ferrite, respectively. Magnetoelectric nanowires are fabricated with a Janus, morphology where a magnetostrictive and piezoelectric phase couple along the longitudinal axis of the nanowire are fabricated via sol gel electrospinning combined with a controlled calcination process. Nanowire arrays are formed using dielectrophoresis. Magnetoelectric and magnetic field sensitivity results from arrays formed from both barium titanate and cobalt ferrite and lead zirconate titanate and nickel zinc ferrite are presented.","1944-9380","978-1-5386-5336-4","10.1109/NANO.2018.8626229","","https://ieeexplore.ieee.org/stamp/stamp.jsp?arnumber=8626229","","Nanowires;Magnetoelectric effects;Magnetic field measurement;Magnetostriction;Titanium compounds;Ferrites;Magnetic fields","","2","","4","IEEE","27 Jan 2019","23-26 July 2018","23-26 July 2018","IEEE","IEEE Conferences"
"Atomic layer deposition of phosphorus oxide films as solid sources for doping of semiconductor structures","B. Kalkofen; B. Ahmed; S. Beljakowa; M. Lisker; Y. S. Kim; E. P. Butte","IMOS, Otto von Guericke University, Magdeburg, Germany; IMOS, Otto von Guericke University, Magdeburg, Germany; Chair of Electron Devices, Friedrich-Alexander-Universitat, Erlangen-Nurnberg, Germany; IHP, Frankfurt, Oder, Germany; Lam Research Corporation, Fremont, CA, USA; IMOS, Otto von Guericke University, Magdeburg, Germany",2018 IEEE 18th International Conference on Nanotechnology (IEEE-NANO),"27 Jan 2019","2018","","","1","4","Plasma-assisted atomic layer deposition (PALD) was carried out for growing thin phosphorus oxide films onto flat and high-aspect ratio substrates. The applicability of these films as dopant sources for shallow phosphorus doping using different rapid thermal annealing (RTP) methods, such as conventional RTP and flash lamp anneal (FLA), was investigated. The phosphorus oxide films were, as expected, highly unstable in ambient air and needed to be stabilized for further ex-situ investigation. Conformal growth of such films could be obtained on silicon trench structures up to ~ 15: 1 aspect ratio with pitch below 50 nm. Shallow phosphorus doping of silicon could be obtained using the respective oxide films as dopant sources.","1944-9380","978-1-5386-5336-4","10.1109/NANO.2018.8626235","","https://ieeexplore.ieee.org/stamp/stamp.jsp?arnumber=8626235","","Films;Phosphorus;Doping;Silicon;Annealing;Antimony;Three-dimensional displays","","4","","10","IEEE","27 Jan 2019","23-26 July 2018","23-26 July 2018","IEEE","IEEE Conferences"
"Automated nanolithography process control for rapid & well ordered molecular self-assembly","R. Lundy; C. Cummins; M. A. Morris; R. Enright","AMBER@CRANN, Trinity College Dublin, Dublin, Ireland; Thermal Management Research Group, Nokia Bell Labs, Dublin, Ireland; AMBER@CRANN, Trinity College Dublin, Dublin, Ireland; Thermal Management Research Group, Nokia Bell Labs, Dublin, Ireland",2018 IEEE 18th International Conference on Nanotechnology (IEEE-NANO),"27 Jan 2019","2018","","","1","2","Block copolymers (BCPs) are a promising candidate as a bottom up next generation lithography technique. To produce an industry ready BCP process several challenges must be met. We report on the pattern formation via phase segregation of spin coated diblock copolymers in the limit of high solvent vapor annealing. A block copolymer annealing chamber has been developed to rapidly and reliably produce wafer scale nano patterns without the need to heat solvents. The BCP reconstruction step can be performed insitu and film swelling is monitored in real time via reflectometry for end-point detection. The system is currently being developed for full automation.","1944-9380","978-1-5386-5336-4","10.1109/NANO.2018.8626221","","https://ieeexplore.ieee.org/stamp/stamp.jsp?arnumber=8626221","","Annealing;Solvents;Self-assembly;Lithography;Heating systems;Polymers;Next generation networking","","","","3","IEEE","27 Jan 2019","23-26 July 2018","23-26 July 2018","IEEE","IEEE Conferences"
"Binary Weighted Memristive Analog Deep Neural Network for Near-Sensor Edge Processing","O. Krestinskaya; A. P. James","Nazarbayev University, Astana, Kazakhstan; Nazarbayev University, Astana, Kazakhstan",2018 IEEE 18th International Conference on Nanotechnology (IEEE-NANO),"27 Jan 2019","2018","","","1","4","The memristive crossbar aims to implement analog weighted neural network, however, the realistic implementation of such crossbar arrays is not possible due to limited switching states of memristive devices. In this work, we propose the design of an analog deep neural network with binary weight update through backpropagation algorithm using binary state memristive devices. We show that such networks can be successfully used for image processing task and has the advantage of lower power consumption and small on-chip area in comparison with digital counterparts. The proposed network was benchmarked for MNIST handwritten digits recognition achieving an accuracy of approximately 90%.","1944-9380","978-1-5386-5336-4","10.1109/NANO.2018.8626224","","https://ieeexplore.ieee.org/stamp/stamp.jsp?arnumber=8626224","","Memristors;Hardware;Transistors;Artificial neural networks;Power demand;System-on-chip","","22","","14","IEEE","27 Jan 2019","23-26 July 2018","23-26 July 2018","IEEE","IEEE Conferences"
"Bio-inspired Anomaly Detection for Low-cost Gas Sensors","J. Liu; J. Harkin; L. McDaid; S. Karim; A. G. Millard; J. Hilder; S. Hickinbotham; A. P. Johnson; J. Timmis; D. M. Halliday; A. M. Tyrrel","Faculty of Computing, Engineering and the Built Environment, Ulster University, UK; Faculty of Computing, Engineering and the Built Environment, Ulster University, UK; Faculty of Computing, Engineering and the Built Environment, Ulster University, UK; Faculty of Computing, Engineering and the Built Environment, Ulster University, UK; Department of Electronic Engineering, University of York, York, UK; Department of Electronic Engineering, University of York, York, UK; Department of Electronic Engineering, University of York, York, UK; Department of Electronic Engineering, University of York, York, UK; Department of Electronic Engineering, University of York, York, UK; Department of Electronic Engineering, University of York, York, UK; Department of Electronic Engineering, University of York, York, UK",2018 IEEE 18th International Conference on Nanotechnology (IEEE-NANO),"27 Jan 2019","2018","","","1","4","This paper proposes a novel anomaly detection method for gas sensors using spiking neural network principles. The synapse models with excitatory/inhibitory responses and a single spiking neuron are employed to develop the bio-inspired anomaly detector for a single gas sensor. The approach can detect anomalies in the data, which is collected by the gas sensor by identifying rapid changes rather than a magnitude threshold. In particular, the false-positive detections due to the drifts of low-cost sensors are minimised using the proposed bio-inspired approach. Using the chemicals of surgical spirits and isobutanol as test substances, experiments were carried out to evaluate the proposed method. Results demonstrate that gas anomalies can be detected when the chemical substances are presented to the sensor. In addition, results show that the approach can detect under the presence of sensor drift. The proposed bio-inspired detector was implemented on FPGA hardware, which demonstrates relatively low resources. Compact and energy efficient CMOS-based implementations of the synapse are also available which supports the low-cost potential applications of this approach, e.g. use in safety with drones and ground robots in hazardous scene detection.","1944-9380","978-1-5386-5336-4","10.1109/NANO.2018.8626301","","https://ieeexplore.ieee.org/stamp/stamp.jsp?arnumber=8626301","","Neurons;Synapses;Gas detectors;Anomaly detection;Hardware;Chemical sensors","","1","","13","IEEE","27 Jan 2019","23-26 July 2018","23-26 July 2018","IEEE","IEEE Conferences"
"Carbon Nanotubes and CoFe2O4 Nanoparticles Composite for Nanomagnetic Sensors","T. Mekuria; H. Verma; D. Seifu; H. Hong; S. P. Karna","Department of Physics & Engineering Physics, Morgan State University, Baltimore, MD, USA; Department of Physics & Engineering Physics, Morgan State University, Baltimore, MD, USA; Department of Physics & Engineering Physics, Morgan State University, Baltimore, MD, USA; Department of Material and Metallurgical Engineering, SDSMT, Rapid City, SD, USA; Weapons and Materials Research Directorate, Army Research Laboratory, MD, USA",2018 IEEE 18th International Conference on Nanotechnology (IEEE-NANO),"27 Jan 2019","2018","","","1","2","Carbon Nanotubes (CNTs) and Cobalt Ferrite (CFO) magnetic nanoparticles (Npts) nanocomposite was synthesized in a one-step process by mixing and sonicating samples in presence of a surfactant. Structure and morphology of the composite was verified using X-ray diffraction (XRD), atomic force microscopy (AFM), and scanning electron microscopy (SEM). Magnetic properties were verified performing magnetic force microscopy (MFM) and vibrating sample magnetometer (VSM). The saturation magnetization (Ms) for CNTs showed a significant improvement, 207.7 emu g-1 as compared to pristine cobalt ferrite's (CFO's) Ms value of 63 emu g-1.","1944-9380","978-1-5386-5336-4","10.1109/NANO.2018.8626328","","https://ieeexplore.ieee.org/stamp/stamp.jsp?arnumber=8626328","","Chromium;Carbon nanotubes;Nanoparticles;Nanobioscience;Scanning electron microscopy;Magnetic properties;Saturation magnetization","","","","23","IEEE","27 Jan 2019","23-26 July 2018","23-26 July 2018","IEEE","IEEE Conferences"
"Carbon nanotubes based RF packaging solutions","D. Tan; M. Cometto; P. Roux-Levy; P. Coquet; T. B. Kang; D. Baillargeat","Thales Research & Technology Singapore, Singapore; CINTRA, UMI 3288, Singapore; XLIM UMR 7252, University of Limoges/CNRS, Limoges, France; CINTRA, UMI 3288, Singapore; CINTRA, UMI 3288, Singapore; XLIM UMR 7252, University of Limoges/CNRS, Limoges, France",2018 IEEE 18th International Conference on Nanotechnology (IEEE-NANO),"27 Jan 2019","2018","","","1","4","Two RF packaging solutions are described in this paper. One is based on carbon nanotube fence-walls and contribute to a higher RF circuit integration, 10dB improvement in isolation is observed with the carbon nanotube fence-walls.; the other is based on carbon nanotube waveguide and provide alternative approach for EM shielded RF and millimeter interconnects. A carbon nanotube equivalent bulk model is used for 3D electromagnetic simulations and parametric analysis. The fabrication of the test structures are based on a low temperature carbon nanotube transfer technic. Experimental results validate the concept.","1944-9380","978-1-5386-5336-4","10.1109/NANO.2018.8626279","","https://ieeexplore.ieee.org/stamp/stamp.jsp?arnumber=8626279","Carbon nanotubes;Electromagnetic modeling;Millimeter wave passive circuits;Nanopackaging","Carbon nanotubes;Radio frequency;Solid modeling;Integrated circuit modeling;Fabrication;Three-dimensional displays;Microstrip","","","","5","IEEE","27 Jan 2019","23-26 July 2018","23-26 July 2018","IEEE","IEEE Conferences"
"Carrier mobilities and contact resistances in nanowire devices","Y. M. Niquet; L. Bourdet; Z. Zeng; F. Triozon","CEA, INAC, MEM/L Sim, Université Grenoble Alpes, Grenoble, France; CEA, INAC, MEM/L Sim, Université Grenoble Alpes, Grenoble, France; CEA, INAC, MEM/L Sim, Université Grenoble Alpes, Grenoble, France; CEA, LETI, Grenoble, France",2018 IEEE 18th International Conference on Nanotechnology (IEEE-NANO),"27 Jan 2019","2018","","","1","2","We discuss the modeling of carrier mobilities and contact resistances in nanowire-based devices such as FinFETs. We show that Non-Equilibrium Green's Functions provide a comprehensive picture of the transport in these devices, and discuss some aspects of their physics.","1944-9380","978-1-5386-5336-4","10.1109/NANO.2018.8626296","","https://ieeexplore.ieee.org/stamp/stamp.jsp?arnumber=8626296","","Logic gates;Geometry;FinFETs;Scattering;Semiconductor process modeling;Hafnium","","","","5","IEEE","27 Jan 2019","23-26 July 2018","23-26 July 2018","IEEE","IEEE Conferences"
"Characterisation of Electroless Deposited Cobalt by Hard and Soft X-ray Photoemission Spectroscopy","A. Brady-Boyd; R. O'Connor; S. Armini; S. Selvaraju; G. Hughes; J. Bogan","School of Physical Sciences, Dublin City University, Glasnevin, Dublin, Ireland; School of Physical Sciences, Dublin City University, Glasnevin, Dublin, Ireland; IMEC, Heverlee, Leuven, Belgium; School of Physical Sciences, Dublin City University, Glasnevin, Dublin, Ireland; School of Physical Sciences, Dublin City University, Glasnevin, Dublin, Ireland; School of Physical Sciences, Dublin City University, Glasnevin, Dublin, Ireland",2018 IEEE 18th International Conference on Nanotechnology (IEEE-NANO),"27 Jan 2019","2018","","","1","4","Electroless deposited (ELD) cobalt with palladium as a catalyst, and an underlying self-assembled monolayer (SAM) was investigated for potential use in advanced complementary metal oxide semiconductor (CMOS) applications using both hard (HAXPES) and soft (XPS) x-ray photoelectron spectroscopy. HAXPES spectra established the uniformity of the deposited Co film and the nature of the buried Co-Si interface ~20nm below the surface. The Pd is seen to diffuse through the Co following thermal annealing. While the deposited Co film is predominantly metallic, Co-silicide forms at the Co-Si interface upon deposition and decomposes with thermal anneal up to 500°C.","1944-9380","978-1-5386-5336-4","10.1109/NANO.2018.8626253","","https://ieeexplore.ieee.org/stamp/stamp.jsp?arnumber=8626253","","Annealing;Silicon;Silicides;Cobalt;Nitrogen;Boron","","","","15","IEEE","27 Jan 2019","23-26 July 2018","23-26 July 2018","IEEE","IEEE Conferences"
"Characterization of HfO2/TiOx ReRAM Cells in Pulse Operation Mode","A. Hardtdegen; F. Cüppers; M. von Witzleben; U. Böttger; S. Menzel; R. Waser; S. Hoffmann-Eifert","Forschungszentrum Jülich GmbH, Peter Grünberg Institut, Jülich, Germany; Forschungszentrum Jülich GmbH, Peter Grünberg Institut, Jülich, Germany; Institut für Werkstoffe der Elektrotechnik, RWTH Aachen University, Aachen, Germany; Institut für Werkstoffe der Elektrotechnik, RWTH Aachen University, Aachen, Germany; Forschungszentrum Jülich GmbH, Peter Grünberg Institut, Jülich, Germany; Institut für Werkstoffe der Elektrotechnik, RWTH Aachen University, Aachen, Germany; Forschungszentrum Jülich GmbH, Peter Grünberg Institut, Jülich, Germany",2018 IEEE 18th International Conference on Nanotechnology (IEEE-NANO),"27 Jan 2019","2018","","","1","4","Redox-based resistive random access memories (ReRAM) are promising candidates for the use in `beyond-von Neumann' architectures. One key issue for utilizing ReRAM for e.g. neuromorphic applications is a gradual SET and RESET behavior, allowing to write various resistance states emulating synaptic weights. However, a typical SET event for filamentary-like valence change mechanism devices is happening abrupt due to its physical principle. In this work we demonstrate a gradual SET behavior for HfO2/TiOx ReRAM cells in pulse mode. The results are discussed in view of the inherent properties of the particular bilayer structure.","1944-9380","978-1-5386-5336-4","10.1109/NANO.2018.8626314","","https://ieeexplore.ieee.org/stamp/stamp.jsp?arnumber=8626314","","Resistance;Switches;Hafnium compounds;Electrical resistance measurement;Transient analysis;Neuromorphics;Performance evaluation","","2","","13","IEEE","27 Jan 2019","23-26 July 2018","23-26 July 2018","IEEE","IEEE Conferences"
"CMOS Compatible, Low Temperature, growth of Silicon Nanowires by Microwave nano-susceptors","F. Palma; E. Cattaruzza; R. Rao; P. Riello","CNIS, Rome University La Sapienza, Rome, Italy; Università Ca’ Foscari, Venezia, Italy; CNIS, Rome University La Sapienza, Rome, Italy; Università Ca’ Foscari, Venezia, Italy",2018 IEEE 18th International Conference on Nanotechnology (IEEE-NANO),"27 Jan 2019","2018","","","1","3","Silicon nanowires grown by the VLS mechanism resulted as efficient chemical and biological sensors as field effect transistors, nevertheless up to date a key point is the integration of the nanostructure in actual integrated circuit. The basic requirement appears the possibility to perform the deposition at low temperature, directly on the backside of the already finished integrated circuit. This would combine the high chemical sensitivity of the nanowires with the sensitivity, the elaboration capability, and the low production cost of CMOS technology. This paper presents a new technique which allows the grow of silicon nanowires at temperature lower than 200°C. MW CVD technique is used combined with nano-susceptors.","1944-9380","978-1-5386-5336-4","10.1109/NANO.2018.8626310","","https://ieeexplore.ieee.org/stamp/stamp.jsp?arnumber=8626310","","Silicon;Plasma temperature;Substrates;Temperature measurement;Nanowires;Heating systems;Metals","","1","","10","IEEE","27 Jan 2019","23-26 July 2018","23-26 July 2018","IEEE","IEEE Conferences"
"CNT/CB-PDMS nanocomposite diaphragm pressure sensor for monitoring respiratory disorder","F. Memon; S. Mukherji","Indian Institute of Technology Bombay, Mumbai, India; Indian Institute of Technology Bombay, Mumbai, India",2018 IEEE 18th International Conference on Nanotechnology (IEEE-NANO),"27 Jan 2019","2018","","","1","2","Polymer pressure sensors are of great interest in the field of biomedical technology for monitoring respiratory disorders. These have the potential as low cost accessories for biomedical devices like Positive Air Pressure Machines. Proposed work describes the fabrication of piezoresistive polymer diaphragm-based pressure sensor for detecting low-range pressures. The combination of soft blends of PDMS 527 along with hybrid conductive filler of carbon black and Carbon Nanotube enhanced the device sensitivity, making it potential candidate device for biomedical application.","1944-9380","978-1-5386-5336-4","10.1109/NANO.2018.8626357","","https://ieeexplore.ieee.org/stamp/stamp.jsp?arnumber=8626357","","Pressure sensors;Piezoresistance;Sleep apnea;Immune system;Fabrication;Monitoring","","1","","5","IEEE","27 Jan 2019","23-26 July 2018","23-26 July 2018","IEEE","IEEE Conferences"
"CO2 and Water Activation on Ceria Nanocluster Modified TiO2 rutile (110)","S. Rhatigan; M. Nolan","Tyndall National Institute, Lee Maltings, Cork, Ireland; Tyndall National Institute, Lee Maltings, Cork, Ireland",2018 IEEE 18th International Conference on Nanotechnology (IEEE-NANO),"27 Jan 2019","2018","","","1","1","Surface modification of TiO2 with metal oxide nanoclusters is a strategy for the development of new photocatalyst materials. We have studied modification of the (110) surface of rutile TiO2 with ceria nanoclusters using density functional theory corrected for on-site Coulomb interactions (DFT+U). We focus on the impact of surface modification on key properties governing the performance of photocatalysts, including light absorption, photoexcited charge carrier separation, reducibility and surface reactivity. Our results show that adsorption of the CeO2 nanoclusters, with compositions Ce5O10 and Ce6O12, is favourable at the rutile (110) surface and that the nanocluster-surface composites favour non-stoichiometry in the adsorbed ceria so that reduced Ce ions will be present in the ground state. The presence of reduced Ce ions and low coordinated O sites in the nanocluster lead to the emergence of energy states in the energy gap of the TiO2 host, which potentially enhance the visible light response. We show, through an examination of oxygen vacancy formation, that the composite systems are reducible with moderate energy costs. Photoexcited electrons and holes localize on Ce and O sites of the supported nanoclusters. The interaction of CO2 and H2O is favourable at multiple sites of the reduced CeOx- TiO2 composite surfaces. CO2 adsorbs and activates, while H2O spontaneously dissociates at oxygen vacancy sites.","1944-9380","978-1-5386-5336-4","10.1109/NANO.2018.8626297","","https://ieeexplore.ieee.org/stamp/stamp.jsp?arnumber=8626297","","Ions;Water;Metals;Density functional theory;Absorption;Charge carriers;Adsorption","","","","0","IEEE","27 Jan 2019","23-26 July 2018","23-26 July 2018","IEEE","IEEE Conferences"
"Generator Collector Voltammetry Data Acquisition for Nanowire Interdigitated Sensors","A. Murphy; I. Seymour; A. O'Riordan; I. O'Connell","Microelectronics Circuits Center Ireland (MCCI), Tyndall National Institute, Dyke Parade, Cork, Ireland; Nano-Technology Group (NTG), Tyndall National Institute, Dyke Parade, Cork, Ireland; Nano-Technology Group (NTG), Tyndall National Institute, Dyke Parade, Cork, Ireland; Microelectronics Circuits Center Ireland (MCCI), Tyndall National Institute, Dyke Parade, Cork, Ireland",2018 IEEE 18th International Conference on Nanotechnology (IEEE-NANO),"27 Jan 2019","2018","","","1","3","This paper describes a unique method of developing a device capable of interfacing to interdigitated nanowire electrochemical sensors using a potentiostat and a digital to analog converter. As a test case, a system is described, which was developed using commercial components, to perform cyclic voltammograms using the generator collector method. The system was verified through the detection of ferrocene monocarboxylic acid and comparing results against benchtop laboratory potentiostats.","1944-9380","978-1-5386-5336-4","10.1109/NANO.2018.8626360","","https://ieeexplore.ieee.org/stamp/stamp.jsp?arnumber=8626360","","Electrodes;Generators;Electric potential;Sensor systems;Voltage control;Sensitivity","","","","8","IEEE","27 Jan 2019","23-26 July 2018","23-26 July 2018","IEEE","IEEE Conferences"
"Colloidal Synthesis of Cobalt Nanoparticles for Application in Non Volatile Memory Device","M. Yadav; R. S. R. Velampati; R. Sharma","Electrical Engineering Department, Indian Institute of Technology, Ropar, Punjab, India; Dept. of Space, Semiconductor Laboratory, S.A.S. Nagar, Punjab, India; Electrical Engineering Department, Indian Institute of Technology, Ropar, Punjab, India",2018 IEEE 18th International Conference on Nanotechnology (IEEE-NANO),"27 Jan 2019","2018","","","1","4","Paper describes a simple and cost effective process for non volatile memory (NVM) device. This method involves colloidal synthesis of cobalt nanoparticles for their application in spin coating based NVM device. Cobalt possesses appropriate work function and large number of density of states which are favorable features for their application in NVM device. Further, availability of number of easy methods for colloidal synthesis of cobalt nanoparticles provide an opportunity to use such colloidal synthesized nanoparticles for spin coating based NVM device. The spin coating of colloidal cobalt nanoparticles, being a key process step to the fabrication of NVM device, is studied using atomic force microscopy and energy dispersive X-ray characterizations methods. The metal-oxide-semiconductor (MOS) NVM capacitor has been fabricated using 600 rpm for 30 s spin coating condition. The capacitance-voltage (C-V) response of the device show a high memory window of 7.5 V for applied sweep voltage of ±8 V, useful for the achieving big memory window in actual NVM device. Also, the capacitance-time (C-t) response indicates excellent retention of the fabricated device.","1944-9380","978-1-5386-5336-4","10.1109/NANO.2018.8626238","","https://ieeexplore.ieee.org/stamp/stamp.jsp?arnumber=8626238","","Nonvolatile memory;Nanoparticles;Cobalt;Fabrication;Coatings;Annealing;Surface treatment","","1","","18","IEEE","27 Jan 2019","23-26 July 2018","23-26 July 2018","IEEE","IEEE Conferences"
"Etchless transition metal dichalcogenide surface nanostructure definition using block copolymer templates","C. Cummins; R. Lundy; G. Cunningham; A. Selkirk; M. A. Morris; R. Enright","Thermal Management Research Group, Nokia Bell Labs, Dublin, Ireland; Trinity College, Dublin, Ireland; Trinity College, Dublin, Ireland; Trinity College, Dublin, Ireland; Trinity College, Dublin, Ireland; Trinity College, Dublin, Ireland",2018 IEEE 18th International Conference on Nanotechnology (IEEE-NANO),"27 Jan 2019","2018","","","1","4","The proliferation of advanced portable technology places substantial demands on current patterning techniques to satisfy future device and data needs. Therefore, research on integrating high-performing nanomaterials such as transition metal dichalcogenides (TMDs) with industry standard patterning methods is critical to achieving ultra-low-power devices. We describe methods based upon combining TMD materials with bottom-up block copolymer (BCP) templating processes. While there has been much focus on processing layered 2D materials, these methods can be extremely difficult to control. Moreover, little work exists on creating isolated nanofeatures of TMDs for device use in an etchless manner. We detail an effective route based on BCP nanopatterning to precisely position TMD features at semiconductor surfaces with sub-l0 nm resolution.","1944-9380","978-1-5386-5336-4","10.1109/NANO.2018.8626266","","https://ieeexplore.ieee.org/stamp/stamp.jsp?arnumber=8626266","block copolymers;transition metal dichalcogenides;patterning;self-assembly;“etchless” methodology","Logic gates;Metals;Self-assembly;Films;Nanoscale devices;Chemicals;Nanowires","","1","","29","IEEE","27 Jan 2019","23-26 July 2018","23-26 July 2018","IEEE","IEEE Conferences"
"Complex network dynamics in self-assembled atomic-switch networks: prospects for neuromorphic computation","S. Bose; S. Shirai; J. Mallinson; S. Acharya; E. Galli; S. Brown","The MacDiarmid Institute for Advanced Materials and Nanotechnology, University of Canterbury, Christchurch, New Zealand; The MacDiarmid Institute for Advanced Materials and Nanotechnology, University of Canterbury, Christchurch, New Zealand; The MacDiarmid Institute for Advanced Materials and Nanotechnology, University of Canterbury, Christchurch, New Zealand; The MacDiarmid Institute for Advanced Materials and Nanotechnology, University of Canterbury, Christchurch, New Zealand; The MacDiarmid Institute for Advanced Materials and Nanotechnology, University of Canterbury, Christchurch, New Zealand; The MacDiarmid Institute for Advanced Materials and Nanotechnology, University of Canterbury, Christchurch, New Zealand",2018 IEEE 18th International Conference on Nanotechnology (IEEE-NANO),"27 Jan 2019","2018","","","1","2","The inherent power of the biological brain, with regard to pattern recognition, is unparalleled and cannot even be matched by multi-million dollar supercomputers. Inspired from this, neuromorphic computation, where ideas originating from the complex structure and functionality of the biological brain are utilized for advanced computation has shown great potential. In this regard, we are developing on-chip pattern classification capabilities via inexpensive self-assembly of nanoparticles (NPs). The formation of percolating microstructure of Sn NPs and tunnel junctions leads to a complex atomic-switch network (ASN) poised near criticality. Voltage stimulation is utilized for modulating the synaptic structure of the network, which shows potential for utilization as a `reservoir' in reservoir computing (RC).","1944-9380","978-1-5386-5336-4","10.1109/NANO.2018.8626230","","https://ieeexplore.ieee.org/stamp/stamp.jsp?arnumber=8626230","","Neuromorphics;Reservoirs;Switches;Pattern recognition;Nanoparticles;Biology;Memristors","","1","","16","IEEE","27 Jan 2019","23-26 July 2018","23-26 July 2018","IEEE","IEEE Conferences"
"Computational design of metamorphic In(N)AsSb mid-infrared light-emitting diodes","R. Arkani; C. A. Broderick; E. P. O'Reilly","Tyndall National Institute, Dyke Parade, Cork, Ireland; Tyndall National Institute, Dyke Parade, Cork, Ireland; Tyndall National Institute, Dyke Parade, Cork, Ireland",2018 IEEE 18th International Conference on Nanotechnology (IEEE-NANO),"27 Jan 2019","2018","","","1","4","We present a theoretical investigation of the optical properties of metamorphic InN\pmby(As1-xSbx)1-y/AlzIn1-zAs type-I quantum wells (QWs) designed to emit at mid-infrared wavelengths. The use of AlzIn1-z As metamorphic buffer layers has recently been demonstrated to enable growth of lattice-mismatched In As1-xSbx QWs having emission wavelengths 3 μm on GaAs substrates. However, little information is available regarding the properties of this newly established platform. We undertake a theoretical analysis and optimisation of the properties and performance of strain-balanced structures designed to emit at 3.3 and 4.2 μm, where we recommend the incorporation of dilute concentrations of nitrogen (N) to achieve emission beyond 4 μm. We quantify the calculated trends in the optical properties, as well as the ability to engineer and optimise the overall QW performance. Our results highlight the potential of metamorphic InNy(As1-xSbx)1-y/AlzIn1-zAs QWs for the development of mid-infrared light-emitting diodes, and provide guidelines for the growth of optimised structures.","1944-9380","978-1-5386-5336-4","10.1109/NANO.2018.8626250","","https://ieeexplore.ieee.org/stamp/stamp.jsp?arnumber=8626250","","Strain;Metals;Photonic band gap;Light emitting diodes;Optical superlattices;Lattices;Stimulated emission","","1","","10","EU","27 Jan 2019","23-26 July 2018","23-26 July 2018","IEEE","IEEE Conferences"
"Construction of Microenvironment Structures for the Study of Cell Behavior using DMD-based Optical Projection Lithography","Z. Ge; H. Yu; W. Yang; L. Liu","University of Chinese Academy of Sciences, Beijing, China; Chinese Academy of Sciences, Shenyang Institute of Automation, Shenyang, China; Chinese Academy of Sciences, Shenyang Institute of Automation, Shenyang, China; Chinese Academy of Sciences, Shenyang Institute of Automation, Shenyang, China",2018 IEEE 18th International Conference on Nanotechnology (IEEE-NANO),"27 Jan 2019","2018","","","1","5","The construction of the microenvironment is of great importance for the study of cell behaviors such as motility and viability. The morphology and mechanical properties of cells can be affected by the microenvironment and interactions between cells. There have been numerous studies on cell-cell and cell-microenvironment interactions. However, these studies are generally time-consuming and complicated for the following reasons: firstly, constructing the microenvironment is complex, as the microenvironment itself is complicated; secondly, the internal characteristics of different components of the microenvironment are highly variable and difficult to simulate. Using a digital micromirror device (DMD)-based optical projection lithography system, we have developed a new method for cell studies: by employing a digital dynamic mask, poly(ethylene glycol) dimethacrylate (PEGDMA)-based hydrogels could be easily designed with a wide variety of patterns. Those structures can be rationally designed to be functional, as different modules can mimic the microenvironment and restrict the migration of cells. Furthermore, 4% paraformaldehyde can be mixed into the PEGDMA and cured using UV exposure. Paraformaldehyde in hydrogels had a moderate impact on the viability of cells.","1944-9380","978-1-5386-5336-4","10.1109/NANO.2018.8626245","","https://ieeexplore.ieee.org/stamp/stamp.jsp?arnumber=8626245","DOPL system;microfabrication;rapid pattern;cell-cell interaction;cell viability","Substrates;Microstructure;Micromirrors;Fabrication;Glass;Lithography","","1","","20","IEEE","27 Jan 2019","23-26 July 2018","23-26 July 2018","IEEE","IEEE Conferences"
"Copper-based $(\mathrm{S},\text{Se})_{3}$ chalcogenides for ultrathin inorganic solar cells $\text{Cu}_{3}$","C. Persson","Department of Physics, University of Oslo, Norway",2018 IEEE 18th International Conference on Nanotechnology (IEEE-NANO),"27 Jan 2019","2018","","","1","1","Emerging Cu-based materials are explored to benefit from the energetically high-lying Cu d-state in combination with low effective mass of the minority carriers. Materials with higher functionality open for ultrathin devices (<;50 nm) and thereby less raw material usage.","1944-9380","978-1-5386-5336-4","10.1109/NANO.2018.8626280","","https://ieeexplore.ieee.org/stamp/stamp.jsp?arnumber=8626280","","Metals;Photovoltaic systems;Absorption;Chalcogenides;Photovoltaic cells;Physics","","1","","4","IEEE","27 Jan 2019","23-26 July 2018","23-26 July 2018","IEEE","IEEE Conferences"
"Cross-Plane Thermal Conductivity Measurements in Self-Assembled Nanodielectric Heterostructures","O. Balogun; B. Lu; B. Wang; A. F. Facchetti; T. J. Marks","Mechanical Engineering Department, Northwestern University; Mechanical Engineering Department, Northwestern University; Chemistry Department, Northwestern University; Chemistry Department, Northwestern University; Chemistry Department, Northwestern University",2018 IEEE 18th International Conference on Nanotechnology (IEEE-NANO),"27 Jan 2019","2018","","","1","1","Hybrid inorganic and organic superlattices provide an opportunity to study the dependence of the thermal conductivity on phonon scattering at the boundaries of inorganic thin films and coupling to internal degrees of freedom in self-assembled molecular junctions. In this talk, I would present time domain thermoreflectance (TDTR) measurements of cross plane thermal transport in self assembled nanodielectric (SAND) heterostructures comprised of alternating layers of solution processed ZrO2 films and a polarizable phosphonic π-electron molecule-PAE, fabricated with ultralow surface roughness. Through rational design of the SANDs, improved electronic transport properties such as charge carrier mobility and hysteresis, threshold voltage, and exceptional electrical capacitance, of field effect transistors (FETs) based on the SANDs have been demonstrated. The SANDs also provide excπellent mechanical flexibility making them suitable for flexible nanoelectronic applications. In our measurements, the ZrO2-SAND-n heterostructure (where n is the number of lattice unit cells) is metallized by electron beam lithography, and a two-temperature heat conduction model is fitted to the TDTR measurements obtained in the sample, from which the effective cross -plane thermal conductivity of the SANDs is obtained as a function of n. The best fit cross -plane thermal conductivity of the SANDs is observed to decrease with the number of unit cells, and for four unit cells, the thermal conductivity at room temperature is as low as 0.3 W/m-K. Our measurements suggest that understanding the origin of the ultra -low thermal conductivity of the SANDs and controlling against it may be crucial to realizing the functional performance and reliability of fl exible SAND based FETs in the future.","1944-9380","978-1-5386-5336-4","10.1109/NANO.2018.8626384","","https://ieeexplore.ieee.org/stamp/stamp.jsp?arnumber=8626384","","Thermal conductivity;Conductivity;Conductivity measurement;Field effect transistors;Thermal engineering;Self-assembly;Temperature measurement","","","","0","IEEE","27 Jan 2019","23-26 July 2018","23-26 July 2018","IEEE","IEEE Conferences"
"Crystallite Growth and Sintering Property of Metallic Nanoparticle","S. Shiomi","Kyoto Municipal Institute of Industrial Technology and Culture, Kyoto, Japan",2018 IEEE 18th International Conference on Nanotechnology (IEEE-NANO),"27 Jan 2019","2018","","","1","4","Nanoparticle has been attractive due to its low-temperature sintering property. For the large-scale production of nanoparticle, the liquid phase synthesis is a promising method because of its simple and convenient process. The nanoparticle, especially metallic nanoparticle, dispersed in a solution is generally protected by a dispersant to prevent the agglomeration. Therefore, the sintering behavior of such nanoparticles is strongly influenced by not only the material itself but also other additives like dispersant. In this work, Cu and Ag nanoparticles were synthesized using gelatin and oleic acid as a dispersant, and their crystallite growth behaviors and sintering properties were crystallographically studied. Through the heat treatment, the crystallite growth and the sintering of Cu were suppressed in an earlier stage than Ag by the oxide layer of Cu. We also clarified the gelatin formed a thick coating layer, which induced the suppression of crystallite growth and sintering. Moreover, we experimentally demonstrated that the in situ evaluation of crystallite size derived by X-ray diffraction can reflect the sintering behavior of particles.","1944-9380","978-1-5386-5336-4","10.1109/NANO.2018.8626410","","https://ieeexplore.ieee.org/stamp/stamp.jsp?arnumber=8626410","","Nanoparticles;Coatings;Thermal stability;Temperature;Scanning electron microscopy;Temperature measurement;Heat treatment","","","","15","IEEE","27 Jan 2019","23-26 July 2018","23-26 July 2018","IEEE","IEEE Conferences"
"Customized nanomanufacturing of structural color images using inkj et on nanostructured foils","H. Jiang; B. Kaminska","School of Engineering Science, Simon Fraser University, Burnaby, British Columbia, Canada; School of Engineering Science, Simon Fraser University, Burnaby, British Columbia, Canada",2018 IEEE 18th International Conference on Nanotechnology (IEEE-NANO),"27 Jan 2019","2018","","","1","4","Structural colors based on optical nanostructures possess appealing advantages compared to conventional ink- or pigment-based colors. To apply structural colors in commercial products, one key challenge is the throughput of the nanomanufacturing technique for printing any custom-input color images in large area. Our recent work has demonstrated an up-scalable structural color printing technique named multilayer molded-ink-on-nanostructured-surface (M-MIONS) printing, which holds the promise for customized nanomanufacturing of structural colors for broad-range commercial applications. In this work, we present our recent progress in scaling up M-MIONS printing. We implemented low-cost nanostructured thin foils manufactured from industrial roll-to-roll nanoimprint as substrates. A regular desktop inkjet printer was implemented to rapidly print dielectric nanoparticle inks onto the subwavelength gratings on the foils. An office-use thermal laminator and regular hot-lamination films were applied to achieve the index-matching lamination. In addition, we significantly shortened the post-printing baking and also eliminated the time-consuming surface chemical treatment of the substrates. With these modifications, the production speed was significantly boosted by multiple times and the average material cost was reduced into a fraction, compared to our previous M-MIONS printing process. In our experiments, we successfully manufactured full-color patterns in the size of 100 cm2 and the practical production speed can reach more than 10 images per hour. This progress paves the way towards industrial-scale printing of structural colors for commercial applications.","1944-9380","978-1-5386-5336-4","10.1109/NANO.2018.8626385","","https://ieeexplore.ieee.org/stamp/stamp.jsp?arnumber=8626385","","Printing;Image color analysis;Gratings;Lamination;Nanostructures;Diffraction gratings","","","","13","IEEE","27 Jan 2019","23-26 July 2018","23-26 July 2018","IEEE","IEEE Conferences"
"Data Reduction and Readout Triggering in Particle Physics Experiments Using Neural Networks on FPGAs","S. Baehr; F. Kempf; J. Becker","Institute for Information Processing Technologies, Karlsruhe Institute of Technology, Karlsruhe, Germany; Institute for Information Processing Technologies, Karlsruhe Institute of Technology, Karlsruhe, Germany; Institute for Information Processing Technologies, Karlsruhe Institute of Technology, Karlsruhe, Germany",2018 IEEE 18th International Conference on Nanotechnology (IEEE-NANO),"27 Jan 2019","2018","","","1","4","The upcoming Belle II particle physics experiment will target a record setting luminosity. This will induce high data rates, which have to be transmitted to offline processing facilities for computationally intensive physics analysis, not suitable for any online processing. However the bandwidth is limited, thus detector data can only be stored partially. This problem is tackled by using online data reduction mechanisms and a trigger, which decides over when to read out the complete data. Two of planned approaches in the experiment are the online cluster analysis and the neural z-Vertex trigger. Both are based on neural networks and are executed on FPGAs. They're placed close to the detector readout in order to achieve low latency processing. These approaches are presented in this paper. Showcasing the unique requirements dictated by the experiment, the implementation solutions that are applied right now and the unique capabilities of using neural networks for the targeted applications.","1944-9380","978-1-5386-5336-4","10.1109/NANO.2018.8626239","","https://ieeexplore.ieee.org/stamp/stamp.jsp?arnumber=8626239","","Detectors;Neural networks;Field programmable gate arrays;Physics;Throughput;Radiation detectors;Mesons","","3","","16","IEEE","27 Jan 2019","23-26 July 2018","23-26 July 2018","IEEE","IEEE Conferences"
"Dense GaN nanocolumn arrays by hybrid top-down-regrow approach using nanosphere lithography","V. Z. Zubialevich; P. Pampili; M. McLaren; M. Arredondo-Arechavala; G. Sabui; Z. J. Shen; P. J. Parbrook","Tyndall National Institute, University College Cork, Cork, Ireland; Tyndall National Institute, University College Cork, Cork, Ireland; School of Mathematics and Physics, Queen's University Belfast, Belfast, Northern Ireland, UK; School of Mathematics and Physics, Queen's University Belfast, Belfast, Northern Ireland, UK; Electrical and Computer Engineering Department, Illinois Institute of Technology, Chicago, USA; Electrical and Computer Engineering Department, Illinois Institute of Technology, Chicago, USA; Tyndall National Institute, University College Cork, Cork, Ireland",2018 IEEE 18th International Conference on Nanotechnology (IEEE-NANO),"27 Jan 2019","2018","","","1","3","A comprehensive description of a procedure to form dense locally ordered 2D arrays of vertically aligned hexagonal in section GaN nanocolumns (NCs) without height deviations will be presented. Particular focus will be given for the preparation of silica nanosphere hard masks, dry etching to form GaN NCs, wet etching to modify NC shape, thermal annealing and regrowth to recover non-polar m-plane facets, improve NC crystal quality and array fill factor.","1944-9380","978-1-5386-5336-4","10.1109/NANO.2018.8626265","","https://ieeexplore.ieee.org/stamp/stamp.jsp?arnumber=8626265","","Gallium nitride;Annealing;Surface treatment;MOCVD;Shape;Epitaxial growth;Optics","","2","","11","IEEE","27 Jan 2019","23-26 July 2018","23-26 July 2018","IEEE","IEEE Conferences"
"Design and Characterization of Circuit based on Emerging Technology: the MagCAD Approach","U. Garlando; F. Riente; G. A. Cirillo; M. Graziano; M. Zamboni","Politecnico di Torino, Torino, Italy; Politecnico di Torino, Torino, Italy; Politecnico di Torino, Torino, Italy; Politecnico di Torino, Torino, Italy; Politecnico di Torino, Torino, Italy",2018 IEEE 18th International Conference on Nanotechnology (IEEE-NANO),"27 Jan 2019","2018","","","1","4","Emerging technologies, such as field-coupled devices, are being studied in order to integrate or partially replace CMOS technology in digital electronics. These emerging technologies rely on completely different paradigms. In this work, we propose an approach to compare circuit based on two implementations of the Nano Magnet Logic that can be extended to other emerging devices. As case study, the architecture of a 2-to-l multiplexer and a carry select adder are considered. Their performance is investigated by means of MagCAD, a powerful graphical layout tool, used to simplify the process and speed up this analysis.","1944-9380","978-1-5386-5336-4","10.1109/NANO.2018.8626232","","https://ieeexplore.ieee.org/stamp/stamp.jsp?arnumber=8626232","","Clocks;Multiplexing;Layout;Integrated circuit modeling;Magnetic circuits;Tools;Perpendicular magnetic anisotropy","","4","","12","IEEE","27 Jan 2019","23-26 July 2018","23-26 July 2018","IEEE","IEEE Conferences"
"Design and Numerical Studies of Optical Alignment Rulers for Layer-by-Layer Integration","A. A. Adawi; H. Jiang; B. Kaminska","Simon Fraser University, Vancouver, BC, Canada; Simon Fraser University, Vancouver, BC, Canada; Simon Fraser University, Vancouver, BC, Canada",2018 IEEE 18th International Conference on Nanotechnology (IEEE-NANO),"27 Jan 2019","2018","","","1","5","Plasmonics structures have gained great attention by research since these structures could be engineered to manipulate light into a unique fashion. They allow the coupling of the incident radiation with the surface electrons on the metal surface of the structure. This coupling has been utilized in a variety of applications including structural coloring, imaging, sensing, and security. In this research, a study of a potential alignment technique based on a plasmonic structure is proposed and designed by incorporating nano-optical technology for possible uses in vertical integration of device layers in 3D ICs technology to boost the performance while maintaining small form factor. The structures are positioned onto the layers that need to be integrated. TE (Transverse Electric) and TM (Transverse Magnetic) modes are used to achieve the accurate integration and alignment: light blocking mode only and light blocking with plasmonics mode. In the light blocking mode, incident light is s-polarized and is used to guide the horizontal alignment where light intensity changes are very sensitive to the small nano physical shifts. In the other mode, with consideration of surface plasmon excitation, incident light is p-polarized and is used to guide the complete alignment where light transmission peaks are observed. To validate these modes, numerical studies are carried using simulations and presented here.","1944-9380","978-1-5386-5336-4","10.1109/NANO.2018.8626338","","https://ieeexplore.ieee.org/stamp/stamp.jsp?arnumber=8626338","Plasmonics;3D ICs;Alignment;Metallic nanostructures;optical transmission;extraordinary transmission","Plasmons;Gratings;Nanostructures;Solid modeling;Metals;Three-dimensional displays","","","","20","IEEE","27 Jan 2019","23-26 July 2018","23-26 July 2018","IEEE","IEEE Conferences"
"Design of Nano-Robots for Exposing Cancer Cells","S. Dolev; M. Rosenblit; R. P. Narayanan","Department of Computer Science, Ben-Gurion University of the Negev, Israel; Ilse Katz Institute of Nano-Scale Science and Technology, Ben-Gurion University of the Negev, Israel; Department of Computer Science, Ben-Gurion University of the Negev, Israel",2018 IEEE 18th International Conference on Nanotechnology (IEEE-NANO),"27 Jan 2019","2018","","","1","5","A proof-of-concept design of a nano-robot which can navigate, detect cancer cells in blood and actuate the release of drugs is discussed. The nano-robot was designed with blood energy harvesting capability and accumulation of electricity in a capacitor, which forms the main body of the nano-robot. Glucose hunger-based cancer detectors immobilized on the nano-robot, reduces its electrical resistance, when attached to a cancer cell. This mechanism, in-turn, allows electric current to activate a nano-electrical-mechanical (NEM) relay (mechanical transistor) to break the ceiling, exposing a drug identified by the immune system for cell elimination. This concept is in line with the effort to design an autonomous computational nano-robot for in-vivo medical diagnosis and treatment. A collective system of electrical manipulation, bio-detection and NEM actuation can visualize the programmability in the nano matters. The concept can also be considered as a step to bridge the gap between theoretical swarming/navigation techniques and a computational hardware for plausible implementation of the theory.","1944-9380","978-1-5386-5336-4","10.1109/NANO.2018.8626359","","https://ieeexplore.ieee.org/stamp/stamp.jsp?arnumber=8626359","","Sugar;Cancer;Nanoelectromechanical systems;Electrodes;Blood;Actuators;Force","","4","","15","IEEE","27 Jan 2019","23-26 July 2018","23-26 July 2018","IEEE","IEEE Conferences"
"Design of Photocatalysts for CO2 Reduction from First Principles","M. Nolan; S. Rhatigan; W. Daly; M. Fronzi","Tyndall National Institute, University College Cork, Cork, Ireland; Tyndall National Institute, University College Cork, Cork, Ireland; Tyndall National Institute, University College Cork, Cork, Ireland; Tyndall National Institute, University College Cork, Cork, Ireland",2018 IEEE 18th International Conference on Nanotechnology (IEEE-NANO),"27 Jan 2019","2018","","","1","2","We present density functional theory simulations of novel heterostructures composed of TiO2 rutile and anatase modified with nanoclusters of Bi2O3, Cr2O3 and ZrO2. These heterostructures are shown to adsorb and activate CO2; this is characterised by strong adsorption energies, a bending of the CO2 molecule and elongation of C-O distances in the molecule.","1944-9380","978-1-5386-5336-4","10.1109/NANO.2018.8626340","","https://ieeexplore.ieee.org/stamp/stamp.jsp?arnumber=8626340","","Adsorption;Metals;Fuels;Density functional theory;Chemicals;Oxidation;Methanol","","","","13","IEEE","27 Jan 2019","23-26 July 2018","23-26 July 2018","IEEE","IEEE Conferences"
"Design Optimization of Fully Integrated, MEMS Electromagnetic Energy Harvesting Devices using Patterned Micro-magnet Arrays","D. Mallick; K. Paul; S. Roy","Micro-nano-systems Center, Tyndall National Institute, Lee Maltings, Dyke Parade, Cork; Micro-nano-systems Center, Tyndall National Institute, Lee Maltings, Dyke Parade, Cork; Micro-nano-systems Center, Tyndall National Institute, Lee Maltings, Dyke Parade, Cork",2018 IEEE 18th International Conference on Nanotechnology (IEEE-NANO),"27 Jan 2019","2018","","","1","3","One of the key requirements for magnetic MEMS transducers is the CMOS compatible, rare-earth free batch fabrication of permanent magnets with large energy product. Micro-patterns of nano-structured, CoPtP permanent magnetic material with large coercivity are developed at room temperature using low cost, pulse reverse electro-deposition techniques. The demagnetization fields of the magnetic elements are minimized through optimized micro-patterned structures which enable the full integration of high performance fully integrated MEMS electromagnetic energy harvesting devices.","1944-9380","978-1-5386-5336-4","10.1109/NANO.2018.8626365","","https://ieeexplore.ieee.org/stamp/stamp.jsp?arnumber=8626365","","Magnetic flux;Permanent magnets;Micromechanical devices;Magnetic devices;Demagnetization;Magnetic resonance imaging;Performance evaluation","","2","","10","IEEE","27 Jan 2019","23-26 July 2018","23-26 July 2018","IEEE","IEEE Conferences"
"Detection of Gigahertz Nanomechanical Vibrations with Localized Gap Plasmons in a Pillar Nanoantenna Architecture","O. Balogun; B. Lu; L. Zhang; X. Chen","Civil and Environmental Engineering Department, Northwestern University, Evanston, IL; Mechanical Engineering Department, Northwestern University; Civil and Environmental Engineering Department, Northwestern University, Evanston, IL; Mechanical Engineering Department, Northwestern University",2018 IEEE 18th International Conference on Nanotechnology (IEEE-NANO),"27 Jan 2019","2018","","","1","1","Plasmonic nanostructures are versatile tools for coupling electromagnetic waves to electronic charge oscillations in noble metals at sub-wavelength length scales. The plasmon resonance frequencies of a noble metal depend on its geometry and refractive index of the material, making them ideal nanosensors for local detection of mechanical vibrations and acoustic waves. In this work, we present a pillar-based plasmonic architecture comprised of an array of gold dimers elevated from the substrate by narrow polymer or silica posts that enable efficient funneling of far-field light to plasmons in the gap between the gold dimers, with limited coupling to the substrate. The localized gap plasmon resonance of a coupled gold dimer is strongly modulated by width of the nanoscale gap separating the gold caps, as such, the nanomechanical vibration of the caps is readout by the demodulation of the intensity of the far-field optical scattering. In this work, we explore the gold dimers to demonstrate polarization sensitive detection of in-plane nanomechanical vibrations at frequencies of up 20 GHz in various dimer configurations. We explore numerical modeling to quantify the displacement sensitivity of the plasmonic-nanomechanical device and to investigate the dependence of the vibration detection sensitivity on the dimer configurations. This work may has the potential to pave the way for developing pillar plasmonic dimers for high frequency nanomechanical sensing and ultrafast reconfigurable photonic devices based on coupled plasmonic oscillators and GHz nanomechanical resonators.","1944-9380","978-1-5386-5336-4","10.1109/NANO.2018.8626227","","https://ieeexplore.ieee.org/stamp/stamp.jsp?arnumber=8626227","","Plasmons;Vibrations;Gold;Nanoscale devices;Couplings;Oscillators","","","","0","IEEE","27 Jan 2019","23-26 July 2018","23-26 July 2018","IEEE","IEEE Conferences"
"Development of spin quantum bits in SOI CMOS technology","B. Bertrand; L. Hutin; L. Bourdet; A. Corna; B. Jadot; H. Bohuslavskvi; A. Crippa; R. Maurand; S. Barraud; M. Urdampilleta; C. Bäuerle; T. Meunier; M. Sanquer; X. Jehl; S. De Francerschi; Y. . -M. Niquet; M. Vinet","CEA, LETI, Grenoble, France; CEA, LETI, Grenoble, France; CEA, LETI, Grenoble, France; CEA, LETI, Grenoble, France; CEA, LETI, Grenoble, France; CEA, INAC-PHELIQS, Grenoble, France; CEA, INAC-PHELIQS, Grenoble, France; CEA, INAC-PHELIQS, Grenoble, France; CEA, LETI, Grenoble, France; CNRS, Institut Néel, Grenoble, France; CEA, LETI, Grenoble, France; CEA, LETI, Grenoble, France; CEA, INAC-PHELIQS, Grenoble, France; CEA, LETI, Grenoble, France; CEA, INAC-PHELIQS, Grenoble, France; CEA, INAC-PHELIQS, Grenoble, France; CEA, LETI, Grenoble, France",2018 IEEE 18th International Conference on Nanotechnology (IEEE-NANO),"27 Jan 2019","2018","","","1","3","Abst ract We pres ent the rece nt adva nces mad e tow ards the reali zati on of elect ron and hole qua ntu m bit devi ces on a Silicon-On-Insulator (SOI) technology. Such devices are obtained by slightly modifying our standard process flow for nanowire transistor fabrication. Recent developments on electrical control of the qubits are reviewed.","1944-9380","978-1-5386-5336-4","10.1109/NANO.2018.8626273","","https://ieeexplore.ieee.org/stamp/stamp.jsp?arnumber=8626273","","Qubit;Silicon;Logic gates;Silicon-on-insulator;Quantum dots;Scanning electron microscopy;Charge carrier processes","","","","9","IEEE","27 Jan 2019","23-26 July 2018","23-26 July 2018","IEEE","IEEE Conferences"
"Direct Piezoelectric Force Microscopy: Applications Towards the Characterisation of Multiferroic stacks","S. B. Porter; P. Stamenov","School of Physics and CRANN, Trinity College, Dublin, Ireland; School of Physics and CRANN, Trinity College, Dublin, Ireland",2018 IEEE 18th International Conference on Nanotechnology (IEEE-NANO),"27 Jan 2019","2018","","","1","3","The characterisation of BaTiO3 thin films by direct piezoelectric effect microscopy (DPFM) is presented. The technique allows for both the mapping of the polarisation of the surface, by imaging lines of constant electrostatic force over a polarised region, but also for the characterisation of the direct piezo coefficient, via the acoustically excited, lock-in demodulated, induced piezo-voltage response of the same region. The ability to objectively discriminate between piezo-effect and surface polarisation is crucial for the characterisation of artificial multiferroic stacks, where the polarisation response of buried layers can be masked by conductive caps, but the piezo response persists.","1944-9380","978-1-5386-5336-4","10.1109/NANO.2018.8626409","","https://ieeexplore.ieee.org/stamp/stamp.jsp?arnumber=8626409","","Piezoelectric polarization;Microscopy;Surface topography;Optical surface waves;Force;Magnetic force microscopy;Piezoelectric effect","","","","1","IEEE","27 Jan 2019","23-26 July 2018","23-26 July 2018","IEEE","IEEE Conferences"
"Direct Synthesis of Carbon Nanotubes in CMOS-Layout of Micro-heaters","A. Roy; M. Azadmehr; P. Häfliger; B. Q. Ta; k. E. Aasmundtveit","Department of Microsystems, University of South-Eastern Norway, Horten, Norway; Department of Microsystems, University of South-Eastern Norway, Horten, Norway; Department of Informatics, University of Oslo, Oslo, Norway; Department of Microsystems, University of South-Eastern Norway, Horten, Norway; Department of Microsystems, University of South-Eastern Norway, Horten, Norway",2018 IEEE 18th International Conference on Nanotechnology (IEEE-NANO),"27 Jan 2019","2018","","","1","4","Direct integration of Carbon Nanotubes (CNTs) in CMOS is important for commercially manufacturing low-cost CNT-based sensors. In such compact sensors, CNTs would act as sensing element, and CMOS circuits would process relevant signals from the CNTs. CNTs can be directly synthesized and integrated into CMOS by local thermal chemical vapor deposition (CVD), where a hot spot of 900°C can be generated by CMOS micro-heaters. However, a sufficient thermal gradient between the micro-heaters and nearest CMOS devices is a prerequisite to ensure non-destructive temperature (<;300°C) in the electronic circuit regions. Our previous works have shown modelling and simulation of various CMOS micro-heaters that are promising for fulfilling these temperature requirements. In this paper, we investigate the layout designs of different metal and polysilicon micro-heaters using AMS 0.35μm CMOS process. Optical micrographs of the fabricated micro-heaters are also presented.","1944-9380","978-1-5386-5336-4","10.1109/NANO.2018.8626363","","https://ieeexplore.ieee.org/stamp/stamp.jsp?arnumber=8626363","","Metals;Etching;Carbon nanotubes;Layout;Sensors;Heating systems;Electrodes","","2","","12","IEEE","27 Jan 2019","23-26 July 2018","23-26 July 2018","IEEE","IEEE Conferences"
"Directed Self-assembly of Silicon Nanocubes Fabricated by Nano Imprint-Lithography","M. Speckbacher; E. Osman; J. Gibbs; M. Tornow","Molecular Electronics, Technical University of Munich, Munich, Germany; Gibbs Group, University of Alberta, Edmonton, Alberta, Canada; Gibbs Group, University of Alberta, Edmonton, Alberta, Canada; Molecular Electronics, Technical University of Munich, Munich, Germany",2018 IEEE 18th International Conference on Nanotechnology (IEEE-NANO),"27 Jan 2019","2018","","","1","3","The fabrication, electrical characterization and self-assembly of silicon nanocubes (SiNCs) is reported. Arrays of highly doped SiNCs featuring edge lengths of 110 nm are fabricated in large yields on silicon-on-insulator substrates using nano imprint-lithography as well as wet chemical and dry etching techniques. Interdigitated electrode arrays serve as a platform for the electrical characterization of single SiNCs. Self-assembly of SiNC agglomerates in solution is realized by cube surface functionalization with self-assembled monolayers of trimethoxysilane molecules. Complementary terminal groups form covalent bonds between adjacent particles via Cu(I)-catalyzed alkyne-azide cycloaddition towards bottom-up, directed assembly of functional electrical building blocks.","1944-9380","978-1-5386-5336-4","10.1109/NANO.2018.8626349","","https://ieeexplore.ieee.org/stamp/stamp.jsp?arnumber=8626349","","Self-assembly;Polymers;Fabrication;Silicon;Substrates;Surface treatment;Bars","","3","","14","IEEE","27 Jan 2019","23-26 July 2018","23-26 July 2018","IEEE","IEEE Conferences"
"Dual-threshold independent-gate N-type TFETs","J. Wang; J. Hu; W. Bai","The Faculty of Information Science and Technology, Ningbo University, Ningbo, China; The Faculty of Information Science and Technology, Ningbo University, Ningbo, China; The Faculty of Information Science and Technology, Ningbo University, Ningbo, China",2018 IEEE 18th International Conference on Nanotechnology (IEEE-NANO),"27 Jan 2019","2018","","","1","4","In this paper, we introduce novel dual-threshold (DT) independent gate (IG) N-type Tunneling Field-effect Transistor (TFET) devices that can reduce the number of transistors used in circuit designs. We optimize the leakage currents by varying gate-on-drain overlapping based on typical symmetrical dual-gate structures, and then achieve high-Vth and low-Vth IG transistors by adjusting gate work function. TCAD simulation results show high-Vth and low-Vth IG N-type TFETs are logically equivalent to two short-gate (SG) transistors in series and parallel, respectively, with excellent electrical characteristics.","1944-9380","978-1-5386-5336-4","10.1109/NANO.2018.8626337","","https://ieeexplore.ieee.org/stamp/stamp.jsp?arnumber=8626337","","Logic gates;TFETs;Leakage currents;Threshold voltage;Tunneling;Computational modeling","","2","","5","IEEE","27 Jan 2019","23-26 July 2018","23-26 July 2018","IEEE","IEEE Conferences"
"Dynamics of Photoexcited Charges in Organic Heterojunctions - Insights from Theory and Simulation","V. Janković; N. Vukmirović","Scientific Computing Laboratory, University of of Belgrade, Belgrade, Serbia; Scientific Computing Laboratory, University of of Belgrade, Belgrade, Serbia",2018 IEEE 18th International Conference on Nanotechnology (IEEE-NANO),"27 Jan 2019","2018","","","1","2","The process of exciton splitting at heterojunctions of two organic semiconductors in organic photovoltaic devices was investigated. Theoretical model is based on a Hamiltonian taking into account the effects of electronic coupling, interaction of carriers with external electromagnetic field, Coulomb interaction between electrons and holes and carrier-phonon interaction. Exciton dynamics at subpicosecond timescales was investigated within density matrix theory complemented with the dynamics controlled truncation scheme. Our results indicate that the efficiency of charge separation on subpicosecond timescales is low and that the majority of space-separated charges that occur on these timescales are directly optically generated. Next, we investigated charge separation process on longer timescale by considering it as a sequence of phonon-assisted transitions between electron-hole pair states at the interface. We found that donor exciton separation yields larger than 90% can be achieved in agreement with experimentally observed internal quantum efficiencies close to 100% in most efficient organic photovoltaic devices.","1944-9380","978-1-5386-5336-4","10.1109/NANO.2018.8626331","","https://ieeexplore.ieee.org/stamp/stamp.jsp?arnumber=8626331","","Excitons;Photovoltaic systems;Semiconductor device modeling;Ultrafast optics;Photonics","","","","9","IEEE","27 Jan 2019","23-26 July 2018","23-26 July 2018","IEEE","IEEE Conferences"
"Effect of metal contact size on the metal-semiconductor junction characteristics","S. P. Patole; A. Ali; F. Alkindi; M. Rezeq","Department of Physics, Khalifa University of Science and Technology, Abu Dhabi, United Arab Emirates; Department of Physics, Khalifa University of Science and Technology, Abu Dhabi, United Arab Emirates; Department of Physics, Khalifa University of Science and Technology, Abu Dhabi, United Arab Emirates; Department of Physics, Khalifa University of Science and Technology, Abu Dhabi, United Arab Emirates",2018 IEEE 18th International Conference on Nanotechnology (IEEE-NANO),"27 Jan 2019","2018","","","1","3","Metal-semiconductor (M-S) contacts at subnanometer scale have exhibited interesting Schottky characteristics. The observed rectification behavior cannot be explained in the light of the conventional planar-Schottky model and needs to consider the Physics of nano-Schottky junction at very small dimensions. In this work, the effect of M-S contact size on the (1-V) characteristic is investigated. We used a modified nano-Schottky model to calculate the new depletion width, the enhanced surface potential, and the enhanced electric field at the interface which significantly affect the (I-V) characteristic. The experimental (I-V) plot for 7 nm metal tip was used to fit the parameters in the nano-Schottky model. The nano-Schottky model was used to simulate (I-V) plots for various diameters of metal tip contacts (7-100 nm). The results clearly demonstrate the transition in the (I-V) Schottky reversed rectification behavior from sub-10 nm contacts to the conventional (I-V) Schottky behavior at around 100 nm contacts.","1944-9380","978-1-5386-5336-4","10.1109/NANO.2018.8626418","","https://ieeexplore.ieee.org/stamp/stamp.jsp?arnumber=8626418","","Metals;Junctions;Electric fields;Substrates;Surface resistance;Physics;Nanoscale devices","","","","8","IEEE","27 Jan 2019","23-26 July 2018","23-26 July 2018","IEEE","IEEE Conferences"
"Effect of Ultrasonication on the Attachment of Biological material in Proximity of Gold Nanowire Arrays","H. Johnston; A. Murphy; Y. Qiu; R. McPhillips; R. Pollord; S. Cochran","Department of Mathematics and Physics, Queen's University, Belfast, Northern Ireland; Department of Mathematics and Physics, Queen's University, Belfast, Northern Ireland; School of Engineering, University of Glasgow, Glasgow, Scotland; School of Engineering, University of Glasgow, Glasgow, Scotland; Department of Mathematics and Physics, Queen's University, Belfast, Northern Ireland; School of Engineering, University of Glasgow, Glasgow, Scotland",2018 IEEE 18th International Conference on Nanotechnology (IEEE-NANO),"27 Jan 2019","2018","","","1","1","The aim of this work is to evaluate the response of gold nanowire arrays (Fig. 1) to incident sonication. The excitation of localised surface plasmon resonance (LSPR) on noble-metal nanoparticles has various applications, including use as a label-free biosensing technique. Gold nanoparticles are of particular interest as they are biocompatible (highly stable, non toxic, unlike silver [1]) and their resonant wavelength can be tuned across the visible spectrum by varying the dimensions and geometry of the nanoparticle.","1944-9380","978-1-5386-5336-4","10.1109/NANO.2018.8626256","","https://ieeexplore.ieee.org/stamp/stamp.jsp?arnumber=8626256","","Gold;Nanobioscience;Nanoparticles;Biosensors;Fluids;Acoustics","","","","2","IEEE","27 Jan 2019","23-26 July 2018","23-26 July 2018","IEEE","IEEE Conferences"
"Effective conductances of Moore-Shannon hammocks","S. R. Cowell; V. Drăgoi; V. Beiu; N. . -C. Rohatinovici","“Aurel Vlaicu” University of Arad, Arad, Romania; “Aurel Vlaicu” University of Arad, Arad, Romania; “Aurel Vlaicu” University of Arad, Arad, Romania; Politehnica University of Timişoara, Timişoara, Romania",2018 IEEE 18th International Conference on Nanotechnology (IEEE-NANO),"27 Jan 2019","2018","","","1","4","By assuming each device in a Moore-Shannon hammock network to have a finite conductance g when closed, we decompose the reliability polynomial h(p,q), associated with the hammock network, as a sum of terms representing the possible nonzero values of G /g (where G is the effective conductance between the terminals S and T of the hammock). We then compute the expected value of G/g. We also compute G in the more general case, in which the devices may have distinct conductances. Our calculations are exact, as opposed to numerical. Such decompositions are meant to help us gain insights into the still unexplained optimality of the Moore-Shannon hammocks. The results should also be useful for designers of nano-electromechanical systems (NEMS).","1944-9380","978-1-5386-5336-4","10.1109/NANO.2018.8626295","","https://ieeexplore.ieee.org/stamp/stamp.jsp?arnumber=8626295","","Relays;Resistors;Resistance;Lattices;Integrated circuit reliability;Green's function methods","","3","","38","IEEE","27 Jan 2019","23-26 July 2018","23-26 July 2018","IEEE","IEEE Conferences"
"Efficient and versatile multiphysics/multiscale 3D model of fullerene single electron device","L. Pierantoni; M. Stocchi; M. Silvestrini; M. Ballicchia; D. Mencarelli; M. Dragoman; M. Aldrigo; M. Modreanu","INFN-LFN, National Institute of Neclear Physics, Frascati, Rome, Italy; Department of Information Engineering, University Politecnica of Marche, Ancona, Italy; Department of Information Engineering, University Politecnica of Marche, Ancona, Italy; Department of Information Engineering, University Politecnica of Marche, Ancona, Italy; INFN-LFN, National Institute of Neclear Physics, Frascati, Rome, Italy; National Institute for Research and Development in Microtechnology (IMT), Bucharest, Romania; National Institute for Research and Development in Microtechnology (IMT), Bucharest, Romania; Tyndall National Institute, University College Cork, Dyke Parade, Cork, Ireland",2018 IEEE 18th International Conference on Nanotechnology (IEEE-NANO),"27 Jan 2019","2018","","","1","3","Novel and disruptive nanoscale devices and sensors could be provided by the principle of storage and transport of single electrons, under direct control of external electrodes. The attractive features of these devices include operation at extremely low power, scalability to the sub-nanometer regime and extremely high charge sensitivity. In this work, we consider, as quantum-dot island, a fullerene sphere made of 100 carbon atoms (C1 symmetry group). In this preliminary study, we show details of the DFT calculation, with reference to the computational framework, i.e., master equations theory, used to address the problem.","1944-9380","978-1-5386-5336-4","10.1109/NANO.2018.8626386","","https://ieeexplore.ieee.org/stamp/stamp.jsp?arnumber=8626386","","Electrodes;Tunneling;Quantum dots;Mathematical model;Energy states;Fullerenes;Logic gates","","","","10","IEEE","27 Jan 2019","23-26 July 2018","23-26 July 2018","IEEE","IEEE Conferences"
"Electrical characterization of truncated-pyramidal silicon nanopores in electrolyte solution","Q. Chen; Y. Wang; H. Zhang; Z. Liu","Institute of Microelectronics, Tsinghua University, Beijing, China; Institute of Microelectronics, Tsinghua University, Beijing, China; College of Big Data and Information Engineering, Guizhou University, Guiyang, China; Institute of Microelectronics, Tsinghua University, Beijing, China",2018 IEEE 18th International Conference on Nanotechnology (IEEE-NANO),"27 Jan 2019","2018","","","1","4","In this paper, electrical characteristics of truncated-pyramidal silicon nanopores under various electrolyte concentrations is investigated. The current-voltage (I-V) characteristic of the silicon nanopore differs from that of other asymmetric nanopore, due to the silicon/electrolyte interface property and the pyramidal pore shape. Low frequency 1/f noise in the testing system is measured. In diluted electrolyte solutions, non-ohmic behaviors are found in the I-V curves, and the nonlinearity increases with the decreasing of the electrolyte concentration. I-V characteristics of small nanopores are more nonlinear than the large ones, due to the enhanced influence of the electrical double layer (EDL) in small nanopores immersed in the electrolyte solution. Furthermore, the ionic current rectification (ICR) property in the nanopore with its pore mouth modified by SEM-induced deposition of hydrocarbon compounds is found. The shape modification induced by the hydrocarbons is modeled and analyzed.","1944-9380","978-1-5386-5336-4","10.1109/NANO.2018.8626400","","https://ieeexplore.ieee.org/stamp/stamp.jsp?arnumber=8626400","","Silicon;Electrolytes;Hydrocarbons;Surface morphology;Compounds;Current measurement;Ions","","","","13","IEEE","27 Jan 2019","23-26 July 2018","23-26 July 2018","IEEE","IEEE Conferences"
"Electricity Monitoring System with Interchangeable Piezoelectric Energy Harvesters and Dynamic Power Management Circuitry","Z. Yang; S. Zarabi; E. Fernandes; I. Rua; H. Debéda; A. Salehian; D. Nairn; L. Wei","University of Waterloo, Waterloo, Canada; University of Waterloo, Waterloo, Canada; University of Waterloo, Waterloo, Canada; Université de Bordeaux, Laboratoire IMS, Talence, France; University of Waterloo, Waterloo, Canada; University of Waterloo, Waterloo, Canada; University of Waterloo, Waterloo, Canada; University of Waterloo, Waterloo, Canada",2018 IEEE 18th International Conference on Nanotechnology (IEEE-NANO),"27 Jan 2019","2018","","","1","4","Real time electricity monitoring is critical to enable intelligent and customized energy management for users in residential and commercial buildings. Piezoelectric (PZT) energy harvesters (EHs) and sensors have been studied extensively and used for such application. One of the main application requirements is to design a cheap and robust system with flexibility to work with different PZT EHs without adjusting the circuit, enabling low-cost system upgrade or maintenance. This work aims at providing a low-cost and easily-maintainable solution to build wireless sensor network (WSN) for real-time electricity grid monitoring. This paper presents the design and integration of a self-contained, noninvasive system tested with two types of PZT EHs. The system is powered by EH, thus battery-less. The customized interface circuitry is designed to collect and regulate the energy from the EH. The dynamic power management ensures the system to work with two different EHs at a wide range of output power from micro-watt to milli-watt. The unit can achieve a read-transmit duty cycle from <; 1min up to 18min, depending on the characteristics of different EHs and intensity of current passing through the wire being monitored, and is robust against unstable power input.","1944-9380","978-1-5386-5336-4","10.1109/NANO.2018.8626335","","https://ieeexplore.ieee.org/stamp/stamp.jsp?arnumber=8626335","","Wireless sensor networks;Wireless communication;Sensors;Monitoring;Wires;Power system management;Buildings","","1","","11","IEEE","27 Jan 2019","23-26 July 2018","23-26 July 2018","IEEE","IEEE Conferences"
"Electrochemical pH Control at Gold Nanowires","B. O'Sullivan; B. Patella; P. Lovera; A. O'Riordan","Nanotechnology Group, Tyndall National Institute, Cork, Ireland; Nanotechnology Group, Tyndall National Institute, Cork, Ireland; Nanotechnology Group, Tyndall National Institute, Cork, Ireland; Nanotechnology Group, Tyndall National Institute, Cork, Ireland",2018 IEEE 18th International Conference on Nanotechnology (IEEE-NANO),"27 Jan 2019","2018","","","1","2","In this work, interdigitated arrays of nanowire electrodes are used with one array acting as the working electrode while the other is used to generate the required protons. Finite element simulations of the pH control electrodes were performed to provide insight on the generation and subsequent diffusion of protons. This informed the inter-tine spacing of the electrodes used. This electrochemical pH control method was then used to enable the detection of analytes of interest.","1944-9380","978-1-5386-5336-4","10.1109/NANO.2018.8626315","","https://ieeexplore.ieee.org/stamp/stamp.jsp?arnumber=8626315","","Nanowires;Electrodes;Protons;Gold;Finite element analysis;Sensors;Generators","","","","5","IEEE","27 Jan 2019","23-26 July 2018","23-26 July 2018","IEEE","IEEE Conferences"
"Electrochemical Zero-Mode Waveguide Studies of Single Enzyme Reactions","D. Han; S. . -R. Kwon; K. Fu; G. M. Crouch; P. W. Bohn","University of Notre Dame, Notre Dame, IN, USA; University of Notre Dame, Notre Dame, IN, USA; University of Notre Dame, Notre Dame, IN, USA; University of Notre Dame, Notre Dame, IN, USA; University of Notre Dame, Notre Dame, IN, USA",2018 IEEE 18th International Conference on Nanotechnology (IEEE-NANO),"27 Jan 2019","2018","","","1","2","Because electron transfer reactions are fundamental to life processes, such as respiration, vision, and energy catabolism, it is critically important to understand the relationship between functional states of individual redox enzymes and the macroscopically observed phenotype, which results from averaging over all copies of the same enzyme. To address this problem, we have developed a new technology, based on a bifunctional nanoelectrochemical-nanophotonic architecture - the electrochemical zero mode waveguide (E-ZMW) - that can couple biological electron transfer reactions to luminescence, making it possible to observe single electron transfer events in redox enzymes. Here we describe E-ZMW architectures capable of supporting potential-controlled redox reactions with single copies of the oxidoreductase enzyme, glutathione reductase, GR, and extend these capabilities to electron transfer events where reactive oxygen species are synthesized within the ~ 100 zL volume of the nanopore.","1944-9380","978-1-5386-5336-4","10.1109/NANO.2018.8626402","","https://ieeexplore.ieee.org/stamp/stamp.jsp?arnumber=8626402","","Electrodes;Biochemistry;Electric potential;Nanobioscience;Fluorescence;Gold","","","","4","IEEE","27 Jan 2019","23-26 July 2018","23-26 July 2018","IEEE","IEEE Conferences"
"Electron Transport Performance of Germanium Selenide and Germanium Sulfide Field-Effect-Transistors in Dual Gates Configuration","A. Alhazmi; M. R. Amer","Center of Excellence for Green Nanotechnologies, King Abdulaziz City for Science and Technology, Riyadh, Saudi Arabia; Center of Excellence for Green Nanotechnologies, King Abdulaziz City for Science and Technology, Riyadh, Saudi Arabia",2018 IEEE 18th International Conference on Nanotechnology (IEEE-NANO),"27 Jan 2019","2018","","","1","1","The layered Group-IV monochalcogenides, such as, Germanium Selenide (GeSe) and Germanium Sulfide (GeS) have recently attracted attention due to their optoelectronic properties and stability in ambient air. Here, we fabricate split-gate field effect transistors based on GeSe and GeS flakes were mechanically exfoliated, and transferred on the top of FET using aligned dry transfer technique. The Raman peaks of GeS were measured and compared to recent theoretical work, which have good agreement. GeSe Raman peaks were observed at 150, and 188 cm-1. The electron transport performance of GeSe and GeS FETs were characterized and compared to other design configurations. The transfer characteristics of both GeSe, and GeS exhibit p-type semiconductor material. We show different field effect carrier mobility of our GeSe devices and GeS devices, which can be improved using different passivation methods. In addition, the device stability was measured and characterized for a period at least 38 days. Our results indicate that the performance of GeSe FET did not show any noticeable change, making these devices relatively resilient to air exposure. These GeSe and GeS FET can be key materials for the next generation of electronics.","1944-9380","978-1-5386-5336-4","10.1109/NANO.2018.8626286","","https://ieeexplore.ieee.org/stamp/stamp.jsp?arnumber=8626286","","Germanium;Field effect transistors;Semiconductor device measurement;Performance evaluation;Logic gates;Urban areas","","1","","0","IEEE","27 Jan 2019","23-26 July 2018","23-26 July 2018","IEEE","IEEE Conferences"
"Electron-phonon coupling and thermoelectric transport in n-type PbTe","J. D. Ouerales-Flores; J. Cao; R. Murphy; S. Fahy; I. Savic","Lee Maltings, Tyndall National Institute, Dyke Parade, Cork, Ireland; Lee Maltings, Tyndall National Institute, Dyke Parade, Cork, Ireland; Lee Maltings, Tyndall National Institute, Dyke Parade, Cork, Ireland; Tyndall National Institute, Cork, IE; Lee Maltings, Tyndall National Institute, Dyke Parade, Cork, Ireland",2018 IEEE 18th International Conference on Nanotechnology (IEEE-NANO),"27 Jan 2019","2018","","","1","1","PbTe is an important thermoelectric material for power generation applications due to its high conversion efficiency and reliability [1]. PbTe shows a shift of the electronic bandgap with temperature that is opposite to the majority of direct gap semiconductors, i.e. the gap increases with temperature [2]. In this work, we study the temperature dependence of the electronic structure and thermoelectric properties of PbTe. We perform density functional theory and density functional perturbation theory calculations [3] in the local density approximation to calculate electronic and phonon bands. We use Wannier interpolation scheme to calculate electron-phonon matrix elements [4]. Using this information, we build accurate models of electronic and phonon bands, and deformation potentials from first principles. By solving the Boltzmann equation in the momentum relaxation time approximation, we calculate the mobility and thermoelectric transport properties of PbTe. Our results are in good agreement with experiments. We find that the temperature dependence of the gap has a substantial effect on thermoelectric transport in PbTe.","1944-9380","978-1-5386-5336-4","10.1109/NANO.2018.8626414","","https://ieeexplore.ieee.org/stamp/stamp.jsp?arnumber=8626414","","Temperature;Temperature dependence;Phonons;Couplings;Thermoelectric materials;Power generation","","","","5","IEEE","27 Jan 2019","23-26 July 2018","23-26 July 2018","IEEE","IEEE Conferences"
"Electro-Physical Properties of Niobia Columnlike Nanostructures via the Anodizing of Al/Nb Layers","A. Pligovka; A. Lazavenka; A. Zakhlebayeva","R&D Lab 4.10 “Nanotechnologies”, Belarusian State University of Informatics and Radioelectronics, Minsk, Belarus; R&D Lab 4.10 “Nanotechnologies”, Belarusian State University of Informatics and Radioelectronics, Minsk, Belarus; R&D Lab 4.10 “Nanotechnologies”, Belarusian State University of Informatics and Radioelectronics, Minsk, Belarus",2018 IEEE 18th International Conference on Nanotechnology (IEEE-NANO),"27 Jan 2019","2018","","","1","5","Two types of niobia columnlike nanostructures were synthesized by anodization, reanodization, and chemical etching of sputter-deposited Al/Nb metal layers. The morphological properties of synthesized niobia columnlike nanostructures were determined by means of scanning electron microscopy. The electro-physical characteristics of niobia columnlike nanostructures were investigated in two measurement schemes. Aluminum layers of thickness 500 nm were used as contact pads. The current-voltage I-U characteristic has a nonlinear and nonsymmetrical character. The rising of temperature leads to an increase of the current. This behavior may indicate a p-n or metal-semiconductor junction. The initial resistance at 23 °C was 60 and 120 kOhms, the specific resistance to the height of the columns was 87 and 116 kOhms·nm-1, the calculated temperature coefficient of resistance appeared to be negative and rather low: -1.39×10-2 and -1.28×10-2K-1 for the niobia columnlike nanostructures reanodized at 300 and 450 V, respectively.","1944-9380","978-1-5386-5336-4","10.1109/NANO.2018.8626387","","https://ieeexplore.ieee.org/stamp/stamp.jsp?arnumber=8626387","","Niobium;Nanostructures;Temperature measurement;Resistance;Temperature;Current measurement","","13","","25","IEEE","27 Jan 2019","23-26 July 2018","23-26 July 2018","IEEE","IEEE Conferences"
"Electrothermal Characterization of the Electrical Resistance of Graphene Contacts for Packages","A. Maffucci; L. Ferrigno; F. Micciulla; S. Bellucci","D.I.E.I., University of Cassino and Southern Lazio, Cassino, Italy; D.I.E.I., University of Cassino and Southern Lazio, Cassino, Italy; INFN-LNF, National Institute for Nuclear Physics, Frascati, Italy; INFN-LNF, National Institute for Nuclear Physics, Frascati, Italy",2018 IEEE 18th International Conference on Nanotechnology (IEEE-NANO),"27 Jan 2019","2018","","","1","4","This paper deals with the electro-thermal characterization of graphene-based materials that are proposed to improve the performance of the electronic packages. Two materials are investigated: multi-walled carbon nanotubes and graphene nanoplatelets. In both cases, commercial materials have been used, thus potentially suitable for a large mass production. Electrical resistance for varying values of the temperature is here measured by means of four-probe technique. Theoretical models are also provided to justify the observed behavior. The results demonstrate that outstanding and favorable properties of graphene such as the stability of the electrical resistance with temperature increase, can be lost when considering real-world realization of contacts, where the quality of the fabrication control is low.","1944-9380","978-1-5386-5336-4","10.1109/NANO.2018.8626317","","https://ieeexplore.ieee.org/stamp/stamp.jsp?arnumber=8626317","","Resistance;Temperature measurement;Graphene;Copper;Carbon nanotubes;Contacts;Conductivity","","","","18","IEEE","27 Jan 2019","23-26 July 2018","23-26 July 2018","IEEE","IEEE Conferences"
"Embedding Langmuir-Blodgett Carbon Nanotube Array to Enhance Performance of Amorphous InGaZnO Thin Film Transistor","J. Zhang; Z. Liao; Y. Gao; M. Zhang","Thin Film Transistor and Advanced Display Lab, Shenzhen, China; Thin Film Transistor and Advanced Display Lab, Shenzhen, China; Thin Film Transistor and Advanced Display Lab, Shenzhen, China; Thin Film Transistor and Advanced Display Lab, Shenzhen, China",2018 IEEE 18th International Conference on Nanotechnology (IEEE-NANO),"27 Jan 2019","2018","","","1","5","In this work, we have proposed and achieved a hybrid thin film transistor (TFT) by embedding single-walled carbon nanotube (SWNT) array into an amorphous indium gallium zinc oxide (a-IGZO) channel. The SWNT array has been integrated into the TFT channel by Langmuir-Blodgett method. The proposed hybrid channel has improved the carrier mobility of the TFT by four times and on/off current ratio by 20 times compared to that of the pure a-IGZO channel TFTs. In the hybrid channel, SWNT array works as the high-speed carrier transport path. Both the density and alignment of the SWNTs in the array are critical for controlling TFT performance.","1944-9380","978-1-5386-5336-4","10.1109/NANO.2018.8626259","","https://ieeexplore.ieee.org/stamp/stamp.jsp?arnumber=8626259","","Thin film transistors;Sputtering;Carbon nanotubes;Hysteresis;Logic gates;Arrays","","","","14","IEEE","27 Jan 2019","23-26 July 2018","23-26 July 2018","IEEE","IEEE Conferences"
"Emergent brain-like complexity from nanowire atomic switch networks: Towards neuromorphic synthetic intelligence","Z. Kuncic; I. Marcus; P. Sanz-Leon; R. Higuchi; Y. Shingaya; M. Li; A. Stieg; J. Gimzewski; M. Aono; T. Nakayama","School of Physics, University of Sydney, Sydney, NSW, Australia; Weizmamm Institute of Science, Rehovot, Israel; School of Physics, University of Sydney, Sydney, NSW, Australia; International Center for Materials Nanoarchitectonics, National Institute for Materials Science, Tsukuba, Ibaraki, Japan; International Center for Materials Nanoarchitectonics, National Institute for Materials Science, Tsukuba, Ibaraki, Japan; International Center for Materials Nanoarchitectonics, National Institute for Materials Science, Tsukuba, Ibaraki, Japan; California NanoSystems Institute, University of California, Los Angeles, CA, USA; California NanoSystems Institute, University of California, Los Angeles, CA, USA; International Center for Materials Nanoarchitectonics, National Institute for Materials Science, Tsukuba, Ibaraki, Japan; International Center for Materials Nanoarchitectonics, National Institute for Materials Science, Tsukuba, Ibaraki, Japan",2018 IEEE 18th International Conference on Nanotechnology (IEEE-NANO),"27 Jan 2019","2018","","","1","3","The atomic switch is a novel nanotechnology that mimics the chemical synapse between neurons in response to electrical stimuli. When connected together in a self- organized manner, similar to a neuronal network, atomic switch networks exhibit emergent brain-like complexity properties, including nonlinear stochastic dynamics and memorization, making them a unique experimental system for emulating intelligence. Here we present a computational model developed to simulate atomic switch networks to explore the scope of emergent brain-like features. Our modelling results demonstrate the capacity for neuromorphic atomic switch networks to emulate long-term memory and generate scale-invariant fluctuations in signal transmission, in direct analogy to the brain.","1944-9380","978-1-5386-5336-4","10.1109/NANO.2018.8626236","","https://ieeexplore.ieee.org/stamp/stamp.jsp?arnumber=8626236","","Switches;Computational modeling;Mathematical model;Complexity theory;Brain modeling;Adaptation models;Switching circuits","","10","","5","IEEE","27 Jan 2019","23-26 July 2018","23-26 July 2018","IEEE","IEEE Conferences"
"Enhanced Absorption in Organic Solar Cells by employing Plasmonic Nanostructures","K. Kuma; U. K. Kumawat; A. Dhawan","Indian Institute of Technology, Delhi, India; Indian Institute of Technology, Delhi, India; Indian Institute of Technology, Delhi, India",2018 IEEE 18th International Conference on Nanotechnology (IEEE-NANO),"27 Jan 2019","2018","","","1","4","In this paper, we present organic solar cells (OSCs) containing plasmonic silver nanostructures in the active medium poly[[9-(l-octylnonyl)-9H-carbazole-2,7 -diyl]-2,5-thiophenediyl-2, 1,3-benzothiadiazole-4,7 -diyl-2,5-thiophenediyl] (PCDTBT):[6], [6]-phenyl C71 butyric acid methyl ester (PC71BM). Finite-difference time-domain (FDTD) modeling was employed to simulate the interaction of incident light with plasmonic nanostructures of different shapes, leading to a broadband absorption enhancement in the OSCs. It is demonstrated that this enhancement is primarily due to enhanced far field scattering - localized surface plasmon excitation - from the nanostructures in the active medium. We demonstrate a 25.28% increase in the short circuit current density, JSC for the OSCs containing hexagonal nanodiscs in the active medium.","1944-9380","978-1-5386-5336-4","10.1109/NANO.2018.8626231","","https://ieeexplore.ieee.org/stamp/stamp.jsp?arnumber=8626231","","Plasmons;Photovoltaic cells;Absorption;Nanostructures;Finite difference methods;Scattering;Time-domain analysis","","","","16","IEEE","27 Jan 2019","23-26 July 2018","23-26 July 2018","IEEE","IEEE Conferences"
"Enhanced sensitivity of SPR biological sensor based on nanohole arrays in gold films","A. K. Agrawal; S. Yadav; A. Dhawan","Indian Institute of Technology Delhi, New Delhi, India; Indian Institute of Technology Delhi, New Delhi, India; Indian Institute of Technology Delhi, New Delhi, India",2018 IEEE 18th International Conference on Nanotechnology (IEEE-NANO),"27 Jan 2019","2018","","","1","4","In this paper, we demonstrate that the nature of surface plasmons in nano-structured gold films - with arrays of nanoholes - is significantly affected by variation in the period and the diameter of these nanoholes. These nanohole arrays in gold films can be employed for real-time sensing applications with enhanced sensitivity. In this paper, numerical simulations using rigorous coupled wave analysis (RCWA) are carried out to study the effect of different periods and diameters of the nanoholes on the angulo-spectral reflectance maps. These maps are analyzed in detail to study the dependence of surface plasmon behaviour on the geometrical parameters in these structures, and enhanced sensitivity is demonstrated for localized refractive index sensing.","1944-9380","978-1-5386-5336-4","10.1109/NANO.2018.8626377","","https://ieeexplore.ieee.org/stamp/stamp.jsp?arnumber=8626377","","Films;Gold;Reflectivity;Sensitivity;Sensors;Surface waves;Plasmons","","2","","13","IEEE","27 Jan 2019","23-26 July 2018","23-26 July 2018","IEEE","IEEE Conferences"
"Enhanced sensitivity of SPR sensing and imaging using plasmonic nanopillar arrays","A. kumar Agrawal; A. Das; A. Dhawan","Indian Institute of Technology Delhi, New Delhi, India; Indian Institute of Technology Delhi, New Delhi, India; Indian Institute of Technology Delhi, New Delhi, India",2018 IEEE 18th International Conference on Nanotechnology (IEEE-NANO),"27 Jan 2019","2018","","","1","4","We present a 2-dimensional gold nanopillar array, consisting of narrow gaps between the nanopillars, for application in the area of biosensing. Normally incident light can couple directly into plasmonic waveguide modes in these 2-dimensional plasmonic nano-gratings formed by the 2-dimensional array of gold nanopillars. The effect of polarization of the incident light and of the dimensions of the nanopillars on the sensitivity of localized sensing was studied using Rigorous Coupled-Wave Analysis. The results show that the sensitivity of biosensors made from these nanopillar arrays is not polarization dependent. Moreover, varying the structural parameters of the nanopillar array can enable tuning of wavelengths at which biosensing can be carried out.","1944-9380","978-1-5386-5336-4","10.1109/NANO.2018.8626228","","https://ieeexplore.ieee.org/stamp/stamp.jsp?arnumber=8626228","","Plasmons;Sensitivity;Gold;Reflectivity;Nanobioscience;Sensors;Electric fields","","","","5","IEEE","27 Jan 2019","23-26 July 2018","23-26 July 2018","IEEE","IEEE Conferences"
"Evaluation of Si Nanowire MOS Capacitor Using High-k Dielectric Materials","R. Nezasa; Y. Kurokawa; N. Usami","Graduate School of Engineering, Nagoya University, Japan; Graduate School of Engineering, Nagoya University, Japan; Graduate School of Engineering, Nagoya University, Japan",2018 IEEE 18th International Conference on Nanotechnology (IEEE-NANO),"27 Jan 2019","2018","","","1","4","Si nanowire (SiNW) MOS capacitor using Al2<;span style=""font-size: 15px;"">O<;/span>3, TiO2, and Al2O3/TiO21 Al2O3 (ATA) dielectric materials was fabricated. Leakage current density of the SiNW MOS capacitor using ATA (ATA-SiNW capacitor) was lower than that using Ti02 in the range of V = -3 to 3 V. It was found Ti02 is not applicable for a dielectric material in SiNW MOS capacitors owing to large leakage current. Dielectric constant of 10-nm-thick Ti02 in ATA was calculated to be k = ~57. Capacitance density of the ATA-SiNW capacitor at the accumulation region (V = -3 V) showed the highest value of 1.5 μF/cm2 at f = 100 kHz in all the MOS capacitors in this experiment. These results suggest ATA dielectric material is applicable to high-k dielectric layer for SiNW MOS capacitors.","1944-9380","978-1-5386-5336-4","10.1109/NANO.2018.8626356","","https://ieeexplore.ieee.org/stamp/stamp.jsp?arnumber=8626356","","Capacitors;Capacitance;MOS capacitors;Aluminum oxide;Leakage currents;Dielectric constant;Dielectric materials","","1","","11","IEEE","27 Jan 2019","23-26 July 2018","23-26 July 2018","IEEE","IEEE Conferences"
"Fabrication and Optical Properties of Periodic Nanopore and Nanoparticle Arrays with Controlled Shape and Size","C. T. Mallon; K. W. Kho; H. Gartite; R. J. Foster; T. E. Keyes","School of Chemical Sciences, Dublin City University; School of Chemical Sciences, Dublin City University; School of Chemical Sciences, Dublin City University; School of Chemical Sciences, Dublin City University; School of Chemical Sciences, Dublin City University",2018 IEEE 18th International Conference on Nanotechnology (IEEE-NANO),"27 Jan 2019","2018","","","1","2","The facile preparation and optical properties of highly-ordered sliver nanostructure arrays with controlled pore-shape and size is described. The arrays were prepared via sphere-imprinted polymer (PDMS) templating which provided a versatile and reproducible means of creating periodic metallic arrays, over a large surface area of about l cm2, with pore sizes ranging between 430nm to 820nm. More importantly, the flexibility of the PDMS polymer allows for a range of pore-shapes - from spherical to cuboid - to be fabricated by template stretching. Diffuse reflectance obtained from the final Ag nano-structures indicated that the maximum surface-plasmon-resonance peak occurs at wavelengths comparable in size to the pitch of the arrays. Features in the reflectance spectra of the cuboid nano-pore arrays, on the other hand, bore little correlation with the pore sizes, but are general broader and more red shifted compared to the corresponding spherical-pore ones. Lastly, SERS spectra of 1-benzenethiol measured with these arrays revealed the major plasmonic enhancements to be attributable to surface nano-roughness with only moderate contribution from the periodically-corrugated structures. FDTD studies of nanostructures are also included, providing insights into the various factors crucially affecting a SERS experiment.","1944-9380","978-1-5386-5336-4","10.1109/NANO.2018.8626288","","https://ieeexplore.ieee.org/stamp/stamp.jsp?arnumber=8626288","","Optical device fabrication;Polymers;Optical surface waves;Finite difference methods;Time-domain analysis;Glass","","","","1","IEEE","27 Jan 2019","23-26 July 2018","23-26 July 2018","IEEE","IEEE Conferences"
"Fabrication and Optimization of Graphene Membrane for Gas Sensor Applications","L. Tizani; I. Saadat; C. Aubry","Masdar Institute of Science and Technology, Part of Khalifa University of Science and Technology, Abu Dhabi, United Arab Emirates; Masdar Institute of Science and Technology, Part of Khalifa University of Science and Technology, Abu Dhabi, United Arab Emirates; Masdar Institute of Science and Technology, Part of Khalifa University of Science and Technology, Abu Dhabi, United Arab Emirates",2018 IEEE 18th International Conference on Nanotechnology (IEEE-NANO),"27 Jan 2019","2018","","","1","4","Graphene membranes over Si etched cavities are fabricated to form the sensing element for micro gas sensors. The repeatability and stability of the sensor is dependent on stress and stretch of the graphene membrane which is related to the conformal to non-conformal morphology of the graphene. This in turn depends on the surface roughness of the Si surface that anchors the graphene film. In this paper we present the results of the optimization of the cavity formation process to allow for a smooth surface that allows superior adhesion of the graphene without extra stretching or tears.","1944-9380","978-1-5386-5336-4","10.1109/NANO.2018.8626222","","https://ieeexplore.ieee.org/stamp/stamp.jsp?arnumber=8626222","","Graphene;Cavity resonators;Rough surfaces;Surface roughness;Surface treatment;Surface morphology;Gas detectors","","","","9","IEEE","27 Jan 2019","23-26 July 2018","23-26 July 2018","IEEE","IEEE Conferences"
"Fabrication of micro-thermoelectric cooler for the thermal management of photonic devices","S. Lal; D. Gautam; K. M. Razeeb","Tyndall National Institute, University College Cork, Lee Maltings, Cork, Ireland; Tyndall National Institute, University College Cork, Lee Maltings, Cork, Ireland; Tyndall National Institute, University College Cork, Lee Maltings, Cork, Ireland",2018 IEEE 18th International Conference on Nanotechnology (IEEE-NANO),"27 Jan 2019","2018","","","1","2","The work demonstrates and discusses the fabrication of micro thermoelectric cooler (μ -TEC) for thermal management of photonic devices. The device is fabricated using cost-effective electrodeposition technique on silicon wafer with 210 pairs of the electrodeposited p-type BiSbTe and n-type BiTe pillars. The complete device is fabricated using flip-chip bonding technique. We discuss the challenges in device fabrication and solutions employed to successfully construct the device.","1944-9380","978-1-5386-5336-4","10.1109/NANO.2018.8626304","","https://ieeexplore.ieee.org/stamp/stamp.jsp?arnumber=8626304","","Bonding;Gold;Flip-chip devices;Substrates;Photonics;Indium","","3","","5","IEEE","27 Jan 2019","23-26 July 2018","23-26 July 2018","IEEE","IEEE Conferences"
"Fano-resonance based metamaterial THz sensor","M. Aghadjani; F. Lan; P. Mazumder","Department of Electrical Engineering and Computer Science, University of Michigan, Ann Arbor; Terahertz Research Centre, University of Electronic Science and Technology of China; Department of Electrical Engineering and Computer Science, University of Michigan, Ann Arbor",2018 IEEE 18th International Conference on Nanotechnology (IEEE-NANO),"27 Jan 2019","2018","","","1","4","In this paper, a high sensitivity sensor platform is proposed. The multi resonant metamaterials with fractal- structure or super-cell resonators is used to match multiple resonance frequencies with characteristic frequencies of the analyte. This provides more dielectric information of the analyte. In the design, by introducing asymmetry in the ring resonator and using Fano-resonance the sensitivity has been improved. A thin layer of dielectric is added on top of the metallic ring which forms a groove. The introduced grooves increase the sensitivity of the final design, up to three times compare to the current state of the art metamaterial sensor platform.","1944-9380","978-1-5386-5336-4","10.1109/NANO.2018.8626368","","https://ieeexplore.ieee.org/stamp/stamp.jsp?arnumber=8626368","","Metamaterials;Sensitivity;Sensors;Resonant frequency;Absorption;Magnetic materials;Dielectrics","","1","","19","IEEE","27 Jan 2019","23-26 July 2018","23-26 July 2018","IEEE","IEEE Conferences"
"FE Switching in SrRuO3/NiFe2O4/BaTiO3/LSMO Heterostructures on SrTiO3Substrates","S. B. Porter; G. Atcheson; K. Rade; D. A. MacLaren; G. Schmidt; P. Stamenov; J. M. D. Coey","School of Physics and CRANN, Trinitv College Dublin, Dublin, Ireland; School of Physics and CRANN, Trinitv College Dublin, Dublin, Ireland; School of Physics and CRANN, Trinitv College Dublin, Dublin, Ireland; SUPA, University of Glasgow, Glasgow, UK; Institut für Physik, Martin-Luther-Universität Halle-Wittenberg, Halle, Germany; School of Physics and CRANN, Trinitv College Dublin, Dublin, Ireland; School of Physics and CRANN, Trinitv College Dublin, Dublin, Ireland",2018 IEEE 18th International Conference on Nanotechnology (IEEE-NANO),"27 Jan 2019","2018","","","1","2","This work reports the successful fabrication of an all-oxide heteroepitaxial structure with a bilayer tunnel junction consisting of ferroelectric and ferrimagnetic layers. Each layer of the structure exhibits high crystallinity and well-defined interfaces. The transport properties of the junction are found to be well described by the characteristics of an asymmetric ferroelectric tunnel junction.","1944-9380","978-1-5386-5336-4","10.1109/NANO.2018.8626303","","https://ieeexplore.ieee.org/stamp/stamp.jsp?arnumber=8626303","","Junctions;Switches;Resistance;Electrodes;Films;Tunneling","","1","","4","IEEE","27 Jan 2019","23-26 July 2018","23-26 July 2018","IEEE","IEEE Conferences"
"Fermi Level Engineering of Mn2RuxGa Thin Films","K. E. Siewierska; G. Atcheson; A. Jha; R. Smith; G. Dennehy; S. Lenne; P. Stamenov; J. M. D. Coey; K. Rode","School of Physics and CRANN, Trinity College, Dublin, Ireland; School of Physics and CRANN, Trinity College, Dublin, Ireland; School of Physics and CRANN, Trinity College, Dublin, Ireland; School of Physics and CRANN, Trinity College, Dublin, Ireland; School of Physics and CRANN, Trinity College, Dublin, Ireland; School of Physics and CRANN, Trinity College, Dublin, Ireland; School of Physics and CRANN, Trinity College, Dublin, Ireland; School of Physics and CRANN, Trinity College, Dublin, Ireland; School of Physics and CRANN, Trinity College, Dublin, Ireland",2018 IEEE 18th International Conference on Nanotechnology (IEEE-NANO),"27 Jan 2019","2018","","","1","2","Mn2RuxGa (MRG) is a fully compensated half-metallic ferrimagnet [1]. We aim to engineer the position of the Fermi level in MRG thin films to modify the spin polarisation. Previous investigations of magnetoresistance of MRG indicate that the Fermi level is positioned below the middle of the gap [1]. DFT calculations show that Mn4a-Ga4b antisites provide ~ 1 electron/antisite thereby increasing the electronic pressure in Mn2RuxGa thin films and raising the Fermi level [2]. To investigate this effect, Mn-deficient and Mn-rich MRG films with varying Ru content, were prepared by magnetron sputtering. The structural properties of the films were investigated using X-ray diffraction spectroscopy and X-ray reflectometry. The electronic and magnetic properties were investigated using the Anomalous Hall effect and the Van der Pauw method. Our results show that the Mn4c occupancy can be controlled. Films with low Ru content show an increase in Hall angle up to 2% in Mn-rich films. These films can be expected to have high spin polarization which can be verified using point contact Andreev reflection (PCAR) measurements.","1944-9380","978-1-5386-5336-4","10.1109/NANO.2018.8626371","","https://ieeexplore.ieee.org/stamp/stamp.jsp?arnumber=8626371","","Manganese;Magnetic field measurement;X-ray diffraction;Coercive force;Magnetic films;Magnetic resonance imaging","","","","5","IEEE","27 Jan 2019","23-26 July 2018","23-26 July 2018","IEEE","IEEE Conferences"
"Flexible ceramic-polymer nanocomposite piezoelectric pressure sensor","H. J. Kim; Y. J. Kim","ICT Materials and Component Laboratory, Electronics and Telecommunications Research Institute, Daejeon, Republic of Korea; ICT Materials and Component Laboratory, Electronics and Telecommunications Research Institute, Daejeon, Republic of Korea",2018 IEEE 18th International Conference on Nanotechnology (IEEE-NANO),"27 Jan 2019","2018","","","1","2","The flexible high-content ceramic-polymer nanocomposite films for highly sensitive piezoelectric pressure sensor were fabricated using Pb(Zr1/2Ti1/2)O3-(Pb(Zn1/3Nb2/3)O3-Pb(Ni1/3Nb2/3)O3) nanoparticles and epoxy resin with the contents of 81 and 19 wt.% respectively. This paper reports that piezoelectric and dielectric properties of the flexible 0-3 ceramic-polymer nanocomposite film can be improved by the small amounts of CNTs dispersed within the film. The fabricated flexible ceramic-epoxy nanocomposite film with 0.07 wt.% CNTs had highest piezoelectric coefficients of 68 pC/N (d33) and 434 mV.m/N(g33), which are respectively 2.5 and 2.2 times higher than those of the preliminary nanocomposite film. Corresponding to the enhanced dielectric and piezoelectric properties of CNTs-doped nanocomposite films, the flexible piezoelectric nanocomposite pressure sensor optimized with 0.07 wt.% CNTs filler content provided the remarkable highest sensitivity of 575.42 mV·kPa-1, which is three times higher than that of the preliminary nanocomposite film ( 186 mV·kPa-1).","1944-9380","978-1-5386-5336-4","10.1109/NANO.2018.8626263","","https://ieeexplore.ieee.org/stamp/stamp.jsp?arnumber=8626263","","Films;Ceramics;Conductivity;Dielectrics;Pressure sensors;Sensitivity","","1","","2","IEEE","27 Jan 2019","23-26 July 2018","23-26 July 2018","IEEE","IEEE Conferences"
"Flexible fiber based woven structured triboelectric nanogenerator for self-powered system","J. Park; D. Kim; Y. T. Kim","Department of IT Fusion Technology, Chosun University, Republic of Korea; Department of IT Fusion Technology, Chosun University, Republic of Korea; Department of IT Fusion Technology, Chosun University, Republic of Korea",2018 IEEE 18th International Conference on Nanotechnology (IEEE-NANO),"27 Jan 2019","2018","","","1","4","Woven -structured or textile-based triboelectric nanogenerators (TENGs) can convert mechanical energy generated from human activities into electrical energy, which can then be used as an efficient power source for portable and wearable devices. However, previously developed woven-structured TENGs have poor stretchability, and fibers with multiple strands are required for weaving. In this paper, we propose a fiber-based woven-structured TENG (WTENG) having high elasticity and flexibility. The proposed WTENG generates an electrical output of ~34.4 μW/cm2 by the continuous contact with and separation from human skin, and we confirm its durability and applicability to wearable devices. We believe that the proposed WTENG can be applied to various products, such as smart clothing, as well as to wearable energy harvesting devices because it can be manufactured on a large scale.","1944-9380","978-1-5386-5336-4","10.1109/NANO.2018.8626271","","https://ieeexplore.ieee.org/stamp/stamp.jsp?arnumber=8626271","","Optical fiber devices;Rubber;Skin;Yarn;Weaving;Electrodes;Contacts","","3","","10","IEEE","27 Jan 2019","23-26 July 2018","23-26 July 2018","IEEE","IEEE Conferences"
"Generic assessment of novel risks related to the use of engineered nanomaterials","D. Prodanov","EHS, Imec, Leuven, Belgium",2018 IEEE 18th International Conference on Nanotechnology (IEEE-NANO),"27 Jan 2019","2018","","","1","2","Safety of engineered nanomaterials is a new scientific field, which draws increasing attention in literature. Among the challenges the field is facing are the insufficient amount and quality of nanotoxicological data and the ambiguity in the metrics describing the exposure. This results in substantial difficulties in the actual quantification of risk in terms of dose-response relationships and exposure limits, which is a cornerstone of chemical risk assessment. While there is no golden standard for risk assessment and management several pragmatic systems have come into being. All of these employ some form of categorization and grouping of materials into hazard groups. This presentation will outline the risk assessment approach developed within the H2020 project NanoStreeM, which is based on a combination of categorical and quantitative risk assessment tools implemented in a 3 tier system.","1944-9380","978-1-5386-5336-4","10.1109/NANO.2018.8626258","","https://ieeexplore.ieee.org/stamp/stamp.jsp?arnumber=8626258","","Risk management;Hazards;Nanomaterials;Chemicals;Standards;Nanoparticles;Measurement","","","","0","IEEE","27 Jan 2019","23-26 July 2018","23-26 July 2018","IEEE","IEEE Conferences"
"Graphene Quantum Dots and Silver Nanoparticles Based High Sensitivity SERS Molecular Sensors","Y. Tzeng; J. Lai","Department of Electrical Engineering, National Cheng Kung University No. 1, Tainan City, Taiwan; Department of Electrical Engineering, National Cheng Kung University No. 1, Tainan City, Taiwan",2018 IEEE 18th International Conference on Nanotechnology (IEEE-NANO),"27 Jan 2019","2018","","","1","2","Thermal CVD graphene quantum dots and silver nanoparticles on substrates exhibit excellent enhancement factors in Raman scattering signals excited by a green solid state laser and detected by an optical spectrometer from R6G and adenine molecules of concentration lower than 10-12M demonstrating an enhancement factor on the order of 1014 times for selected molecules. The applications of such devices as high-sensitivity SERS molecular sensors are presented. Roles of graphene quantum dots, silver nanoparticles and the substrates on their excellent performance are presented and discussed.","1944-9380","978-1-5386-5336-4","10.1109/NANO.2018.8626397","","https://ieeexplore.ieee.org/stamp/stamp.jsp?arnumber=8626397","","Nanoparticles;Graphene;Silver;Sensors;Substrates;Raman scattering;Quantum dots","","1","","17","IEEE","27 Jan 2019","23-26 July 2018","23-26 July 2018","IEEE","IEEE Conferences"
"Graphene-filled PDMS Composite for Tactile Sensing of Surgical Graspers","J. -J. Cabibihan; K. K. Sadasivuni; A. Tahir; S. Waseem; N. Navkar; J. Abinahed; A. Al-Ansari","Department of Mechanical and Industrial Engineering, Qatar University, Qatar; Center for Advanced Materials, Qatar University; Hamad Medical Corporation, Qatar; CSIR-NPL, Advanced Carbon Products, New Delhi, India; Hamad Medical Corporation, Qatar; Hamad Medical Corporation, Qatar; Hamad Medical Corporation, Qatar",2018 IEEE 18th International Conference on Nanotechnology (IEEE-NANO),"27 Jan 2019","2018","","","1","4","For tactile sensors to become useful technology, the required features should be flexibility, durability, and its sensitivity to physical contact. Conductive elastomer nanocomposites are widely used in fabricating a variety of electronic devices due to their excellent dispersion of the conductive nanomaterials. One such example is graphene in an elastomer matrix. In this study, we fabricated the transparent, flexible, and conductive force-responsive films from reduced graphene oxide (rGO)-filled polydimethylsiloxane (PDMS) elastomer composite. We used a simple yet unique way of mixing solution for composite preparation, which will enable an improved dispersion of filler in the matrix. Various characterization techniques were employed (i.e. SEM, FESEM, TEM, AFM XRD, UV visible spectroscopy, Raman studies, and impedance studies) to study the properties associated with the prepared thin film. The rGO was found to be well-dispersed in PDMS and it was found to behave appropriately as the sensing element during the capacitive force responsive mechanism in a metallic tip of surgical grasper. We anticipate that this kind of composites can find suitable applications for tactile sensing of surgical graspers.","1944-9380","978-1-5386-5336-4","10.1109/NANO.2018.8626289","","https://ieeexplore.ieee.org/stamp/stamp.jsp?arnumber=8626289","","Surgery;Films;Force;Graphene;Capacitance;Robot sensing systems","","","","37","IEEE","27 Jan 2019","23-26 July 2018","23-26 July 2018","IEEE","IEEE Conferences"
"Graphene -Gold Electrodes for Flexible Nanogenerators Based on Porous Piezoelectric PVDF Films","M. Fortunato; A. Rinaldi; A. Tamburrano; G. De Bellis; T. Dikonimos; N. Lisi; M. S. Sarto","Res. Center for Nanotech. Applied to Eng. of Sapienza (CNIS), Sapienza Univ. of Rome, Rome, Italy; Res. Center for Nanotech. Applied to Eng. of Sapienza (CNIS), Sapienza Univ. of Rome, Rome, Italy; Res. Center for Nanotech. Applied to Eng. of Sapienza (CNIS), Sapienza Univ. of Rome, Rome, Italy; Res. Center for Nanotech. Applied to Eng. of Sapienza (CNIS), Sapienza Univ. of Rome, Rome, Italy; ENEA Casaccia Research Center, Rome, Italy; ENEA Casaccia Research Center, Rome, Italy; Res. Center for Nanotech. Applied to Eng. of Sapienza (CNIS), Sapienza Univ. of Rome, Rome, Italy",2018 IEEE 18th International Conference on Nanotechnology (IEEE-NANO),"27 Jan 2019","2018","","","1","4","In this work, we develop graphene-gold electrodes (GGEs) for flexible nanogenerators made of porous piezoelectric PVDF films. The bilayer electrode structure was conceived in order to avoid the short circuit between top and bottom electrodes produced through direct Au sputtering over the film surface. Gold was sputtered over chemical-vapor- deposition (CVD) grown graphene film, that was subsequently transferred onto a PVDF film. We analysed the morphology and electrical properties of GGEs with increasing Au thickness in order to optimize the electrode surface conductivity and to guarantee high flexibility. The piezoelectric coefficient d33 of PVDF films and GGE-topped PVDF films were investigated through Piezoresponse Force Microscopy (PFM). We observed that the obtained values of d33, with and without GGEs, are in agreement with each other. This result allows to directly correlate the nanoscale piezoelectric properties to macroscale piezoelectric properties. Furthermore, a flexible nanogenerator made by a PVDF film top- and bottom- contacted with the bilayer GGEs was measured using a commercial mini -shaker. The obtained results are in good agreement with the measured d33 of the uncontacted PVDF film, obtained through PFM.","1944-9380","978-1-5386-5336-4","10.1109/NANO.2018.8626307","","https://ieeexplore.ieee.org/stamp/stamp.jsp?arnumber=8626307","","Electrodes;Films;Gold;Graphene;Voltage measurement;Nanogenerators;Resistance","","5","","11","IEEE","27 Jan 2019","23-26 July 2018","23-26 July 2018","IEEE","IEEE Conferences"
"Measurement of heat conduction in a ballistic 1D phonon waveguide: no quantization of the thermal conductance","A. Tavakoli; K. Lulla; T. Crozes; E. Collin; O. Bourgeois","Univ. Grenoble Alpes, Grenoble, France; Univ. Grenoble Alpes, Grenoble, France; Univ. Grenoble Alpes, Grenoble, France; Univ. Grenoble Alpes, Grenoble, France; Univ. Grenoble Alpes, Grenoble, France",2018 IEEE 18th International Conference on Nanotechnology (IEEE-NANO),"27 Jan 2019","2018","","","1","1","With the emergence of quantum technologies mastering thermal management is required, especially at the nanoscale. It is now accepted that thermal metamaterials (phononic diodes, themocrystals) based on phonon manipulation are made possible especially at sub-Kelvin temperatures. In these extreme limits of low temperature and low dimension, phonon heat conduction enters into a quantum regime where the phonon exchange obeys the Landauer formalism. In this regime, phonon transport is governed by the value of the transmission coefficients between the ballistic conductor and the thermal reservoirs. Here, we report an ultra-sensitive thermal experiments made on a ballistic 1D phonon conductor using a new micro-platform suspended sensor. We achieved the measurement of thermal conductance with a resolution of ΔK=K of 1.5% and an unprecedented power sensitivity of few attoWatts around 100 mK. We show that the ballistic thermal transport is dominated by non-ideal transmission coefficients and not by the quantized thermal conductance of the nanowire itself. The measurements reveal scattering mechanisms dominated by phonon diffusion in the reservoirs. Since amorphous silicon nitride are used in that experiment we suspect that scattering of phonons on tunneling two Level systems (TLS) may be at the origin of the reduction of thermal transport. Complementary specific heat experiments are confirming that hypothesis of significant phonon-TLS scattering. The demonstration of the breakdown of the thermal conductance quantization is a major result for the phonon physics, showing that optimized thermal coupling to reservoirs from a 1D structure might be difficult to obtain. This limitation of heat transport in the quantum regime may have significant impacts on the design of modern thermal circuits and nanoelectronics (Josephson junction, quantum solid state devices). This high resolution experimental achievement gives new insight of heat transport in the quantum regime, a scientific goal that has remained uncertain till now.","1944-9380","978-1-5386-5336-4","10.1109/NANO.2018.8626298","","https://ieeexplore.ieee.org/stamp/stamp.jsp?arnumber=8626298","","Phonons;Thermal conductivity;Heating systems;Quantization (signal);Reservoirs;Scattering;Conductors","","","","2","IEEE","27 Jan 2019","23-26 July 2018","23-26 July 2018","IEEE","IEEE Conferences"
"Highly Flexible Environmentally friendly Printed Supercapacitors","T. M. Kraft; M. Kujala; A. Railanmaa; S. Lehtimäki; T. Kololuoma; J. Keskinen; D. Lupo; M. Mantvsalo","Faculty of Computing and Electrical Engineering, Tampere University of Technology, Tampere, Finland; Faculty of Computing and Electrical Engineering, Tampere University of Technology, Tampere, Finland; Faculty of Computing and Electrical Engineering, Tampere University of Technology, Tampere, Finland; Faculty of Computing and Electrical Engineering, Tampere University of Technology, Tampere, Finland; VTT Technical Research Centre of Finland Ltd., Oulu, Finland; Faculty of Computing and Electrical Engineering, Tampere University of Technology, Tampere, Finland; Korkeakoulunkatu 3, Tampere, Finland; Faculty of Computing and Electrical Engineering, Tampere University of Technology, Tampere, Finland",2018 IEEE 18th International Conference on Nanotechnology (IEEE-NANO),"27 Jan 2019","2018","","","1","4","In this study, we propose a highly flexible environmentally friendly supercapacitor suitable for low-power Internet-of- Everything applications and the effect of bending (both static and cyclic) on its electrical performance. The supercapacitors are all comprised of carbon electrodes (activated carbon (AC) on a graphite current collector) printed on a flexible plastic substrate, with a NaCl (aq) electrolyte. The capacitance of all the devices is on the order of 0.3 F. Two different substrates (A1 coated PET and PP/PA/EVOH/PA/PE [PP-PE]) as well as two different top-bottom substrate sealing methods (heat sealing, adhesive film) were investigated, with the PP-PE substrate and adhesive film sealing found to be preferable. However, all supercapacitors exhibited a rather high tolerance for bending down to a 1.25 cm radius. Little effect on bending reliability was found on the electrode fabrication process (roll-to-roll (R2R) vs. screen printing and manual stencil printing), however R2R printed devices have a higher uniformity of electrical properties. It was confirmed that, if the sealing method is resilient to bending, the degradation of the printed films are not the limiting factor in device flexibility.","1944-9380","978-1-5386-5336-4","10.1109/NANO.2018.8626290","","https://ieeexplore.ieee.org/stamp/stamp.jsp?arnumber=8626290","","Supercapacitors;Substrates;Electrodes;Heating systems;Printing;Carbon;Electrolytes","","4","","37","IEEE","27 Jan 2019","23-26 July 2018","23-26 July 2018","IEEE","IEEE Conferences"
"Holographic Microbubble Actuators for Microfluidic Manipulation and Particle Assembly","W. -C. Shih; J. Li; F. Zhao","Program of Materials Science and Engineering, University of Houston, Houston, Texas, USA; Department of Electrical and Computer Engineering, University of Houston, Houston, Texas, USA; Department of Electrical and Computer Engineering, University of Houston, Houston, Texas, USA",2018 IEEE 18th International Conference on Nanotechnology (IEEE-NANO),"27 Jan 2019","2018","","","1","4","We report holographic microbubble actuators for micro fluidic manipulation and particle assembly. Taking advantage of the high photothermal conversion efficiency of nanoporous gold disk arrays, we characterize the microbubble size vs. laser power and show that this platform is highly efficient. By forming multiple microbubble at arbitrary locations using holography, sophisticated microfluidic functions such as valving has been achieved. The microbubble also enables high-efficiency assembly of micro/nanoparticles.","1944-9380","978-1-5386-5336-4","10.1109/NANO.2018.8626247","","https://ieeexplore.ieee.org/stamp/stamp.jsp?arnumber=8626247","plasmonic photothermal conversion;microbubble generation;holographic microbubble actuators;nanoassembly;particle manipulation and assembly","Microfluidics;Power lasers;Substrates;Plasmons;Metals;Heating systems;Nanoparticles","","","","20","IEEE","27 Jan 2019","23-26 July 2018","23-26 July 2018","IEEE","IEEE Conferences"
"Hybrid SERS substrates for chemical and biological. sensing","Y. Sharma; A. Dhawan","Indian Institute of Technology Delhi, New Delhi, India; Indian Institute of Technology Delhi, New Delhi, India",2018 IEEE 18th International Conference on Nanotechnology (IEEE-NANO),"27 Jan 2019","2018","","","1","3","We present two novel hybrid surface enhanced Raman scattering (SERS) based substrates - the hybrid ‘nanoline (NL)-nanoparticle (NP)' plasmonic substrates and the ‘nanofingers inside nanowires' plasmonic substrates. These substrates, which have been fabricated by employing a combination of top-down and bottom-up nanofabrication processes, allow easily achievable sub-5 nm gaps and a possibility of large area fabrication. Theoretical studies were conducted, using Finite Difference Time Domain (FDTD) modelling, to understand the effect of the various geometrical parameters of these substrates on the magnitude of the SERS enhancement and the plasmon resonance tunability. We also discuss the fabrication, characterization and measurement of SERS signals from these substrates.","1944-9380","978-1-5386-5336-4","10.1109/NANO.2018.8626421","","https://ieeexplore.ieee.org/stamp/stamp.jsp?arnumber=8626421","","Substrates;Nanobioscience;Nanoparticles;Plasmons;Fabrication;Nanowires;Lithography","","","","6","IEEE","27 Jan 2019","23-26 July 2018","23-26 July 2018","IEEE","IEEE Conferences"
"Hydrogel as a Nerve Guide and Biocompatible Glue for Neural Applications","S. V. Puttaswarmy; A. Bandla; S. J. Fishlock; S. Lee; C. Lee; J. McLaughlin","Singapore Institute for Neurotechnology Centre for Life Sciences, National University of Singapore; Singapore Institute for Neurotechnology Centre for Life Sciences, National University of Singapore; Connected Health Innovation Centre, Ulster University, Newtownabbey, United Kingdom; Department of Electrical and Computer Engineering, National University of Singapore; Department of Electrical and Computer Engineering, National University of Singapore; Connected Health Innovation Centre, Ulster University, Newtownabbey, United Kingdom",2018 IEEE 18th International Conference on Nanotechnology (IEEE-NANO),"27 Jan 2019","2018","","","1","4","In the present work, Poly(ethylene glycol) (PEG) biocompatible hydrogel has been employed for two neural applications: nerve guide conduits and as an in-vitro neural bioglue. Nerve guide conduits (NGCs) are widely accepted in the treatment of peripheral nerve injuries. In the first application, we present the design of a simple and low-cost method to fabricate hydrogel-based NGCs. In this method we employ light curing method for 5 seconds to fabricate NGCs in a short span of time. The fabricated NGC was assessed in vitro to demonstrate the neural application. The efficient, low-cost and simple method proposed in this study addresses the limitations in existing expensive and time-consuming techniques of fabricating NGCs. Secondly, we demonstrate the application of PEGDA as an in-vitro neural bioglue. Micro electrode neural interface requires effective binding to achieve low signal-to-noise ratio during neural signal recording, hence there is a great demand for developing surgical glues which are nontoxic, biocompatible and which work well in highly corrosive environments within the body. We employed a photosensitive hydrogel, which can be cured within a few seconds to secure electrodes when interfaced with small nerves.","1944-9380","978-1-5386-5336-4","10.1109/NANO.2018.8626329","","https://ieeexplore.ieee.org/stamp/stamp.jsp?arnumber=8626329","","Electrodes;In vivo;Surgery;Impedance;Curing;Fabrication;Rats","","1","","14","IEEE","27 Jan 2019","23-26 July 2018","23-26 July 2018","IEEE","IEEE Conferences"
"Impact of the Level and Orientation of Crystallinity on Charge Transport in Semi-Crystalline Organic Semiconductors","W. Kaiser; M. Rinderle; A. Gagliardi","Department of Electrical and Computer Engineering, Technical University of Munich, Karlstraße, Munich, Germany; Department of Electrical and Computer Engineering, Technical University of Munich, Karlstraße, Munich, Germany; Department of Electrical and Computer Engineering, Technical University of Munich, Karlstraße, Munich, Germany",2018 IEEE 18th International Conference on Nanotechnology (IEEE-NANO),"27 Jan 2019","2018","","","1","2","The unique features of organic materials such as cost-efficient solution processability are accompanied by major drawbacks in terms of low charge carrier mobility. Typical organic materials which are of interest for the use in electronic devices are usually amorphous or semi-crystalline domains and exhibit a high degree of energetic and spatial disorder. We present a kinetic Monte Carlo study of the dependence of the charge transport processes on the degree of crystallinity and orientation in conjugated polymers. We implement the crystallinity using a correlation in the energetic landscape. As a test case, we consider the conjugated polymer poly(3-hexylthiophene) (P3HT).","1944-9380","978-1-5386-5336-4","10.1109/NANO.2018.8626309","","https://ieeexplore.ieee.org/stamp/stamp.jsp?arnumber=8626309","","Plastics;Correlation;Charge carrier mobility;Organic semiconductors;Organic materials;Kinetic theory;Monte Carlo methods","","","","13","IEEE","27 Jan 2019","23-26 July 2018","23-26 July 2018","IEEE","IEEE Conferences"
"Improved pH Sensing Performance with Microarray ISFETs under Pulse AC Bias","N. Luo; D. Su; H. Wang; Y. Liang; F. Peng; H. Yu; T. Zhang; J. Tao; D. Zhou; X. Zeng; W. Hu","The State Key Lab. of ASIC and System, Fudan University, Shanghai, China; The State Key Lab. of ASIC and System, Fudan University, Shanghai, China; Department of ECE, University of texas at Dallas, Richardson, Texas, USA; Department of ECE, University of texas at Dallas, Richardson, Texas, USA; The State Key Lab. of ASIC and System, Fudan University, Shanghai, China; One Chip Co. Ltd, Suzhou, China; One Chip Co. Ltd, Suzhou, China; The State Key Lab. of ASIC and System, Fudan University, Shanghai, China; The State Key Lab. of ASIC and System, Fudan University, Shanghai, China; The State Key Lab. of ASIC and System, Fudan University, Shanghai, China; The State Key Lab. of ASIC and System, Fudan University, Shanghai, China",2018 IEEE 18th International Conference on Nanotechnology (IEEE-NANO),"27 Jan 2019","2018","","","1","4","Biochips of 256 micro-ISFETs were made with 0.18 um CMOS processes towards pH based DNA sequencing. We implemented a pulse voltage biasing method to improve pH sensing performance. Compared to pulse DC biasing, pulse AC can achieve much better stability and higher sensitivity.","1944-9380","978-1-5386-5336-4","10.1109/NANO.2018.8626284","","https://ieeexplore.ieee.org/stamp/stamp.jsp?arnumber=8626284","CMOS;micro-ISFET array;pulse AC;pH resolution","MOSFET;Sensors;Electrodes;Testing;Registers;Logic gates;Threshold voltage","","1","","12","IEEE","27 Jan 2019","23-26 July 2018","23-26 July 2018","IEEE","IEEE Conferences"
"Improving the Thermoelectric Power Factor in 2D Single-Layer MoS2 Using Periodic Potentials","A. Kommini; Z. Aksamija","University of Massachusetts-Amherst, Amherst, MA, USA; University of Massachusetts-Amherst, Amherst, MA, USA",2018 IEEE 18th International Conference on Nanotechnology (IEEE-NANO),"27 Jan 2019","2018","","","1","5","Thermoelectric (TE) devices enable robust solid-state conversion of waste heat to electricity but their applications are still limited by relatively modest efficiency. Power factor controls the TE energy conversion efficiency of a material. A higher power factor also helps to increase the passive or electronic cooling ability. Single-layer (SL) 2-dimensional (2D) materials have been analytically shown to have higher power factors [1]. In this work, we extend our 3D model to simulate quantum transport and capture energy filtering in 2D SL MoS2 that can improve power factor. Energy relaxation and quantum effects from periodic spatially varying potential barriers are modeled in the Wigner-Rode formalism. Our simulations show an increase in power factor in both cosine- and square-shaped barriers with the height of the potential barrier, resulting in over 30% power factor enhancement. This improvement in TE efficiency helps in the development of efficient waste-heat scavenging, body-heat-powered wearables, thermal sensors and electronic cooling.","1944-9380","978-1-5386-5336-4","10.1109/NANO.2018.8626285","","https://ieeexplore.ieee.org/stamp/stamp.jsp?arnumber=8626285","","Reactive power;Electric potential;Molybdenum;Sulfur;Tunneling;Two dimensional displays;Scattering","","","","18","IEEE","27 Jan 2019","23-26 July 2018","23-26 July 2018","IEEE","IEEE Conferences"
"iNAPO: an electrochemical molecule sensor based on a single ion conducting nanopore in polymer foil","W. Ensinger","Department of Materials Science, Technische Universität Darmstadt, Darmstadt, Germany",2018 IEEE 18th International Conference on Nanotechnology (IEEE-NANO),"27 Jan 2019","2018","","","1","4","The principles of fabrication and working mechanism of a (bio)molecular sensor based on a single nanopore in a polymer foil are described. Polymer foils are through-irradiated with a single ion of a heavy element at a particle accelerator. The ion damage zone in the polymer is chemically etched into a conical nanopore. The nanopore wall is functionalized by an appropriate coupling chemistry with a biorecognition unit. In an electrochemical cell, the foil acts as separation membrane. The electrolyte current flowing through the nanopore is measured as a function of the applied potential. In the presence of specific analyte molecules, which bioconjugate with the biorecognition unit, these ionic currents are changed. Thus, a highly sensitive nanosensor is available. The preparation and working principle of the nanosensor is described. As an example, results on the sensing of the alkali metal lithium, the small biomolecule glucose, and a protein (lectine) and are shown.","1944-9380","978-1-5386-5336-4","10.1109/NANO.2018.8626391","","https://ieeexplore.ieee.org/stamp/stamp.jsp?arnumber=8626391","","Ions;Sensors;Polymers;Lithium;Couplings;Electrolytes;Sugar","","","","15","IEEE","27 Jan 2019","23-26 July 2018","23-26 July 2018","IEEE","IEEE Conferences"
"Increasing coercivity of ferromagnetic zinc oxide with thermal acetylene treatment","L. Jäppinen; T. Higuchi; H. Huhtinen; P. Paturi; J. Salonen","Department of Physics and Astronomy, University of Turku, Turku, Finland; Department of Applied Physics, Tokyo university of of Science, Tokyo, Japan; Department of Physics and Astronomy, University of Turku, Turku, Finland; Department of Physics and Astronomy, University of Turku, Turku, Finland; NA",2018 IEEE 18th International Conference on Nanotechnology (IEEE-NANO),"27 Jan 2019","2018","","","1","4","We have used a thermal acetylene treatment on ZnO nanorods in order to investigate the possibility of carbon-doping-induced room temperature ferromagnetism in them. The properties of the rods were investigated using SQUID magnetometry and photoelectron spectroscopy and the findings compared to previously reported results. Ferromagnetism was detected in all investigated samples, but no clear correlation between acetylene and the strength of ferromagnetism was observed. A weakening of the hybridization of Zn 3d and O 2p states as a result of acetylene treatment was detected. The coercivity of acetylene-doped samples was observed to be higher than in annealed samples. The findings support the view that ferromagnetism in ZnO is intrinsic in origin and not caused by carbon doping. However, the treatment can still be used to engineer the magnetic properties of the material, as it can tune its surface properties.","1944-9380","978-1-5386-5336-4","10.1109/NANO.2018.8626406","","https://ieeexplore.ieee.org/stamp/stamp.jsp?arnumber=8626406","","Zinc oxide;II-VI semiconductor materials;Temperature measurement;Coercive force;Surface treatment;Saturation magnetization;Magnetic properties","","1","","43","IEEE","27 Jan 2019","23-26 July 2018","23-26 July 2018","IEEE","IEEE Conferences"
"Indium Oxide Nanostructure Optimization for RRAM Integration on CMOS BEOL","P. . -V. Guenery; E. A. Leòn Pérez; K. Ayadi; J. Moeyaert; S. Labau; N. Baboux; D. Deleruyelle; L. Militaru; S. Blonkowski; T. Baron; A. Souifi","Institut des Nanotechnologies de Lyon, Villeurbanne, INSA Lyon, France; Institut des Nanotechnologies de Lyon, Villeurbanne, INSA Lyon, France; Institut des Nanotechnologies de Lyon, Villeurbanne, INSA Lyon, France; Laboratoire des Technologies de la Microelectronique, Grenoble, France; Laboratoire des Technologies de la Microelectronique, Grenoble, France; Institut des Nanotechnologies de Lyon, Villeurbanne, INSA Lyon, France; Institut des Nanotechnologies de Lyon, Villeurbanne, INSA Lyon, France; Institut des Nanotechnologies de Lyon, Villeurbanne, INSA Lyon, France; STMicroelectronics, Crolles, France; Laboratoire des Technologies de la Microelectronique, Grenoble, France; Institut des Nanotechnologies de Lyon, Villeurbanne, INSA Lyon, France",2018 IEEE 18th International Conference on Nanotechnology (IEEE-NANO),"27 Jan 2019","2018","","","1","2","This work report on the integration of indium oxide (In2O3) nanocrystals (NCs) for Resistive Random Access Memory (RRAM) applications. The RRAM integration based on MOCVD and ALD depositions is fully compatible fabrication process with CMOS of back-end-off-line. A bipolar switching behavior is clearly linked to In2O3 NC. First RRAM prototypes with HRS/LRS ratios higher than 104 are measured. Device parameter dispersion is observed mainly for Vreset. The NC density has been increased from 3. 108 cm-2 to 2. 10 10 cm-2 with an average NC diameter reduced from 12 nm to 4 nm. The optimization of NC's size dispersion and density is finally expected to reduce the observed parameter dispersion.","1944-9380","978-1-5386-5336-4","10.1109/NANO.2018.8626323","","https://ieeexplore.ieee.org/stamp/stamp.jsp?arnumber=8626323","","Dispersion;Switches;Optimization;Random access memory;Indium;Nanocrystals","","1","1","6","IEEE","27 Jan 2019","23-26 July 2018","23-26 July 2018","IEEE","IEEE Conferences"
"Information Capacity of Spoof Plasmon Interconnects","S. R. Joy; M. Erementchouk; H. Yu; P. Mazumder","University of Michigan, Ann Arbor, MI, US; University of Michigan, MI; Southcm University of Science and Technology, Shenzhen, China; University of Michigan, MI",2018 IEEE 18th International Conference on Nanotechnology (IEEE-NANO),"27 Jan 2019","2018","","","1","4","Spoof surface plasmon polariton (SSPP) mode realized in planar, patterned conductors to manage light beyond diffraction limit at a chosen frequency drew significant attention of late. We discuss that, SSPP interconnect can be a hybrid technology of electronics and optics that realizes electromagnetic mode propagation confined on an electrically conductive surface. Since an electrical ground is not required for spoof plasmon propagation, SSPP interconnect can constitute a terascale inter-chip communication channel overcoming any RC limitation imposed on the bandwidth. We have investigated theoretical limits on the information transfer capability and quantified the trade-off relation between cross-talk limited bandwidth density and information propagation length in SSPP based communication networks.","1944-9380","978-1-5386-5336-4","10.1109/NANO.2018.8626390","","https://ieeexplore.ieee.org/stamp/stamp.jsp?arnumber=8626390","spoof plasmon;interconnects;hybrid system;1/RC bandwidth;terahertz","Bandwidth;Integrated circuit interconnections;Plasmons;Metals;Data transfer;Conductors;Optical interconnections","","","","15","IEEE","27 Jan 2019","23-26 July 2018","23-26 July 2018","IEEE","IEEE Conferences"
"Redox Cycling at Interdigitated Nanowire Electrode Arrays: Enhanced Electrochemical Sensing","I. Seymour; P. Lovera; A. Wahl; J. F. Rohan; A. O. Riordan","Nanotechnology Group, Tyndall National Institute, Cork, Ireland; Nanotechnology Group, Tyndall National Institute, Cork, Ireland; Electrochemical Materials and Energy Group, Tyndall National Institute, Cork, Ireland; Electrochemical Materials and Energy Group, Tyndall National Institute, Cork, Ireland; Nanotechnology Group, Tyndall National Institute, Cork, Ireland",2018 IEEE 18th International Conference on Nanotechnology (IEEE-NANO),"27 Jan 2019","2018","","","1","4","Interdigitated nanowire arrays can be used to perform generator collector type electrochemical measurements. For this set up, one comb of nanowire arrays are used to perform a standard voltammetric technique while the other comb is biased at a constant potential. This technique gives rise to multiple benefits, most notably enhancement of electrochemical signals due to redox cycling, and reduced diffusional overlap in the electrode arrays. Simulations have been used to optimize the electrode designs and to help understand the processes that occur at the electrode surfaces under these conditions. The combination of experimental and simulation data has led to the optimization of a generator collector system with significant collection efficiencies at a variety of conditions.","1944-9380","978-1-5386-5336-4","10.1109/NANO.2018.8626262","","https://ieeexplore.ieee.org/stamp/stamp.jsp?arnumber=8626262","","Electrodes;Generators;Electric potential;Array signal processing;Nanoscale devices;Current measurement;Switches","","1","","17","IEEE","27 Jan 2019","23-26 July 2018","23-26 July 2018","IEEE","IEEE Conferences"
"Investigating Electron-Phonon Coupling in Formamidinium Lead Iodide Perovskite Using Ultrafast Laser Spectroscopy","V. C. A. Taylor; D. Tiwari; M. Duchi; P. M. Donaldson; I. P. Clark; D. J. Fermin; T. A. A. Oliver","Bristol Centre for Functional Nanomaterials, University of Bristol, UK; School of Chemistry, University of Bristol, UK; School of Chemistry, University of Bristol, UK; Central Laser Facility, Rutherford Appleton Laboratory, Didcot, UK; Central Laser Facility, Rutherford Appleton Laboratory, Didcot, UK; Central Laser Facility, Rutherford Appleton Laboratory, Didcot, UK; Bristol Centre for Functional Nanomaterials, University of Bristol, UK",2018 IEEE 18th International Conference on Nanotechnology (IEEE-NANO),"27 Jan 2019","2018","","","1","3","The high charge carrier mobilities of hybrid inorganic-organic lead halide perovskites has previously been linked to ferroelectric domain formation due to alignment of organic cations within films. [1], [2] Our two-dimensional infrared ultrafast spectroscopy studies reveal that organic cations re-orient within several picoseconds, and therefore ferroelectric domain formation is very unlikely and unable to account for the observed long carrier lifetimes. [3] Complimentary time-resolved infrared measurements examined the electron-phonon coupling in the conduction band. Analysis of the spectral line shapes indicates that carriers form polarons within the instrument response.","1944-9380","978-1-5386-5336-4","10.1109/NANO.2018.8626311","","https://ieeexplore.ieee.org/stamp/stamp.jsp?arnumber=8626311","","Lead;Spectroscopy;Probes;Vibrations;Shape;Frequency measurement;Pulse measurements","","1","","10","IEEE","27 Jan 2019","23-26 July 2018","23-26 July 2018","IEEE","IEEE Conferences"
"Investigating the difference in nucleation during Si-based ALD on different surfaces for future area-selective deposition","E. A. Filatova; A. Mameli; A. J. M. Mackus; F. Roozeboom; W. M. M. Kessels; D. Hausmannd; S. D. Elliott","Tyndall National Institute, University College Cork, Dyke Parade, Cork, Ireland; Department of Applied Physics, Eindhoven University of Technology, The Netherlands; Department of Applied Physics, Eindhoven University of Technology, The Netherlands; Department of Applied Physics, Eindhoven University of Technology, The Netherlands; Department of Applied Physics, Eindhoven University of Technology, The Netherlands; Lam Research Corporation, Tualatin, OR, USA; Tyndall National Institute, University College Cork, Dyke Parade, Cork, Ireland",2018 IEEE 18th International Conference on Nanotechnology (IEEE-NANO),"27 Jan 2019","2018","","","1","2","Area-selective atomic layer deposition (AS-ALD) allows nanostructures of arbitrary composition and lateral shape to be built with atomic precision on pre-selected substrate locations. Most current approaches for AS-ALD are based on local inhibition (e.g. with self-assembled monolayers) or activation. However, for some applications of AS-ALD (e.g. in self-aligned fabrication) it is relevant to be able to exploit differences in chemical behavior of a pre-patterned substrate. For this reason, investigating inherent differences in nucleation on diverse substrates is of crucial importance for developing future AS-ALD processes. In this paper we are focussing on substrates of silicon and silicon-based dielectric materials (SiC, SiO2 and SiNx) used in electronics.","1944-9380","978-1-5386-5336-4","10.1109/NANO.2018.8626336","","https://ieeexplore.ieee.org/stamp/stamp.jsp?arnumber=8626336","","Surface treatment;Silicon carbide;Substrates;Silicon;Adsorption;Discrete Fourier transforms;Plasmas","","","","0","IEEE","27 Jan 2019","23-26 July 2018","23-26 July 2018","IEEE","IEEE Conferences"
"Ionic Polymer Gated WS2-Graphene Photodetectors","J. D. Mehew; S. Unal; E. T. Alonso; G. F. Jones; S. F. Ramadhar; M. F. Craciun; S. Russo","Centre for Graphene Science, University of Exeter, Exeter, UK; Centre for Graphene Science, University of Exeter, Exeter, UK; Centre for Graphene Science, University of Exeter, Exeter, UK; Centre for Graphene Science, University of Exeter, Exeter, UK; Centre for Graphene Science, University of Exeter, Exeter, UK; Centre for Graphene Science, University of Exeter, Exeter, UK; Centre for Graphene Science, University of Exeter, Exeter, UK",2018 IEEE 18th International Conference on Nanotechnology (IEEE-NANO),"27 Jan 2019","2018","","","1","1","Layer by layer assembly of two-dimensional materials enables the tailored fabrication of atomically thin electronic devices. By using different material combinations, these van der Waals heterostructures can possess novel properties not found in the constituent materials. For example, combining graphene with semiconductor materials in heterostructure photodetectors, allows the detection of light signals down to powers in the femtowatt range. Currently, the operational speed of these detectors is limited by the presence of long-lived charge traps to a few tens of Hz. In this work, we fabricate and fully characterize atomically thin graphene-WS2 heterostructure photodetectors, encapsulated in an ionic polymer. we demonstrate an internal gain exceeding 106 electrons per photon due to the high mobility graphene channel and the strong light-matter interaction of WS2. However, unique to our devices is the expansion of the operational bandwidth into the kHz range, whilst simultaneously observing responsivities as high as 106A/W. Highly mobile ions and the nanometer Debye length of the ionic polymer are used to screen charge traps and tune the Fermi level of graphene over an unprecedented range at the graphene-WS2 interface. This combination of both high responsivity and kHz bandwidth makes these photodetectors suitable for video-frame-rate imaging applications. Furthermore, to extend the spectral range into the near-infrared the use of alternative semiconductor materials to replace WS2 will also be discussed.","1944-9380","978-1-5386-5336-4","10.1109/NANO.2018.8626260","","https://ieeexplore.ieee.org/stamp/stamp.jsp?arnumber=8626260","","Photodetectors;Graphene;Polymers;Semiconductor materials;Bandwidth;Logic gates;Fabrication","","","","2","IEEE","27 Jan 2019","23-26 July 2018","23-26 July 2018","IEEE","IEEE Conferences"
"Irradiation Induced Phase Transition of Single V2O5Nanowire under in situ TEM Tensile Testing","Y. Yang; M. Liu; Y. Cui; T. Li; Y. Wang","University of Chinese Academy of Sciences, Beijing, CHINA; University of Chinese Academy of Sciences, Beijing, CHINA; University of Chinese Academy of Sciences, Beijing, CHINA; University of Chinese Academy of Sciences, Beijing, CHINA; University of Chinese Academy of Sciences, Beijing, CHINA",2018 IEEE 18th International Conference on Nanotechnology (IEEE-NANO),"27 Jan 2019","2018","","","1","4","A phase change from alpha-V2O5to VO occurs in a single V2O5nanowire under high-flux electron beam irradiation in transmission electron microscopy (TEM). Based on a MEMS/TEM tensile system, the strength of the nanowire after phase change is investigated in situ TEM. Tensile fracture is located in the phase change position, indicating that the phase change reduced the strength of the material.","1944-9380","978-1-5386-5336-4","10.1109/NANO.2018.8626381","","https://ieeexplore.ieee.org/stamp/stamp.jsp?arnumber=8626381","irradiation;phase transition;V2O5;in situ TEM","Radiation effects;Electron beams;Vanadium;Nanoscale devices;Testing;Micromechanical devices;Mechanical factors","","","","18","IEEE","27 Jan 2019","23-26 July 2018","23-26 July 2018","IEEE","IEEE Conferences"
"Junction Tuning by Ferroelectric Switching in Silicon Nanowire Schottky-Barrier Field Effect Transistors","V. Sessi; H. Mulaosmanovic; R. Hentschel; S. Pregl; T. Mikolajick; W. M. Weber","Center for Advancing Electronics Dresden, Dresden, Germany; Namlab gGmbH, Dresden, Germany; Namlab gGmbH, Dresden, Germany; Namlab gGmbH, Dresden, Germany; Center for Advancing Electronics Dresden, Dresden, Germany; Center for Advancing Electronics Dresden, Dresden, Germany",2018 IEEE 18th International Conference on Nanotechnology (IEEE-NANO),"27 Jan 2019","2018","","","1","4","We report on a novel silicon nanowire-based field effect transistor with integrated ferroelectric gate oxide. The concept allows tuning the carrier transport in a non-volatile approach by switching the polarization in the ferroelectric layer close to the source Schottky-junction. We interpret the results in terms of tuning the transmissibility of the Schottky-junction for charge carriers. The experimental results provide a first step towards the integration of memory-in-logic concepts with reconfigurable nanowire transistors.","1944-9380","978-1-5386-5336-4","10.1109/NANO.2018.8626257","","https://ieeexplore.ieee.org/stamp/stamp.jsp?arnumber=8626257","","Logic gates;Field effect transistors;Silicon;Hafnium compounds;Junctions;Tuning;Rapid thermal annealing","","10","","17","IEEE","27 Jan 2019","23-26 July 2018","23-26 July 2018","IEEE","IEEE Conferences"
"Label-free Biomolecular Sensing by SERS on Nanoporous Gold Nanoparticle Arrays","W. -C. Shih; F. Zhao; M. Arnob","Department of Electrical and Computer Engineering, University of Houston, Houston, TX, USA; Department of Electrical and Computer Engineering, University of Houston, Houston, TX, USA; Department of Electrical and Computer Engineering, University of Houston, Houston, TX, USA",2018 IEEE 18th International Conference on Nanotechnology (IEEE-NANO),"27 Jan 2019","2018","","","1","4","We review our recent progress in surface-enhanced Raman scattering (SERS) biomolecular sensing on substrate-bound nanoporous gold (NPG) nanoparticles arrays which feature large surface area, tunable plasmonics, and high-density localization of enhanced electric field. This type of SERS substrate has been shown to provide superior performance in terms of ultrahigh sensitivity and reliable specificity for robust detection.","1944-9380","978-1-5386-5336-4","10.1109/NANO.2018.8626233","","https://ieeexplore.ieee.org/stamp/stamp.jsp?arnumber=8626233","nanoporous gold disks/nanoparticles;surface-enhanced Raman scattering;SERS;vibrational spectroscopy;plasmonics;biosensing","Nanoparticles;Substrates;Plasmons;Gold;Probes;Sensors;Raman scattering","","3","","17","IEEE","27 Jan 2019","23-26 July 2018","23-26 July 2018","IEEE","IEEE Conferences"
"Large Scale and Flexile Triboelectric Nanogenerator Based On Roll-to-roll UV Embossing Fabrication","M. Sun; H. Liu; T. Chen; Z. Yang; L. Sun","School of Mechanical and Electric Engineering, Soochow University, Suzhou, China; School of Mechanical and Electric Engineering, Soochow University, Suzhou, China; School of Mechanical and Electric Engineering, Soochow University, Suzhou, China; School of Mechanical and Electric Engineering, Soochow University, Suzhou, China; School of Mechanical and Electric Engineering, Soochow University, Suzhou, China",2018 IEEE 18th International Conference on Nanotechnology (IEEE-NANO),"27 Jan 2019","2018","","","1","4","Harvesting energy from ambient mechanical motions is an effective and feasible method for solving limitations of conventional batteries. In this article, a highperformance large-scale and flexible triboelectric nanogenerator (TENG) for harvesting ambient mechanical energy is demonstrated. It has many advantages, such as easy scalability, good flexibility, high performance and low cost. The TENG works at cycled contact-separation mode between polyethylene terephthalate (PET) and Cu film. The performance is remarkably improved by patterning microstructures on PET film. Power density of the TENG can reach to 0.47 mW/cm3. The power obtained from the TENG is capable of lighting up as many as 105 LEDs instantaneously.","1944-9380","978-1-5386-5336-4","10.1109/NANO.2018.8626319","","https://ieeexplore.ieee.org/stamp/stamp.jsp?arnumber=8626319","","Microstructure;Embossing;Fabrication;Substrates;Force;Resistors;Probes","","","","11","IEEE","27 Jan 2019","23-26 July 2018","23-26 July 2018","IEEE","IEEE Conferences"
"Femtosecond laser and reactive ion etching based treatments for nanoscale surface texturing of porous silicon carbide","A. Notargiacomo; L. Laghi; A. Rinaldi; H. M⊘ller; K. K. Hansen; R. Araneo; M. Pea; L. Di Gaspare; M. De Seta; A. Bellucci; M. Girolami; S. Orlando; D. M. Trucchi","Institute for Photonics and Nanotechnology - CNR, Rome, Italy; Certimac SCARL, Faenza, Italy; ENEA, C.R. Casaccia, Santa Maria di Galeria, Rome, Italy; LIQTECH INTERNATIONAL A/S, Ballerup, Denmark; LIQTECH INTERNATIONAL A/S, Ballerup, Denmark; Department of Electrical Engineering, University of Rome La Sapienza, Rome, Italy; Institute for Photonics and Nanotechnology - CNR, Rome, Italy; Department of Science, Roma TRE University, Rome, Italy; Department of Science, Roma TRE University, Rome, Italy; Istituto di Struttura della Materia ISM-CNR, DiaTHEMA Lab, Rome, Italy; Istituto di Struttura della Materia ISM-CNR, DiaTHEMA Lab, Rome, Italy; Istituto di Struttura della Materia ISM-CNR, DiaTHEMA Lab, Rome, Italy; Istituto di Struttura della Materia ISM-CNR, DiaTHEMA Lab, Rome, Italy",2018 IEEE 18th International Conference on Nanotechnology (IEEE-NANO),"27 Jan 2019","2018","","","1","4","With the aim of tuning the optical properties of SiC selective solar absorbers, we investigate the surface micro/nano-texturing of porous silicon carbide by using two approaches, namely i) the femtosecond laser treatment and ii) the fluorine based reactive ion etching. It is found that both the techniques are capable of inducing significant surface morphology modification inducing a substantial roughening. The surface features produced are found to be tunable by tailoring the main process parameters, i.e. translation speed and pulse repetition rate for laser treatment, and RF-power, gas pressure and gas mixture for the reactive ion etching process.","1944-9380","978-1-5386-5336-4","10.1109/NANO.2018.8626393","","https://ieeexplore.ieee.org/stamp/stamp.jsp?arnumber=8626393","","Silicon carbide;Surface morphology;Optical surface waves;Ultrafast optics;Etching;Ions","","2","","10","IEEE","27 Jan 2019","23-26 July 2018","23-26 July 2018","IEEE","IEEE Conferences"
"Lightweight Refresh Method for PCM-based Neuromorphic Circuits","M. Ito; M. Ishii; A. Okazaki; S. Kim; J. Okazawa; A. Nomura; K. Hosokawa; W. Haensch","IBM Research - Tokyo, Tokyo, Japan; IBM Research - Tokyo, Tokyo, Japan; IBM Research - Tokyo, Tokyo, Japan; IBM Research - Tokyo, Tokyo, Japan; IBM Research - Tokyo, Tokyo, Japan; IBM Research - Tokyo, Tokyo, Japan; IBM Research - Tokyo, Tokyo, Japan; IBM Research, NY, USA",2018 IEEE 18th International Conference on Nanotechnology (IEEE-NANO),"27 Jan 2019","2018","","","1","4","Phase change memory (PCM) is being explored as a synaptic nanodevice for scalable and low-power neuromorphic circuits. We present a novel and lightweight method to refresh PCM cells after they saturate at their maximum conductance during the learning process. Our learning system is an event-based Restricted Boltzmann Machine with Spike Time Dependent Plasticity update rule using a modified contrastive divergence algorithm. By using our event-based neuromorphic circuit simulator and the MNIST handwritten digit dataset, we show that our refresh method reduces power consumption by decreasing the number of SET and RESET programming pulses while maintaining high learning accuracy.","1944-9380","978-1-5386-5336-4","10.1109/NANO.2018.8626327","","https://ieeexplore.ieee.org/stamp/stamp.jsp?arnumber=8626327","","Neurons;Phase change materials;Synapses;Neuromorphics;Integrated circuit modeling;Timing;Power demand","","7","","4","IEEE","27 Jan 2019","23-26 July 2018","23-26 July 2018","IEEE","IEEE Conferences"
"Low Cost Electrodes Cell in Capacitively Coupled Contactless Conductivity Detector for microfluidic Chemical Analysis","X. Cao; Y. Wang; A. Hogan; P. Vazquez; W. Messina; E. Moore","Life Science Interface Group, University College Cork, Cork, Ireland; Life Science Interface Group, University College Cork, Cork, Ireland; Life Science Interface Group, University College Cork, Cork, Ireland; Life Science Interface Group, University College Cork, Cork, Ireland; Life Science Interface Group, University College Cork, Cork, Ireland; Life Science Interface Group, University College Cork, Cork, Ireland",2018 IEEE 18th International Conference on Nanotechnology (IEEE-NANO),"27 Jan 2019","2018","","","1","4","In this paper, a low cost electrodes cell for capacitively coupled contactless conductivity detector (C4D) is studied. The electrodes cells were fabricated by printed circus board (PCB) photolithography, and coupled with polydimethylsiloxane (PDMS) microchips. Potassium (K+) and sodium (Na+) were separated and detected in this system. Experiments were carried out based on different parameters and designs. Parameters including frequency (75, 150, and 300 kHz), voltage (-12 and -6 dB of full output voltage), gain (50%, 75% and 100%), ADC (16.66, 19.80 and 34.15 Hz), and filter (medium, fast and off) were set up on the detector before each run. Electrodes width was tested using PCB electrodes cells with 0.7 and 1 mm widths. Microchip channel length was tested with 35 and 40 mm channels. These lengths were achieved by moving the microchip on top of the electrodes cell. Microchip channel width was tested using microchips with 100, 75 and 50 μm width channels. The electrodes cells performed very robust detection ability, with flat and stable baseline, and satisfied signal-to-noise ratio (SNR).","1944-9380","978-1-5386-5336-4","10.1109/NANO.2018.8626404","","https://ieeexplore.ieee.org/stamp/stamp.jsp?arnumber=8626404","","Electrodes;Signal to noise ratio;Integrated circuits;Gain;Detectors;Conductivity;Reservoirs","","","","13","IEEE","27 Jan 2019","23-26 July 2018","23-26 July 2018","IEEE","IEEE Conferences"
"Machine Learning Bandgaps of Inorganic Mixed Halide Perovskites","J. Stanley; A. Gagliardi","Department of Electrical and Computer Engineering, Technical University of Munich, Munich, Germany; Department of Electrical and Computer Engineering, Technical University of Munich, Munich, Germany",2018 IEEE 18th International Conference on Nanotechnology (IEEE-NANO),"27 Jan 2019","2018","","","1","4","The identification of suitable lead-free perovskites is crucial for their envisioned applications in photovoltaics. Efficient and accurate vetting of these compounds for a range of properties has recently been accomplished in high-throughput studies by use of statistical learning methods. Here we demonstrate how one such property, the fundamental bandgap, can be predicted for a family of inorganic mixed halide perovskites using fingerprints based solely on the atomic arrangement of the unit cell. Important trends and experimentally accessible factors controlling this property are thereby illuminated in a chemically intuitive manner.","1944-9380","978-1-5386-5336-4","10.1109/NANO.2018.8626420","","https://ieeexplore.ieee.org/stamp/stamp.jsp?arnumber=8626420","","Photonic band gap;Compounds;Discrete Fourier transforms;Atomic measurements;Databases;Photovoltaic systems","","2","","11","IEEE","27 Jan 2019","23-26 July 2018","23-26 July 2018","IEEE","IEEE Conferences"
"Magnetic Properties of Fe/Topological Insulator/Fe Multilayer Films and Nano-columns","F. Alottebi; P. Seck; S. P. Karna; D. Seifu","Department of Physics & Engineering Physics, Morgan State University, Baltimore, MD, USA; Department of Physics & Engineering Physics, Morgan State University, Baltimore, MD, USA; Weapons & Materials Research Directorate, Army Research Laboratory, MD, USA; Department of Physics & Engineering Physics, Morgan State University, Baltimore, MD, USA",2018 IEEE 18th International Conference on Nanotechnology (IEEE-NANO),"27 Jan 2019","2018","","","1","2","Tri-layer thin films of Ferromagnet (FM)/ Topological Insulator (TI) /Ferromagnet (FM) were synthesized using magnetron DC/ RF sputtering with Bi2Te3 and Bi2Se3 topological insulators as middle buffer layers. The multi-layered samples thus produced was studied using in-house built magneto-optic Kerr effect (MOKE) instrument, vibrating sample magnetometer (VSM), torque magnetometer (TMM), atomic and magnetic force microscopy (AFM / MFM), and ferromagnetic resonance (FMR). This system, that is FM/Insulator/FM on MgO (100) substrates, is a tunnel magneto resistance (TMR) structure often used in magnetic tunnel junction (MTJ) devices. The Fe layer and MgO substrate makes the Fe film act like a free standing Fe monolayer weak interaction between the Fe layer and MgO substrate makes the Fe film act like a free-standing layer, with enhanced magnetic moment [1], [2]. TMR effect is a method by which MTJs are used in developing magneto-resistive random access memory (MRAM), magnetic sensors, and novel logic devices. The main purpose behind this research is to measure the magnetic symmetry of Fe/TI/Fe structure and compare and contrast with the magnetic symmetry of multilayer films and nano-columns. In this presentation, we will present results from MOKE, VSM, TMM, AFM/MFM and FMR studies of Fe/TI/Fe.","1944-9380","978-1-5386-5336-4","10.1109/NANO.2018.8626234","","https://ieeexplore.ieee.org/stamp/stamp.jsp?arnumber=8626234","","Magnetic tunneling;Iron;Substrates;Magnetic multilayers;Magnetic resonance;Magnetometers;Insulators","","","","6","IEEE","27 Jan 2019","23-26 July 2018","23-26 July 2018","IEEE","IEEE Conferences"
"Materials for on-chip Energy Storage","W. Weinreich; C. Mart; S. Zybell; S. Bönhardt; M. Czernohorsky; K. Kühnel; A. M. Kia","Fraunhofer Institute for Photonic Microsystems (IPMS), Center Nanoelectronic Technologies (CNT), Dresden, Germany; Fraunhofer Institute for Photonic Microsystems (IPMS), Center Nanoelectronic Technologies (CNT), Dresden, Germany; Fraunhofer Institute for Photonic Microsystems (IPMS), Center Nanoelectronic Technologies (CNT), Dresden, Germany; Fraunhofer Institute for Photonic Microsystems (IPMS), Center Nanoelectronic Technologies (CNT), Dresden, Germany; Fraunhofer Institute for Photonic Microsystems (IPMS), Center Nanoelectronic Technologies (CNT), Dresden, Germany; Fraunhofer Institute for Photonic Microsystems (IPMS), Center Nanoelectronic Technologies (CNT), Dresden, Germany; Fraunhofer Institute for Photonic Microsystems (IPMS), Center Nanoelectronic Technologies (CNT), Dresden, Germany",2018 IEEE 18th International Conference on Nanotechnology (IEEE-NANO),"27 Jan 2019","2018","","","1","2","Future miniaturized smart sensor systems rely on a stable and continuous energy supply of appropriate size. The Energy Devices group at Fraunhofer IPMS-CNT focuses on energy-efficient storage solutions, non-volatile data storage and MEMS sensors based on 300 mm wafers for volume production. In this paper, our current efforts in the field of Nanostorage Technologies including silicon integrated high-density capacitors, and microsized all-solid-state Li-ion batteries are discussed.","1944-9380","978-1-5386-5336-4","10.1109/NANO.2018.8626372","","https://ieeexplore.ieee.org/stamp/stamp.jsp?arnumber=8626372","","Silicon;Capacitors;Atomic layer deposition;Substrates;System-on-chip;Batteries","","","","4","IEEE","27 Jan 2019","23-26 July 2018","23-26 July 2018","IEEE","IEEE Conferences"
"Metamaterial-Based Label-Free Chemical Sensors for the Detection of Volatile Organic Solutions","Y. -S. Lin; R. Xu; K. Yan; J. Sha; W. Chen; J. Luo; X. Liu; S. Yang; D. Yao; J. Zhong; S. Liao; Y. Yu; Z. Xu; Y. Tong","State Key Laboratory of Optoelectronic Materials and Technologies, Sun Yat-Sen University, Guangzhou, China; State Key Laboratory of Optoelectronic Materials and Technologies, Sun Yat-Sen University, Guangzhou, China; State Key Laboratory of Optoelectronic Materials and Technologies, Sun Yat-Sen University, Guangzhou, China; State Key Laboratory of Optoelectronic Materials and Technologies, Sun Yat-Sen University, Guangzhou, China; State Key Laboratory of Optoelectronic Materials and Technologies, Sun Yat-Sen University, Guangzhou, China; State Key Laboratory of Optoelectronic Materials and Technologies, Sun Yat-Sen University, Guangzhou, China; State Key Laboratory of Optoelectronic Materials and Technologies, Sun Yat-Sen University, Guangzhou, China; State Key Laboratory of Optoelectronic Materials and Technologies, Sun Yat-Sen University, Guangzhou, China; State Key Laboratory of Optoelectronic Materials and Technologies, Sun Yat-Sen University, Guangzhou, China; State Key Laboratory of Optoelectronic Materials and Technologies, Sun Yat-Sen University, Guangzhou, China; State Key Laboratory of Optoelectronic Materials and Technologies, Sun Yat-Sen University, Guangzhou, China; State Key Laboratory of Optoelectronic Materials and Technologies, Sun Yat-Sen University, Guangzhou, China; State Key Laboratory of Optoelectronic Materials and Technologies, Sun Yat-Sen University, Guangzhou, China; State Key Laboratory of Optoelectronic Materials and Technologies, Sun Yat-Sen University, Guangzhou, China",2018 IEEE 18th International Conference on Nanotechnology (IEEE-NANO),"27 Jan 2019","2018","","","1","3","Three metamaterials-based label-free chemical sensors for volatile organic solutions sensing are demonstrated. They are complementary circle metamaterial (CCM), complementary square metamaterial (CSM), and complementary U-shape metamaterial (CUM) compared to fill without and with various kinds of volatile organic solutions. The sensitivities of devices are 274.37 nm/RIU, 684.21 nm/RIU, 727.27 nm/RIU for CCM, CSM, and CUM, respectively. The figure-of-merit of CUM can be enhanced 3.36-fold and 1.28-fold compared to that of CCM and CSM, respectively. This sensing approach can successfully recognize inorganic and organic solutions for chemical sensors in mid-IR wavelength range.","1944-9380","978-1-5386-5336-4","10.1109/NANO.2018.8626254","","https://ieeexplore.ieee.org/stamp/stamp.jsp?arnumber=8626254","","Metamaterials;Sensors;Magnetic materials;Chemicals;Sensitivity;Microfluidics;Ethanol","","","","18","IEEE","27 Jan 2019","23-26 July 2018","23-26 July 2018","IEEE","IEEE Conferences"
"Methods and Experimental Research of Eliminating the Pulse of Piezoelectric Micro-fluidic System","L. Lin; X. Wu; W. He; L. Chen","Robotics and Microsystems Center, Soochow University, Soochow, China; Robotics and Microsystems Center, Soochow University, Soochow, China; Robotics and Microsystems Center, Soochow University, Soochow, China; Robotics and Microsystems Center, Soochow University, Soochow, China",2018 IEEE 18th International Conference on Nanotechnology (IEEE-NANO),"27 Jan 2019","2018","","","1","4","Aiming at the problem of the accuracy and stability of liquid delivery affected by the inherent pulsation of piezoelectric micro-fluidic system, this paper starts with the design of piezoelectric waveform modificaiton and microflow stabilizer. First, the jump points of actuating square wave is modified, and the microflow stabilizer composed of a fluid cavities and micro-channel is designed. The two methods are combined with COMSOL software for finite element analysis. Experiments were conducted to verify the performance of the methods, the results show that this methods studied in this paper can effectively restrain the pulsation of the piezoelectric micro-fluid system, thus ensuring the stable output of the flow.","1944-9380","978-1-5386-5336-4","10.1109/NANO.2018.8626243","","https://ieeexplore.ieee.org/stamp/stamp.jsp?arnumber=8626243","","Microfluidics;Fluids;Pumps;Finite element analysis;Voltage control;Cavity resonators;Glass","","1","","7","IEEE","27 Jan 2019","23-26 July 2018","23-26 July 2018","IEEE","IEEE Conferences"
"Micromagnetic Simulation of Spin-Orbit Torque Induced Ultrafast Switching of In-Plane Magnetization","Z. Li; Z. Wang; Y. Liu; W. Zhao","Fert Beijing Research Institute, Beihang University, Beijing, China; Fert Beijing Research Institute, Beihang University, Beijing, China; Beihang University, Beijing, CN; Beihana-Geortek Joint Microelectronics Institute, Beihang University",2018 IEEE 18th International Conference on Nanotechnology (IEEE-NANO),"27 Jan 2019","2018","","","1","4","In this paper, through micromagnetic simulation, we found that the in-plane magnetization can be ultrafast and reliably switched by two methods. First, enhancing the field-like torque can eliminate the incubation delay to accelerate the magnetization switching. Second, tilting the easy-axis can strengthen the initial spin torque to decrease the switching delay. These two switching mechanisms were analyzed based on micromagnetic simulation results.","1944-9380","978-1-5386-5336-4","10.1109/NANO.2018.8626252","","https://ieeexplore.ieee.org/stamp/stamp.jsp?arnumber=8626252","","Switches;Magnetization;Torque;Micromagnetics;Magnetic tunneling;Current density;Delays","","3","1","15","IEEE","27 Jan 2019","23-26 July 2018","23-26 July 2018","IEEE","IEEE Conferences"
"Micromirror Angle Dependence with Etchant Choice on <100> Silicon Via Wet Etching","M. Al-Hafidh; R. Wilson; A. Glidle; J. Reboud; A. Kelly; J. M. Cooper","Biomedical Engineering, University of Glasgow, Glasgow, UK; Biomedical Engineering, University of Glasgow, Glasgow, UK; Biomedical Engineering, University of Glasgow, Glasgow, UK; Biomedical Engineering, University of Glasgow, Glasgow, UK; Electronic and Nanoscale Engineering, University of Glasgow, Glasgow, UK; Biomedical Engineering, University of Glasgow, Glasgow, UK",2018 IEEE 18th International Conference on Nanotechnology (IEEE-NANO),"27 Jan 2019","2018","","","1","4","In creating mirrored silicon structures for micro-optics, the smoothness of the surface and etch rate are crucial parameters. We demonstrate a method of creating both 45° and 90° etch-planes from monocrystalline silicon for use as retro-reflective sidewalls in a microfluidic device. The technique uses the same photolithographic pattern orientation, but with two different etchants. Etching on <;100> direction in Si(100) with potassium hydroxide (KOH) gives vertical surfaces (where e.g. the high surface tension influences etching of crystallographic silicon planes), whilst tetramethylammonium hydroxide (TMAH) gives 45° sidewalls. We illustrate the use of these fabricated structures by creating arrays of micromirrors that enable an optical beam to be reflected parallel back and forth from 45° and -45° tilted vertical structures. This device has potential uses in optofluidic spectroscopic applications, where there is a need to increase the effective pathlength of a beam through a sample whilst keeping the device as small as possible.","1944-9380","978-1-5386-5336-4","10.1109/NANO.2018.8626355","","https://ieeexplore.ieee.org/stamp/stamp.jsp?arnumber=8626355","","Etching;Silicon;Micromirrors;Surface tension;Micromachining;Cavity resonators","","","","21","IEEE","27 Jan 2019","23-26 July 2018","23-26 July 2018","IEEE","IEEE Conferences"
"Microwave Aided Synthesis of Colloidal Nickel Nanocrystals for Memory Device Application","M. Yadav; R. V. Ravi Shankar; R. Sharma","Department of Electrical Engineering, Indian Institute of Technology Ropar, Rupnagar, PB, India; Department of Space, Govt. of India, S.A.S Nagar, PB, India; Department of Electrical Engineering, Indian Institute of Technology Ropar, Rupnagar, PB, India",2018 IEEE 18th International Conference on Nanotechnology (IEEE-NANO),"27 Jan 2019","2018","","","1","4","Microwave assisted synthesis of colloidal Nickel nanocrystals is considered as an efficient technique to control particle size and their uniformity. This method is suitable for large-scale synthesis of the nanocrystals, which can have significant applications in memory devices. In this paper, we report microwave-assisted synthesis of colloidal nickel nanocrystals with an average size distribution of 5 nm. Colloidal nickel nanocrystals are spin coated over silicon dioxide wafer to understand the spin coating process reliability for memory device fabrication. Spin coated wafer surface is studied using atomic force microscopy and energy dispersive X-ray characterization methods. The synthesized nanocrystals are used for fabrication of non-volatile memory devices using spin coating process. We also present the process flow for fabrication and capacitance-voltage (C-V) characteristics of the fabricated device. Our results show significant flat band voltage shift of 4 V that indicates an excellent memory window for memory device.","1944-9380","978-1-5386-5336-4","10.1109/NANO.2018.8626246","","https://ieeexplore.ieee.org/stamp/stamp.jsp?arnumber=8626246","","Nanocrystals;Nickel;Nonvolatile memory;Fabrication;Microwave theory and techniques;Coatings;Silicon","","1","","19","IEEE","27 Jan 2019","23-26 July 2018","23-26 July 2018","IEEE","IEEE Conferences"
"Modeling of a Stacked Gated Nanofluidic Channel","S. Kim; J. A. Weldon","Department of Electrical & Computer Engineering, Carnegie Mellon University, Pittsburgh, Pennsylvania, USA; Department of Electrical Engineering, University of Hawai'i, Honolulu, HI, USA",2018 IEEE 18th International Conference on Nanotechnology (IEEE-NANO),"27 Jan 2019","2018","","","1","4","The objective of this work is to model and simulate molecule transport in a novel AND nanofluidic logic gate. A nanochannel was placed between two reservoirs with asymmetric target molecule concentration, controlled by independent electrical gates at both openings. When the dimension of the fluidic channel was comparable to the thickness of the electrical double layer (EDL), the potential generated by gating became significant, which allowed for control of charged molecule diffusion through the nanochannel modulated by electrostatic repulsion and attraction. Using two independent gates, the simulations show that the stacked gate structure implemented a nanofluidic AND logic gate for the charged molecule transport. The gated nanochannel structures were modeled in the finite element software (COMSOL Multiphysics).","1944-9380","978-1-5386-5336-4","10.1109/NANO.2018.8626324","","https://ieeexplore.ieee.org/stamp/stamp.jsp?arnumber=8626324","","Logic gates;Electrodes;Surface charging;Electric potential;Biomembranes;Mathematical model;Reservoirs","","","","11","IEEE","27 Jan 2019","23-26 July 2018","23-26 July 2018","IEEE","IEEE Conferences"
"Monolithic Integration of III-V on Si Applied to Lasing Micro-Cavities: Insights from STEM and EDX","M. Sousa; S. Mauthe; B. Mayer; S. Wirths; H. Schmid; K. E. Moselund","IBM Research Zurich, Rueschlikon, Switzerland; IBM Research Zurich, Rueschlikon, Switzerland; MPI Munich, Germany and ABB Corporate Research, Baden, Switzerland; MPI Munich, Germany and ABB Corporate Research, Baden, Switzerland; IBM Research Zurich, Rueschlikon, Switzerland; IBM Research Zurich, Rueschlikon, Switzerland",2018 IEEE 18th International Conference on Nanotechnology (IEEE-NANO),"27 Jan 2019","2018","","","1","4","Due to their high mobility and direct band gap, III-V materials promise good prospects of obtaining novel, high-performance devices for electronic and photonic applications. In this paper, two variants of the established Template Assisted Selective Epitaxy (TASE) technique [2]-[4] are explored to study the structural quality of GaAs and InGaAs microcavities monolithically integrated on Si (001). The first variant involves a one-step direct cavity growth (DCG), while the second relies on a two-step virtual substrate (VS) growth approach. The cavities obtained were investigated by Scanning Transmission Electron Microscopy (STEM) and Energy Dispersive X-Ray Spectroscopy (EDX); the findings have been correlated with the photoluminescence properties of the cavities. Both approaches enable monolithic integration of GaAs crystalline material in predefined oxide microcavities. In some cases, they allow the III-V materials to be grown as a single gain and do not lead to noticeable structural defects. InGaAs disks and ring cavities grown using the VS approach have also been investigated. Despite the presence of planar defects and rough surfaces, lasing could be achieved at low temperature.","1944-9380","978-1-5386-5336-4","10.1109/NANO.2018.8626223","","https://ieeexplore.ieee.org/stamp/stamp.jsp?arnumber=8626223","","Cavity resonators;Silicon;Lasers;Gallium arsenide;Indium gallium arsenide;Substrates;Rough surfaces","","","","8","IEEE","27 Jan 2019","23-26 July 2018","23-26 July 2018","IEEE","IEEE Conferences"
"Motion of Magnetic Nanofluids in an External Magnetic Field in Media of Different Viscosity","J. Fusenig; H. Scherer; T. Roth; H. Hupe; M. Schneider","Trier University of Applied Sciences, Trier, Engineering and Technology, Trier; Trier University of Applied Sciences, Trier, Engineering and Technology, Trier; Trier University of Applied Sciences, Trier, Engineering and Technology, Trier; Trier University of Applied Sciences, Trier, Engineering and Technology, Trier; Saarland University, Biopharmaceutics and Pharmaceutical Technology, Saarbrücken",2018 IEEE 18th International Conference on Nanotechnology (IEEE-NANO),"27 Jan 2019","2018","","","1","4","First we describe the characterization of magnetic nanofluids (MNF) accessing transmission electron microscopy, image processing, dynamic light scattering and UV/Vis spectroscopy. The magnetic properties of the fluids are determined by a comparison between force measurements and numerical calculations. In the second part a water cooled slotless field-generating device is developed to investigate the movement of MNF samples through various media of different viscosity. High speed recording is used to detect varying concentrations of MNF through differences in brightness and in grayscale.","1944-9380","978-1-5386-5336-4","10.1109/NANO.2018.8626350","","https://ieeexplore.ieee.org/stamp/stamp.jsp?arnumber=8626350","magnetic nanoparticles;drug delivery;nano carrier;moving magnetic field;particle velocity","Magnetic fields;Magnetic cores;Gray-scale;Magnetic field measurement;Magnetic recording;Viscosity;Atmospheric measurements","","","","7","IEEE","27 Jan 2019","23-26 July 2018","23-26 July 2018","IEEE","IEEE Conferences"
"Multiscale Modeling of Doped Ceria and its Interfaces","G. W. Watson; A. K. Lucid","School of Chemistry and CRANN, Trinity College Dublin, Dublin, Ireland; School of Chemistry and CRANN, Trinity College Dublin, Dublin, Ireland",2018 IEEE 18th International Conference on Nanotechnology (IEEE-NANO),"27 Jan 2019","2018","","","1","2","Ceria (CeO2) doped with trivalent cations has been shown to be a technologically important material for use as solid electrolytes in solid oxide fuel cells and electrolysis cells. To fully understand and optimize these materials for use it is necessary to elucidate their behavior on an atomic scale. In this work, we perform both density functional theory and force field based molecular dynamics simulations of bulk and interfaces in doped CeO2.","1944-9380","978-1-5386-5336-4","10.1109/NANO.2018.8626249","","https://ieeexplore.ieee.org/stamp/stamp.jsp?arnumber=8626249","","Ions;Grain boundaries;Force;Conductivity;Solids;Semiconductor process modeling;Discrete Fourier transforms","","","","7","IEEE","27 Jan 2019","23-26 July 2018","23-26 July 2018","IEEE","IEEE Conferences"
"Multiscale simulation of nanostructured devices","F. Sacconi; M. A. der Maur; A. Pecchia; A. Di Carlo","Tiberlab Srl, Rome, Italy; University of Rome Tor Vergata, Rome, Italy; CNR-ISMN, Rome, Monterotondo, Italy; University of Rome Tor Vergata, Rome, Italy",2018 IEEE 18th International Conference on Nanotechnology (IEEE-NANO),"27 Jan 2019","2018","","","1","2","In recent years, much interest has been attracted by multiscale approaches in the simulation of electronic devices. In this work, we present an overview of the project TiberCAD, a software tool for design and simulation of electronic and optoelectronic nanostructured devices. Examples of applications will be provided where the combination of continuous models and models with atomistic resolution are beneficial for the correct description of device physical behavior.","1944-9380","978-1-5386-5336-4","10.1109/NANO.2018.8626274","","https://ieeexplore.ieee.org/stamp/stamp.jsp?arnumber=8626274","","Light emitting diodes;Strain;Nanoscale devices;Finite element analysis;Quantum mechanics;Optical polarization;Atomic layer deposition","","","","3","IEEE","27 Jan 2019","23-26 July 2018","23-26 July 2018","IEEE","IEEE Conferences"
"Multiscale Simulation of ReRAMs Based on the Valence Change mechanism","S. Menzel; C. Funck; C. L. Torre; A. Marchewka","Forschungszentrum Jülich, Peter Grünberg Institut (PGI-7), Jülich, Germany; Institut für Werkstoffe der Elektrotechnik (IWE 2), RWTH Aachen University, Aachen, Germany; Institut für Werkstoffe der Elektrotechnik (IWE 2), RWTH Aachen University, Aachen, Germany; Institut für Werkstoffe der Elektrotechnik (IWE 2), RWTH Aachen University, Aachen, Germany",2018 IEEE 18th International Conference on Nanotechnology (IEEE-NANO),"27 Jan 2019","2018","","","1","3","Redox-based resistive switching devices based on the valence change mechanism can be switched between different resistance states by applying appropriate voltage stimuli. They consists of a simple metal/insulator/metal structure and could be applied in future non-volatile memories or neuromorphic circuits. In this work simulation models for these devices are presented ranging from the atomistic scale to circuit level abstractions. Atomistic models using density functional theory and the non-equilibrium Green's function formalism are applied to understand the conduction process in Pt/SrTiO3/Nb:SrTiO3 VCM devices. The results of the atomistic simulations are consistent with the simulation results using a continuum model based on single-band transport theory. The continuum model is further used to simulate switching dynamics of VCM devices, showing that the metal/insulator interfaces have a strong impact on the switching behavior. Finally, a compact model is presented that reduces the complexity of the lower level models.","1944-9380","978-1-5386-5336-4","10.1109/NANO.2018.8626306","","https://ieeexplore.ieee.org/stamp/stamp.jsp?arnumber=8626306","","Switches;Integrated circuit modeling;Mathematical model;Semiconductor process modeling;Electrodes;Metals;Numerical models","","","","8","IEEE","27 Jan 2019","23-26 July 2018","23-26 July 2018","IEEE","IEEE Conferences"
"Nanogenerators based on piezoelectric GaN nanowires grown by PA-MBE and MOCVD","L. Lu; N. Jamond; J. Eymerv; E. Lefeuvre; L. Mancini; L. Larzeau; A. Madouri; O. Saket; N. Gogneau; F. H. Julien; M. Tchernycheva","Centre de Nanosciences et de Nanotechnologies(C2N), University Paris-Saclay, Orsay, France; Centre de Nanosciences et de Nanotechnologies(C2N), University Paris-Saclay, Orsay, France; Univ. Grenoble Alpes, Grenoble, France; Centre de Nanosciences et de Nanotechnologies(C2N), University Paris-Saclay, Orsay, France; Centre de Nanosciences et de Nanotechnologies(C2N), University Paris-Saclay, Orsay, France; Centre de Nanosciences et de Nanotechnologies(C2N), University Paris-Saclay, Orsay, France; Centre de Nanosciences et de Nanotechnologies(C2N), University Paris-Saclay, Orsay, France; Centre de Nanosciences et de Nanotechnologies(C2N), University Paris-Saclay, Orsay, France; Centre de Nanosciences et de Nanotechnologies(C2N), University Paris-Saclay, Orsay, France; Centre de Nanosciences et de Nanotechnologies(C2N), University Paris-Saclay, Orsay, France; Centre de Nanosciences et de Nanotechnologies(C2N), University Paris-Saclay, Orsay, France",2018 IEEE 18th International Conference on Nanotechnology (IEEE-NANO),"27 Jan 2019","2018","","","1","2","In this work, we fabricate and characterize piezogenerators based on GaN nanowire (NW) arrays. We integrate GaN NWs grown by either Plasma Assisted Molecular Beam Epitaxy (PA-MBE) or Metal Organic Chemical Vapor Deposition (MOCVD) techniques into a polymeric matrix to explore piezogeneration of rigid and flexible devices. Both types of devices show high sensitivity to external forces and mechanical robustness. With an enhanced mechanic-electrical conversion efficiency, these devices are good candidates for energy harvesting and force sensing applications.","1944-9380","978-1-5386-5336-4","10.1109/NANO.2018.8626416","","https://ieeexplore.ieee.org/stamp/stamp.jsp?arnumber=8626416","","Gallium nitride;Nanowires;Generators;Force;Strain;MOCVD;Substrates","","","","5","IEEE","27 Jan 2019","23-26 July 2018","23-26 July 2018","IEEE","IEEE Conferences"
"Nano-Mechanical Probing of Threding Dislocation in Ge-on-Si Films","G. Dushaq; A. Nayfelr; M. Rasras","Engineering Division, New York University, Abu Dhabi, UAE; Electrical Engineering and computer Science Department, Masdar Institute, Abu Dhabi, UAE; Engineering Division, New York University, Abu Dhabi, UAE",2018 IEEE 18th International Conference on Nanotechnology (IEEE-NANO),"27 Jan 2019","2018","","","1","4","In this work, we present a direct growth mechanism of thin Ge-on-Si films at low temperature using RF-PECVD. Nonoindentation is used as depth sensing technique to reveal the film residual stress and threading dislocation density (TDD). The findings enabled us to grow a 700 nm Ge film directly on Si with TDD of ~ 1.2×106cm-2. In addition, the correlation between the nanomechanical response and the structural properties of the integrated Ge films is investigated. Results show no variation in the mechanical response of the films for 150nm and 165nm penetration depths. Moreover, the hardness data obtained at different depth exabits lower values compared to bulk Ge due to the residual stress in the film. This technique is promising for testing the mechanical reliability of Ge based nano-devices.","1944-9380","978-1-5386-5336-4","10.1109/NANO.2018.8626343","","https://ieeexplore.ieee.org/stamp/stamp.jsp?arnumber=8626343","","Films;Silicon;Germanium;Temperature measurement;Substrates;Pollution measurement;Strain","","","","16","IEEE","27 Jan 2019","23-26 July 2018","23-26 July 2018","IEEE","IEEE Conferences"
"Nanoplasmonic Enhancement of Semiconductor Quantum Emitters","X. Li; Z. -K. Zhou; Y. Yu; A. Di Falco","SUPA, University of St Andrews, UK; State Key laboratory of Optoelectronic Materials and Technologies, Sun Yat-Sen University, Guangzhou, P. R., China; State Key laboratory of Optoelectronic Materials and Technologies, Sun Yat-Sen University, Guangzhou, P. R., China; SUPA, University of St Andrews, UK",2018 IEEE 18th International Conference on Nanotechnology (IEEE-NANO),"27 Jan 2019","2018","","","1","2","Semiconductor quantum dots (QDs) are excellent candidates for single photon quantum emission applications, due to their excellent stability, narrow spectral linewidth and nanosecond scale radiative lifetime [1]. A strong advantage of this platform over competing technologies is the possibility to benefit of the accurate control of the photonic environment, offered by advanced nanophotonics fabrication techniques. For example, QDs can be embedded in nanopillars, nanowires (NWs), microdiscs or more exotic nano-structures, to enhance the efficiency of the emission [1]-[4]. Additionally, these micro- and nano-cavities can be further decorated with complex nanoplasmonic structures, to increase, optimize and ultimately control their emission properties[2]. However, most nanolithographic techniques require a number of complex fabrication steps, to align carefully the metallic features to the semiconductor geometries. This difficulty is exacerbated if the QDs are distributed randomly in a substrate. Here, we demonstrate a direct writing approach to create metallic nanostructures on semiconductor NWs, resorting to the electron-beam-induced deposition (EBID) method [5]. EBID uses focused electron beam (FEB) to reduce gas precursors injected locally in proximity of the sample. The quality of the deposited materials depends on the gas flow, temperature, the scanning speed of the FEB and its energy. This approach permits to create three-dimensional patterns with nanometric resolution and positional accuracy and does not need wet lithographic steps.","1944-9380","978-1-5386-5336-4","10.1109/NANO.2018.8626352","","https://ieeexplore.ieee.org/stamp/stamp.jsp?arnumber=8626352","Semiconductor quantum dots;nanoplasmonics;electron-beam-induced deposition","Quantum dots;Nanowires;Gratings;Photonics;Plasmons;Fabrication;Physics","","","","10","IEEE","27 Jan 2019","23-26 July 2018","23-26 July 2018","IEEE","IEEE Conferences"
"Nano-Scaled ZnO Based RRAM with Memristive Behavior Fabricated by Dual Ion Beam Sputtering","A. Kumar; M. Das; B. Mandal; R. Bhardwaj; Aaryashree; A. Kranti; S. Mukherjee","Indian Institute of Technology Indore, Indore, Madhya Pradesh, IN; Indian Institute of Technology Indore, Indore, Madhya Pradesh, IN; Indian Institute of Technology Indore, Indore, Madhya Pradesh, IN; Indian Institute of Technology Indore, Indore, Madhya Pradesh, IN; Indian Institute of Technology Indore, Indore, Madhya Pradesh, IN; Indian Institute of Technology Indore, Indore, Madhya Pradesh, IN; Indian Institute of Technology Indore, Indore, Madhya Pradesh, IN",2018 IEEE 18th International Conference on Nanotechnology (IEEE-NANO),"31 Jan 2019","2018","","","1","2","This work reports forming-free (FF) resistive switching (RS) with high endurance and retention for ZnO based thin films fabricated by dual ion beam sputtering (DIBS). Undoped and Ga-doped ZnO thin films have been used to compare the effect of doping upon RS behavior.","1944-9380","978-1-5386-5336-4","10.1109/NANO.2018.8626226","","https://ieeexplore.ieee.org/stamp/stamp.jsp?arnumber=8626226","","Zinc oxide;II-VI semiconductor materials;Switches;Sputtering;Resistance;Doping;Ions","","","","6","IEEE","31 Jan 2019","23-26 July 2018","23-26 July 2018","IEEE","IEEE Conferences"
"Nano-Substructed Periodic Gold Nanoarrays for SERS / MEF Applications","A. Gimenez; K. W. Kho; T. E. Keyes",School of chemical Sciences Dublin City University; School of chemical Sciences Dublin City University; School of chemical Sciences Dublin City University,2018 IEEE 18th International Conference on Nanotechnology (IEEE-NANO),"27 Jan 2019","2018","","","1","2","Based on the case study of listed enterprises in China's coal industry, this paper constructs the environmental performance evaluation and implementation process by the data envelopment analysis. Analyze the scale efficiency, efficiency and projection value of 17 coal enterprises, meanwhile, make a horizontal comparison of the environmental performance level among coal enterprises. This paper makes scale improvement and relaxation improvement for invalid cells, finds out the environmental risk spots and makes recommendations for improvement, consequently can guide the coal enterprises to carry out environmental performance management actively and accept public supervision.","1944-9380","978-1-5386-5336-4","10.1109/NANO.2018.8626389","","https://ieeexplore.ieee.org/stamp/stamp.jsp?arnumber=8626389","","Cavity resonators;Gold;Plasmons;Finite difference methods;Time-domain analysis;Nanostructures;Reliability","","","","2","IEEE","27 Jan 2019","23-26 July 2018","23-26 July 2018","IEEE","IEEE Conferences"
"Neuromorphic- Inspired Behaviour in Core-Shell Nanowire Networks","H. G. Manning; S. Biswas; S. Kumar; J. D. Holmes; J. J. Boland","School of Chemistry, Trinity College Dublin, Ireland; CRANN & AMBER Research Center, Dublin, Ireland; School of Chemistry, Trinity College Dublin, Ireland; CRANN & AMBER Research Center, Dublin, Ireland; School of Chemistry, Trinity College Dublin, Ireland",2018 IEEE 18th International Conference on Nanotechnology (IEEE-NANO),"27 Jan 2019","2018","","","1","2","Engineering smart-material s with emergent properties requires designing and characterizing systems with desirable behaviours. Neuromorphic (brain-like) architectures require plasticity, where the strength of the connections and the time with which they decay can be modulated based on the magnitude and the repetition of the applied stimuli. This functionality is emulated in our complex nanowire network material through electrical resistive switching. The formation of nano-sized filamentary connections between overlapping wires across the network facilitates a controllable transition from a high resistance state to one (or more) lower resistance states with corresponding memory retention times. We report on the neuromorphic inspired behaviors that emerge from networks of metal nanowires coated with TiO2 shells.","1944-9380","978-1-5386-5336-4","10.1109/NANO.2018.8626353","","https://ieeexplore.ieee.org/stamp/stamp.jsp?arnumber=8626353","","Nanobioscience;Neuromorphics;Optical switches;Nanoscale devices;Microscopy;Immune system","","1","","7","IEEE","27 Jan 2019","23-26 July 2018","23-26 July 2018","IEEE","IEEE Conferences"
"Non-Equilibrium Green Function-based Verilog-A Graphene Nanoribbon Model","Y. Jiang; N. C. Laurenciu; S. D. Cotofana","Computer Engineering Laboratory, Delft University of Technology, Netherlands; Computer Engineering Laboratory, Delft University of Technology, Netherlands; Computer Engineering Laboratory, Delft University of Technology, Netherlands",2018 IEEE 18th International Conference on Nanotechnology (IEEE-NANO),"27 Jan 2019","2018","","","1","4","Graphene, due to its wealth of remarkable electronic properties, emerged as a potent post-Si forerunner for nanoelectronics. To enable the exploration and evaluation of potential graphene-based circuit designs, we propose a fast and accurate Verilog-A physics-based model of a 5-terminal trapezoidal Quantum Point Contact (QPC) Graphene Nano-Ribbon (GNR) structure with parametrizable geometry. The proposed model computes the GNR conductance based on the Non-Equilibrium Green's Function (NEGF)-Landauer formalism, via a Simulink model called from within the Verilog-A model. Furthermore, model accuracy and versatility are demonstrated by means of Simulink assisted Cadence Spectre simulation of a simple test case GNR-based circuit and a GNR-based 2-input XOR gate.","1944-9380","978-1-5386-5336-4","10.1109/NANO.2018.8626396","","https://ieeexplore.ieee.org/stamp/stamp.jsp?arnumber=8626396","Graphene;GNR;Verilog-A;Spice Model;NEGF;Carbon- Nanoelectronics","Integrated circuit modeling;Computational modeling;Logic gates;Hardware design languages;Mathematical model;Graphene;Software packages","","10","","19","IEEE","27 Jan 2019","23-26 July 2018","23-26 July 2018","IEEE","IEEE Conferences"
"Nonlinear Elasticity Effects in Core-Shell III- N Piezo-Semiconductive Nanowires","E. Ferrone; R. Araneo; M. Pea; A. Rinaldi; A. Notargiacomo; M. A. Migliorato","Department of Electrical Engineering, University of Rome La Sapienza, Rome, Italy; Department of Electrical Engineering, University of Rome La Sapienza, Rome, Italy; Institute for Photonics and Nanotechnology-CNR, Rome, Italy; Nanofaber S.r.l., ENEA, C.R. Casaccia, Santa Maria di Galeria, Rome, Italy; Institute for Photonics and Nanotechnology-CNR, Rome, Italy; School of Electrical and Electronic Engineering, University of Manchester, United Kingdom",2018 IEEE 18th International Conference on Nanotechnology (IEEE-NANO),"27 Jan 2019","2018","","","1","4","III-nitride core-shell nanowires appear to be promising and versatile nanostructures for fabricating high performance piezoelectric nanodevices. Possible applications range from mechanical sensing to piezotronics and piezophototronics. The paper discusses the effect of nonlinear elasticity on the piezopotential and other relevant features generated by III-N core-shell nanowires. The presented results are aimed at providing useful guidelines for the design of such devices.","1944-9380","978-1-5386-5336-4","10.1109/NANO.2018.8626248","","https://ieeexplore.ieee.org/stamp/stamp.jsp?arnumber=8626248","","Nanowires;Zinc oxide;II-VI semiconductor materials;Gallium nitride;Strain;Elasticity;Aluminum gallium nitride","","","","19","IEEE","27 Jan 2019","23-26 July 2018","23-26 July 2018","IEEE","IEEE Conferences"
"On the Enhancement of the Thermal Conductivity of Graphene-Based Nanofluids","M. R. Rodriguez-Laguna; C. M. S. Torres; P. Gomez-Romero; E. Chavez-Angel","Catalan Institute of Nanoscience and Nanotechnology (ICN2), CSIC and BIST, Barcelona, Bellaterra, Spain; Catalan Institute of Nanoscience and Nanotechnology (ICN2), CSIC and BIST, Barcelona, Bellaterra, Spain; Catalan Institute of Nanoscience and Nanotechnology (ICN2), CSIC and BIST, Barcelona, Bellaterra, Spain; Catalan Institute of Nanoscience and Nanotechnology (ICN2), CSIC and BIST, Barcelona, Bellaterra, Spain",2018 IEEE 18th International Conference on Nanotechnology (IEEE-NANO),"27 Jan 2019","2018","","","1","2","Heat transfer fluids have been extensively used in both low-temperature and high temperature applications (e.g. microelectronics cooling and concentrated solar power). However, their low thermal conductivity is still a limit on performance. One way to enhance thermal properties is to disperse nanomaterials, such as graphene flakes in the base fluid. In this work, we have developed highly stable DMAc-graphene nanofluids with enhanced thermal properties. Furthermore, the displacement of several Raman bands as a function of graphene concentration in DMAc suggests that the solvent molecules are able to interact with graphene surfaces strongly.","1944-9380","978-1-5386-5336-4","10.1109/NANO.2018.8626244","","https://ieeexplore.ieee.org/stamp/stamp.jsp?arnumber=8626244","","Graphene;Thermal conductivity;Nanofluidics;Conductivity;Fluids;Solvents;Heating systems","","2","","11","IEEE","27 Jan 2019","23-26 July 2018","23-26 July 2018","IEEE","IEEE Conferences"
"On the Variability-aware Design of Memristor-based Logic Circuits","M. Escudero; I. Vourkas; A. Rubio; F. Molll","Dept. of Electronic Engineering, Universidad Politćcnica de Cataluña, Barcelona, Spain; Dept. of Electronic Engineering, Universidad Técnica Federico Santa María, Valparaíso, Chile; Dept. of Electronic Engineering, Universidad Politćcnica de Cataluña, Barcelona, Spain; Dept. of Electronic Engineering, Universidad Politćcnica de Cataluña, Barcelona, Spain",2018 IEEE 18th International Conference on Nanotechnology (IEEE-NANO),"27 Jan 2019","2018","","","1","4","Ever since the advent of the first TiO2-based memristor and the respective linear model published by Hewlett-Packard Labs, several behavioral models of memristors have been published. Such models capture the fundamental characteristics of resistive switching behavior through simple equations and rules, so they received a lot of attention and contributed significantly to the fast progress of research in this new and emerging device technology field. However, while this technology is maturing, accurate physics-based models are being developed, which go deeper into the device dynamics and capture more details than what just would be the fundamentals: i.e. parasitics of the device structure, variability of threshold voltages and resistance states, temperature dependency, dynamic current fluctuations, etc. In this work we build upon such a physics-based model of a bipolar metal-oxide resistive RAM device, showing how to take into account device variability and its significance in evaluation of processing circuits. With the Cadence Virtuoso suite, we focus on a family of memristive logic gate implementations showing that read & write errors can emerge due to both variability and state-drift impact, features rarely seen so far in results shown in other relevant published works.","1944-9380","978-1-5386-5336-4","10.1109/NANO.2018.8626367","","https://ieeexplore.ieee.org/stamp/stamp.jsp?arnumber=8626367","","Memristors;Integrated circuit modeling;Mathematical model;Switches;Threshold voltage;Logic gates;Electrodes","","4","","17","IEEE","27 Jan 2019","23-26 July 2018","23-26 July 2018","IEEE","IEEE Conferences"
"Optimizations of Negative Capacitance Independent Dual-Gate FinFETs","W. Bai; J. Hu; T. Yang","The Faculty of Information Science and Technology, Ningbo University, Ningbo, China; The Faculty of Information Science and Technology, Ningbo University, Ningbo, China; The Faculty of Information Science and Technology, Ningbo University, Ningbo, China",2018 IEEE 18th International Conference on Nanotechnology (IEEE-NANO),"27 Jan 2019","2018","","","1","4","In this paper, we introduce a novel negative-capacitance device, named as negative-capacitance independent dual-gate FinFETs (NC-IDG-FinFETs) that can reduce the number of transistors used in circuit designs. We stack thin ferroelectric (FE) layers into the two gate stacks of baseline traditional independent dual-gate FinFET devices. We chose HfSiO (with the typical anisotropy constants of αFE=-8.65e10 cm/F, βFE=1.92e20 cm5/ F/C2, and γFE=0 cm9/F/C4) as the material with negative capacitance effect. The high-K dielectric Hf02 is used between the FE layer and the channel. We optimize the turn-on currents, leakage currents, and the switching current ratio by adjusting ferroelectric thickness. Simulation results show that the proposed devices can increase the on-state current and decrease the leakage current, and increase the switching current ratio.","1944-9380","978-1-5386-5336-4","10.1109/NANO.2018.8626333","","https://ieeexplore.ieee.org/stamp/stamp.jsp?arnumber=8626333","","FinFETs;Logic gates;Iron;Leakage currents;Capacitance;Ions","","1","","8","IEEE","27 Jan 2019","23-26 July 2018","23-26 July 2018","IEEE","IEEE Conferences"
"Optimizing materials for energy harvesting: in search for descriptors","G. Galli","Institute for Molecular Engineering and Department of Chemistry, University of Chicago",2018 IEEE 18th International Conference on Nanotechnology (IEEE-NANO),"27 Jan 2019","2018","","","1","1","We will discuss the results of first principles simulations of materials for energy harvesting, including nanostructured materials for solar energy conversion, and photo-absorbers and catalysts for solar to fuel applications. We will focus on the identification of useful descriptors for the optimization of photo-conversion processes, and on the role of complex morphologies present in materials used for energy harvesting.","1944-9380","978-1-5386-5336-4","10.1109/NANO.2018.8626344","","https://ieeexplore.ieee.org/stamp/stamp.jsp?arnumber=8626344","","Energy harvesting;Chemistry;Nanostructured materials;Solar energy;Fuels;Optimization;Morphology","","","","0","IEEE","27 Jan 2019","23-26 July 2018","23-26 July 2018","IEEE","IEEE Conferences"
"Ordering series and parallel compositions","V. Dragoi; S. R. Cowell; V. Beiu","University of Rouen Normandy, LITIS, Mont-Saint-Aignan, France; Facultv of Exact Sciences, “Aurel Vlaicu” University of Arad, Arad, Romania; Facultv of Exact Sciences, “Aurel Vlaicu” University of Arad, Arad, Romania",2018 IEEE 18th International Conference on Nanotechnology (IEEE-NANO),"27 Jan 2019","2018","","","1","4","In this article we analyze the reliability of networks constructed as repetitive compositions of simple identical structures (building blocks). More precisely, we limit our analyses to two-terminal networks composed of only two motifs (two basic building blocks): two devices in series, and two devices in parallel. Therefore, for a given number of devices (which is a power of two) we build all the possible compositions of series and parallel networks of two devices. For all the resulting two-terminal networks, we compute exactly their associated reliability polynomials. These two-terminal networks are ranked according to partial orders over the set of all compositions. These partial orders have reasonably simple algebraic descriptions and can reveal interesting properties, and in particular they allow us to order the resulting two-terminal networks with respect to reliability.","1944-9380","978-1-5386-5336-4","10.1109/NANO.2018.8626408","","https://ieeexplore.ieee.org/stamp/stamp.jsp?arnumber=8626408","","Computer network reliability;Logic gates;Reliability theory;Reliability engineering;Cost function;Computers","","6","","17","IEEE","27 Jan 2019","23-26 July 2018","23-26 July 2018","IEEE","IEEE Conferences"
"Patterned Direct-nanowriting of Metal Nanowires by Using Electron Beam Automatically","M. Wang; Z. Chen; Z. Yang; T. Chen; L. Sun; T. Fukuda","Jiangsu Provincial Key Laboratory of Advanced Robotics, Soochow University, Suzhou, China; Jiangsu Provincial Key Laboratory of Advanced Robotics, Soochow University, Suzhou, China; Jiangsu Provincial Key Laboratory of Advanced Robotics, Soochow University, Suzhou, China; Jiangsu Provincial Key Laboratory of Advanced Robotics, Soochow University, Suzhou, China; Jiangsu Provincial Key Laboratory of Advanced Robotics, Soochow University, Suzhou, China; Department of Micro-Nano Systems Engineering, Nagoya University Furo-cho, Chikusa-ku, Nagoya, Japan",2018 IEEE 18th International Conference on Nanotechnology (IEEE-NANO),"27 Jan 2019","2018","","","1","4","This paper presented a method of patterned direct-nanowriting of metal nanowires by using electron beam inside scanning electron microscopy (SEM). Nanowires interconnection technology was manual and inefficient, however direct-nanowriting of metal nanowires was achieved by controlling the position of electron beam automatically, which was efficient nanointerconnection technology. The electron beam was focused on metal nano particles inside SEM, which were dispersed on the ITO. At the same time, the metal nanowires grew in the direction where the electron beam moved. The method this paper presented realized direct-nanowriting of different routes to metal nanowires by using the same electron beam induced velocity, including the lines with different angle of 45°, 135°,225°,315°, and the circles with the radiu of 200 nm and 400 nm.","1944-9380","978-1-5386-5336-4","10.1109/NANO.2018.8626398","","https://ieeexplore.ieee.org/stamp/stamp.jsp?arnumber=8626398","Electron Beam;Nanowire Growth;Nano Manipulation","Nanowires;Electron beams;Metals;Nanobioscience;Nanoparticles;Scanning electron microscopy;Nanoscale devices","","","","16","IEEE","27 Jan 2019","23-26 July 2018","23-26 July 2018","IEEE","IEEE Conferences"
"PEDOT:PSS Layered AU-AG Bio-Nanocomposite Modified Electrode for Electrochemical Sensing of Tryptamine and Serotonin","A. Panil; S. -I. Yue","Department of Food Science and Technology, Chonbuk National University; Department of Food Science and Technology, Chonbuk National University",2018 IEEE 18th International Conference on Nanotechnology (IEEE-NANO),"27 Jan 2019","2018","","","1","1","Based on the case study of listed enterprises in China's coal industry, this paper constructs the environmental performance evaluation and implementation process by the data envelopment analysis. Analyze the scale efficiency, efficiency and projection value of 17 coal enterprises, meanwhile, make a horizontal comparison of the environmental performance level among coal enterprises. This paper makes scale improvement and relaxation improvement for invalid cells, finds out the environmental risk spots and makes recommendations for improvement, consequently can guide the coal enterprises to carry out environmental performance management actively and accept public supervision.","1944-9380","978-1-5386-5336-4","10.1109/NANO.2018.8626413","","https://ieeexplore.ieee.org/stamp/stamp.jsp?arnumber=8626413","","Electrodes;Sensors;Nanoparticles;Sensitivity;Surface treatment;Contamination;Food products","","1","","0","IEEE","27 Jan 2019","23-26 July 2018","23-26 July 2018","IEEE","IEEE Conferences"
"PEI/Ag as an Optical Gas Nano-Sensor for Intelligent Food Packaging","A. Ryspayeva; T. D. A. Jones; P. A. Hughes; M. N. Esfahani; M. P. Shuttleworth; R. A. Harris; R. W. Kay; M. P. Y. Desmulliez; J. Marques-Hueso","Heriot-Watt University, Nature Inspired Manufacturing Centre (NIMC), Scotland, Edinburgh, UK; Heriot-Watt University, Nature Inspired Manufacturing Centre (NIMC), Scotland, Edinburgh, UK; Heriot-Watt University, Nature Inspired Manufacturing Centre (NIMC), Scotland, Edinburgh, UK; Future Manufacturing Processes Research Group - School of Mechanical Engineering, University of Leeds, UK; Future Manufacturing Processes Research Group - School of Mechanical Engineering, University of Leeds, UK; Future Manufacturing Processes Research Group - School of Mechanical Engineering, University of Leeds, UK; Future Manufacturing Processes Research Group - School of Mechanical Engineering, University of Leeds, UK; Heriot-Watt University, Nature Inspired Manufacturing Centre (NIMC), Scotland, Edinburgh, UK; Heriot-Watt University, Nature Inspired Manufacturing Centre (NIMC), Scotland, Edinburgh, UK",2018 IEEE 18th International Conference on Nanotechnology (IEEE-NANO),"27 Jan 2019","2018","","","1","4","In this work we report research carried out on the manufacturing of an optical sensor based on polyetherimide (PEI) and Ag nanoparticles (NPs) for food packaging and food freshness control applications. PEI/ Ag films were fabricated and tested as optical sensors by exposing them to 0.01 M and 0.005 M of 2-mercaptoethanol (2-ME). Thiol groups of 2-ME react on the surface of the sample and reduce the silver ions to Ag NPs, which lead to the change of color. The real-time measurement of meat freshness was performed for salmon, chicken, turkey and beef. The colorimetric and UV-vis absorbance responses were measured over duration of 80 hours. The PEI/Ag sensor shows a good response to the released gases by meat. Moreover, salmon, chicken and turkey are shown to produce color changes of PEI/Ag films after 20 hours of exposure, and beef after 60 hours of exposure. Therefore, this nano-sensor has a potential to serve as an indicator of food spoilage in the packaging.","1944-9380","978-1-5386-5336-4","10.1109/NANO.2018.8626269","","https://ieeexplore.ieee.org/stamp/stamp.jsp?arnumber=8626269","","Color;Substrates;Silver;Ions;Optical sensors;Films;Food packaging","","8","","14","Crown","27 Jan 2019","23-26 July 2018","23-26 July 2018","IEEE","IEEE Conferences"
"Performance Evaluation of a FinFET -based Dual-Output Second Generation Current Conveyor","M. Yasir; M. S. Ansari; V. K. Sharma","College of Engineering & Technology, Aligarh Muslim University, Aligarh, India; Dept. Of Electronics Engg., ZHCET, Aligarh, AMU, India; College of Engineering & Technology, Aligarh Muslim University, Aligarh, India",2018 IEEE 18th International Conference on Nanotechnology (IEEE-NANO),"27 Jan 2019","2018","","","1","4","This paper presents an optimal design of a high performance DO-CCII based on FinFETs. Proposed DO-CCII works on supply voltage of ±0.9V, The performance of the CCII has been thoroughly investigated in terms of DC, AC and transient characteristics of branch currents. CCII shows excellent high frequency response of currents. The 3dB BW for currents is 11 GHz. CCII provides excellent performance over its CMOS counterpart. Performance investigation has been done using HSPICE simulations.","1944-9380","978-1-5386-5336-4","10.1109/NANO.2018.8626241","","https://ieeexplore.ieee.org/stamp/stamp.jsp?arnumber=8626241","","FinFETs;Integrated circuit modeling;Semiconductor device modeling;Impedance;Performance evaluation;Logic gates","","6","","11","IEEE","27 Jan 2019","23-26 July 2018","23-26 July 2018","IEEE","IEEE Conferences"
"Performance evaluation over HW/SW co-design SoC memory transfers for a CNN accelerator","A. Rios-Navarro; R. Tapiador-Morales; A. Jimenez-Fernandez; C. Amaya; M. Dominguez-Morales; T. Delbruck; A. Linares-Barranco","Institute of Neuroinformatics, University of Zurich and ETH Zurich, Switzerland; Institute of Neuroinformatics, University of Zurich and ETH Zurich, Switzerland; Institute of Neuroinformatics, University of Zurich and ETH Zurich, Switzerland; Institute of Neuroinformatics, University of Zurich and ETH Zurich, Switzerland; Institute of Neuroinformatics, University of Zurich and ETH Zurich, Switzerland; Escuela Técnica Superior de Ingeniería Informática, University of Seville, Seville, Spain; Institute of Neuroinformatics, University of Zurich and ETH Zurich, Switzerland",2018 IEEE 18th International Conference on Nanotechnology (IEEE-NANO),"27 Jan 2019","2018","","","1","4","FPGA devices have demonstrated to be one of the most popular prototyping solutions. N anoelectronics is one of the fields that can prototype its architectures in these devices. Many FPGA vendors have recently included embedded processors in their devices, such as Xilinx with ARM -Cortex A cores, together with programmable logic cells. These devices are known as Programmable System on Chip (PSoC). Their ARM cores (embedded in the processing system or PS) communicates with the programmable logic cells (PL) using ARM-standard interface buses. ARM proposed the Advanced Microcontroller Bus Architecture (AMBA) as an open-standard. Its third generation included the Advanced eXtensible Interface (AXI) to reach higher performances. In this paper we analyse the performance of exhaustive data transfers between PS and PL for a Xilinx Zynq FPGA in a co-design real scenario for Convolutional Neural Networks (CNN) accelerator. This CNN accelerator processes, in dedicated hardware, a stream of visual information from a neuromorphic visual sensor for classification. In the PS side, a Linux operating system is running, which recollects visual events from the neuromorphic sensor into a normalized frame, and then it transfers these frames to the CNN accelerator of multi-layered CNNs; and read results, using an AXI-DMA bus in a per-layer way. As these kind of accelerators try to process information as quick as possible, data bandwidth becomes critical. Maintaining a good balanced data throughput rate requires some considerations, such as data partitioning techniques to balance RX and TX transfers, or different transfer management techniques: polling versus dedicated interrupt-based kernel-level driver. For longer enough packets, the kernel-level driver solution improves global computation timings in a CNN classification example. Kernel-level driver ensures safer solutions and enables OS tasks, scheduling for better computation distribution.","1944-9380","978-1-5386-5336-4","10.1109/NANO.2018.8626313","","https://ieeexplore.ieee.org/stamp/stamp.jsp?arnumber=8626313","","Field programmable gate arrays;Hardware;Task analysis;Computer architecture;Software;Visualization;Neuromorphics","","7","1","16","IEEE","27 Jan 2019","23-26 July 2018","23-26 July 2018","IEEE","IEEE Conferences"
"PFM Characterization of Piezoelectric PVDF/ZnONanorod thin films","D. Cavallini; M. Fortunato; G. D. Bellis; M. S. Sarto","Res. Center for Nanotech. Applied to Eng. of Sapienza (CNIS), Sapienza Univ. of Rome, Rome, Italy; Res. Center for Nanotech. Applied to Eng. of Sapienza (CNIS), Sapienza Univ. of Rome, Rome, Italy; Res. Center for Nanotech. Applied to Eng. of Sapienza (CNIS), Sapienza Univ. of Rome, Rome, Italy; Res. Center for Nanotech. Applied to Eng. of Sapienza (CNIS), Sapienza Univ. of Rome, Rome, Italy",2018 IEEE 18th International Conference on Nanotechnology (IEEE-NANO),"27 Jan 2019","2018","","","1","3","The present work reports the development and the piezoelectric characterization of nano-engineered thin-films of Polyvinylidene Fluoride (PVDF) and vertical array of zinc oxide nanorods (ZnO-NRs). In particular, the piezoelectric response of the produced samples was investigated by evaluating the piezoelectric coefficient (d33), through Piezoresponse Force Microscopy (PFM). We compared the piezoelectric response of three different samples: a neat PVDF thin-film, an array of vertically oriented ZnO-NRs and an array of vertically oriented ZnO-NRs embedded in PVDF. We tested two types of substrates: a flexible substrate namely PET-ITO and a rigid substrate namely ITO coated glass. The highest piezoelectric response was found to be exerted by the hybrid system made of vertically aligned ZnO-NRs array embedded in PVDF on PET-ITO substrate, showing a piezoelectric coefficient, as high as 14.91 pm/V.","1944-9380","978-1-5386-5336-4","10.1109/NANO.2018.8626362","","https://ieeexplore.ieee.org/stamp/stamp.jsp?arnumber=8626362","","Substrates;Zinc oxide;Glass;Scanning electron microscopy;Indium tin oxide;Films","","11","","8","IEEE","27 Jan 2019","23-26 July 2018","23-26 July 2018","IEEE","IEEE Conferences"
"Photoacoustic Generation in Polymer Matrix Nanocomposite Films","F. W. Zeng; J. Kang; E. Boctor; J. B. Spicer","Department of Materials Science and Engineering, Johns Hopkins University, Maryland, Baltimore, USA; Department of Radiology and Radiological Science, Johns Hopkins University, Maryland, Baltimore, USA; Department of Radiology and Radiological Science, Johns Hopkins University, Maryland, Baltimore, USA; Department of Materials Science and Engineering, Johns Hopkins University, Maryland, Baltimore, USA",2018 IEEE 18th International Conference on Nanotechnology (IEEE-NANO),"27 Jan 2019","2018","","","1","2","Engineered, photoacoustic transduction layers are often required in systems that cannot sustain repeated optical excitation owing to material degradation that can occur as a result of optical irradiation. To produce acoustic waves with sufficient amplitude in these systems, polymer matrix nanocomposites can be used for transduction and can serve as photoacoustic transmitters. These nanocomposites can be designed to produce large acoustic generation efficiency while minimizing collateral effects on surrounding materials - this can be important in biomedical applications where tissue damage must be avoided. This work focuses on the use of nanocomposites as photoacoustic transmitters and assesses the optical, thermal and acoustic behaviors of these materials to identify critical parameters that affect their performance under different irradiation conditions.","1944-9380","978-1-5386-5336-4","10.1109/NANO.2018.8626379","","https://ieeexplore.ieee.org/stamp/stamp.jsp?arnumber=8626379","","Optical films;Biomedical optical imaging;Optical transmitters;Optical polymers;Acoustic waves","","","","3","IEEE","27 Jan 2019","23-26 July 2018","23-26 July 2018","IEEE","IEEE Conferences"
"Photonic Single Crystal Heterostructures based on Perovskites/Molybdenum disulfide","A. M. Al Amri; J. -H. He","Electrical and Mathematical Sciences and Engineering Division, King Abdullah University of Science & Technology (KAUST): Computer, Thuwal, Saudi Arabia; Electrical and Mathematical Sciences and Engineering Division, King Abdullah University of Science & Technology (KAUST): Computer, Thuwal, Saudi Arabia",2018 IEEE 18th International Conference on Nanotechnology (IEEE-NANO),"27 Jan 2019","2018","","","1","2","This work present an approach on fabricating advanced single crystal semiconducting hetero-structures optoelectronics devices. It demonstrates a new way of stacking the n-type MoS2 single crystal with p-type perovskite CH3NH3PbBr3 single crystal in the vertical direction enables us to p-n diode. Shows good current-voltage rectifying behavior in dark and light condition. Successful fabrication of single crystal CH3NH3PbBr3/MoS2. Optoelectronics devices is a step ahead in using single crystal hetero-structures devices.","1944-9380","978-1-5386-5336-4","10.1109/NANO.2018.8626316","","https://ieeexplore.ieee.org/stamp/stamp.jsp?arnumber=8626316","Perovskite;Molybdenum disulfide;Single Crystal;Fabrication;hetrostructure","Crystals;Molybdenum;Sulfur;Fabrication;Heterojunctions;Gold;Photovoltaic systems","","","","5","IEEE","27 Jan 2019","23-26 July 2018","23-26 July 2018","IEEE","IEEE Conferences"
"Piezoelectric Hafnium Oxide Thin Films for Energy-Harvesting Applications","S. Kirbach; K. Kühnel; W. Weinreich","Fraunhofer Center Nanoelectronic Technologies (CNT), Dresden, Germany; Fraunhofer Center Nanoelectronic Technologies (CNT), Dresden, Germany; Fraunhofer Center Nanoelectronic Technologies (CNT), Dresden, Germany",2018 IEEE 18th International Conference on Nanotechnology (IEEE-NANO),"27 Jan 2019","2018","","","1","4","This paper presents the piezoelectric properties of silicon doped hafnium oxide (Si:HfO2) thin films and their superior suitability for energy harvesting applications. Various layer thicknesses from 10 nm to 50 nm, executed as single layer and in a laminate structure, are investigated. The piezoelectric coefficient d33,f of the samples is measured via double beam laser interferometry (DBLI) and converted into d33, based on a numerical simulation model. Values of up to d33=73 pm/V are obtained. Finally, the Si:HfO2 films are electrically investigated by evaluating a relative permittivity between 37 and 47, respectively.","1944-9380","978-1-5386-5336-4","10.1109/NANO.2018.8626275","","https://ieeexplore.ieee.org/stamp/stamp.jsp?arnumber=8626275","Piezoelectricity;Hafnium Oxide;Energy Harvesting;Cantilever;Thin Film","Films;Capacitance;Iron;Permittivity measurement;Aluminum nitride;Permittivity;III-V semiconductor materials","","16","","16","IEEE","27 Jan 2019","23-26 July 2018","23-26 July 2018","IEEE","IEEE Conferences"
"Plasmon-Enhanced Photovoltaic Characteristics of Black Phosphorus-MoS2 Heterojunction","C. Hou; L. Yang; B. Li; Q. Zhang; Y. Li; Q. Yue; Y. Wang; Z. Yang; L. Dong","Department of Electrical and Computer Engineering, Michigan State University, Michigan, East Lansing, United States; Key Laboratory of Microsystems and Microstructures Manufacturing, Harbin Institute of Technology, Heilongjiang, Harbin, China; Department of Electrical and Computer Engineering, Michigan State University, Michigan, East Lansing, United States; Department of Electrical and Computer Engineering, Michigan State University, Michigan, East Lansing, United States; Department of Electrical and Computer Engineering, Michigan State University, Michigan, East Lansing, United States; Department of Electrical and Computer Engineering, Michigan State University, Michigan, East Lansing, United States; Key Laboratory of Microsystems and Microstructures Manufacturing, Harbin Institute of Technology, Heilongjiang, Harbin, China; School of Mechatronics Engineering, Soochow University, Jiangsu, Soochow, China; Department of Electrical and Computer Engineering, Michigan State University, Michigan, East Lansing, United States",2018 IEEE 18th International Conference on Nanotechnology (IEEE-NANO),"27 Jan 2019","2018","","","1","2","Heterojunctions based on atomically thin p-type black phosphorus (BP) and n-type MoS2 present their outstanding performance in electronic and optoelectronic devices. However, the relative weak photovoltaic characteristics offsets their advantages for high-performance phototransistors or solar cells. Herein, a plasmonic optical antenna arrays with 15nm gap were placed on the overlap regions of BP/ MoS2heterostructures for effective light-harvesting. The results demonstrate the photovoltaic characteristics of BP/ MoS2heterostructures is clearly enhanced through the hot electrons excited from optical antenna arrays under near-infrared laser (λ = 830nm). More important, this enhancement is mainly dominated by effective photo-carrier separation under higher built-in electric field at the reverse bias. In addition, the reduction of photocurrents at the forward bias is ascribed to the strong scattering from plasmon-induced heat. Our findings are expected to be valuable for the development of plasmon-enhanced photodetectors and photovoltaic devices.","1944-9380","978-1-5386-5336-4","10.1109/NANO.2018.8626287","","https://ieeexplore.ieee.org/stamp/stamp.jsp?arnumber=8626287","","Optical imaging;Optical scattering;Optical devices;Antenna arrays;Photovoltaic systems","","","","0","IEEE","27 Jan 2019","23-26 July 2018","23-26 July 2018","IEEE","IEEE Conferences"
"Plasmonic and Dielectric Nanostructures for Improved Performance of Ingan thin Film Solar Cells","U. K. Kumawat; K. Kumar; N. Gupta; A. Dhawan","Indian Institute of Technology Delhi, New Delhi, India; Indian Institute of Technology Delhi, New Delhi, India; Indian Institute of Technology Delhi, New Delhi, India; Indian Institute of Technology Delhi, New Delhi, India",2018 IEEE 18th International Conference on Nanotechnology (IEEE-NANO),"27 Jan 2019","2018","","","1","4","In this study, we present Indium-rich InGaN thin film solar cells containing a periodic array of various plasmonic and dielectric nanostructures such as Ag nanogratings (NGs), ITO nanogratings, and Ag nanodiscs (NDs). Finite-difference time-domain (FDTD) simulations were carried out for solar cells containing nanostructures on the back side and on the front side of the solar cells, and an improvement in the performance of the solar cells was compared for the different geometries of these nanostructures. FDTD simulation results demonstrate a broadband absorption enhancement in the active-medium after employing a combination of Ag nanodiscs and ITO nanogratings. The Ag NDs lead to an enhanced surface plasmon-based scattering of longer wavelengths of light, while the ITO NGs lead to enhanced scattering of shorter wavelengths of light. This leads to a significant enhancement in optical absorption in the active medium, as well as in the short circuit current density, Jsc, of these solar cells.","1944-9380","978-1-5386-5336-4","10.1109/NANO.2018.8626376","","https://ieeexplore.ieee.org/stamp/stamp.jsp?arnumber=8626376","","Photovoltaic cells;Nanostructures;Indium tin oxide;Absorption;Plasmons;Finite difference methods;Time-domain analysis","","","","25","IEEE","27 Jan 2019","23-26 July 2018","23-26 July 2018","IEEE","IEEE Conferences"
"Plasmonic Nanostructures on Tips of Tapered Optical Fibers for Large EM Enhancement","A. Dhawan; P. B. Savaliva; K. Ahmed","Indian Institute of Technology, Delhi, India; Indian Institute of Technology, Delhi, India; Indian Institute of Technology, Delhi, India",2018 IEEE 18th International Conference on Nanotechnology (IEEE-NANO),"27 Jan 2019","2018","","","1","4","In this paper, we employ finite difference time domain (FDTD) simulations to show that plasmonic nanoantenna structures present on tips of tapered optical fibers have significantly greater electromagnetic field (EM) enhancements as compared with non-tapered optical fibers having the plasmonic nanoantennas on their tips. Moreover, we compare the EM enhancement of several plasmonic nanoantenna structures present on tapered as well as nontapered optical fiber tips. Symmetrical structures such as crossed nanoantennas were designed and simulated as these structures are less polarization dependent.","1944-9380","978-1-5386-5336-4","10.1109/NANO.2018.8626251","","https://ieeexplore.ieee.org/stamp/stamp.jsp?arnumber=8626251","","Nanostructures;Plasmons;Nanobioscience;Optical fibers;Electric fields;Finite difference methods;Time-domain analysis","","","","7","IEEE","27 Jan 2019","23-26 July 2018","23-26 July 2018","IEEE","IEEE Conferences"
"Porous Graphene Based PVDF Aerogel Composite for Sweat Sensing Applications","H. C. Bidsorkhi; A. G. D'Aloia; A. Tamburrano; G. De Bellis; M. S. Sarto","Dept. of Astronautical, Sapienza University of Rome, Rome, Italy; Universita degli Studi di Roma La Sapienza, Roma, Lazio, IT; Dept. of Astronautical, Sapienza University of Rome, Rome, Italy; Dept. of Astronautical, Sapienza University of Rome, Rome, Italy; Dept. of Astronautical, Sapienza University of Rome, Rome, Italy",2018 IEEE 18th International Conference on Nanotechnology (IEEE-NANO),"27 Jan 2019","2018","","","1","4","A porous graphene based PVDF aerogel is produced through a cost-effective procedure, for possible application as sweat sensor. The aerogel samples were characterized in terms of porosity, density, morphological and electrical properties through high-resolution scanning electron microscopy (HR-SEM) and time-monitoring of the sample dc electrical resistance.","1944-9380","978-1-5386-5336-4","10.1109/NANO.2018.8626292","","https://ieeexplore.ieee.org/stamp/stamp.jsp?arnumber=8626292","","Immune system;Economic indicators;Graphene;Biomedical monitoring;Monitoring;Sensors;Conductivity","","","","18","IEEE","27 Jan 2019","23-26 July 2018","23-26 July 2018","IEEE","IEEE Conferences"
"Precise Positioning and Orientation of Nanowire Lasers in Regular and Patterned Surfaces","D. Jevtics; A. Hurtado; B. Guilhabert; M. Jankauskas; N. Laurand; Q. Gao; H. H. Tan; C. Jagadish; M. D. Dawson","SUPA Department of Physics, Technology and Innovation Centre, Glasgow, United Kingdom; SUPA Department of Physics, Technology and Innovation Centre, Glasgow, United Kingdom; SUPA Department of Physics, Technology and Innovation Centre, Glasgow, United Kingdom; SUPA Department of Physics, Technology and Innovation Centre, Glasgow, United Kingdom; SUPA Department of Physics, Technology and Innovation Centre, Glasgow, United Kingdom; Department of Electronic Materials Engineering, The Australian National University, Canberra, ACT, Australia; Department of Electronic Materials Engineering, The Australian National University, Canberra, ACT, Australia; Department of Electronic Materials Engineering, The Australian National University, Canberra, ACT, Australia; SUPA Department of Physics, Technology and Innovation Centre, Glasgow, United Kingdom",2018 IEEE 18th International Conference on Nanotechnology (IEEE-NANO),"27 Jan 2019","2018","","","1","4","Accurate integration of nanowire (NW) lasers with precise (sub-micrometric) control of their position and orientation angle with other photonic elements is demonstrated by means of a transfer-printing (TP) technique. 1- and 2-dimensional arrays of NW lasers are fabricated onto regular and diffractive photonic substrates with full control on the number of NWs in the arrays, their position, orientation angle and spacing between elements.","1944-9380","978-1-5386-5336-4","10.1109/NANO.2018.8626407","","https://ieeexplore.ieee.org/stamp/stamp.jsp?arnumber=8626407","","Substrates;Laser excitation;Surface emitting lasers;Photonics;III-V semiconductor materials;Indium phosphide","","2","","20","IEEE","27 Jan 2019","23-26 July 2018","23-26 July 2018","IEEE","IEEE Conferences"
"Predicting Nanomaterials toxicity pathways based on genome-wide transcriptomics studies using Bayesian networks","I. Furxhi; F. Murphy; B. Sheehan; M. Mullins; P. Mantecca","Dept. of Accounting and Finance, University of Limerick, Ireland; Dept. of Accounting and Finance, University of Limerick, Ireland; Dept. of Accounting and Finance, University of Limerick, Ireland; Dept. of Accounting and Finance, University of Limerick, Ireland; Department of Earth and Environmental Sciences, University of Milano Bicocca, Milano, Italy",2018 IEEE 18th International Conference on Nanotechnology (IEEE-NANO),"27 Jan 2019","2018","","","1","4","The potential toxicity of Nanomaterials (NMs) is widely documented but risk assessment continues to pose a challenge. In this study, data derived from toxicogenomic studies are used to build a Bayesian Network (BN) model. This approach integrates transcriptomics data to successfully predict a number of biological effects. The model uses experimental conditions such as dose, duration and cell type along with NM physicochemical properties, and is developed to predict the effects of NM exposure on in vitro biological systems. The model version proposed in this study is shown to successfully predict a number of biological processes with a success rate >80% for most outcomes. The model validation shows a robust and promising methodology for incorporating transcriptomics studies in a hazard and, extendedly, risk assessment modelling framework.","1944-9380","978-1-5386-5336-4","10.1109/NANO.2018.8626300","","https://ieeexplore.ieee.org/stamp/stamp.jsp?arnumber=8626300","","Biological system modeling;Predictive models;Data models;In vitro;Feature extraction;Computational modeling","","4","","0","IEEE","27 Jan 2019","23-26 July 2018","23-26 July 2018","IEEE","IEEE Conferences"
"Preparation of Composite Periodic Metal-Polymer Nanostructures","D. Fajstavr; P. Slepička; V. Švorčík","Department of Solid State Engineering, University of Chemistry and Technology, Prague, Czech Republic; Department of Solid State Engineering, University of Chemistry and Technology, Prague, Czech Republic; Department of Solid State Engineering, University of Chemistry and Technology, Prague, Czech Republic",2018 IEEE 18th International Conference on Nanotechnology (IEEE-NANO),"27 Jan 2019","2018","","","1","2","This paper investigates the preparation of composite metal-polymer nanostructures formed on the surface of polyethersulfone (PES) by an excimer laser beam. Conditions for laser beam modification varied with the laser fluence value and the number of pulses. The samples were further deposited with a layer of metals with a thickness of 5-15 nm and their surface morphology was examined by atomic force microscopy (AFM). Electrical properties of layers were also investigated. Composites prepared by this approach were studied futher for stability under laser modification.","1944-9380","978-1-5386-5336-4","10.1109/NANO.2018.8626339","","https://ieeexplore.ieee.org/stamp/stamp.jsp?arnumber=8626339","","Laser beams;Surface morphology;Surface treatment;Pulsed laser deposition;Metals;Rough surfaces;Surface roughness","","","","3","IEEE","27 Jan 2019","23-26 July 2018","23-26 July 2018","IEEE","IEEE Conferences"
"Printed Technology Solutions for Audio Transducers","P. L. Torraca; Y. Ricci; A. Albrecht; M. Bobinger; P. Pavan; L. Cattani; M. Becherer; P. Lugli; L. Larcher","Department of Engineering “Enzo Ferrari”, University of Modena and Reggio Emilia, Modena, Italy; Department of Science and Methods for Engineering, University of Modena and Reggio Emilia, Reggio Emilia, Italy; Chair of Nanoelectrics at the Technical University of Munich, Munich, Germany; Chair of Nanoelectrics at the Technical University of Munich, Munich, Germany; Department of Engineering “Enzo Ferrari”, University of Modena and Reggio Emilia, Modena, Italy; ASK Industries S.p.A., Montecavolo, RE, Italy; Chair of Nanoelectrics at the Technical University of Munich, Munich, Germany; Faculty of Science and Technology at the Free University of Bozen-Bolzano, Italy; Department of Science and Methods for Engineering, University of Modena and Reggio Emilia, Reggio Emilia, Italy",2018 IEEE 18th International Conference on Nanotechnology (IEEE-NANO),"27 Jan 2019","2018","","","1","4","We propose novel printed technology solutions for the fabrication of electro-acoustic audio transducers. Flexible, transparent thermoacoustic (TA) loudspeakers are fabricated using spray coating of silver nanowires (AgNWs) on a 75 μm thin polyimide substrate. The fabricated devices show interesting optical and electric properties for integration in audio systems. The thermal and the acoustic characterizations shows very good agreement with the models proposed in literature. The proposed technology achieves up to 40 dB SPL at 1m distance, retaining its properties even under large substrate deformations.","1944-9380","978-1-5386-5336-4","10.1109/NANO.2018.8626422","","https://ieeexplore.ieee.org/stamp/stamp.jsp?arnumber=8626422","","Loudspeakers;Substrates;Heating systems;Polyimides;Mathematical model;Fabrication;Nanowires","","1","","27","IEEE","27 Jan 2019","23-26 July 2018","23-26 July 2018","IEEE","IEEE Conferences"
"Protein-Templated Near-Infrared Emitting Fe Nanoclusters Exhibit Superparamagnetism at Room Temperature","R. E. Jimenez; N. J. Bunce; H. Kannan; J. Xiao; R. K. Gupta; S. P. Kama","U.S. Army Research Laboratory, Aberdeen Proving Ground, MD, USA; U.S. Army Research Laboratory, Aberdeen Proving Ground, MD, USA; Department of Physics and Astronomy, University of Delaware, Newark, DE, USA; Department of Physics and Astronomy, University of Delaware, Newark, DE, USA; Department of Defense Blast Injury Research Program Coordinating Office, U.S. Army Medical Research and Materials Command, Fort Detrick, MD, USA; U.S. Army Research Laboratory, Aberdeen Proving Ground, MD, USA",2018 IEEE 18th International Conference on Nanotechnology (IEEE-NANO),"27 Jan 2019","2018","","","1","2","Water soluble Fe nanoclusters in the size ranging from 1.4 to 5 nm, exhibiting photoemission in the visible (λem=450 nm) and near-infrared region (λem=845 nm) have been synthesized with the use of mixed proteins. The protein-templated Fe nanoclusters exhibit superparamagnetism at room temperature, offering potential applications in bio-labeling and imaging.","1944-9380","978-1-5386-5336-4","10.1109/NANO.2018.8626341","","https://ieeexplore.ieee.org/stamp/stamp.jsp?arnumber=8626341","","Proteins;Iron;Temperature measurement;Magnetic resonance imaging;Magnetic field measurement;Gold","","","","10","IEEE","27 Jan 2019","23-26 July 2018","23-26 July 2018","IEEE","IEEE Conferences"
"Reagent-free electrochemical-based detection of silver ions in aqueous solutions using localized pH control","L. Wasiewska; G. Duffy; K. Burgess; A. O'Riordan","Tyndall National Institute, Cork, Ireland; Teagasc Food Research C-entre Ashtown, Dublin, Ireland; Teagasc Food Research C-entre Ashtown, Dublin, Ireland; Tyndall National Institute, Cork, Ireland",2018 IEEE 18th International Conference on Nanotechnology (IEEE-NANO),"27 Jan 2019","2018","","","1","2","Silver is more often used in consumer products and that in consequence leads to its release into the water. Quick and easy methods for detection of silver ions in water are required. In present work electrochemical-based sensor was developed for detection of silver ions in aqueous solutions. The solution's pH for detection was lowered either with nitric acid or reagent-free using localized pH control. Linear regions for the current peak height against the silver concentration have been found between 100-1000 nM and 250-5000 nM for samples acidified with nitric acid and using localized pH control respectively. In present work the limit of detection was lower than comparing to similar work without the need to modify the electrode.","1944-9380","978-1-5386-5336-4","10.1109/NANO.2018.8626361","","https://ieeexplore.ieee.org/stamp/stamp.jsp?arnumber=8626361","","Silver;Ions;Electrodes;Sodium;Gold;Consumer products","","","","3","IEEE","27 Jan 2019","23-26 July 2018","23-26 July 2018","IEEE","IEEE Conferences"
"Reduction Properties of (001) Maghemite Surfaces","G. Righi; R. Magri","Dipartimento di Fisica, Informatica e Matematica (FIM) dcll'Universitá degli Studi di Modena e Reggio Emilia and Istituto di Nanoscienze CNR-S3, Modena, Italy; Dipartimento di Fisica, Informatica e Matematica (FIM) dcll'Universitá degli Studi di Modena e Reggio Emilia and Istituto di Nanoscienze CNR-S3, Modena, Italy",2018 IEEE 18th International Conference on Nanotechnology (IEEE-NANO),"27 Jan 2019","2018","","","1","4","Using Density Functional Theory (DFT) calculations we have studied the reduction properties of the (001) maghemite (y - Fe2O3) surface, which is a promising material for catalysis applications. We have calculated the formation energies of oxygen vacancies on the surface correlating them with the oxygen atom positions. We have found that the oxygen vacancy formation energy is lower for the oxygen atoms not bonded to the tetrahedral irons in the layer below the surface. Also, the presence of an iron vacancy in the third layer below the surface lowers the oxygen vacancy formation energy. An high oxygen vacancy formation energy correlates with a change in the oxidation state of some iron atoms.","1944-9380","978-1-5386-5336-4","10.1109/NANO.2018.8626278","","https://ieeexplore.ieee.org/stamp/stamp.jsp?arnumber=8626278","","Iron;Atomic layer deposition;Slabs;Oxidation;Surface treatment;Discrete Fourier transforms;Atomic measurements","","","","8","IEEE","27 Jan 2019","23-26 July 2018","23-26 July 2018","IEEE","IEEE Conferences"
"Fabrication of a Grounded Electrodes Cell with Capacitively Coupled Contactless Conductivity Detection Technique in a Microchip Capillary Electrophoresis Application","Y. Wang; X. Cao; A. Hogan; W. Messina; E. J. Moore","Life Science Interface Group of Tyndall National Institute, University College Cork; Life Science Interface Group of Tyndall National Institute, University College Cork; Life Science Interface Group of Tyndall National Institute, University College Cork; Life Science Interface Group of Tyndall National Institute, University College Cork; Life Science Interface Group of Tyndall National Institute, University College Cork",2018 IEEE 18th International Conference on Nanotechnology (IEEE-NANO),"27 Jan 2019","2018","","","1","4","A novel Microchip Capillary Electrophoresis (MCE) device, for use with Capacitively Coupled Contactless Conductivity Detection (C4D) technique incorporating a 200 nm gold deposited pick-up electrodes on a Pyrex glass wafer is described. The PDMS (Polydimethylsiloxane) microchip was fabricated by the transfer print technique from an etched silicon wafer through a conventional lithography method. The PDMS was sealed by a 100 urn-thick bio-glass, coupled with a gold pick-up electrodes cell. A fully 3d-printed cartridge encloses all the essential parts, including PDMS chip and gold pick-up electrodes. The gold deposited pick-up electrodes cell with a grounded electrode feature were simulated and the results are presented. Preliminary comparison tests with Na ions and Aspirin have been investigated, with the results of the experiments demonstrating significant improvement in the signal/noise ratio with these novel designed MCE devices.","1944-9380","978-1-5386-5336-4","10.1109/NANO.2018.8626321","","https://ieeexplore.ieee.org/stamp/stamp.jsp?arnumber=8626321","","Electrodes;Capacitance;Integrated circuits;Reservoirs;Gold;Conductivity;Sodium","","4","","15","IEEE","27 Jan 2019","23-26 July 2018","23-26 July 2018","IEEE","IEEE Conferences"
"Sb co-Doping to Enhance Phosphorous Level on Ge Using Ion Decoupled Plasma Process","C. Paeng; H. Zhang; Y. S. Kim","Lam Research Corp., Fremont, CA, USA; Lam Research Corp., Fremont, CA, USA; Lam Research Corp, Fremont, CA, US",2018 IEEE 18th International Conference on Nanotechnology (IEEE-NANO),"27 Jan 2019","2018","","","1","3","Ion decoupled plasma technique with low ion energy have been used to demonstrate conformal shallow junctions of phosphorous with higher than l E20 of dopants for germanium (Ge). Adding antimony (Sb) in plasma-assisted doping was found to enhance the phosphorous (P) dopant level dramatically. Various annealing techniques were compared to understand the impact to dopant activation and levels to form shallow junctions with enhanced P level.","1944-9380","978-1-5386-5336-4","10.1109/NANO.2018.8626237","","https://ieeexplore.ieee.org/stamp/stamp.jsp?arnumber=8626237","","Doping;Junctions;Annealing;Plasmas;Ions;Surface treatment;Germanium","","","","12","IEEE","27 Jan 2019","23-26 July 2018","23-26 July 2018","IEEE","IEEE Conferences"
"Scaling Effect on Device Performance in Graphene Tunnel Field Effect Transitors","S. Suzuki; A. M. M. Hammam; M. E. Schmidt; M. Muruganathan; H. Mizuta","Japan Advanced Institute of Science and Technology, Ishikawa, Japan; Minia University, Minia, Egypt; Japan Advanced Institute of Science and Technology, Ishikawa, Japan; Japan Advanced Institute of Science and Technology, Ishikawa, Japan; Hitachi Cambridge Laboratory, Cambridge, UK",2018 IEEE 18th International Conference on Nanotechnology (IEEE-NANO),"27 Jan 2019","2018","","","1","4","We study the scaling effect on device performance in graphene nanoribbon tunnel field effect transistors (GTFETs) with widths between 0.9 nm and 2.4 nm by nonequilibrium Green function (NEGF) simulation. A remarkable reduction of subthreshold swing (SS) is observed when increasing the channel width from 0.9 nm to 2.4 nm. In case the length of the switching gates is extended for 0.9 nm wide GTFETs, the SS at room temperature decreases due to the reduction of OFF state current. Therefore, by scaling device dimensions while maintaining the potential barrier U(x) at the OFF state, a stable SS is obtained. We show that Eg should be larger than 0.13 eV to achieve the SS <; 60 mV/dec at room temperature.","1944-9380","978-1-5386-5336-4","10.1109/NANO.2018.8626305","","https://ieeexplore.ieee.org/stamp/stamp.jsp?arnumber=8626305","","Logic gates;Photonic band gap;Leakage currents;Tunneling;Switches;Performance evaluation;Temperature dependence","","1","","15","IEEE","27 Jan 2019","23-26 July 2018","23-26 July 2018","IEEE","IEEE Conferences"
"Scanning probe assisted local oxidation nanolithography of CVD grown graphene on Ge(l00)","M. Pea; D. Seta; L. Di Gaspare; V. Miseikis; C. Coletti; A. Notargiacomo","Institute for Photonics and Nanotechnology - CNR, Rome, Italy; Institute for Photonics and Nanotechnology - CNR, Rome, Italy; Department of Science, Università degli Studi Roma TRE, Rome, Italy; IIT, Center for Nanotechnology Innovation @NEST, Pisa, Italy; IIT, Center for Nanotechnology Innovation @NEST, Pisa, Italy; Institute for Photonics and Nanotechnology - CNR, Rome, Italy",2018 IEEE 18th International Conference on Nanotechnology (IEEE-NANO),"27 Jan 2019","2018","","","1","2","We report on the morphological investigation of nanoscale thick patterns obtained by the scanning probe assisted local oxidation technique on graphene layers grown directly on Ge (100) substrates using CVD technique. Protruding mounds and lines are produced by applying a negative voltage to the atomic force microscope probe while translating the probe tip across the sample surface. The main features of the local oxide produced and the differences with respect to similar experiments conducted on Ge or Si samples are presented.","1944-9380","978-1-5386-5336-4","10.1109/NANO.2018.8626395","","https://ieeexplore.ieee.org/stamp/stamp.jsp?arnumber=8626395","","Oxidation;Graphene;Substrates;Probes;Surface morphology;Morphology;Nanotechnology","","","","4","IEEE","27 Jan 2019","23-26 July 2018","23-26 July 2018","IEEE","IEEE Conferences"
"Schottky Barrier Modulation for Electronic Shutter Operation of Si Based IR Photodetector","Y. Ajiki; T. Kan","Department of Mechanical Engineering and Intelligent Systems, The University of Electro-Communications, Tokyo, Japan; Department of Mechanical Engineering and Intelligent Systems, The University of Electro-Communications, Tokyo, Japan",2018 IEEE 18th International Conference on Nanotechnology (IEEE-NANO),"27 Jan 2019","2018","","","1","4","We proposed and verified electronic shutter of a nano-antenna typed infrared photodetector by using Schottky Barrier Height modulation. Optical detection measurement synchronized with the barrier height modulation could be carried out by our proposed method. This method does not require any mechanical shutter so that system can be compact enough to set at the tip of an endoscopy.","1944-9380","978-1-5386-5336-4","10.1109/NANO.2018.8626334","","https://ieeexplore.ieee.org/stamp/stamp.jsp?arnumber=8626334","","Photodetectors;Silicon;Photoconductivity;Frequency modulation;Voltage measurement;Schottky barriers","","1","","11","IEEE","27 Jan 2019","23-26 July 2018","23-26 July 2018","IEEE","IEEE Conferences"
"Self-Assembled InAsP and lnAlAs Nanowires on Graphene Via Pseudo-Van Der Waals Epitaxy","M. A. Baboli; M. A. Slocum; A. Giussani; S. M. Hubbard; P. K. Mohseni","Nanopower Research Laboratory, Rochester Institute of Technology, Rochester, NY, United States; Nanopower Research Laboratory, Rochester Institute of Technology, Rochester, NY, United States; Nanopower Research Laboratory, Rochester Institute of Technology, Rochester, NY, United States; Nanopower Research Laboratory, Rochester Institute of Technology, Rochester, NY, United States; Nanopower Research Laboratory, Rochester Institute of Technology, Rochester, NY, United States",2018 IEEE 18th International Conference on Nanotechnology (IEEE-NANO),"27 Jan 2019","2018","","","1","5","Vertically-aligned, high aspect ratio In InAsyP1-y, InxAl1-xAs, and core-shell InAsP-InP nanowires (NWs) are grown directly on two-dimensional (2-D) monolayer graphene via seed-free pseudo-van der Waals epitaxy (vdWE), as reported here for the first time. Growth is achieved using metalorganic chemical vapor deposition (MOCVD). By altering growth temperature and molar flow ratio of precursors, the composition Of InAsyP1-y NWs can be tuned within the 1 ≤ y ≤ 0.8 range. Similarly, by tuning the group-III precursor flow rates, InxAl1-x As composition can be modified in the range. NW morphology and NW array number density variances are measured for different ternary compositions as functions of precursor flow rates and growth temperature.","1944-9380","978-1-5386-5336-4","10.1109/NANO.2018.8626308","","https://ieeexplore.ieee.org/stamp/stamp.jsp?arnumber=8626308","","Graphene;Indium compounds;Solids;Temperature measurement;Morphology;Self-assembly;MOCVD","","","","15","IEEE","27 Jan 2019","23-26 July 2018","23-26 July 2018","IEEE","IEEE Conferences"
"Semiconducting Carbon Nanotube Schottky Diode and Integrated Circuit Applications","Y. Lee; B. Choi; J. Yoon; J. Park; Y. Kim; H. B. Yoo; J. T. Jang; G. Ahn; H. R. Yu; H. -J. Kim; D. H. Kim; D. M. Kim; S. Kim; S. -J. Choi","School of Electrical Engineering, Kookmin University, Seoul, Korea; School of Electrical Engineering, Kookmin University, Seoul, Korea; School of Electrical Engineering, Kookmin University, Seoul, Korea; School of Electrical Engineering, Kookmin University, Seoul, Korea; School of Electrical Engineering, Kookmin University, Seoul, Korea; School of Electrical Engineering, Kookmin University, Seoul, Korea; School of Electrical Engineering, Kookmin University, Seoul, Korea; School of Electrical Engineering, Kookmin University, Seoul, Korea; School of Electrical Engineering, Kookmin University, Seoul, Korea; School of Electrical Engineering, Kookmin University, Seoul, Korea; School of Electrical Engineering, Kookmin University, Seoul, Korea; School of Electrical Engineering, Kookmin University, Seoul, Korea; Department of Electrical Engineering, Sejong University, Seoul, Korea; School of Electrical Engineering, Kookmin University, Seoul, Korea",2018 IEEE 18th International Conference on Nanotechnology (IEEE-NANO),"27 Jan 2019","2018","","","1","3","A new type of a Schottky diode based on a 99% semiconducting carbon nanotube (CNT) percolated network is demonstrated. The fabricated CNT Schottky diode shows excellent rectifying characteristics which are significantly modulated by the embedded control gate bias. In addition, we present integrated circuit applications of digital logic circuits (OR and AND gates) and an analog circuit (half-wave rectifier) with the fabricated CNT Schottky diode. The circuits show an accurate logic function and excellent rectification. Thus, we believe that our results represent an important step toward realizing circuits based on CNTs.","1944-9380","978-1-5386-5336-4","10.1109/NANO.2018.8626370","","https://ieeexplore.ieee.org/stamp/stamp.jsp?arnumber=8626370","","Schottky diodes;Logic gates;Silicon;Cathodes;Carbon nanotubes","","","","12","IEEE","27 Jan 2019","23-26 July 2018","23-26 July 2018","IEEE","IEEE Conferences"
"Silicon Membranes for Nanophononics","A. Varpula; A. Shchepetov; K. Grigoras; J. Hassel; M. Prunnila; J. Ahopelto","VTT Technical Research Centre of Finland Ltd, Finland; VTT Technical Research Centre of Finland Ltd, Finland; VTT Technical Research Centre of Finland Ltd, Finland; VTT Technical Research Centre of Finland Ltd, Finland; VTT Technical Research Centre of Finland Ltd, Finland; VTT Technical Research Centre of Finland Ltd, Finland",2018 IEEE 18th International Conference on Nanotechnology (IEEE-NANO),"27 Jan 2019","2018","","","420","425","The highly reduced thermal conductivity arising from confinement of acoustic phonons and enhanced phonon scattering in ultra-thin freestanding silicon membranes enables fabrication of sensitive thermal thermoelectric detectors. The devices show very low noise equivalent power of 13 pW/ Hz 1/2 and relatively fast operation. By optimizing the structure and electrical properties of the detector, the operation can approach the temperature fluctuation limit.","1944-9380","978-1-5386-5336-4","10.1109/NANO.2018.8626348","","https://ieeexplore.ieee.org/stamp/stamp.jsp?arnumber=8626348","","Silicon;Biomembranes;Phonons;Detectors;Thermal conductivity;Conductivity;Nanoscale devices","","","","12","IEEE","27 Jan 2019","23-26 July 2018","23-26 July 2018","IEEE","IEEE Conferences"
"Simulation of Enhanced Exciton Diffusion in Organic Solar Cells with Phosphorescent Sensitizers","J. Popp; W. Kaiser; A. Gagliardi","Department of Electrical and Computer Engineering, Technical University of Munich, Munich, Germany; Department of Electrical and Computer Engineering, Technical University of Munich, Munich, Germany; Department of Electrical and Computer Engineering, Technical University of Munich, Munich, Germany",2018 IEEE 18th International Conference on Nanotechnology (IEEE-NANO),"27 Jan 2019","2018","","","420","425","Organic solar cells exhibit unique properties such as light-weight, flexibility and solution processability. A major disadvantage in comparison with inorganic solar cells is the low power conversion efficiency (PCE) due to low exciton diffusion lengths and high recombination losses. Bulk-heterojunction (BHJ) solar cells have been utilized to maximize the excitonic yield using an optimized morphology with the cost of a large interface area. This complex morphology causes a high charge recombination and strong local variations in the morphology. In this work, we investigate the impact of phosphorescent sensitizers on the PCE for organic solar cells. Phosphorescent sensitizers convert short-lifetime singlet into long-lifetime triplet excitons and have been shown to enhance the effective lifetime and diffusion length. We study the impact of the sensitizer concentration on bilayer solar cells as an alternative method to tailoring efficiency with a minimum donor-acceptor interface.","1944-9380","978-1-5386-5336-4","10.1109/NANO.2018.8626281","","https://ieeexplore.ieee.org/stamp/stamp.jsp?arnumber=8626281","organic solar cells;kinetic Monte Carlo;triplet excitons;phosphorescent sensitizers","Excitons;Photovoltaic cells;Morphology;Optical sensors;Organic materials;Absorption","","","","15","IEEE","27 Jan 2019","23-26 July 2018","23-26 July 2018","IEEE","IEEE Conferences"
"Simulation Studies of Nanostructured Thermoelectric Materials","N. Neophytou; S. Foster; V. Vargiamaidis; D. Chakraborty; L. Oliveira; C. Kumarasinghe; M. Thesberg","School of Engineering, University of Warwick, UK; School of Engineering, University of Warwick, UK; School of Engineering, University of Warwick, UK; School of Engineering, University of Warwick, UK; School of Engineering, University of Warwick, UK; School of Engineering, University of Warwick, UK; Technical University of Vienna, Vienna, TU Wien, Austria",2018 IEEE 18th International Conference on Nanotechnology (IEEE-NANO),"27 Jan 2019","2018","","","420","425","In this work we use modelling and simulation to investigate directions in achieving large thermoelectric figure of merit ZT in hierarchically nanostructured materials. To this end we explore both reduction of thermal conductivity and improvement of the power factor. We employ a series of models and computational techniques, from analytical models to fully quantum mechanical non-equilibrium Green's function simulations and to large scale Monte Carlo simulations. We show that nanostructuring across different length scales, which can drastically reduce the thermal conductivity of thermoelectric materials, can also be designed to retain, or even improve the power factor.","1944-9380","978-1-5386-5336-4","10.1109/NANO.2018.8626378","","https://ieeexplore.ieee.org/stamp/stamp.jsp?arnumber=8626378","","Reactive power;Nanostructured materials;Geometry;Superlattices;Conductivity;Thermal conductivity;Nickel","","1","","9","IEEE","27 Jan 2019","23-26 July 2018","23-26 July 2018","IEEE","IEEE Conferences"
"Simulation Studies on ZnO Nanoparticle Based FET Device for Possible Biosensing Applications","U. Barman; N. Goswami; S. S. Ghosh; R. P. Paily","Centre for Nanotechnology, Indian Institute of Technology Guwahati, India; Centre for Nanotechnology, Indian Institute of Technology Guwahati, India; Department of Biosciences and Bioengineering, Indian Institute of Technology Guwahati, India; Department of Electronics and Electrical Engineering, Indian Institute of Technology Guwahati, India",2018 IEEE 18th International Conference on Nanotechnology (IEEE-NANO),"27 Jan 2019","2018","","","420","425","In this paper, a Field Effect Transistor (FET) having ZnO nanoparticles as the channel layer is simulated and proposed for possible biosensing applications. Based on simulations carried out using device simulation tool COGENDA TCAD, performance analysis in terms of threshold voltage, subthreshold slope, transconductance and on-off current ratio is measured. The structure under investigation is a bottom-gate FET device. The drain current flowing through the channel is controlled by the external potential applied at the gate terminal. The channel acts as a chemiresistive channel, whose conductivity changes on being electrostatically bound to certain biomolecule or protein. Based on its positive zeta potential, the electrostatic affinity of ZnO nanoparticles with certain proteins can be employed for specific detection of that protein. In addition, the simulated ZnO nanoparticles based FET device has dimensions favorable to be used as a biosensor along with scope of miniaturization. Hence, it can be stated that the proposed FET will be of great promise for future nanobiosensors, and if realized by proper fabrication, it may outperform the conventional sensors already in use for detection of biomolecules as well as for theranostic applications.","1944-9380","978-1-5386-5336-4","10.1109/NANO.2018.8626415","","https://ieeexplore.ieee.org/stamp/stamp.jsp?arnumber=8626415","","Zinc oxide;II-VI semiconductor materials;Nanoparticles;Proteins;Logic gates;Field effect transistors;Threshold voltage","","","","10","IEEE","27 Jan 2019","23-26 July 2018","23-26 July 2018","IEEE","IEEE Conferences"
"An Improved Model for Acoustic Particle Concentration - A Case Study in Piezo-Tubes","A. Kale; N. Li; A. Stevenson","Department of Chemical Engineering and Biotechnology, University of Cambridge, Cambridge, United Kingdom; Department of Chemical Engineering and Biotechnology, University of Cambridge, Cambridge, United Kingdom; Department of Chemical Engineering and Biotechnology, University of Cambridge, Cambridge, United Kingdom",2018 IEEE 18th International Conference on Nanotechnology (IEEE-NANO),"27 Jan 2019","2018","","","420","425","Acoustic concentration of target species inside fluidic media has gained attention as a pre-concentration step for improving the performance of several downstream applications. Majority of the existing literature on simulations of this phenomenon focuses upon a point particle assumption which states that the acoustic field responsible for concentration is unaffected by the particles treated as points in a liquid continuum. In reality, a non-zero volume occupied by the concentrating particles increasingly perturbs the local acoustic fields. This modifies the subsequent concentration process, thereby indicating a dynamic bi-directional coupling between the same and the driving acoustic fields. This paper demonstrates a novel finite element model that considers such a coupling for the first time. Acoustic concentration of latex beads inside a radially polarised piezoceramic tube filled with water is analysed as a proof of concept. By modelling the solid-liquid system as a mixture characterised by a particle volume fraction, and correlating the effective mixture properties with the acoustic fields, we show that the model is a substantial improvement over the point-particle approach. We conclude by discussing the further improvements possible in this model and potential applications where it can be implemented.","1944-9380","978-1-5386-5336-4","10.1109/NANO.2018.8626412","","https://ieeexplore.ieee.org/stamp/stamp.jsp?arnumber=8626412","Piezoceramic tube;Acoustic;Concentration;Particles;Finite element model;Bi-directional coupling","Acoustics;Mathematical model;Electron tubes;Liquids;Piezoelectric polarization;Solid modeling;Force","","","","19","IEEE","27 Jan 2019","23-26 July 2018","23-26 July 2018","IEEE","IEEE Conferences"
"Single Silicon Nanowire SERS Probes for Highly Localized Optical pH Sensing","A. Moeinian; A. Djaberi; M. Goncalvez; O. H. Wittekindt; S. Strehle","Institute of Electronic Devices and Circuits, Ulm University, Ulm, Germany; Institute of Electronic Devices and Circuits, Ulm University, Ulm, Germany; Institute of Experimental Physics, Ulm University, Ulm, Germany; Institute of General Physiology, Ulm University, Ulm, Germany; Institute of Electronic Devices and Circuits, Ulm University, Ulm, Germany",2018 IEEE 18th International Conference on Nanotechnology (IEEE-NANO),"27 Jan 2019","2018","","","420","425","The field of Surface Enhanced Raman Spectroscopy (SERS) was under intense research in the past few decades. Although the basic principles and fundamentals of SERS were studied extensively, scaling down of SERS probe sizes and the use of nanowires in miniaturized SERS devices was hardly explored so far. In this work, the implementation of single silicon nanowires as carrier substrates for plasmonic SERS structures is presented as a possibility to assemble nanoscale probe sizes. Furthermore, highly localized pH measurements are presented using single SERS nanowire probes, functionalized with molecules that are responsive to the pH of the environment.","1944-9380","978-1-5386-5336-4","10.1109/NANO.2018.8626299","","https://ieeexplore.ieee.org/stamp/stamp.jsp?arnumber=8626299","","Silicon;Silver;Vibrations;Probes;Substrates;Raman scattering;Nanoscale devices","","","","3","IEEE","27 Jan 2019","23-26 July 2018","23-26 July 2018","IEEE","IEEE Conferences"
"Spectral Photoresponse Tunability of MgZnO Based UV Photodetectors","R. Bhardwaj; B. Mandal; M. A. Khan; Aaryashree; A. Kumar; S. Mukherjee","Indian Institute of Technology Indore, Indore, Madhya Pradesh, IN; Indian Institute of Technology Indore, Indore, Madhya Pradesh, IN; Indian Institute of Technology Indore, Indore, Madhya Pradesh, IN; Indian Institute of Technology Indore, Indore, Madhya Pradesh, IN; Indian Institute of Technology Indore, Indore, Madhya Pradesh, IN; Indian Institute of Technology Indore, Indore, Madhya Pradesh, IN",2018 IEEE 18th International Conference on Nanotechnology (IEEE-NANO),"31 Jan 2019","2018","","","420","425","This work reports the spectral photoresponse tunability of MgZnO (MZO) based Ultraviolet (UV) photodetector fabricated using dual ion beam sputtering (DIBS). The photoresponse behavior changes as the cut-off wavelength of fabricated photodetectors decreases with increase in Mg concentration from 5 to 20 %. The fabricated photodetectors are also probed for temporal response and noise measurements. Therefore, this work is important in terms of predicting the behavioral performance of MZO based UV photodetectors with varied Mg concentration grown by DIBS system as one of the possible option to fabricate cost-effective and large area MZO based UV-Photodetectors.","1944-9380","978-1-5386-5336-4","10.1109/NANO.2018.8626417","","https://ieeexplore.ieee.org/stamp/stamp.jsp?arnumber=8626417","","Photodetectors;Films;Conductivity;Photonic band gap;Ion beams;Sputtering;Zinc oxide","","","","8","IEEE","31 Jan 2019","23-26 July 2018","23-26 July 2018","IEEE","IEEE Conferences"
"Stick Diagram Representation for Nanomagnetic Logic Based Combinational Circuits","N. Oraon; M. Rao","International Institute of Information Technology - Banzalore, Bangalore, India; International Institute of Information Technology - Banzalore, Bangalore, India",2018 IEEE 18th International Conference on Nanotechnology (IEEE-NANO),"27 Jan 2019","2018","","","420","425","Nanomagnetic logic (NML) is considered as the most promising post CMOS technology to realize system on chip (SoC) applications. In NML, the magnetostatic interactions evolve to a domain orientation, which is viewed as a logical level. The NML is based on the single domain behavior of the dots, and combinational circuits are realized by arranging the dots in ferromagnetic and antiferromagnetic order in a plane. Stick diagram in CMOS technology not only provides topographical and mask layer information, but also presents a quick footprint estimation of the designed subsystem. In this paper, ML based full adder circuit is designed in OOMMF, a micromagnetic simulation tool, and stick diagram representation for NML technology is proposed to design higher order digital subsystem.","1944-9380","978-1-5386-5336-4","10.1109/NANO.2018.8626369","","https://ieeexplore.ieee.org/stamp/stamp.jsp?arnumber=8626369","adder;stick diagram;layout;magnetic logic device;nanomagnets","Adders;Magnetic domains;Magnetic circuits;Perpendicular magnetic anisotropy;Logic gates;Magnetic switching","","1","","13","IEEE","27 Jan 2019","23-26 July 2018","23-26 July 2018","IEEE","IEEE Conferences"
"Strongly Electronic-Correlated Material for Ultrafast Electronics Application","O. M. Ishchenko; F. Hamouda; P. Aubert; O. Tandia; M. Modreanu; D. I. Sharovarov; F. Y. Akbar; A. R. Kaul; G. Garry","TE-OX, Orsay, France; Université Paris-Saclay, Orsay, C2N, France; Université Paris-Saclay, Orsay, C2N, France; TE-OX, Orsay, France; Tyndall National Institute-University College Cork, Ireland; Lomonosov Moscow State University, Moscow, Russia; Lomonosov Moscow State University, Moscow, Russia; Lomonosov Moscow State University, Moscow, Russia; TE-OX, Orsay, France",2018 IEEE 18th International Conference on Nanotechnology (IEEE-NANO),"27 Jan 2019","2018","","","420","425","Strongly electronic-correlated material as VO2 has been investigated for ultrafast electronic applications due to their rapid and reversible Metal-Insulator transition. In this paper we report the design, simulation and fabrication of VO2-based RF-switches in two configurations (shunt and series). In order to achieve this goal thin layers of VO2 have been integrated with coplanar waveguides for the fabrication of microwave switches with thermally activated ON/OFF states. The MOCVD VO2 films were grown on sapphire substrates and have been characterized by XRD, AFM and Raman spectroscopy. The modeling and simulation results have been found to be in good agreement with the experimental RF measurements.","1944-9380","978-1-5386-5336-4","10.1109/NANO.2018.8626322","","https://ieeexplore.ieee.org/stamp/stamp.jsp?arnumber=8626322","","Films;Temperature measurement;Optical switches;Fabrication;Substrates;Insertion loss;Microwave measurement","","1","","10","IEEE","27 Jan 2019","23-26 July 2018","23-26 July 2018","IEEE","IEEE Conferences"
"Study of Strain Effects on Graphene Nanoribbon FETs Using Quasi-ballistic Transport Model","G. S. Kliros","Department of Aeronautical Sciences, Hellenic Air-Force Academy, Attica, Greece",2018 IEEE 18th International Conference on Nanotechnology (IEEE-NANO),"27 Jan 2019","2018","","","420","425","In the present work, the effects of uniaxial strain on the characteristics and performance metrics of armchair graphene nanoribbon (AGNR)-FETs are investigated utilizing an analytical quasi-ballistic transport model which accounts for several finite-size and edge effects. The model leads to an explicit expression for the current-voltage characteristics of the device with only two fitting parameters and is verified by atomistic quantum simulations. Gate capacitance, intrinsic cutoff frequency, on/off drain-current ratio and power-delay product under strain applied to the three distinct families of AGNRs, are calculated. Our study can provide some insights and guidance for strain engineering of GNR-based FETs.","1944-9380","978-1-5386-5336-4","10.1109/NANO.2018.8626283","","https://ieeexplore.ieee.org/stamp/stamp.jsp?arnumber=8626283","","Logic gates;Quantum capacitance;Photonic band gap;Graphene;Uniaxial strain","","1","","10","IEEE","27 Jan 2019","23-26 July 2018","23-26 July 2018","IEEE","IEEE Conferences"
"Sub Kilovolt Electrostatic Elastomer Actuator with Silver Nanowire Electrodes","S. Schierle; N. Straub; P. Woias; F. GoldschmidtbÖing","Department of Microsystems Engineering - IMTEK, University of Freiburg, Germany; Department of Microsystems Engineering - IMTEK, University of Freiburg, Germany; Department of Microsystems Engineering - IMTEK, University of Freiburg, Germany; Department of Microsystems Engineering - IMTEK, University of Freiburg, Germany",2018 IEEE 18th International Conference on Nanotechnology (IEEE-NANO),"27 Jan 2019","2018","","","420","425","Silver nanowires are used as a flexible electrode material on the elastic PDMS membrane of an electrostatic membrane actuator. The actuator system is designed in a modular way to promote a facile investigation of the influence of varying design parameters. Parameter simulations have been performed to achieve a high membrane center displacement at low applied voltages, compared to literature. The design properties were tested and verified in first experiments showing a membrane center displacement of over 100 μm at voltages above 4 kV [7].","1944-9380","978-1-5386-5336-4","10.1109/NANO.2018.8626354","","https://ieeexplore.ieee.org/stamp/stamp.jsp?arnumber=8626354","","Actuators;Electrodes;Steel;Young's modulus;Micromechanical devices;Displacement measurement;Electrostatics","","1","","9","IEEE","27 Jan 2019","23-26 July 2018","23-26 July 2018","IEEE","IEEE Conferences"
"Substrate Temperature and Bias Voltage Dependent Properties of Sputtered AlN Thin Films for BAW Applications","M. Schneider; J. Weißenbach; U. Schmid","Institute of Sensor and Actuator Systems, Vienna, Austria; Institute of Sensor and Actuator Systems, Vienna, Austria; Institute of Sensor and Actuator Systems, Vienna, Austria",2018 IEEE 18th International Conference on Nanotechnology (IEEE-NANO),"27 Jan 2019","2018","","","420","425","We investigated the influence of substrate temperature and biasing during reactive DC magnetron sputter deposition on the properties of aluminum nitride thin films for bulk acoustic wave applications. We demonstrate that higher substrate temperatures of up to 400°C result in thin films with improved crystallographic properties and smoother surfaces. In addition, the application of increased bias voltage levels during deposition allow to tailor the film stress over a wide range.","1944-9380","978-1-5386-5336-4","10.1109/NANO.2018.8626332","","https://ieeexplore.ieee.org/stamp/stamp.jsp?arnumber=8626332","","Substrates;Aluminum nitride;III-V semiconductor materials;Temperature measurement;Surface morphology;Surface treatment;Stress","","1","","9","IEEE","27 Jan 2019","23-26 July 2018","23-26 July 2018","IEEE","IEEE Conferences"
"Surface Plasmon Resonance Induced Photothermal Lysis of the Cell","J. D. Gordon; D. Zerulla","UCD School of Physics, Dublin, Ireland; UCD School of Physics, Dublin, Ireland",2018 IEEE 18th International Conference on Nanotechnology (IEEE-NANO),"27 Jan 2019","2018","","","420","425","Cell Lysis is the imperative first step towards obtaining the intracellular contents, which hold valuable genetic and pathogenic information. The process must be carried out with extreme care to avoid damaging or altering the cell contents or indeed test conditions. As the resulting clinical information is so important, it is an intensively researched topic. Here we examine the resulting photothermal effects when a human cell in aqueous solution is brought in contact with the nobel metal film of a Kretschmann-configuration Surface Plasmon Resonance setup. This specifically targets cells of refractive index in a known desired range, activating only when the target species comes in contact with the metal film and only while possessing the correct refractive index. Depending on the desired application, this can then denature the thin cell membrane, while also generating isotropically scattered transmission light from the radiatively-decaying plasmon, which is useful for signalling. Furthermore, with simple laser intensity, selective cellular necrosis may be induced. We apply the technique specifically towards the Plasmodium falciparum-infected red blood cells.","1944-9380","978-1-5386-5336-4","10.1109/NANO.2018.8626267","","https://ieeexplore.ieee.org/stamp/stamp.jsp?arnumber=8626267","","Refractive index;Plasmons;Red blood cells;Optical surface waves;Microfluidics;Silver","","","","7","IEEE","27 Jan 2019","23-26 July 2018","23-26 July 2018","IEEE","IEEE Conferences"
"Suppression of CU2ZnSnS4 Nanoparticle Based Film's Decomposition During the Selenization","K. Moriuchi; S. Taki; A. Uruno; M. Kobayashi","Department of Electrical Engineering and Bioscience, Waseda University, Tokyo, Japan; Department of Electrical Engineering and Bioscience, Waseda University, Tokyo, Japan; Department of Electrical Engineering and Bioscience, Waseda University, Tokyo, Japan; Kagami Memorial Research Institute for Materials Science and Technology, Waseda University, Tokyo, Japan",2018 IEEE 18th International Conference on Nanotechnology (IEEE-NANO),"27 Jan 2019","2018","","","420","425","Cu2ZnSnS4(CZTS) nanoparticles were prepared by the ball milling method, and CZTS layers were annealed under the Se vapor (selenization) to form CU2ZnSn(S,Se)4 (CZTSSe) thin films. It was confirmed that the desorption of elements from the layer was occurred during the selenization. The suppression of the by-product formation was attempted by Se + Sn vapor or Se + S vapor supply during the selenization. In case of Se + Sn vapor supply, it was confirmed that the annealing temperature and the positioning of materials were import parameters. In case of Se + S vapor supply, the suppression of the by-product formation was achieved but the ratio between Se and S of CZTSSe was also affected.","1944-9380","978-1-5386-5336-4","10.1109/NANO.2018.8626219","","https://ieeexplore.ieee.org/stamp/stamp.jsp?arnumber=8626219","","Annealing;X-ray scattering;Powders;Raman scattering;Nanoparticles;Temperature measurement;Photovoltaic cells","","","","11","IEEE","27 Jan 2019","23-26 July 2018","23-26 July 2018","IEEE","IEEE Conferences"
"Memristor-Based Synaptic Sampling Machines","I. Dolzhikova; K. Salama; V. Kizheppatt; A. James","Nazarbavev Universitv, Astana, Kazakhstan; King Abdullah University of Science and Technology, Thuwal, Makkah, Saudi Arabia; Nazarbavev Universitv, Astana, Kazakhstan; Nazarbavev Universitv, Astana, Kazakhstan",2018 IEEE 18th International Conference on Nanotechnology (IEEE-NANO),"27 Jan 2019","2018","","","420","425","Synaptic Sampling Machine (SSM) is a type of neural network model that considers biological unreliability of the synapses. We propose the circuit design of the SSM neural network which is realized through the memristive-CMOS crossbar structure with the synaptic sampling cell (SSC) being used as a basic stochastic unit. The increase in the edge computing devices in the Internet of things era, drives the need for hardware acceleration for data processing and computing. The computational considerations of the processing speed and possibility for the real-time realization pushes the synaptic sampling algorithm that demonstrated promising results on software for hardware implementation.","1944-9380","978-1-5386-5336-4","10.1109/NANO.2018.8626382","","https://ieeexplore.ieee.org/stamp/stamp.jsp?arnumber=8626382","","Synapses;Computer architecture;Stochastic processes;Neurons;Biological neural networks;Memristors;Microprocessors","","2","","18","IEEE","27 Jan 2019","23-26 July 2018","23-26 July 2018","IEEE","IEEE Conferences"
"Synchronization of Clocked Field-Coupled Circuits","F. S. Torres; M. Walter; R. Wille; D. Große; R. Drechsler","Group of Computer Architecture, University of Bremen, Germany; Group of Computer Architecture, University of Bremen, Germany; Inst. of Integrated Circuits, Johannes Kepler University, Linz, Austria; Group of Computer Architecture, University of Bremen, Germany; Group of Computer Architecture, University of Bremen, Germany",2018 IEEE 18th International Conference on Nanotechnology (IEEE-NANO),"27 Jan 2019","2018","","","1","5","Proper synchronization in clocked Field-Coupled Nanocomputing (FCN) circuits is a fundamental problem. In this work, we show for the first time that global synchronicity is not a mandatory requirement in clocked FCN designs and discuss the considerable restrictions that global synchronicity presents for sequential and large-scale designs. Furthermore, we propose a solution that circumvents design restrictions due to synchronization requirements and present a novel RS-latch.","1944-9380","978-1-5386-5336-4","10.1109/NANO.2018.8626294","","https://ieeexplore.ieee.org/stamp/stamp.jsp?arnumber=8626294","","Clocks;Latches;Synchronization;Sequential circuits;Wires;Computer architecture;Throughput","","14","","13","IEEE","27 Jan 2019","23-26 July 2018","23-26 July 2018","IEEE","IEEE Conferences"
"Synthesis and characterization of tungsten oxide electrochromic thin films","Y. Zhen; T. Gao; B. P. Jelle","Department of Civil and Environmental Engineering, Norwegian University of Science and Technology (NTNU), Trondheim, Norway; Norges teknisk-naturvitenskapelige universitet, Trondheim, NO; Department of Civil and Environmental Engineering, Norwegian University of Science and Technology (NTNU), Trondheim, Norway",2018 IEEE 18th International Conference on Nanotechnology (IEEE-NANO),"27 Jan 2019","2018","","","1","4","A radio frequency sputtering method was utilized and developed for tungsten oxide film preparation. The thickness of tungsten oxide film can be controlled at nano scale. Tungsten oxide thin films with thickness of ~36 nm was prepared and investigated. The morphologies and microstructures of the as-prepared tungsten oxide thin films were characterized using X-ray diffraction, scanning electron microscopy, and Flourier transform infrared spectroscopy. Tungsten oxide films utilized in the laboratory changed color from colorless to blue during electrochemical cycles, showing a potential for assembling electrochromic smart windows to modulate the transmitted solar radiations.","1944-9380","978-1-5386-5336-4","10.1109/NANO.2018.8626293","","https://ieeexplore.ieee.org/stamp/stamp.jsp?arnumber=8626293","","Heat treatment;Indium tin oxide;Glass;Tungsten;Electric potential;Color","","2","","8","IEEE","27 Jan 2019","23-26 July 2018","23-26 July 2018","IEEE","IEEE Conferences"
"Phase Controlled Intermetallic Platinum tin Nanoparticles in Seeded Growth Synthesis for Catalytic Applications","A. Erdt; C. Gutsche; J. Parisi; H. Borchert; J. Kolny-Olesiak","Energy and Semiconductor Research Laboratory, University of Oldenburg, Germany; Energy and Semiconductor Research Laboratory, University of Oldenburg, Germany; Energy and Semiconductor Research Laboratory, University of Oldenburg, Germany; Energy and Semiconductor Research Laboratory, University of Oldenburg, Germany; Energy and Semiconductor Research Laboratory, University of Oldenburg, Germany",2018 IEEE 18th International Conference on Nanotechnology (IEEE-NANO),"27 Jan 2019","2018","","","420","425","Here we present platinum-tin nanoparticles, which were obtained by sequential reduction. First monometallic platinum particles are prepared by reduction of plati-num(IV)chloride with tetrabutylammonium borohydride in toluene at room temperature with dodecylamine as a stabilizer. In the presence of these as-prepared particles, we reduce various amounts of bis[bis(trimethylsilyl)amino]tin(II) with diisobutylaluminum hydride. Depending on the amount of bis[bis(trimethylsilyl)amino]tin(II), we obtain different intermetallic platinum-tin phases like PtSn and PtSn2 as well as PtSn4 nanocrystals. Especially tin-rich particles provide an interesting surface structure for potential catalytic application. All particles were characterized by transmission electron microscopy (TEM), high-resolution transmission electron microscopy (HRTEM), energy-dispersive x-ray spectroscopy (EDX), and powder x-ray diffraction (XRD).","1944-9380","978-1-5386-5336-4","10.1109/NANO.2018.8626388","","https://ieeexplore.ieee.org/stamp/stamp.jsp?arnumber=8626388","","Tin;Platinum;X-ray scattering;Intermetallic;Nanocrystals","","","","24","IEEE","27 Jan 2019","23-26 July 2018","23-26 July 2018","IEEE","IEEE Conferences"
"Synthesis of Compact Crossbars for in-Memory Computing using Dynamic FBDDs","A. U. Hassen; S. A. Khokhar; B. Amin","CECS Department, University of Central Florida, Orlando, FL, USA; CECS Department, University of Central Florida, Orlando, FL, USA; Department of Electrical and Electronics Engineering, NUIG, Galway, Ireland",2018 IEEE 18th International Conference on Nanotechnology (IEEE-NANO),"27 Jan 2019","2018","","","1","4","Computer-aided synthesis benefits from algorithms that are capable of designing compact circuits. This paper is an attempt to improve area and time efficiency of crossbars synthesized using Free Binary Decision Diagrams (FBDDs). We report 13.7% and 6.2% improvement in area and time requirements of multiplier crossbars synthesized using FBDDs. We have used Dynamic Weight Heuristic (DWH) to make FBDDs more compact than the previous approach. Our approach is not multiplier specific; we have found it to perform better than the previous FBDD based synthesis for other RevLib benchmarks as well.","1944-9380","978-1-5386-5336-4","10.1109/NANO.2018.8626401","","https://ieeexplore.ieee.org/stamp/stamp.jsp?arnumber=8626401","Binary Decision Diagrams;BDD;in-memory computing;sneak paths;FBDD;CAD;crossbars;memristors","Memristors;Boolean functions;Bars;Resistance;Logic gates;Binary decision diagrams","","2","","20","IEEE","27 Jan 2019","23-26 July 2018","23-26 July 2018","IEEE","IEEE Conferences"
"The Electrical Performances of Monolayer MoS2-Based Transistors Under Ultra-Low Temperature","S. Mengxing; X. Dan; S. Yilin; L. Weiwei; R. Tianling","Institute of Microelectronics, Tsinghua University, Beijing, CHINA; Institute of Microelectronics, Tsinghua University, Beijing, CHINA; Institute of Microelectronics, Tsinghua University, Beijing, CHINA; Institute of Microelectronics, Tsinghua University, Beijing, CHINA; Institute of Microelectronics, Tsinghua University, Beijing, CHINA",2018 IEEE 18th International Conference on Nanotechnology (IEEE-NANO),"27 Jan 2019","2018","","","420","425","The Schottky barrier between 2D materials and metal always play an important role in the determination of the electrical and optical properties of the transistors. In this work, the Schottky barrier between Monolayer MoS2 and Cr has been carefully investigated under different temperature. The Schottky barrier height of MoS2 and Cr is calculated to be 0.189 eV under room temperature. As the temperature decreases, the contact resistance between MoS2 and Cr increases according to the output curves. The change mechanism is further analyzed using the photoluminescence spectrum under different temperatures. This work investigates the electronic and optical characteristics of MoS2-based FET under low temperature and provides guidance for better designing the layered transition-metal-dichalcogenides based devices.","1944-9380","978-1-5386-5336-4","10.1109/NANO.2018.8626383","","https://ieeexplore.ieee.org/stamp/stamp.jsp?arnumber=8626383","","Molybdenum;Sulfur;Schottky barriers;Temperature;Transistors;Temperature dependence;Metals","","","","15","IEEE","27 Jan 2019","23-26 July 2018","23-26 July 2018","IEEE","IEEE Conferences"
"Theoretical and Numerical Investigations on a Silicon-based MEMS Chevron type thermal actuator","M. H. Ziko; A. Koel","Thomas Johann Seebeck Department of Electronics, Tallinn University of Technology, Tallinn, Estonia; Thomas Johann Seebeck Department of Electronics, Tallinn University of Technology, Tallinn, Estonia",2018 IEEE 18th International Conference on Nanotechnology (IEEE-NANO),"27 Jan 2019","2018","","","1","5","This work aims to understand the thermo-electromechanical behaviour of a silicon-based, chevron type thermal actuator (TA) in microelectromechanical systems (MEMS). The analysis presents simple analytical and numerical models of the chevron type thermal actuator (CTA). The analytical models are compared with the results of finite element models (FEM) to optimise the TA design parameters and validate thermo-electromechanical analysis. Moreover, analytical models for deflection allow for a much easier optimisation and more straightforward design process than with the finite element approach. Since the deflection of chevron thermal actuators depends on many variables, design guidelines are introduced to create an optimum, efficient chevron thermal actuator for the desired deflection under a specified external load. This study shows that the CT A-optimised beam length is 2000 μm and optimised inclination is 5°. Chevron type TA deflection will be 50% less for higher inclination angles greater than those between 5°-10°. The minimum voltage required for the displacement of 3.5 μm is 3.3 V and a power consumption of approximately 3 mW was obtained from this study. This optimised design and thermo-electromechanical analysis can be used to design and investigate the high switching response in a silicon-based chevron type TA.","1944-9380","978-1-5386-5336-4","10.1109/NANO.2018.8626366","","https://ieeexplore.ieee.org/stamp/stamp.jsp?arnumber=8626366","","Actuators;Structural beams;Finite element analysis;Thermal loading;Heating systems;Thermal analysis;Heat transfer","","6","","8","IEEE","27 Jan 2019","23-26 July 2018","23-26 July 2018","IEEE","IEEE Conferences"
"Atomistic analysis of localisation and band mixing effects in Gel-ϰC,Sn)ϰ group-IV alloys","C. A. Broderick; M. D. Dunne; D. S. P. Tanner; A. C. Kirwanv; E. J. O'Halloranl; S. Schulz; E. P. O'Reilly","Lee Maltings, Tyndall National Institute, Dyke Parade, Cork, Ireland; Lee Maltings, Tyndall National Institute, Dyke Parade, Cork, Ireland; Lee Maltings, Tyndall National Institute, Dyke Parade, Cork, Ireland; Lee Maltings, Tyndall National Institute, Dyke Parade, Cork, Ireland; Lee Maltings, Tyndall National Institute, Dyke Parade, Cork, Ireland; Lee Maltings, Tyndall National Institute, Dyke Parade, Cork, Ireland; Lee Maltings, Tyndall National Institute, Dyke Parade, Cork, Ireland",2018 IEEE 18th International Conference on Nanotechnology (IEEE-NANO),"27 Jan 2019","2018","","","1","4","We present a theoretical analysis of the electronic structure of the group-IV alloys Ge1-x(C,Sn)x. Our analysis is based on a semi-empirical tight-binding model, parametrised via hybrid density functional theory calculations. Using atomistic alloy supercell calculations we identify and quantify the respective roles played by C-related localised impurity states and Sn-induced band mixing in determining the nature of the indirect- to direct-gap transition in Ge1-xCx and Ge1-xSnx. For exemplar calculations on 64-atom Ge63(C,Sn) (x=1.56%) supercells we derive and parametrise model Hamiltonians which provide quantitative and physically transparent descriptions of these localisation and band mixing mechanisms, and comment on the implications of the Ge1-x(C2Sn)x alloy band structure for technologically relevant material properties.","1944-9380","978-1-5386-5336-4","10.1109/NANO.2018.8626255","","https://ieeexplore.ieee.org/stamp/stamp.jsp?arnumber=8626255","","Metals;Impurities;Lattices;Semiconductor device modeling;Photonic band gap;Silicon;Orbits","","4","","11","IEEE","27 Jan 2019","23-26 July 2018","23-26 July 2018","IEEE","IEEE Conferences"
"Thermal electronic logic circuit as neuromorphic element","J. Mizsei; J. Lappalainen; I. Ulbert","Dep. of Electron Devices, Budapest Univ. of Techn. and Economics, Budapest, Hungary; Faculty of Information Technology and Electrical Engineering, University of Oulu, Oulu, Finland; Faculty of Information Technology and Bionics, Pázmány Peter Catholic University, Budapest, Hungary",2018 IEEE 18th International Conference on Nanotechnology (IEEE-NANO),"27 Jan 2019","2018","","","1","4","Conventional analog and digital electronics are based only on electric signal processing. The thermal state of a device may represent information too. At a nanometer scale, heat propagation can be extremely fast, which makes thermal computing an emerging field of research. Our proposed novel active device (phonon transistor = phonsistor) and thermal electric logic circuit (TELC) are made up of only bulk type intrinsic domains, consisting of significantly fewer regions and interfaces compared to standard complementer MOS (CMOS) based systems. The basis of TELC operation is the thermal or hot electron coupling between electron devices containing metal-insulator transition (MIT) material. The physical appearance and the operation of TELC are somewhat analogous with the neuron.","1944-9380","978-1-5386-5336-4","10.1109/NANO.2018.8626264","","https://ieeexplore.ieee.org/stamp/stamp.jsp?arnumber=8626264","","Logic gates;Resistors;Neuromorphics;Neurons;Thermal resistance;Logic circuits;Switches","","","","8","IEEE","27 Jan 2019","23-26 July 2018","23-26 July 2018","IEEE","IEEE Conferences"
"Thermal rectification","M. Y. Swinkels; A. Campo; L. Di Mario; F. Martelli; R. Rurali; I. Zardo","Department Physik, Universität Basel, Basel, Switzerland; Department Physik, Universität Basel, Basel, Switzerland; National Research Council (CNR), Institute for Microelectronics and Microsystems, Rome, Italy; National Research Council (CNR), Institute for Microelectronics and Microsystems, Rome, Italy; Institute de Ciéncia de Materials de Barcelona, Barcelona, Spain; Department Physik, Universität Basel, Basel, Switzerland",2018 IEEE 18th International Conference on Nanotechnology (IEEE-NANO),"27 Jan 2019","2018","","","1","2","Thermal diodes, i.e. logical elements where heat preferentially flows in a certain direction, are a core building block for thermal logical elements. In this talk we will discuss some of the possible systems in which thermal rectification might be found as well as measurement systems that could accurately measure this effect.","1944-9380","978-1-5386-5336-4","10.1109/NANO.2018.8626276","","https://ieeexplore.ieee.org/stamp/stamp.jsp?arnumber=8626276","","Temperature measurement;Semiconductor device measurement;Thermal conductivity;Conductivity;Phonons;Heating systems;Conductivity measurement","","1","","8","IEEE","27 Jan 2019","23-26 July 2018","23-26 July 2018","IEEE","IEEE Conferences"
"Thermal transport in finite-size van der Waals materials: Modeling and Simulations","G. Barbalinardo; C. A. Sievers; S. Chen; D. Donadio","Department of Chemistry, University of California Davis, Davis, CA, USA; Department of Chemistry, University of California Davis, Davis, CA, USA; Department of Chemistry, University of California Davis, Davis, CA, USA; Department of Chemistry, University of California Davis, Davis, CA, USA",2018 IEEE 18th International Conference on Nanotechnology (IEEE-NANO),"27 Jan 2019","2018","","","1","2","Alongside with exceptional electronic and optoelectronic properties, two-dimensional van der Waals materials present intriguing heat transport properties, such as ultra-high thermal conductivity. Here we perform molecular simulations to unravel how heat transport in these materials may be tuned upon mechanical strain and chemical transformations. Our study sheds light on the phononic structure and the thermal conductivity of strained and lithium-intercalated MoS2, and on the thermal boundary resistance among graphene layers.","1944-9380","978-1-5386-5336-4","10.1109/NANO.2018.8626240","","https://ieeexplore.ieee.org/stamp/stamp.jsp?arnumber=8626240","","Thermal conductivity;Conductivity;Phonons;Heating systems;Nanoscale devices;Lattices;Molybdenum","","","","9","IEEE","27 Jan 2019","23-26 July 2018","23-26 July 2018","IEEE","IEEE Conferences"
"Thermoelectric properties of Quantum Dot-based devices","V. Talbo; P. Dollfus; J. Saint-Martin","CEA, INAC-PHELIQS, Grenoble, France; CNRS, Univ. Paris-Sud, Université, Paris-Saclay, C2N, Orsay France; CNRS, Univ. Paris-Sud, Université, Paris-Saclay, C2N, Orsay France",2018 IEEE 18th International Conference on Nanotechnology (IEEE-NANO),"27 Jan 2019","2018","","","1","4","By means of advanced numerical simulation, the thermoelectric properties of a Si-quantum dot-based single-electron transistor working in sequential regime are investigated using our homemade simulator that self-consistently couples the 3D Poisson, Schrödinger and Master equations. At high voltage bias, the multi-level effects are shown to induce non-linear characteristics of the heat current. Additionally, the single-electron transistor operating in generator regime is shown to exhibit very good efficiency at maximum power.","1944-9380","978-1-5386-5336-4","10.1109/NANO.2018.8626419","","https://ieeexplore.ieee.org/stamp/stamp.jsp?arnumber=8626419","","Energy states;Tunneling;Heating systems;Logic gates;Quantum dots;Mathematical model;Single electron transistors","","","","16","IEEE","27 Jan 2019","23-26 July 2018","23-26 July 2018","IEEE","IEEE Conferences"
"Thermoelectric Properties of Solvothermal Grown Bismuth Telluride Hexagonal Nanoplates","D. S. Choi; P. J. Taylor; K. J. Perry; G. Mallick; S. P. Karna","US Army Research Laboratory, MD; Adelphi Laboratory Center, Adelphi, MD; US Army Research Laboratory, MD; US Army Research Laboratory, MD; US Army Research Laboratory, MD",2018 IEEE 18th International Conference on Nanotechnology (IEEE-NANO),"27 Jan 2019","2018","","","1","3","We have probed straightforwardly, thermoelectric (TE) properties of bismuth telluride (Bi2Te3) nanoplates grown via solvothermal method, without any modifications or optimization. The material was synthesized, its crystalline structure characterized, and prepared for TE measurements via sintering via Gleeble. Electron microscopy and diffraction data show highly crystalline hexagonal nanoplates with lateral growth direction. The thermoelectric properties of the sintered sample exhibit Seebeck coefficient of 21.118 uV/K which is in range of most optimized and engineered Bi2Te3 based TE devices. The results presented in this proceeding may prove invaluable in research and development of next-generation of low-dimension, low-costing thermoelectric devices and power generators.","1944-9380","978-1-5386-5336-4","10.1109/NANO.2018.8626374","","https://ieeexplore.ieee.org/stamp/stamp.jsp?arnumber=8626374","","Conductivity;Powders;Two dimensional displays;Temperature measurement;Voltage measurement;Crystals;Bismuth","","","","7","IEEE","27 Jan 2019","23-26 July 2018","23-26 July 2018","IEEE","IEEE Conferences"
"Three dimensional integration of ReRAMs","B. Hudec; C. -C. Chang; I. -T. Wang; K. Fröhlich; T. -H. Hou","Department of Electronics Engineering and Institute of Electronics, National Chiao Tung University, Hsinchu, Taiwan, R.O.C.; Department of Electronics Engineering and Institute of Electronics, National Chiao Tung University, Hsinchu, Taiwan, R.O.C.; Department of Electronics Engineering and Institute of Electronics, National Chiao Tung University, Hsinchu, Taiwan, R.O.C.; Slovak Academy of Sciences, Institute of Electrical Engineering, Bratislava, Slovakia; Department of Electronics Engineering and Institute of Electronics, National Chiao Tung University, Hsinchu, Taiwan, R.O.C.",2018 IEEE 18th International Conference on Nanotechnology (IEEE-NANO),"27 Jan 2019","2018","","","1","2","Storage-class memory, non-volatile, ultra-dense and lightning fast, may enable memory-driven computing to revolutionize the current architectures leading to an on-chip processing of vast amount of data. 3D vertical resistive random access memory (ReRAM) is a hot candidate for storage-class memory. In this talk we review current state-of-the-art works which offer promising solutions, utilizing either filamentary or non-filamentary ReRAM designs, including our own. We will discuss the pros and cons of different approaches and summarize the open problems, drawing possible solutions.","1944-9380","978-1-5386-5336-4","10.1109/NANO.2018.8626351","","https://ieeexplore.ieee.org/stamp/stamp.jsp?arnumber=8626351","","Computer architecture;Three-dimensional displays;Switches;Microprocessors;Hafnium compounds;Limiting;Nonvolatile memory","","","","14","IEEE","27 Jan 2019","23-26 July 2018","23-26 July 2018","IEEE","IEEE Conferences"
"Towards a full model of non-linear piezolectricity in ZnO nanowires","E. Ferrone; R. Araneo; M. Pea; A. Rinaldi; A. Notargiacomo; M. A. Migliorato","Department of Electrical Engineering, University of Rome La Sapienza, Rome, Italy; Department of Electrical Engineering, University of Rome La Sapienza, Rome, Italy; Institute for Photonics and Nanotcchnology-CNR, Rome, Italy; Nanofaber S.r.l., C.R. Casaccia, Rome, Italy; Institute for Photonics and Nanotcchnology-CNR, Rome, Italy; School of Electrical and Electronic Engineering, University of Manchester, United Kingdom",2018 IEEE 18th International Conference on Nanotechnology (IEEE-NANO),"27 Jan 2019","2018","","","1","4","Due to its piezoelectric and semiconductive properties, ZnO is actively investigated for the development of innovative nanostructures for applications ranging from piezotronics to energy harvesting. In the present paper we develop a full model for the non-linear piezoelectricity in ZnO nanowires, where both direct and inverse non-linear piezoelectric effects are accounted for. The preliminary results show for the first time the importance of non-linear effects on the electro-mechanic behavior of nanowires especially when used for piezotronic applications.","1944-9380","978-1-5386-5336-4","10.1109/NANO.2018.8626272","","https://ieeexplore.ieee.org/stamp/stamp.jsp?arnumber=8626272","","Zinc oxide;II-VI semiconductor materials;Nanowires;Mathematical model;Strain;Piezoelectric effect","","","","16","IEEE","27 Jan 2019","23-26 July 2018","23-26 July 2018","IEEE","IEEE Conferences"
"Towards a Tuneable Thermal Conductivity Material via Low Voltage Ordering of CNT Networks","J. D. Gordon; D. Zemlla","UCD School of Physics, Dublin, Ireland; UCD School of Physics, Dublin, Ireland",2018 IEEE 18th International Conference on Nanotechnology (IEEE-NANO),"27 Jan 2019","2018","","","1","2","Traditionally we seal our devices and insulate our houses with static materials that possess no ability to change their insulation value. This inevitably leads to increased energy consumption due to thermal management needs: a device may be required to be cooler or warmer, and an insulating material, of static thermal conductivity, doesn't help in this regard. Here we examine the real-time tuneable thermal conductivity properties of a low-voltage device, consisting of a Carbon Nanotube Network embedded in a gel matrix and sandwiched between custom made electrodes. The operating principle is that the thermal conductivities of disordered networks tend to be insulating, while highly aligned networks become metallic. The thermal conductivity, durability, power consumption and extensibility properties of the device are examined.","1944-9380","978-1-5386-5336-4","10.1109/NANO.2018.8626345","","https://ieeexplore.ieee.org/stamp/stamp.jsp?arnumber=8626345","","Thermal conductivity;Conductivity;Carbon nanotubes;Electrodes;Electric fields;Thermal management","","","","18","IEEE","27 Jan 2019","23-26 July 2018","23-26 July 2018","IEEE","IEEE Conferences"
"Towards Direct Gap Emission in GeSn and GeC: a Hybrid Functional DFT Analysis","A. C. Kirwan; E. O'Halloran; C. A. Broderick; S. Schulz; E. P. O'Reilly","Department of Physics, University College, Cork, Ireland; Department of Chemistry, University College, Cork, Ireland; Department of Physics, University College, Cork, Ireland; Lee Maltings, University College, Cork, Ireland; Department of Physics, University College, Cork, Ireland",2018 IEEE 18th International Conference on Nanotechnology (IEEE-NANO),"27 Jan 2019","2018","","","1","2","We use density functional theory including Heyd Scuseria Ernzerhof (HSE) hybrid functionals to investigate the electronic structure of Ge1-xSnx and Ge1-yCy supercells. The calculations confirm that a direct gap semiconductor can be obtained in the supercell calculations for low tin (x-6%) and carbon (y <; 1%) compositions. Further analysis shows strong mixing between Γand L states in the GeSn alloys for x =6.25%, close to the expected crossover between an indirect and direct gap alloy, while the lowest conduction band in the GeC alloys (y ~ 1%) also has significant indirect character.","1944-9380","978-1-5386-5336-4","10.1109/NANO.2018.8626242","","https://ieeexplore.ieee.org/stamp/stamp.jsp?arnumber=8626242","","Metals;Silicon;Photonic band gap;Field effect transistors;Optical mixing;Radiative recombination","","1","","5","IEEE","27 Jan 2019","23-26 July 2018","23-26 July 2018","IEEE","IEEE Conferences"
"Type-II p-GaAsSb/n-InAs Nanowires under Conditions for Tunnel Junction Formation","K. Kawaguchi; T. Takahashi; N. Okamoto; M. Sato; M. Suhara","Fujitsu Laboratories Ltd., Kanagawa, Japan; Fujitsu Laboratories Ltd., Kanagawa, Japan; Fujitsu Laboratories Ltd., Kanagawa, Japan; Fujitsu Laboratories Ltd., Kanagawa, Japan; Tokyo metropolitan University, Tokyo, Japan",2018 IEEE 18th International Conference on Nanotechnology (IEEE-NANO),"27 Jan 2019","2018","","","1","4","Type-II GaAsSb/InAs nanowires (NWs) were grown using a position-controlled vapor-liquid-solid method. A change in shape of GaAsSb segments with Sb content was revealed. By controlling the group-V sources, GaAsSb segments that satisfied the criteria of tunnel junctions were achieved, and p-type Zn doping for GaAsSb segments was confirmed in the range of 1018-1019 cm-3. Moreover, conductive type of p-n NWs was confirmed using the scanning capacitance microscopy technique. These results are promising for the development of NWs suitable for vertical nanoscale tunnel devices.","1944-9380","978-1-5386-5336-4","10.1109/NANO.2018.8626325","","https://ieeexplore.ieee.org/stamp/stamp.jsp?arnumber=8626325","","Zinc;Image segmentation;Nanowires;Crystals;Shape;Doping;Junctions","","2","","8","IEEE","27 Jan 2019","23-26 July 2018","23-26 July 2018","IEEE","IEEE Conferences"
"Ultrasound-mediated high-resolution optical focusing and imaging in optically scattering media","Z. Yu; H. Li; T. Zhong; Z. Li; P. Lai","Department of Biomedical Engineering, The Hong Kong Polytechnic University, Hum Hong, Kowloon, Hong Kong; Department of Biomedical Engineering, The Hong Kong Polytechnic University, Hum Hong, Kowloon, Hong Kong; Department of Biomedical Engineering, The Hong Kong Polytechnic University, Hum Hong, Kowloon, Hong Kong; Department of Biomedical Engineering, The Hong Kong Polytechnic University, Hum Hong, Kowloon, Hong Kong; Department of Biomedical Engineering, The Hong Kong Polytechnic University, Hum Hong, Kowloon, Hong Kong",2018 IEEE 18th International Conference on Nanotechnology (IEEE-NANO),"27 Jan 2019","2018","","","1","1","Noninvasive high-resolution light delivery is the center for many biomedical applications from imaging, sensing, therapy, to control and stimulation, yet has considered highly challenging at depths in biological tissue due to the strong scattering of light. In this paper, we present our recent research efforts of using focused ultrasound mediation, including active modulation and passive photoacoustic sensing, as the virtual internal guidestar for optical wavefront shaping to enable acoustic- and optical-diffraction limited optical focusing in scattering media. Potential applications and further improvement are also discussed.","1944-9380","978-1-5386-5336-4","10.1109/NANO.2018.8626312","","https://ieeexplore.ieee.org/stamp/stamp.jsp?arnumber=8626312","optical wavefront shaping;optical phase conjugation;optical time reversal;ultrasonic modulation;photoacoustic sensing","Optical diffraction;Biomedical optical imaging;Optical imaging;Optical scattering;Optical sensors;Optical modulation","","","","4","IEEE","27 Jan 2019","23-26 July 2018","23-26 July 2018","IEEE","IEEE Conferences"
"Structure-determined thermoelectric properties of Bi2Se3 thin films deposited by vapour-solid technique","J. Andzane; K. Buks; M. Zubkins; M. Bechelany; M. Marnauza; M. Baitimirova; D. Erts","Institute of Chemical Physics, University of Latvia, Riga, Latvia; Institute of Chemical Physics, University of Latvia, Riga, Latvia; Institute of Solid State Physics, Universitv of Latvia, Riga, Latvia; CNRS, University of Montpellier, Montpellier, France; Institute of Chemical Physics, University of Latvia, Riga, Latvia; Institute of Chemical Physics, University of Latvia, Riga, Latvia; Institute of Chemical Physics, University of Latvia, Riga, Latvia",2018 IEEE 18th International Conference on Nanotechnology (IEEE-NANO),"27 Jan 2019","2018","","","1","5","In this work, a simple catalyst-free vapour-solid deposition method is applied for controlled obtaining of two types (planar and disordered) continuous Bi2Se3 nanostructured thin films on different (fused quartz/glass, mica, graphene) substrates. Performed for the deposited thin films transport and thermoelectric characterization (type, concentration and mobility of the main charge carriers, Seebeck coefficient and power factor) showed that proposed deposition method allows to fabricate “low-doped” Bi2Se3 thin films with power factor comparable and even higher than reported for the Bi2Se3 thin films fabricated by molecular beam epitaxy technique.","1944-9380","978-1-5386-5336-4","10.1109/NANO.2018.8626225","","https://ieeexplore.ieee.org/stamp/stamp.jsp?arnumber=8626225","","Substrates;Graphene;Surface treatment;Surface morphology;Charge carriers;Temperature;Reactive power","","1","","17","IEEE","27 Jan 2019","23-26 July 2018","23-26 July 2018","IEEE","IEEE Conferences"
"Verilog-A modeling of filamentary-based complementary resistance switching devices","T. S. Kalkur; M. Pawlikiewicz","Department of Electrical and Computer Engineering, University of Colorado, Colorado Springs; Department of Electrical and Computer Engineering, University of Colorado, Colorado Springs",2018 IEEE 18th International Conference on Nanotechnology (IEEE-NANO),"27 Jan 2019","2018","","","1","4","This paper presents a compact model implemented in Verilog-A for complementary resistive switching (CRS) devices based on nickel oxide (NiO). Device characterization enabled the creation and enhancement of the model for the complementary resistive switching RRAM including temperature dependence which is implemented in Verilog- A and could be used in circuit simulators for design of RRAM memory circuits.","1944-9380","978-1-5386-5336-4","10.1109/NANO.2018.8626380","","https://ieeexplore.ieee.org/stamp/stamp.jsp?arnumber=8626380","","Switches;Temperature measurement;Integrated circuit modeling;Fitting;Current measurement;Voltage measurement;Resistance","","1","","23","IEEE","27 Jan 2019","23-26 July 2018","23-26 July 2018","IEEE","IEEE Conferences"
"Visualising Bacterial Colonization Dynamics Inside the Gut Using Upconverting Nanoparticles Luminescence Imaging","R. Singh; G. Dumlupinar; F. Shanahan; S. Andersson-Engels; S. Melgar","School of Medicine, University College Cork, Ireland; Tyndall National Institute, University College Cork, Ireland; School of Medicine, University College Cork, Ireland; Tyndall National Institute, University College Cork, Ireland; APC Microbiome Ireland, University College Cork, Ireland",2018 IEEE 18th International Conference on Nanotechnology (IEEE-NANO),"27 Jan 2019","2018","","","1","2","Upconverting nanoparticles (UCNP's) are recently emerged as a promising probe for bioimaging. Their unique property of photon upconversion enables them to convert low energy near-infrared (NIR) excitation light into higher energy visible/NIR light. This anti-stroke emission of UCNP offers greater tissue penetrance and signal-to-noise ratio. Here, we proposed to use UCNP luminescence imaging to visualize the infection dynamics of a gastrointestinal pathogen, Citrobacter rodentium, known to induce inflammatory bowel disease (IBD) like inflammation in mice.","1944-9380","978-1-5386-5336-4","10.1109/NANO.2018.8626394","","https://ieeexplore.ieee.org/stamp/stamp.jsp?arnumber=8626394","","Mice;Imaging;Bioluminescence;Microorganisms;Probes;Fluorescence;Nanoparticles","","","","7","IEEE","27 Jan 2019","23-26 July 2018","23-26 July 2018","IEEE","IEEE Conferences"
"Winner- Takes-All path formation within highly disordered nanowire networks","F. Niosi; H. G. Manning; C. G. Rocha; C. O'Callaghan; M. S. Ferreira; J. J. Bol","Centre for Research on Adaptive Nanostructures and Nanodevices (CRANN), Trinity College Dublin, Dublin, Ireland; Centre for Research on Adaptive Nanostructures and Nanodevices (CRANN), Trinity College Dublin, Dublin, Ireland; Centre for Research on Adaptive Nanostructures and Nanodevices (CRANN), Trinity College Dublin, Dublin, Ireland; Centre for Research on Adaptive Nanostructures and Nanodevices (CRANN), Trinity College Dublin, Dublin, Ireland; Centre for Research on Adaptive Nanostructures and Nanodevices (CRANN), Trinity College Dublin, Dublin, Ireland; Centre for Research on Adaptive Nanostructures and Nanodevices (CRANN), Trinity College Dublin, Dublin, Ireland",2018 IEEE 18th International Conference on Nanotechnology (IEEE-NANO),"27 Jan 2019","2018","","","1","2","Nanowire networks are promising memristive architectures for neuromorphic applications due to their connectivity and neurosynaptic-like behaviors. Here, we demonstrate a self-similar scaling of the conductance of networks and the junctions that comprise them. A particular class of junctions naturally leads to the emergence of conductance plateaus and a “winner-takes-all” conducting path which corresponds to the lowest-energy connectivity path. These results point to the possibility of independently addressing memory or conductance states in complex systems and is expected to have important implications for nanoelectronics and neuromorphic devices.","1944-9380","978-1-5386-5336-4","10.1109/NANO.2018.8626261","","https://ieeexplore.ieee.org/stamp/stamp.jsp?arnumber=8626261","","Junctions;Nanoscale devices;Neuromorphics;Electric variables measurement;Scanning electron microscopy;Semiconductor device measurement;Performance evaluation","","","","6","IEEE","27 Jan 2019","23-26 July 2018","23-26 July 2018","IEEE","IEEE Conferences"
"Zinc Oxide Nanorod Field-effect Transistor with Difference Frequency Detection","R. Zhu; X. L. Zong","Department of Precision Instrument, Tsinghua University, Beijing, China; Department of Precision Instrument, Tsinghua University, Beijing, China",2018 IEEE 18th International Conference on Nanotechnology (IEEE-NANO),"27 Jan 2019","2018","","","1","4","Nano metal-oxide-semiconductor field-effect transistor (MOSFET) has been widely used in various sensors to achieve high sensitivity due to low-noise property of nano FET. In this paper, we present a novel zinc oxide (ZnO) nanorod FET operated in alternating current mode to implement ultra-sensitive detections. The FET is constructed by cross-connected ZnO nanorods directly grown from opposite ends of drain and source microelectrodes. ZnO nano FET acting as a high-frequency mixer transduces exterior-induced FET conductance change into an alternating current change at a certain difference frequency, which is detected by a lock-in amplifier. The nanorod FET demonstrates ultra-high sensitivity, excellent interference immunity and extremely stable performances.","1944-9380","978-1-5386-5336-4","10.1109/NANO.2018.8626399","","https://ieeexplore.ieee.org/stamp/stamp.jsp?arnumber=8626399","","Field effect transistors;Zinc oxide;II-VI semiconductor materials;Sensors;Sugar;Sensitivity;Logic gates","","","","6","IEEE","27 Jan 2019","23-26 July 2018","23-26 July 2018","IEEE","IEEE Conferences"
"A multi-scale simulation study for optimization and variability evaluation of molecular based flash cell","V. P. Georgiev; L. Vila-Nadal; L. Cronin; A. Asenov","University of Glasgow, Glasgow, Glasgow, GB; University of Glasgow, Glasgow, Glasgow, GB; University of Glasgow, Glasgow, Glasgow, GB; University of Glasgow, Glasgow, Glasgow, GB",2018 IEEE 18th International Conference on Nanotechnology (IEEE-NANO),"6 May 2019","2018","","","1","4","This paper presents computational simulation of a conceptual low power non-volatile memory cell based on inorganic molecular metal oxide clusters (polyoxometalates (POM)). The storage media is embedded in the gate dielectric of a Fully Depleted Silicon On Insulator (FDSOI) device. The simulations are carried out using a multi-physics simulation framework, which allows us to evaluate the variability in the programming window of the molecular based flash cell with an 18 nm gate length. We have focused our study on the threshold voltage variability influenced by random dopant fluctuations and random special fluctuations of the molecules in the floating gate of the flash-cell. Our simulation framework and conclusions can be applied not only to the POM-based flash cell but also to flash cells based on alternative molecules used as a storage media.","1944-9380","978-1-5386-5336-4","10.1109/NANO.2018.8706507","","https://ieeexplore.ieee.org/stamp/stamp.jsp?arnumber=8706507","","Resource description framework;Logic gates;Silicon-on-insulator;Probability density function;Computational modeling;Nonvolatile memory;Semiconductor process modeling","","","","","IEEE","6 May 2019","23-26 July 2018","23-26 July 2018","IEEE","IEEE Conferences"
"Nanoparticle mediated RNAi in insects: A novel feeding assay based method for controlling insect pests","N. Debnath; S. Das","Amity University Haryana, Gurgaon, Haryana, IN; Amity University Haryana, Gurgaon, Haryana, IN",2018 IEEE 18th International Conference on Nanotechnology (IEEE-NANO),"6 May 2019","2018","","","1","5","Post transcriptional gene silencing through RNA interference (RNAi) technology has opened a new avenue to control insects. Due to several physicochemical properties the repression efficiency of gene expression by double stranded RNA (dsRNA) in insect cells is not very high. Nowadays nanoparticle (NP) mediated delivery of dsRNA is gradually gaining popularity to improve its gene silencing efficiency in insects. NP mediated delivery method will not only increase the stability of dsRNA, but also will facilitate its delivery and endosomal release for efficient gene silencing. Additionally, this delivery method is target specific, so will be safe to other organisms in the ecosystem. This technology has the potential to become a more sustainable and eco-friendly pest control method. The main challenge in widespread use of RNAi technology for controlling insect pests is the development of effective and reliable dsRNA delivery methods. Microinjection is not a viable method for triggering RNAi in insects at bulk scale, specifically if we think of controlling insect pests in agricultural set up. Here, we have developed a feeding assay based method to deliver dsRNA, tagged with nanocarriers, to knock down insect genes. This delivery approache has the potential to increase the retention time of the dsRNAs in the circulatory system by reducing the rate of clearance, protect the dsRNAs from gut nucleases, ensure stability of dsRNA in the lumen of the alimentary canal, facilitate targeting and uptake of the dsRNAs into the target cells and promote trafficking in the cytoplasm and uptake into RNA-induced silencing complex. This technology has the potential to become a more sustainable and eco-friendly pest control method and can also be utilized to control other insect vectors.","1944-9380","978-1-5386-5336-4","10.1109/NANO.2018.8706508","","https://ieeexplore.ieee.org/stamp/stamp.jsp?arnumber=8706508","","Insects;RNA;Interference;Diseases;Pest control;Biotechnology;Nanobioscience","","1","","","IEEE","6 May 2019","23-26 July 2018","23-26 July 2018","IEEE","IEEE Conferences"
"Thermal oxidation of ball-milled ZnO doped powders for synthesis of nanomaterials","E. Ferrone; S. Garroni; N. A. Millan; M. M. Roda; S. Cuesta-Lopez; M. Pea; A. Notargiacomo; A. Rinaldi; R. Araneo","Universita degli Studi di Roma La Sapienza, Roma, Lazio, IT; Universidad de Burgos, Burgos, Castilla y LeÃ³n, ES; Universidad de Burgos, Burgos, Castilla y LeÃ³n, ES; Universidad de Burgos, Burgos, Castilla y LeÃ³n, ES; ICAMCyL Foundation International Center for Advanced Materials and Raw Materials of Castilla y Leon 24492 Cubillos del Sil Leon, Spain; Consiglio Nazionale delle Ricerche Area di Ricerca di Napoli 1, Napoli, Campania, IT; Consiglio Nazionale delle Ricerche Area di Ricerca di Napoli 1, Napoli, Campania, IT; ENEA Agenzia Nazionale per Le Nuove Tecnologie l'Energia e lo Sviluppo Economico Sostenibile, Roma, Lazio, IT; Universita degli Studi di Roma La Sapienza, Roma, Lazio, IT",2018 IEEE 18th International Conference on Nanotechnology (IEEE-NANO),"6 May 2019","2018","","","1","4","In this article, we propose the fabrication of ZnO nanostructures through the thermal oxidation of ball-milled doped powders. We investigate the applications, advantages, and challenges of this two steps process for the production and fabrication of high-quality and high-performance nanowires to be used in a large variety of applications.","1944-9380","978-1-5386-5336-4","10.1109/NANO.2018.8706509","","https://ieeexplore.ieee.org/stamp/stamp.jsp?arnumber=8706509","","Zinc oxide;II-VI semiconductor materials;Powders;Nanowires;Ball milling","","","","","IEEE","6 May 2019","23-26 July 2018","23-26 July 2018","IEEE","IEEE Conferences"
"Impact of choices of measurement in RSK based molecular communication system","H. Awan; A. W. Eckford","York University, Toronto, ON, CA; York University, Toronto, ON, CA",2018 IEEE 18th International Conference on Nanotechnology (IEEE-NANO),"6 May 2019","2018","","","1","4","In this paper we consider a molecular communication network based on free diffusion of molecules from transmitter nanomachines to receiver nanomachines. The transmitter employs a recently-proposed modulation scheme referred as Reaction Shift Keying (RSK), in which chemical reactions are used to generate emission patterns representing different transmission symbols. In this work we aim to consider the demodulation problem for two complex receiver molecular circuits when we measure different number of chemical species. We derive the optimal demodulator of RSK signals by using Bayesian filtering and maximum a posteriori (MAP) framework. We show that the choices of measurements affect the communication performance.","1944-9380","978-1-5386-5336-4","10.1109/NANO.2018.8706510","","https://ieeexplore.ieee.org/stamp/stamp.jsp?arnumber=8706510","","Chemicals;Demodulation;Receivers;Transmitters;Proteins;Molecular communication (telecommunication);Production","","1","","","IEEE","6 May 2019","23-26 July 2018","23-26 July 2018","IEEE","IEEE Conferences"
"Improving receiver performance of diffusion-based molecular MIMO communication","P. Hou; L. Zhao; A. W. Eckford","Xidian University, Xian, Shaanxi, CN; Xidian University, Xian, Shaanxi, CN; York University, Toronto, ON, CA",2018 IEEE 18th International Conference on Nanotechnology (IEEE-NANO),"6 May 2019","2018","","","1","4","For the purpose of improving the relatively high transmission rate, we propose a novel multiple-input multiple-output (MIMO) system for molecular communication. To the best of our knowledge, our paper is the first that introduce the design of utilizes multiple types of molecules, multiple molecules emitters at transmitters and multiple molecules detectors at receivers in molecular MIMO. The impulse response of channel is obtained and mathematically modeled, the model is used to determine inter symbol interference (ISI). The designed receivers consist of three parts: concentration processor, detector and data fusion. The signal processing techniques for the molecular concentration with low computational complexity are proposed. For the design of detector, the Neyman-Pearson test is introduced to obtain the optimal detection performance. A low-complexity data fusion rule is proposed for data process.","1944-9380","978-1-5386-5336-4","10.1109/NANO.2018.8706511","","https://ieeexplore.ieee.org/stamp/stamp.jsp?arnumber=8706511","","Receivers;Data integration;MIMO communication;Detectors;Transmitters;Signal processing;Interference","","3","","","IEEE","6 May 2019","23-26 July 2018","23-26 July 2018","IEEE","IEEE Conferences"
"Cellulose assisted combustion synthesis of nanomaterials for energy conversion applications","A. Kumar","Qatar University, Doha, Ad Dawhah, QA",2018 IEEE 18th International Conference on Nanotechnology (IEEE-NANO),"6 May 2019","2018","","","1","4","Combustion synthesis has been used for a long time for synthesizing functional materials suitable for many applications such as ceramics, electronics, pigments, catalysts etc. In this paper we introduce an emerging field of nanomaterials synthesis, known as ""Cellulose Assisted Combustion Synthesis (CACS)"" technique. In this technique, an aqueous solution of metal nitrate and a reducing agent is impregnated on a thin cellulose paper to enhance heat transfer effects during the synthesis process. The paper is dried and locally ignited at one end to start a combustion reaction that is self-sustained, and under optimum loading of the reactive solution, can continuously produce nanoparticles with high surface area. The thin film helps in generating a quenching effect and limits nanoparticles sintering in post-combustion stages. This paper summarizes the synthesis of transition metals and their alloys that have shown exceptional catalytic performance for energy conversion applications such as ethanol hydrogen production and fuel cell applications. A summary of reported mechanistic study on selected reactions will be provided in future correspondences to understand the reaction pathway followed on the catalyst surfaces","1944-9380","978-1-5386-5336-4","10.1109/NANO.2018.8706512","","https://ieeexplore.ieee.org/stamp/stamp.jsp?arnumber=8706512","","Combustion;Nanoparticles;Metals;Fuels;Catalysis;Fires","","","","","IEEE","6 May 2019","23-26 July 2018","23-26 July 2018","IEEE","IEEE Conferences"
"Performance analysis for capacitive electrical neural interfaces","C. Koca; E. Dinc; H. Ramezani; O. B. Akan","University of Cambridge, Cambridge, Cambridgeshire, GB; University of Cambridge, Cambridge, Cambridgeshire, GB; University of Cambridge, Cambridge, Cambridgeshire, GB; University of Cambridge, Cambridge, Cambridgeshire, GB",2018 IEEE 18th International Conference on Nanotechnology (IEEE-NANO),"6 May 2019","2018","","","1","4","Neural interfaces will pave the way for novel treatment methods for neural disorders, which are due to communication problems in nervous system. Such disorders include spinal cord injuries, Alzheimer's and Multiple Sclerosis. In this work, we present a novel neural stimulator, which will act as the transmitter part of a neural interface. We perform in detail physical analysis of such a device for the first time, considering the electrostatic and capacitive effects. We also establish the stimulation requirements of the post-synaptic neuron and support our findings with COMSOL simulations. This work will pave the way to the design of more efficient neural stimulators.","1944-9380","978-1-5386-5336-4","10.1109/NANO.2018.8706513","","https://ieeexplore.ieee.org/stamp/stamp.jsp?arnumber=8706513","","Electrodes;Neurons;Electric potential;Ions;Electrolytes;Action potentials;Capacitance","","2","","","IEEE","6 May 2019","23-26 July 2018","23-26 July 2018","IEEE","IEEE Conferences"
"Monitoring microinjection process of small and non-spherical living cells using electrical responses","F. H. Ling Chan; K. W. Chiu Lai","City University of Hong Kong, Kowloon, HK; City University of Hong Kong, Kowloon, HK",2018 IEEE 18th International Conference on Nanotechnology (IEEE-NANO),"6 May 2019","2018","","","1","4","Cell microinjection is widely applied in various biomedical researches. Notwithstanding the operation challenges on small adherent cells (diameter ≪ 30 μm), cell injection of small living cells are standard procedures in pathological studies. However, most conventional cell microinjection of small cells are operated manually and monitored visually under a microscope, which usually leads to the microinjection uncertainty and prolong the operation time. It is because the change of cell volume during microinjection is very subtle and difficult to be observed even though the fluorescent technique can be used. When the cell volume is getting smaller, the challenge of verification of microinjection will be increased dramatically. Therefore, we proposed a new monitoring approach to validate the cell microinjection rapidly and quantitatively for small and adherent cells.","1944-9380","978-1-5386-5336-4","10.1109/NANO.2018.8706514","","https://ieeexplore.ieee.org/stamp/stamp.jsp?arnumber=8706514","","Microinjection;Ions;Cells (biology);Biomembranes;Glass;Current measurement;Potassium","","","","","IEEE","6 May 2019","23-26 July 2018","23-26 July 2018","IEEE","IEEE Conferences"
"Stochastic analytical model of nanonetwork synchronization using quorum sensing","P. S. S. Tissera; S. Choe","Catholic University of Korea - Songsim Campus, Bucheon, Gyeonggi-do, KR; Catholic University of Korea - Songsim Campus, Bucheon, Gyeonggi-do, KR",2018 IEEE 18th International Conference on Nanotechnology (IEEE-NANO),"6 May 2019","2018","","","1","4","A coordinated bacterial nanonetwork could be applicable to large and diverse application areas including nanomedicine, nanobiotechnology, green-nanoproducts, and so on. For the construction of a bio-inspired coordinated bacterial molecular communication (MC) nanonetwork, synchronization technique is essential. This paper presents a stochastic analytical model of the nanonetwork synchronization using quorum sensing (QS). The QS mechanism that controls bacterial behavior in a collective manner is often observed in bacterial community. Bacteria use secreted chemical signaling molecules called autoinducers (AI) to communicate with each other. For more practical analysis, the presented bacterial network model employs a birth death-based statistical approach with a logistic growth curve (S curve) instead existing deterministic approach with an exponential growth curve (J curve). Assume that the internal or external AI concentration is Gaussian-distributed with corresponding mean and variance. Via simulation, we analyze the global synchronization behavior of the presented bio-inspired nanonetwork in terms of synchronization time, bacterial density, and AI concentration.","1944-9380","978-1-5386-5336-4","10.1109/NANO.2018.8706515","","https://ieeexplore.ieee.org/stamp/stamp.jsp?arnumber=8706515","","Microorganisms;Artificial intelligence;Synchronization;Gene expression;Stochastic processes;Analytical models;Biological system modeling","","","","","IEEE","6 May 2019","23-26 July 2018","23-26 July 2018","IEEE","IEEE Conferences"
"Sequential training-based receiver for On-OFF-keying diffusion-based molecular communications","G. H. Alshammri; W. K. M. Ahmed; V. B. Lawrence","Stevens Institute of Technology, Hoboken, NJ, US; Stevens Institute of Technology, Hoboken, NJ, US; Stevens Institute of Technology, Hoboken, NJ, US",2018 IEEE 18th International Conference on Nanotechnology (IEEE-NANO),"6 May 2019","2018","","","1","4","In this paper, we purpose and investigate an integrated artificial neural networks (ANNs) to estimate and predict the adaptive threshold detection scheme in diffusion-based molecular communication (DMC). The proposed scheme forwards an estimate of the received bits based on the current cumulative concentrations, which is derived using sequential training principle with weight and bias. The ANN model is implemented on MATLAB software. This method is suitable for binary On-OFF-Keying (Book signaling), where the receiver biological nanomachine (Rx Bio-NM) adapts the 1/0-bit detection threshold based on all previous received bits to alleviate the inter-symbol interference (ISI) problem and reception noise. Numerical and simulation results show the improvement in molecular throughput and the optimal number of molecules in transmission. Furthermore, the performance evaluation in various noisy channel sources shows a promising improvement in the un-coded bit error rate (BER) compared with other threshold detection schemes in the literature.","1944-9380","978-1-5386-5336-4","10.1109/NANO.2018.8706252","","https://ieeexplore.ieee.org/stamp/stamp.jsp?arnumber=8706252","Molecular communication;diffusion-based;ISI;reception noise;OOK modulation;neural network;adaptive threshold scheme","Monte Carlo methods;Receivers;Biological neural networks;Training;Biological system modeling;Mathematical model;Throughput","","2","","","IEEE","6 May 2019","23-26 July 2018","23-26 July 2018","IEEE","IEEE Conferences"
"Interference modeling for molecular communication with receptor antagonist","H. -Y. Lo; J. S. Lehnert; S. J. Lehnert; P. Tran","Purdue University System, West Lafayette, IN, US; Purdue University System, West Lafayette, IN, US; Indiana University School of Medicine, Indianapolis, IN, US; Electrical and Electronics Engineering, Ton Duc Thang University, Ho Chi Minh City",2018 IEEE 18th International Conference on Nanotechnology (IEEE-NANO),"6 May 2019","2018","","","1","4","A diffusion-based communication system in which receptors bind messenger molecules from transmitting cells is examined. A particle-based interference model is developed that incorporates antagonist molecules that can occupy receptor sites to block communication. The normal selfinterference that occurs as receptor sites are occupied by molecules from the transmitting cell, or nanomachine, is also considered. A solution involving a Markov chain is developed to assess the performance of the cellular communication link. Simulation results are shown to agree with this solution.","1944-9380","978-1-5386-5336-4","10.1109/NANO.2018.8706254","","https://ieeexplore.ieee.org/stamp/stamp.jsp?arnumber=8706254","","Molecular communication (telecommunication);Error probability;Interference;Simulation;Markov processes;Logic gates","","","","","IEEE","6 May 2019","23-26 July 2018","23-26 July 2018","IEEE","IEEE Conferences"
"Analysis of information flow in MISO neuro-spike communication channel with synaptic plasticity","T. Khan; H. Ramezani; G. Muzio; O. B. Akan","Koc Universitesi, Istanbul, TR; University of Cambridge, Cambridge, Cambridgeshire, GB; Universita degli Studi di Pavia, Pavia, Lombardia, IT; Koc Universitesi, Istanbul, TR",2018 IEEE 18th International Conference on Nanotechnology (IEEE-NANO),"6 May 2019","2018","","","1","4","Communication among neurons is the most promising technique for biocompatible nanonetworks. This necessitates the thorough communication theoretical analysis of information transmission among neurons. The information flow in neuro-spike communication channel is regulated by the ability of neurons to change their synaptic strengths over time, i.e. synaptic plasticity. Thus, the performance evaluation of the nervous nanonetwork is incomplete without considering the influence of synaptic plasticity. Hence, in this paper, we provide a comprehensive model for multiple-input single-output (MISO) neuro-spike communication by integrating the spike timing dependent plasticity (STDP) into existing channel model. We simulate this model for a realistic scenario with correlated inputs and varying spiking threshold. We show that plasticity is strengthening the correlated input synapses at the expense of weakening the synapses with uncorrelated inputs. Moreover, a nonlinear behavior in signal transmission is observed with changing spiking threshold.","1944-9380","978-1-5386-5336-4","10.1109/NANO.2018.8706253","","https://ieeexplore.ieee.org/stamp/stamp.jsp?arnumber=8706253","","Neurons;Synapses;Correlation;Communication channels;MISO communication;Performance evaluation;Timing","","2","","","IEEE","6 May 2019","23-26 July 2018","23-26 July 2018","IEEE","IEEE Conferences"
