"Document Title",Authors,"Author Affiliations","Publication Title",Date Added To Xplore,"Publication Year","Volume","Issue","Start Page","End Page","Abstract","ISSN",ISBNs,"DOI",Funding Information,PDF Link,"Author Keywords","IEEE Terms","Mesh_Terms",Article Citation Count,Patent Citation Count,"Reference Count","License",Online Date,Issue Date,"Meeting Date","Publisher",Document Identifier
"Flexible Carbon Nanotube Sensors with Screen Printed and Interdigitated Electrodes","F. C. Loghin; M. Bobinger; A. Rivadeneyra; M. Becherer; P. Lugli","Chair of Nanoelectronics, Department for electrical and computer engineering, Technical University of Munich, Munich, Germany; Chair of Nanoelectronics, Department for electrical and computer engineering, Technical University of Munich, Munich, Germany; Pervasive Electronics Advanced Research Laboratory (PEARL), University of Granada, Granada, Spain; Chair of Nanoelectronics, Department for electrical and computer engineering, Technical University of Munich, Munich, Germany; Faculty of Science and Technology, Free University of Bolzano, Bolzano-Bozen, Italy",2019 IEEE 19th International Conference on Nanotechnology (IEEE-NANO),"13 Feb 2020","2019","","","1","4","Printed electronics is a rapidly emerging field due to the development of new types of functional materials and inks that can be deposited using well-known and widely established printing techniques. Commonly, sensor structures or interconnects on printed circuit boards (PCBs) are fabricated using wet etching and photolithography steps. To overcome the limitations of those techniques, in this contribution, we use a simple and scalable screen printing process to deposit silver-flake based interdigitated electrode (IDE) structures onto sprayed carbon nanotube (CNT) films. The silver (Ag) structures show a low sheet resistance and resistivity of 0.14 Ω/sq. and 6.1∙10-7 Ω∙m, respectively, at a thickness of around 4.4 µm. Attributed to its flexibility and robustness, a polyimide foil (Kapton®HN) was selected as the substrate. The CNT films with printed IDE that are entirely fabricated in the ambient air are then characterized as resistive gas sensors to detect ammonia (NH3). A high response of around 20% is achieved for an NH3 concentration of 50 ppm.","1944-9380","978-1-7281-2892-4","10.1109/NANO46743.2019.8993685","","https://ieeexplore.ieee.org/stamp/stamp.jsp?arnumber=8993685","","Printing;Electrodes;Temperature sensors;Wet etching;Silver;Films;Contacts;Lithography;Carbon nanotubes;Substrates","","3","","30","IEEE","13 Feb 2020","22-26 July 2019","22-26 July 2019","IEEE","IEEE Conferences"
"Acoustic characterization of laser-induced graphene film thermoacoustic loudspeakers","P. L. Torraca; M. Bobinger; F. J. Romero; A. Rivadeneyra; Y. Ricci; L. Cattani; D. P. Morales; N. Rodríguez; A. Salinas-Castillo; L. Larcher; P. Lugli","Department of Science and Methods for Engineering, University of Modena and Reggio Emilia, Reggio Emilia, Italy; Chair of Nanoelectronics, Department for electrical and computer engineering, Technical University of Munich, Munich, Germany; Pervasive Electronics Advanced Research Laboratory (PEARL), University of Granada, Granada, Spain; Pervasive Electronics Advanced Research Laboratory (PEARL), University of Granada, Granada, Spain; Department of Science and Methods for Engineering, University of Modena and Reggio Emilia, Reggio Emilia, Italy; ASK Industries S.p.A., Reggio Emilia, Italy; Department of Analytical Chemistry, University of Granada, Granada, Spain; Pervasive Electronics Advanced Research Laboratory (PEARL), University of Granada, Granada, Spain; Department of Analytical Chemistry, University of Granada, Granada, Spain; Department of Science and Methods for Engineering, University of Modena and Reggio Emilia, Reggio Emilia, Italy; Faculty of Science and Technology, Free University of Bolzano, Bolzano-Bozen, Italy",2019 IEEE 19th International Conference on Nanotechnology (IEEE-NANO),"13 Feb 2020","2019","","","5","8","We report on the superior performance of laser-induced graphene (LIG) film thermoacoustic (TA) loudspeakers. LIG films are fabricated by laser-ablation of polyimide foil and contacted by screen-printing of silver paste, allowing for a facile, ambient condition fabrication process. The LIG film TA loudspeakers achieve up to 50 dB SPL at 1m distance, showing a 10 dB higher efficiency with respect to the nanostructured TA loudspeakers with polyimide substrate reported in literature.","1944-9380","978-1-7281-2892-4","10.1109/NANO46743.2019.8993681","","https://ieeexplore.ieee.org/stamp/stamp.jsp?arnumber=8993681","","Loudspeakers;Printing;Fabrication;Silver;Graphene;Polyimides;Acoustics;Substrates;Nanotechnology","","6","","20","IEEE","13 Feb 2020","22-26 July 2019","22-26 July 2019","IEEE","IEEE Conferences"
"Exploiting Lithography Limits for Hardware Security Applications","R. S. Khan; N. Noor; C. Jin; S. Muneer; F. Dirisaglik; A. Cywar; P. H. Nguyen; M. van Dijk; A. Gokirmak; H. Silva","Department of Electrical and Computer Engineering, University of Connecticut, Storrs, CT, USA; Department of Electrical and Computer Engineering, University of Connecticut, Storrs, CT, USA; Department of Electrical and Computer Engineering, University of Connecticut, Storrs, CT, USA; Department of Electrical and Computer Engineering, University of Connecticut, Storrs, CT, USA; Department of Electrical and Computer Engineering, University of Connecticut, Storrs, CT, USA; Department of Electrical and Computer Engineering, University of Connecticut, Storrs, CT, USA; Department of Electrical and Computer Engineering, University of Connecticut, Storrs, CT, USA; Department of Electrical and Computer Engineering, University of Connecticut, Storrs, CT, USA; Department of Electrical and Computer Engineering, University of Connecticut, Storrs, CT, USA; Department of Electrical and Computer Engineering, University of Connecticut, Storrs, CT, USA",2019 IEEE 19th International Conference on Nanotechnology (IEEE-NANO),"13 Feb 2020","2019","","","9","12","Hardware security primitives such as physical obfuscated keys (POKs) allow tamper-resistant storage of random keys based on manufacturing or physical variability. The output bits of existing POK designs need to be first corrected due to measurement noise using error correction methods and then de-correlated by privacy amplification processes. These additional requirements increase the hardware overhead and reduce the efficiency of the system. In this work, we propose an intrinsically reliable POK design capable of generating random bits by exploiting the limits of the lithographic process for a given technology. Our design does not require any error correction and requires only XOR circuits for privacy amplification which reduces the hardware overhead of the whole system.","1944-9380","978-1-7281-2892-4","10.1109/NANO46743.2019.8993902","","https://ieeexplore.ieee.org/stamp/stamp.jsp?arnumber=8993902","","Privacy;Hardware security;Lithography;Circuits;Noise;Reliability engineering;Error correction;Noise measurement;Integrated circuit reliability;Nanotechnology","","1","","24","IEEE","13 Feb 2020","22-26 July 2019","22-26 July 2019","IEEE","IEEE Conferences"
"Investigation on Nickel-based Nano-scaffold Getter with Induction Heating and Rapid Activation","S. Lin; X. Huang; D. Gu; W. Lv; L. Wang","Institute of Non-silicon Micro-nano Manufacturing Technology, Xiamen University, Xiamen, China; Institute of Non-silicon Micro-nano Manufacturing Technology, Xiamen University, Xiamen, China; Pen-Tung Sah Institute of Micro-Nano Science and Technology, Xiamen University, Xiamen, China; Pen-Tung Sah Institute of Micro-Nano Science and Technology, Xiamen University, Xiamen, China; Institute of Non-silicon Micro-nano Manufacturing Technology, Xiamen University, Xiamen, China",2019 IEEE 19th International Conference on Nanotechnology (IEEE-NANO),"13 Feb 2020","2019","","","13","18","Getter is an important component of MEMS vacuum packaging, which can improve the performance, life and stability of the MEMS device. The existing 2D planar film getter has a low suction capacity and requires long-time activation, which restricts the high-quality batch production of MEMS devices. In this paper, the technology of nickel-based nano-scaffold getter combined with micro-area induction heating activation is adopted to meet the characteristic requirements of MEMS vacuum device packaging for large start-up inspiration rate, high inspiration capacity and quick activation of getter. Focusing on the structure and morphology, deposition of getter materials, getter performance test of nickel-based nano-scaffold based high-efficiency getter that can be induced and activated was preliminarily obtained.","1944-9380","978-1-7281-2892-4","10.1109/NANO46743.2019.8993897","","https://ieeexplore.ieee.org/stamp/stamp.jsp?arnumber=8993897","","Micromechanical devices;Performance evaluation;Surface morphology;Morphology;Vacuum technology;Packaging;Nickel compounds;Gettering;Surface treatment;Induction heating","","","","7","IEEE","13 Feb 2020","22-26 July 2019","22-26 July 2019","IEEE","IEEE Conferences"
"Effect of Thin SiO2 Layer on Silicon-on-Glass Anodic Bonding","Z. Chen; C. Gao; T. Guan; F. Yang; L. Shi; D. Zhang","College of Physics and Information Engineering, Fuzhou University, Fujian, China; Institute of Microelectronics, Peking University, China; Institute of Microelectronics, Peking University, China; Institute of Microelectronics, Peking University, China; College of Physics and Information Engineering, Fuzhou University, Fujian, China; Institute of Microelectronics, Peking University, China",2019 IEEE 19th International Conference on Nanotechnology (IEEE-NANO),"13 Feb 2020","2019","","","19","22","this paper reported the effect of SiO2 on the silicon-on-glass anodic bonding theoretically and experimentally for the first time. Silicon glass bonding mechanism based on soft break-down of SiO2 is established and demonstrated. The electrical model of Si-SiO2-Glass anodic bonding stated clearly that anodic bonding voltage must be higher than the break-down voltage of SiO2 to start bonding. The break-down voltage of SiO2 is proportional to its thickness. Bonding strength is finally extracted by a customized on-chip testing device. It is found that the thin SiO2 layer on the silicon surface affects the bonding strength seriously. The bonding strength of anodic bonding with SiO2 layer is 25% stronger than that of typical Si-Glass anodic bonding near the periphery of the silicon wafer, and 8% stronger than that of typical Si-Glass anodic bonding in the central region of the silicon wafer.","1944-9380","978-1-7281-2892-4","10.1109/NANO46743.2019.8993680","","https://ieeexplore.ieee.org/stamp/stamp.jsp?arnumber=8993680","","Silicon compounds;Semiconductor device modeling;Breakdown voltage;Conferences;Glass;Silicon;System-on-chip","","1","","8","IEEE","13 Feb 2020","22-26 July 2019","22-26 July 2019","IEEE","IEEE Conferences"
"An Efficient Method to Reduce Crosstalk for Multi-layered GNR Interconnects at 32 nm Technology","V. R. Kumbhare; P. Prasanna Paltani; M. K. Majumder","Department of Electronics and Communication Engineering, DSPM IIIT, Naya Raipur, C.G., India; Department of Electronics and Communication Engineering, DSPM IIIT, Naya Raipur, C.G., India; Department of Electronics and Communication Engineering, DSPM IIIT, Naya Raipur, C.G., India",2019 IEEE 19th International Conference on Nanotechnology (IEEE-NANO),"13 Feb 2020","2019","","","23","27","In recent, the coupling capacitance becomes prominent in deep submicron and nanotechnology. It can significantly affect the performance of a digital circuit that causes digital logic fault and degrades the performance of Integrated Circuits (ICs). To address this problem, the research paper introduces two shielding methodologies (active and passive shielding) of a multi-layered graphene nanoribbon (MLGNR). An RLC based multi-conductor transmission (MTL) line model is simplified to an equivalent single conductor (ESC) to address the impact of the crosstalk-induced delay. The model parameters are used with reference to the ITRS 32 nm technology in order to demonstrate the performance for different interconnect spacing and lengths. For better understanding, shielded and unshielded methodologies are demonstrated to provide a comparative analysis and improvement with respect to unshielded interconnect lines. Irrespective of the shielding methodology, it is evident that an active shielding provides an improved crosstalk-induced delay compared to passive shielding for different interconnect spacing. At 32nm, the simulation results demonstrate that an active shielded interconnect outperforms passive and without shielding techniques by on an average 6.31% and 44.51% for the crosstalk-induced delay, respectively for different spacing at global lengths. In addition to that, active shielding provides an improved power delay product (PDP) of approximately 6.75% and 16.83% than passive shielded interconnects for 5nm and 20nm spacing, respectively at 1000μm length. Therefore, in order to accomplish the constraint of next-generation technology, an MLGNR can be adopted as a desirable shielding nanomaterial.","1944-9380","978-1-7281-2892-4","10.1109/NANO46743.2019.8993958","","https://ieeexplore.ieee.org/stamp/stamp.jsp?arnumber=8993958","","","","5","","19","IEEE","13 Feb 2020","22-26 July 2019","22-26 July 2019","IEEE","IEEE Conferences"
"Thermal Conductivity of Rough Silicon Nanowires with Silicide Layer","S. Lee; K. Kim; M. Meyyappan; C. -K. Baek","Department of Electrical Engineering, Pohang University of Science and Technology (POSTECH), Pohang, Republic of Korea; Department of Creative IT Engineering and Future IT Innovation Laboratory, Pohang University of Science and Technology (POSTECH), Pohang, Republic of Korea; NASA Ames Research Center, Mountain View, CA, USA; Department of Electrical Engineering, Pohang University of Science and Technology (POSTECH), Pohang, Republic of Korea",2019 IEEE 19th International Conference on Nanotechnology (IEEE-NANO),"13 Feb 2020","2019","","","37","41","Rough silicon nanowires have considered as promising building block for high efficiency thermoelectric device. We demonstrate that the thermal conductivity of rough nanowires is further reduced by forming cobalt silicide layer on their both ends. This reduction is experimentally investigated using differential 3ω method. The rough nanowire exhibits 10% reduction of thermal conductivity by forming a 100 nm thick cobalt silicide layer at both nanowire ends. To investigate the effect of silicide layer on the reduction in thermal conductivity, the theoretical analysis was performed using the nanoinclusion scattering and interfacial thermal resistance model. It found that the cobalt silicide layer reduces thermal conductivity by disturbing thermal transport in the silicon/cobalt silicide interface.","1944-9380","978-1-7281-2892-4","10.1109/NANO46743.2019.8993955","","https://ieeexplore.ieee.org/stamp/stamp.jsp?arnumber=8993955","","Silicides;Thermal resistance;Scattering;Phonons;Conductivity;Thermal conductivity;Silicon;Nanowires;Thermal analysis;Cobalt","","1","","19","IEEE","13 Feb 2020","22-26 July 2019","22-26 July 2019","IEEE","IEEE Conferences"
"A Frequency Up-Converted Piezoelectric Energy Harvesting System with Broad Bandwidth Based on MEMS PZT Thick Film Technology","M. Huang; H. Liu; T. Chen; Z. Yang; L. Sun","School of Mechanical and Electric Engineering, Jiangsu Provincial Key Laboratory of Advanced Robotics, Soochow University, Suzhou, China; School of Mechanical and Electric Engineering, Jiangsu Provincial Key Laboratory of Advanced Robotics, Soochow University, Suzhou, China; School of Mechanical and Electric Engineering, Jiangsu Provincial Key Laboratory of Advanced Robotics, Soochow University, Suzhou, China; School of Mechanical and Electric Engineering, Jiangsu Provincial Key Laboratory of Advanced Robotics, Soochow University, Suzhou, China; School of Mechanical and Electric Engineering, Jiangsu Provincial Key Laboratory of Advanced Robotics, Soochow University, Suzhou, China",2019 IEEE 19th International Conference on Nanotechnology (IEEE-NANO),"13 Feb 2020","2019","","","42","45","In this paper, an impact-based frequency up-converted piezoelectric energy harvesting system (PEHS) is proposed and fabricated using MEMS piezoelectric thick film technology. The PEHS mainly consists of a high-frequency piezoelectric cantilever (PC-H) with resonate frequency of 935 Hz and a low-frequency stainless-steel cantilever (SC-L) with resonate frequency of 23 Hz. Under the external low-frequency vibration excitation, the SC-L at the bottom impacts the PC-H during the movement, in this way the low-frequency external vibration is converted to high-frequency piezoelectric cantilever vibration. When the PC-H is triggered to vibrate at 935 Hz, the maximum voltage output is 74 mV at 1.0 g. Then incorporate the PC-H with SC-L and form the PEHS, at driving frequency of 20 Hz to 34 Hz, the maximum voltage output and 3dB bandwidth of the PEHS reach 1220 mV and 4.7 Hz, respectively. The maximum voltage output of the PEHS (1220 mV) is more than 16 times of that of the single PC-H (74 mV).","1944-9380","978-1-7281-2892-4","10.1109/NANO46743.2019.8993889","","https://ieeexplore.ieee.org/stamp/stamp.jsp?arnumber=8993889","","Vibrations;Micromechanical devices;Fabrication;Lapping;Resonant frequency;Thick films;Bandwidth","","","","15","IEEE","13 Feb 2020","22-26 July 2019","22-26 July 2019","IEEE","IEEE Conferences"
"Activating inert basal plane of MoS2 for H2O dissociation and HER via formation of vacancy defects: A DFT study","K. Ye; M. Li; J. Luo; B. Wu; L. Lai","College of Mechanical Engineering and Automation, Fuzhou University, Fuzhou, China; College of Mechanical Engineering and Automation, Fuzhou University, Fuzhou, China; Xiamen Tungsten CO., LTD, Xiamen, China; College of Materials Science and Engineering, Fuzhou University, Fuzhou, China; College of Information & Mechanical and Electrical Engineering, Ningde Normal University, Ningde, China",2019 IEEE 19th International Conference on Nanotechnology (IEEE-NANO),"13 Feb 2020","2019","","","48","53","The molybdenum disulfide (MoS2), as a promising and nonprecious catalyst, has attracted growing interest towards the hydrogen production, especially the dissociation of water and the hydrogen evolution reaction (HER). However, the known active sites are limited to edges and one primitive cell missing vacancies. Herein, the potential catalytic activities of five types of vacancies in the inert basal plane of MoS2 are investigated by using first-principle density functional theory (DFT) calculations. two types of vacancies (VMo and VMoS2) are found to have the promising catalytic activities for the splitting of H2O and have the comparable or even better catalytic activities for the HER, in compared with the precious platinum. Our theoretical works suggest that formation of the specified vacancy defects on the inert basal plane will enhance the catalytic activities of MoS2 for the dissociation of H2O and the HER, which improves the efficiency of hydrogen production.","1944-9380","978-1-7281-2892-4","10.1109/NANO46743.2019.8993927","","https://ieeexplore.ieee.org/stamp/stamp.jsp?arnumber=8993927","","Water;Hydrogen;Discrete Fourier transforms;Platinum;Production;Density functional theory;Structural engineering","","1","","44","IEEE","13 Feb 2020","22-26 July 2019","22-26 July 2019","IEEE","IEEE Conferences"
"Development of Heterocyclic-C61-butyric Acid Methyl Ester/ Pyrazine (HCBM-Pyrazine) acceptor material for organic solar cells applications","M. B. Salim; R. Nekovei; T. Elwaie; J. Ramanujam","Sustainable Energy Systems Engineering Program, Texas A&M University–Kingsville, Kingsville, TX; Electrical Engineering and Computer Science, Texas A&M University–Kingsville, Kingsville, TX; Pharmaceutical Chemistry Department, Cairo University, Cairo, Egypt; Physics of Energy Harvesting Division, CSIR-National Physical Laboratory, Delhi, India",2019 IEEE 19th International Conference on Nanotechnology (IEEE-NANO),"13 Feb 2020","2019","","","54","58","This paper presents a novel modification on the Phenyl-C61-butyric acid methyl ester (PCBM) for better performance as an acceptor material by introducing a Heterocyclic ring (Pyrazine) in the place of the Phenyl group of the PCBM to form a new acceptor material, Heterocyclic-C61-butyric Acid Methyl Ester/ Pyrazine (HCBM-Pyrazine). The electronic properties for the new material are obtained theoretically through the use of the Density Functional Theory (DFT) method with the help of the Gaussian 16 program. The results show that the HCBM-Pyrazine can create more voltage if used with any donor material. Besides that, it has a considerably higher electron affinity, making it a more efficient electron acceptor than the original PCBM. Furthermore, the results show that both molecules have closer absorption spectrums and reorganization energies.","1944-9380","978-1-7281-2892-4","10.1109/NANO46743.2019.8993877","","https://ieeexplore.ieee.org/stamp/stamp.jsp?arnumber=8993877","","Absorption;Photonic band gap;Photovoltaic cells;Discrete Fourier transforms;Voltage;Density functional theory;Power conversion;Polymers;Nanotechnology;Electrons","","","","27","IEEE","13 Feb 2020","22-26 July 2019","22-26 July 2019","IEEE","IEEE Conferences"
"In situ observations of interfacial evolutions in solid-state lithium battery with sulfide-based solid electrolyte","A. Kakar; F. Hao; Y. Liang; Y. Yao; Z. Fan","Materials Science and Engineering Program, University of Houston, Houston, TX, USA; Department of Electrical and Computer Engineering, University of Houston, Houston, TX, USA; Department of Electrical and Computer Engineering, University of Houston, Houston, TX, USA; Materials Science and Engineering Program, University of Houston, Houston, TX, USA; Department of Engineering Technology, University of Houston, Houston, TX, USA",2019 IEEE 19th International Conference on Nanotechnology (IEEE-NANO),"13 Feb 2020","2019","","","59","62","Solid electrolytes provide for safe rechargeable lithium batteries and allow the batteries with lithium metal anodes to possess higher energy densities than those of traditional liquid electrolyte based batteries. However, the structural evolution-induced interfacial failures during the electrochemical cycling have not been explored at a fundamental level. In this report, a practical setup is developed for in situ detection of the electrochemical reaction- induced micro and nanoscale morphological changes along the battery's interface. We have focused on the anode interface with lithium metal as the electrode and solid sulfide as the electrolyte, while monitoring an inflating phenomenon in the electrolyte during the lithium plating. This observation suggests that the lithium dendrite formation as well as the lithium deposition in the porous structures drives the volume expansion of the solid electrolyte. This rare finding offers a fresh perspective, indicating a new impact of the lithium plating in sulfide electrolyte, which does not accord with the conventional structural evolution model at the electrode-solid electrolyte interface. This study contributes significant insights into the mechanism of the interfacial phenomena in sulfide solid-state battery and paves the way for their advanced engineering.","1944-9380","978-1-7281-2892-4","10.1109/NANO46743.2019.8993686","","https://ieeexplore.ieee.org/stamp/stamp.jsp?arnumber=8993686","lithium ion battery;solid-state battery;lithium metal anode;in situ;lithium plating","","","1","","27","IEEE","13 Feb 2020","22-26 July 2019","22-26 July 2019","IEEE","IEEE Conferences"
"Molecular Dynamics Simulation of Self-assembly and Electroporation of Lipid Bilayer Membrane in Martini Force Field","M. Liu; J. Gan; L. Gao; W. Wang","School of Mechano-Electronic Engineering, and the Research Center of Micro-Nano systems, Xidian University, Xi’an, China; School of Mechano-Electronic Engineering, and the Research Center of Micro-Nano systems, Xidian University, Xi’an, China; School of Mechano-Electronic Engineering, and the Research Center of Micro-Nano systems, Xidian University, Xi’an, China; School of Mechano-Electronic Engineering, and the Research Center of Micro-Nano systems, Xidian University, Xi’an, China",2019 IEEE 19th International Conference on Nanotechnology (IEEE-NANO),"13 Feb 2020","2019","","","68","71","The lipid bilayer membrane is a major component of cells and intracellular membranes in vivo, and plays an indispensable role in organisms. Currently in the medical field, lipid bilayer membranes are used as devices for targeted delivery of proteins, nucleic acids and drugs in the treatment of a variety of diseases. Based on coarse-grained molecular dynamics (CGMD), this paper studies the modeling method of the lipid bilayer with water as solvent in the Martini force field. The coarse-grained lipid bilayer membrane model can expand the time scale and improves the computational efficiency of molecular dynamics (MD) simulation. The self-assembly process of DPPC bilayer lipid membrane is simulated in Martini force field and the radial distribution function (RDF) is also analyzed. In addition, this paper studies the molecular dynamics of 1,2-dipalmitoyl-sn-glycero-3-phosphocholine (DPPC) lipid bilayer membrane electroporation under Martini force field, which provides a theoretical reference for the application of coarse-grained molecular dynamics in biomedical and other related fields.","1944-9380","978-1-7281-2892-4","10.1109/NANO46743.2019.8993896","","https://ieeexplore.ieee.org/stamp/stamp.jsp?arnumber=8993896","","Self-assembly;Biological system modeling;Computational modeling;Force;Dynamics;Lipidomics;Electroporation;Biomembranes;Resource description framework;Electric fields","","2","","25","IEEE","13 Feb 2020","22-26 July 2019","22-26 July 2019","IEEE","IEEE Conferences"
"Simulations of Methane and Acetone Detector Based on Pristine Graphene Nano-sheet Over Intrinsic 4H-SiC Substrate","M. H. Rashid; A. Koel; T. Rang","Thomas Johann Seebeck Department of Electronics, Tallinn, Estonia; Thomas Johann Seebeck Department of Electronics, Tallinn, Estonia; Thomas Johann Seebeck Department of Electronics, Tallinn, Estonia",2019 IEEE 19th International Conference on Nanotechnology (IEEE-NANO),"13 Feb 2020","2019","","","72","75","Nowadays graphene and its derivatives have gained the interest of researchers due to their exceptional optical, electrical and chemical attributes. They have emerged as potential candidates for electronics and optoelectronics sensor applications. Graphene is highly sensitive to any physical change in its surrounding environment that makes it a suitable candidate for sensing a large variety of organic and inorganic molecules. Volatile and flammable organic compounds like acetone and methane can lead to fatal accidents in domestic and industrial environments. In this article, nanoscale simulations of graphene nano-sheet based methane and acetone detector have been done. Intrinsic 4H-SiC has been used as a substrate for graphene nano-sheet. These simulations have been carried out in QuantumWise Atomistix Toolkit (ATK) software that is an atomic scale semiconductor device simulator. A noticeable change in the density of states (DOS) and electrical conductivity through the device has been observed in the presence of target molecules. This change in electrical conductivity through this nano-scale device can be used as a detection signal for methane and acetone molecules to develop a physical sensor.","1944-9380","978-1-7281-2892-4","10.1109/NANO46743.2019.8993880","","https://ieeexplore.ieee.org/stamp/stamp.jsp?arnumber=8993880","","Methane;Computational modeling;Simulation;Graphene;Detectors;Nanoscale devices;Software;Photoconductivity;Current;Substrates","","","","12","IEEE","13 Feb 2020","22-26 July 2019","22-26 July 2019","IEEE","IEEE Conferences"
"Scanning Electron Microscope Calibration with SE2 and Inlens Detectors","W. Bian; M. Wang; Z. Yang","School of Mechanical and Electric Engineering, Soochow University, Suzhou, China; School of Mechanical and Electric Engineering, Soochow University, Suzhou, China; School of Mechanical and Electric Engineering, Soochow University, Suzhou, China",2019 IEEE 19th International Conference on Nanotechnology (IEEE-NANO),"13 Feb 2020","2019","","","76","79","In this paper, we proposed an ideal that calibration in the scanning electron microscope (SEM) with SE2 detector and Inlens detector. The parameters (intrinsic and extrinsic) were both achieved. This approach required rotation and translation of the chessboard calibration to obtain multi-images. Experiments were realized by varying the orientation and the position of chessboard pattern from different work distance (WD). It can be seen from the calibration results that the SE2 detector and the Inlens detector have different overall average pixels at different work distances. By comparing the calibration results, it was found that the two detectors had close pixel errors when the work distance was between 6.4mm and 6.5mm. The results show that the calibration approach was accurate and efficient.","1944-9380","978-1-7281-2892-4","10.1109/NANO46743.2019.8993882","","https://ieeexplore.ieee.org/stamp/stamp.jsp?arnumber=8993882","","Scanning electron microscopy;Accuracy;Translation;Three-dimensional displays;Imaging;Detectors;Calibration;Nanotechnology","","1","","21","IEEE","13 Feb 2020","22-26 July 2019","22-26 July 2019","IEEE","IEEE Conferences"
"Rapid Quantitative Detection of Salmonella spp. via Magnetic Beads-based Fluorescent Lateral Flow Immunoassay","L. Zhuang; J. Gong; Y. Ji; N. Gu; Y. Zhang","State Key Laboratory of Bioelectronics, Jiangsu Key Laboratory for Biomaterials and Devices, Southeast University, Nanjing, China; State Key Laboratory of Bioelectronics, Jiangsu Key Laboratory for Biomaterials and Devices, Southeast University, Nanjing, China; State Key Laboratory of Bioelectronics, Jiangsu Key Laboratory for Biomaterials and Devices, Southeast University, Nanjing, China; State Key Laboratory of Bioelectronics, Jiangsu Key Laboratory for Biomaterials and Devices, Southeast University, Nanjing, China; State Key Laboratory of Bioelectronics, Jiangsu Key Laboratory for Biomaterials and Devices, Southeast University, Nanjing, China",2019 IEEE 19th International Conference on Nanotechnology (IEEE-NANO),"13 Feb 2020","2019","","","80","85","Polymerase chain reaction (PCR) plays an increasingly important role in microbial detection. However, the existing methods are difficult to be widely applied due to factors such as instruments, reagents, and experimental conditions. In this study, we developed a robust and reliable fluorescent lateral flow immunoassay combined with polymerase chain reaction (PCR-LFIA) based on magnetic beads purification for rapid detection of Salmonella app. The PCR-LFIA assay can avoid false positives caused by primer dimers. The sensitivity of PCR-LFIA method was 6×100 CFU/mL of Salmonella pure culture or 6×102 CFU/mL of artificially spiked chicken faeces. The specificity of PCR-LFIA assay was verified by eighteen Salmonella and non-Salmonella reference strains. Six of the eighty-five (7.1%) samples collected were positive by PCR-LFIA assay and the results were further confirmed by biochemical characteristics. This assay allows quantitative detection of Salmonella with a cutoff value of 175 and can be completed in 80 minutes. In conclusion, the optimized PCR-LFIA method can potentially serve as an effective diagnostic tool for timely response to disease outbreaks.","1944-9380","978-1-7281-2892-4","10.1109/NANO46743.2019.8993906","","https://ieeexplore.ieee.org/stamp/stamp.jsp?arnumber=8993906","","Sensitivity;Purification;Materials reliability;Fluorescence;Life sciences;Polymers;Nanotechnology","","","","16","IEEE","13 Feb 2020","22-26 July 2019","22-26 July 2019","IEEE","IEEE Conferences"
"Fabrication of Microlens Arrays on Flexible Films using Electrohydrodynamic Jet Printing","Y. Zhong; H. Yu; P. Zhou; W. Zou; Y. Wang; L. Liu","State Key Laboratory of Robotics (SKLR), Shenyang Institute of Automation (SIA), Chinese Academy of Sciences (CAS), Institutes for Robotics and Intelligent Manufacturing (IRIM), Shenyang, China; SKLR, SIA, CAS, and the IRIM, Shenyang, China; State Key Laboratory of Robotics (SKLR), Shenyang Institute of Automation (SIA), Chinese Academy of Sciences (CAS), Institutes for Robotics and Intelligent Manufacturing (IRIM), Shenyang, China; State Key Laboratory of Robotics (SKLR), Shenyang Institute of Automation (SIA), Chinese Academy of Sciences (CAS), Institutes for Robotics and Intelligent Manufacturing (IRIM), Shenyang, China; SKLR, SIA, CAS, and the IRIM, Shenyang, China; SKLR, SIA, CAS, and the IRIM, Shenyang, China",2019 IEEE 19th International Conference on Nanotechnology (IEEE-NANO),"13 Feb 2020","2019","","","86","89","In recent years, flexible microlens arrays (MLAs) have attracted attention owing to their characteristics of easy deformation, stretchability, and attachability. This paper introduces a new method for fabricating MLAs via direct writing on a polydimethylsiloxane (PDMS) film substrate using electrohydrodynamic jet (e-jet) printing. This method involves forming neatly arranged 10 × 10 MLAs by directly printing the droplets of a high-viscosity photocurable gel at the target location. The manufactured MLAs demonstrate a uniform shape and smooth surface. The overall size of the MLAs is approximately 275 × 275 μm2-320 × 320 μm2. The diameter of a single microlens is flexible and can be adjusted from 5.5 μm to 15 μm. By applying the MLAs, we can obtain a clear and uniform image.","1944-9380","978-1-7281-2892-4","10.1109/NANO46743.2019.8993932","","https://ieeexplore.ieee.org/stamp/stamp.jsp?arnumber=8993932","","","","1","","19","IEEE","13 Feb 2020","22-26 July 2019","22-26 July 2019","IEEE","IEEE Conferences"
"Pulsed Laser Deposited MoS2 for the Fabrication of MoS2/Graphene Photodetector","S. Zhang; Y. Zhang; T. Lin; P. He","State Key Laboratory of Advanced Welding and Joining, Harbin Institute of Technology, Harbin, China; State Key Laboratory of Advanced Welding and Joining, Harbin Institute of Technology, Harbin, China; State Key Laboratory of Advanced Welding and Joining, Harbin Institute of Technology, Harbin, China; State Key Laboratory of Advanced Welding and Joining, Harbin Institute of Technology, Harbin, China",2019 IEEE 19th International Conference on Nanotechnology (IEEE-NANO),"13 Feb 2020","2019","","","90","93","Since the 21st century, with the continuous development of technology, much tremendous progress has been made in the microelectronics industry. When the channel of the device is reduced to the nanometer scale, the silicon-based semiconductor has approached its physical limit, and the performance begins to decrease, so the traditional silicon-based semiconductor industry has entered the research bottleneck. Compared with traditional silicon-based semiconductors, two-dimensional materials are increasingly used in the semiconductor industry due to their ultra-thin atomicity and semiconductor characteristics. As a typical representative of two-dimensional materials, MoS2 is widely used for device preparation, including gas sensors, phototransistors, flexible thin film transistors, lithium-ion battery electrodes and heterojunction diodes. However, achieving high-quality, controllable large-area preparation of MoS2 is still a major problem, which seriously hinders the development of MoS2 in the application field. In this paper, pulsed laser deposition is used to prepare large-sized MoS2 by controlling different deposition time.","1944-9380","978-1-7281-2892-4","10.1109/NANO46743.2019.8993905","","https://ieeexplore.ieee.org/stamp/stamp.jsp?arnumber=8993905","Atomic layer deposition;MoS2;pulsed laser deposition","Image edge detection;Atomic layer deposition;Electronics industry;Surface emitting lasers;Crystals;Thin film transistors;Sulfur;Molybdenum;Laser pulses;Surface treatment","","","","8","IEEE","13 Feb 2020","22-26 July 2019","22-26 July 2019","IEEE","IEEE Conferences"
"5-Bit Spiral Distributed RF MEMS Phase Shifter","W. Tian; Y. Zhang; M. Li; Z. Xie; W. Li","School of Electro-Mechanical Engineering, Xidian University, Xi’an, China; School of Electro-Mechanical Engineering, Xidian University, Xi’an, China; School of Electro-Mechanical Engineering, Xidian University, Xi’an, China; School of Electro-Mechanical Engineering, Xidian University, Xi’an, China; School of Electro-Mechanical Engineering, Xidian University, Xi’an, China",2019 IEEE 19th International Conference on Nanotechnology (IEEE-NANO),"13 Feb 2020","2019","","","94","98","A new spiral distributed radio frequency micro-electromechanical system (RF MEMS) phase shifter which uses 31 MEMS switches to achieve 5-bit phase shifts is designed in this paper. The area of the phase shifter is 2.6×2.6 mm2. The simulation results of phase shift are 11.43°, 23.04°, 44.53°, 91.73° and 182.65° when the central operating frequency is 40 GHz. The deviations of the design target are 0.18°, 0.54°, 0.47°, 1.73° and 2.65°, respectively. Insertion loss and return loss are -15.1092 dB/-8.9120 dB, -14.2271 dB/-9.9053 dB, -15.1092 dB/-8.9120 dB, -13.2439 dB/-11.6679 dB and -16.3046 dB/-10.2057dB, respectively. The simulation results and phase shift accuracy of the 31 phase shifts of RF MEMS phase shifter are given, and the deviation of the design target is within 3.72°. It realizes the requirements of RF MEMS phased array system. This phase shifter has the advantages of high frequency, small size, high precision, low loss and low cost.","1944-9380","978-1-7281-2892-4","10.1109/NANO46743.2019.8993952","","https://ieeexplore.ieee.org/stamp/stamp.jsp?arnumber=8993952","","Micromechanical devices;Spirals;Costs;Simulation;Microswitches;Phase shifters;Insertion loss;Coplanar waveguides;High frequency;Periodic structures","","5","","25","IEEE","13 Feb 2020","22-26 July 2019","22-26 July 2019","IEEE","IEEE Conferences"
"Wide-field Planar Magnetic Imaging Using Spins in Diamond","Y. -L. Chen; J. Tang; H. Guo; Y. -J. Gao; Y. -s. Liu; Z. -r. Shi; J. Liu","science and technology on electronic test and measurement Laboratory, North University of China, Taiyuan, Shanxi, China; science and technology on electronic test and measurement Laboratory, North University of China, Taiyuan, Shanxi, China; science and technology on electronic test and measurement Laboratory, North University of China, Taiyuan, Shanxi, China; science and technology on electronic test and measurement Laboratory, North University of China, Taiyuan, Shanxi, China; science and technology on electronic test and measurement Laboratory, North University of China, Taiyuan, Shanxi, China; science and technology on electronic test and measurement Laboratory, North University of China, Taiyuan, Shanxi, China; Science and Technology on Electronic Test and Measurement Laboratory, North University of China, Taiyuan, Shanxi, China",2019 IEEE 19th International Conference on Nanotechnology (IEEE-NANO),"13 Feb 2020","2019","","","99","102","The nitrogen-vacancy color centers in diamond can be used as an excellent magnetic sensor. In this work, we present a wide-field planar magnetic imaging technique based on nitrogen-vacancy color centers. Through optically detected magnetic resonance (ODMR) which is readout from a scientific CMOS camera to extract resonance frequency, we experimentally reconstruct the magnetic field distribution of permanent magnets and particles of magnetite (Fe3O4). The imaging field of this technology can reach the sub-millimeter level and the spatial resolution can reach the optical diffraction limit. The presented wide-field NV imaging technique offers wide-field imaging, high spatial resolution, and high magnetic sensitivity.","1944-9380","978-1-7281-2892-4","10.1109/NANO46743.2019.8993679","","https://ieeexplore.ieee.org/stamp/stamp.jsp?arnumber=8993679","","Optical diffraction;Sensitivity;Image color analysis;Magnetic resonance imaging;Imaging;Diamond;Permanent magnets;Nitrogen;Magnetic fields;Spatial resolution","","","","17","IEEE","13 Feb 2020","22-26 July 2019","22-26 July 2019","IEEE","IEEE Conferences"
"Design of a test structure based on chevron-shaped thermal actuator for in-situ measurement of the fracture strength of MEMS thin films","M. -J. Li; Z. -F. Zhou; L. -Y. Yi; X. -J. Wang; S. Adnan","School of Electronic Science and Engineering, Southeast University, Nanjing, China; Key Laboratory of MEMS, Southeast University, Nanjing, China; School of Electronic Science and Engineering, Southeast University, Nanjing, China; School of Electronic Science and Engineering, Southeast University, Nanjing, China; Key Laboratory of MEMS, Southeast University, Nanjing, China",2019 IEEE 19th International Conference on Nanotechnology (IEEE-NANO),"13 Feb 2020","2019","","","106","109","A novel test structure to characterize the fracture strength of MEMS (Micro-electro-Mechanical Systems) thin films is presented. The test structure is comprised of a micro fabricated chevron-shaped thermal actuator and test specimen. The test structure is capable of producing large displacement and stress while keeping a relatively low temperature gradient across the test specimen. A voltage is applied across the beams of the chevron-shaped actuator, producing thermal expansion force to fracture the test specimen. The calculation formula is derived by analyzing the force and displacement produced by the actuator. To verify the test structure, simulations have been implemented using COMSOL Multiphysics software. The stress produced by the test structure is 7.1GPa while the applied voltage is 5V, for the test structure with 620µm length and 410µm width. The results indicate that the test structure is suitable for in-situ measurement of the fracture strength of MEMS thin films.","1944-9380","978-1-7281-2892-4","10.1109/NANO46743.2019.8993916","","https://ieeexplore.ieee.org/stamp/stamp.jsp?arnumber=8993916","","Micromechanical devices;Temperature measurement;Multiphysics;Actuators;Force;Thermal force;Software;Stress;Thermal stresses;Nanotechnology","","","","11","IEEE","13 Feb 2020","22-26 July 2019","22-26 July 2019","IEEE","IEEE Conferences"
"Copper Oxide Nanorods Pesticide Sensor For Methyl Parathion Detection","P. Sakdarat; J. Chongsuebsirikul; A. Phongphut; Y. Klinthingchai; S. Prichanont; C. Thanachayanont; P. Pungetmongkol","International School of Engineering (ISE), Faculty of Engineering, Chulalongkorn University, Bangkok, Thailand; International School of Engineering (ISE), Faculty of Engineering, Chulalongkorn University, Bangkok, Thailand; Department of Chemical Engineering, Faculty of Engineering, Chulalongkorn University, Bangkok, Thailand; Department of Chemical Engineering, Faculty of Engineering, Chulalongkorn University, Bangkok, Thailand; Department of Chemical Engineering, Faculty of Engineering, Chulalongkorn University, Bangkok, Thailand; National Metal and Materials Technology Center (MTEC), National Science and Technology Development Agency, Pathumthani, Thailand; International School of Engineering (ISE), Faculty of Engineering, Chulalongkorn University, Bangkok, Thailand",2019 IEEE 19th International Conference on Nanotechnology (IEEE-NANO),"13 Feb 2020","2019","","","113","116","Currently, most electrochemical based pesticide sensors use acetylcholinesterase enzyme modifying on working electrode surface to sense the concentration of the organophosphate pesticides. Since this method has high sensitivity and easy to prepare; however the cost of the enzyme is very expensive and the stability of the enzyme activity is poor which result in short lifetime. From those drawbacks of current pesticide sensor, non-enzymatic sensor is an alternative way to detect pesticide with lower cost, higher sensitivity and stability. In this work, copper oxide nanorods were used to overcome the difficulties of enzymatic pesticide sensor. To obtain cost effective and simple preparation pesticide sensor, direct anodization and annealing processes were used to synthesize copper oxide nanorods. We used our synthesized copper oxide nanorods in electrochemical analysis by performing cyclic voltammetry in organophosphate pesticide. Our copper oxide nanorods electrode exhibits sensitivity and detection limit of 1.234 µA/ng mL−1 and 0.0761 ng/mL, respectively. Our copper oxide nanorods electrode provides high sensitivity and desirable detection limit with higher stability and lower cost than the common enzyme-based pesticide sensor.","1944-9380","978-1-7281-2892-4","10.1109/NANO46743.2019.8993676","","https://ieeexplore.ieee.org/stamp/stamp.jsp?arnumber=8993676","pesticide detection;organophosphate;electrochemical sensor;metal oxide based sensor;copper oxide nanorods","Electrodes;Enzymes;Costs;Sensitivity;Annealing;Pesticides;Stability analysis;Sensors;Copper;Nanorods","","5","","12","IEEE","13 Feb 2020","22-26 July 2019","22-26 July 2019","IEEE","IEEE Conferences"
"Highly Flexible and Stretchable Structure Based on Au/Graphene Film and Polyurethane Yarn","X. Li; K. W. Chiu Lai","Department of Biomedical Engineering, City University of Hong Kong, Hong Kong, China; Department of Biomedical Engineering, City University of Hong Kong, Hong Kong, China",2019 IEEE 19th International Conference on Nanotechnology (IEEE-NANO),"13 Feb 2020","2019","","","117","120","Flexibility and stretchability are two key components to be considered in fabricating flexible and stretchable electronic devices. However, most of the current reported flexible and stretchable devices used for wearable electronic devices usually have limited flexibility and stretchability. In this work, a novel flexible structure, which employs Au/graphene film as sheath and polyurethane (PU) yarn as core, is fabricated by a layer-by-layer (LbL) self-assembly method, followed by magnetron sputtering technology. The as-prepared flexible structure demonstrates outstanding flexibility and stretchability which endowed by the core material PU yarn (can be stretched as long as 500%) and superior conductivity which endowed by sheath materials Au/graphene (the resistance reaches to around 5.0 kΩ/cm), showing enormous potential in the development of flexible electronics.","1944-9380","978-1-7281-2892-4","10.1109/NANO46743.2019.8993926","","https://ieeexplore.ieee.org/stamp/stamp.jsp?arnumber=8993926","","Magnetic films;Electric potential;Magnetic cores;Conductivity;Yarn;Flexible structures;Flexible electronics;Wearable devices;Sputtering;Strain","","","","40","IEEE","13 Feb 2020","22-26 July 2019","22-26 July 2019","IEEE","IEEE Conferences"
"Computational Properties of Ising Spin Model on Spin Connection Parameters","T. Miki; M. Ito; Y. Hirata; Y. Kushitani; M. Shimada; J. Shirakashi","Department of Electrical and Electronic Engineering, Tokyo University of Agriculture & Technology, Koganei, Japan; Department of Electrical and Electronic Engineering, Tokyo University of Agriculture & Technology, Koganei, Japan; Department of Electrical and Electronic Engineering, Tokyo University of Agriculture & Technology, Koganei, Japan; Department of Electrical and Electronic Engineering, Tokyo University of Agriculture & Technology, Koganei, Japan; Department of Electrical and Electronic Engineering, Tokyo University of Agriculture & Technology, Koganei, Japan; Department of Electrical and Electronic Engineering, Tokyo University of Agriculture & Technology, Koganei, Japan",2019 IEEE 19th International Conference on Nanotechnology (IEEE-NANO),"13 Feb 2020","2019","","","121","124","Recently, a new computing architecture using Ising spin model is gaining increasing attention. The Ising spin model is considered as an efficient computing method to solve combinatorial optimization problems. Depending on the problems, Ising spin model requires the tuning of spin connection parameters, such as an arbitrary topology and range of interaction coefficient values on the spin connection. In this work, we investigated computational properties of Ising spin model with the various spin connection parameters through solving combinatorial optimization problems. Consequently, the architecture with fully connectable spins makes Ising spin model well suited for solving complex combinatorial optimization problems.","1944-9380","978-1-7281-2892-4","10.1109/NANO46743.2019.8993915","","https://ieeexplore.ieee.org/stamp/stamp.jsp?arnumber=8993915","","Computational modeling;Stationary state;Computer architecture;Search problems;Topology;Logic;Optimization;Tuning;Nanotechnology","","5","","43","IEEE","13 Feb 2020","22-26 July 2019","22-26 July 2019","IEEE","IEEE Conferences"
"Investigation on visible emission of ZnO films deposited on copper nitride substrates","J. Ding; H. Chen; H. Li; H. Fu","Xi’an Shiyou University, Xi’an, China; Xi’an Shiyou University, Xi’an, China; Xi’an Shiyou University, Xi’an, China; Xi’an Shiyou University, Xi’an, China",2019 IEEE 19th International Conference on Nanotechnology (IEEE-NANO),"13 Feb 2020","2019","","","125","128","ZnO films with different oxygen gas flow rate are deposited on copper nitride substrates by radio frequency magnetron sputtering. All samples are annealed in vacuum at 350 °C for 1h. Results indicates that Cu3N diffraction phase is observed in the XRD pattern of copper nitride substrates. As ZnO layer is deposited on copper nitride substrates, Cu3N diffraction peak disappears. PL spectra of all samples shows two blue emission peaks and a green emission. Under the unbalanced stoichiometric ratio, the blue peaks are enhanced. Especially, at a low oxygen gas flow rate of 5:25 sccm, two blue peak intensity reach maximum. In this case, there are overabundance Zn atoms due to a poor oxygen atmosphere. Both interstitial Zn and various substitution defects will appear in the deposited films, thus causing the intensity increment of visible emission peaks.","1944-9380","978-1-7281-2892-4","10.1109/NANO46743.2019.8993881","","https://ieeexplore.ieee.org/stamp/stamp.jsp?arnumber=8993881","","X-ray scattering;II-VI semiconductor materials;Diffraction;Atomic layer deposition;Atmosphere;Fluid flow;Zinc oxide","","","","20","IEEE","13 Feb 2020","22-26 July 2019","22-26 July 2019","IEEE","IEEE Conferences"
"Development of micro-needle array for Tumor vaccine patch applications","Y. -H. Tang; Y. -H. Lin; T. -T. Huang; J. -S. Wang; Y. -C. Hu; M. -H. Shiao","National Applied Research Laboratories, Taiwan Instrument Research Institute; National Applied Research Laboratories, Taiwan Instrument Research Institute; National Applied Research Laboratories, Taiwan Instrument Research Institute; National Applied Research Laboratories, Taiwan Instrument Research Institute; National Applied Research Laboratories, Taiwan Instrument Research Institute; National Applied Research Laboratories, Taiwan Instrument Research Institute",2019 IEEE 19th International Conference on Nanotechnology (IEEE-NANO),"13 Feb 2020","2019","","","129","132","Microneedles have been given sufficient potential as a patch for transdermal drug delivery. However, very few product on the application of MEMS for the vaccine delivery is reported. The aim of this paper is to develop the vaccine coated solid microneedle patch by the use of micro-electromechanical systems (MEMS) technology, The fabrication of a silicon microneedle arrays made by UV lithography, inductively coupled plasma reactive ion etching (ICP-RIE) and wet chemical etching process. To solve the limitation of low vaccine volume carried, groove and pocket structure will be introduced. Besides, through the control of formulation of surface tension, viscosity and hydrophilic/ hydrophobic properties by optimization of vaccine formulation composition, the vaccine carried volume can be achieved. Moreover, bioactive of vaccine will be investigated by parameter of the osmotic pressure and phase-transformation. Combination of vaccine formulation and microneedle to fabricate the delivery device, the release profile of the device will be evaluated in vitro, and will be further evaluated in the artificial human skin system to observe the immune response. The research will be included two parts: 1. vaccine coated solid microneedle patch device will be established; 2. design a microneedle patch having specific application, such as enterovirus 71 vaccines, and to realize a commercial available vaccine microneedle patch device. Consequently, a microneedle array with biodegradable porous tips was further developed based on the fabricated microneedles patch.","1944-9380","978-1-7281-2892-4","10.1109/NANO46743.2019.8993929","","https://ieeexplore.ieee.org/stamp/stamp.jsp?arnumber=8993929","","Micromechanical devices;Viscosity;Solids;Etching;Surface tension;Skin;Silicon;Vaccines;Tumors;Testing","","3","","7","IEEE","13 Feb 2020","22-26 July 2019","22-26 July 2019","IEEE","IEEE Conferences"
"A Reconfigurable Interconnect Technology based on Spoof Plasmon","S. R. Joy; M. Faizul Bari; M. Z. Baten; F. Lan; P. Mazumder","Electrical Engineering and Computer Science, University of Michigan, Ann Arbor, MI, USA; Electrical and Electronic Engineering, Bangladesh University of Engineering & Technology, Dhaka, Bangladesh; Electrical and Electronic Engineering, Bangladesh University of Engineering & Technology, Dhaka, Bangladesh; Electrical Engineering and Computer Science, University of Michigan, Ann Arbor, MI, USA; Electrical Engineering and Computer Science, University of Michigan, Ann Arbor, MI, USA",2019 IEEE 19th International Conference on Nanotechnology (IEEE-NANO),"13 Feb 2020","2019","","","135","140","The bottleneck of inter-chip communication speed, for instance that between logic and memory units is a long standing issue in acquiring ultra-fast computing. While research from two extreme end of technologies: electrical, and optical interconnect have their own pitfall in constructing an energy-economic route of communication with high bandwidth density, a radically different technology named as spoof plasmon based communication may bring new insight towards addressing the issue. This technology smoothly interweaves the advantages of electrical interconnect and that of optical ones. In the present work, we have given a proof-of-concept demonstration of the signal transfer capacity of spoof plasmon parallel data-bus. We demonstrated that spoof plasmon channel can accommodate two different kinds of mode: electro-SSPP mode and opto-SSPP mode. Depending on the data-traffic, SSPP channel can be dynamically reconfigured for supporting either of the two modes for information transfer in order to minimize energy consumption. In addition, we also endeavored to answer to the question that whether the metasurface based information transfer system can be reliable in case of patterning irregularity induced by fabrication process variations.","1944-9380","978-1-7281-2892-4","10.1109/NANO46743.2019.8993934","","https://ieeexplore.ieee.org/stamp/stamp.jsp?arnumber=8993934","spoof plasmon;interconnect;reconfigurability;cross-talk;process variation","Optical interconnections;Ultraviolet sources;Optical device fabrication;Plasmons;Optical crosstalk;Reliability;Surface plasmons;Signal integrity;Standards;Nanotechnology","","5","","17","IEEE","13 Feb 2020","22-26 July 2019","22-26 July 2019","IEEE","IEEE Conferences"
"Enhancing Environmental Sensing Capability of AFM-based Nanorobot Via Spiral Local Scan Strategy","Z. Sun; N. Xi; H. Yu; Y. Xue; S. Bi; L. Chen","Department of Industrial and Manufacturing Systems Engineering, The University of Hong Kong, Pokfulam, Hong Kong SAR; Department of Industrial and Manufacturing Systems Engineering, The University of Hong Kong, Pokfulam, Hong Kong SAR; Department of Industrial and Manufacturing Systems Engineering, The University of Hong Kong, Pokfulam, Hong Kong SAR; Department of Industrial and Manufacturing Systems Engineering, The University of Hong Kong, Pokfulam, Hong Kong SAR; Department of Industrial and Manufacturing Systems Engineering, The University of Hong Kong, Pokfulam, Hong Kong SAR; Shenzhen Academy of Robotics, Shenzhen, China",2019 IEEE 19th International Conference on Nanotechnology (IEEE-NANO),"13 Feb 2020","2019","","","141","146","Atomic force microscopy (AFM) based nanorobotic technology has been widely implemented in light of the overwhelming advantages, such as nanometer spatial resolution, adaptability to various ambient, and numerous advanced measurement approaches. It is noted that even though the AFM possesses nanometer imaging resolution, it is hard to achieve nanometer tip locating precision due to complicated uncertainties, especially the nonlinearity of tip-environment interaction and the random drift influence. Since an AFM image is typically utilized as a map for nanomanipulation, the uncertainty distorted image will definitely introduce location deviation between the real and the captured nano-world, which typically leads to low efficiency or even failure of tasks. Besides, complicated tip-environment interaction is generally hard to model and to make accurate prediction, which will also lead to task failure. Therefore, to achieve highly accurate operation at the nanoscale, environmental sensing capability of AFM-based nanorobot should be promoted. In this paper, we propose a local environment sensing approach to detect positioning uncertainty between nanorobot tip and its surroundings by developing a multi-functional spiral local scan (MSLS) strategy comprised of structured objects location detection function and local surroundings imaging function. Briefly, sphere/cylinder-like object location detection strategies were proposed; a tip motion predictor was developed to tackle the heavy noise issue of detection tasks at dozens of nanometers scale, based on which a local area imaging approach was established. Efficiency of the MSLS method was verified through experimental study.","1944-9380","978-1-7281-2892-4","10.1109/NANO46743.2019.8993878","","https://ieeexplore.ieee.org/stamp/stamp.jsp?arnumber=8993878","","Atomic measurements;Spirals;Uncertainty;Accuracy;Three-dimensional displays;Predictive models;Nanoscale devices;Sensors;Spatial resolution;Time-domain analysis","","2","","23","IEEE","13 Feb 2020","22-26 July 2019","22-26 July 2019","IEEE","IEEE Conferences"
"Optical Characterization of ZnO Nanoforest for Hardware Security Applications","N. Noor; H. Silva","Department of Electrical and Computer Engineering, University of Connecticut, Storrs, CT, USA; Department of Electrical and Computer Engineering, University of Connecticut, Storrs, CT, USA",2019 IEEE 19th International Conference on Nanotechnology (IEEE-NANO),"13 Feb 2020","2019","","","147","152","Disordered systems or materials with intrinsic variability in some measurable quantity are recently being considered for hardware security applications like physical unclonable functions or PUFs. An inexpensive optical PUF system based on a dense nanoforest of ZnO nanorods is presented here. A relatively concentrated seed solution used in the synthesis process results in these high density nanorods grown mostly in the upright direction with some vertical hollow spots in between neighboring nanorods. This nanorod arrangement grown on optically reflective substrates works as a nano-porous thin film and produces Fabry-Pérot fringes under perpendicularly incident focused white light. The local variations in density, height, diameter, orientation angle, and hexagonal perfection of the ZnO nanorods give rise to unique and reproducible scattering light spectra that vary significantly from one spot on the sample to another. Over 1500 optical measurements are performed to show the strongly variable optical characteristics. These distinct spectra show promise as the raw responses for ZnO-based optical PUFs.","1944-9380","978-1-7281-2892-4","10.1109/NANO46743.2019.8993872","","https://ieeexplore.ieee.org/stamp/stamp.jsp?arnumber=8993872","","II-VI semiconductor materials;Hardware security;Zinc oxide;Physical unclonable function;Optical scattering;Optical reflection;Optical sensors;Optical films;Nanorods;Substrates","","2","","16","IEEE","13 Feb 2020","22-26 July 2019","22-26 July 2019","IEEE","IEEE Conferences"
"Implantable Microelectrode Arrays for Epileptiform Electrical Signals Detection in the Awake Epileptic Mice","G. Xiao; Y. Song; Y. Zhang; S. Xu; F. Gao; J. Xie; M. Wang; H. Yin; T. Cui; X. Cai","The State Key Laboratory of Transducer Technology, Institute of Electronics, Chinese Academy of Sciences, Beijing, P.R. China; The State Key Laboratory of Transducer Technology, Institute of Electronics, Chinese Academy of Sciences, Beijing, P.R. China; The State Key Laboratory of Transducer Technology, Institute of Electronics, Chinese Academy of Sciences, Beijing, P.R. China; The State Key Laboratory of Transducer Technology, Institute of Electronics, Chinese Academy of Sciences, Beijing, P.R. China; The State Key Laboratory of Transducer Technology, Institute of Electronics, Chinese Academy of Sciences, Beijing, P.R. China; The State Key Laboratory of Transducer Technology, Institute of Electronics, Chinese Academy of Sciences, Beijing, P.R. China; The State Key Laboratory of Transducer Technology, Institute of Electronics, Chinese Academy of Sciences, Beijing, P.R. China; Division of Biomedical Engineering, School of Engineering, University of Glasgow, Glasgow, UK; Department of Mechanical Engineering, University of Minnesota, Minneapolis, MN, USA; The State Key Laboratory of Transducer Technology, Institute of Electronics, Chinese Academy of Sciences, Beijing, P.R. China",2019 IEEE 19th International Conference on Nanotechnology (IEEE-NANO),"13 Feb 2020","2019","","","153","156","Millions of people are affecting by epilepsy due to the unclear pathogenesis. In this paper, we fabricated an implantable microelectrode array for spike patterns and local field potential signals detection in the hippocampus of awake epileptic mice. The abnormal epileptiform electrical signals were recorded when the mice were occurring a seizure. During a seizure, pyramidal neurons with higher amplitude appeared together with interneurons which firing intensively. The abnormal local field potential (LFP) waveform changed from the slow oscillation with low frequency and high amplitude, to the sharp-wave and spike-wave. The oscillation frequency of LFP waveform is low while amplitude is high at the beginning and ending of seizure. On the contrary, in the middle of seizure, frequency is high while amplitude is low. This detection technology provides us an effective method to understand the neuron activities at neuron level.","1944-9380","978-1-7281-2892-4","10.1109/NANO46743.2019.8993886","","https://ieeexplore.ieee.org/stamp/stamp.jsp?arnumber=8993886","","Microelectrodes;Electric potential;Firing;Neurons;Epilepsy;Mice;Signal detection","","2","","13","IEEE","13 Feb 2020","22-26 July 2019","22-26 July 2019","IEEE","IEEE Conferences"
"Wave-Based Spiking Neural Network with Nano-Structured Electronics","Y. Katayama","IBM Research - Tokyo, Tokyo, Japan",2019 IEEE 19th International Conference on Nanotechnology (IEEE-NANO),"13 Feb 2020","2019","","","157","162","The present paper is on neuromorphic computing with temporal spike signaling as elastic waves and building blocks using nano-structured electronic systems. Wave-based neuromorphic computing framework for energy-efficient brain-inspired computing [1] can natively calculate weighted-sums with delay spreads as wave superposition and propagation for temporal spiking neural networks (SNN) processing. Single particle quantum effects of electron wave packets, traveling at the Fermi velocity in nano-structured systems, are exploited to constitute various building blocks. We will first describe passive elements whose delay can be widely controlled electrically as well as geometrically. Then, splitter combiner building blocks are configured with coupled quantum systems and an alignment gate. Finally, we explain self-resetting integrate-and-fire building blocks with tunneling in coupled nano systems. Independent changes of the static potential at subband edges and the Fermi potential lead to rich dynamics of Coulomb and quantum interplay to accomplish critical SNN building block functions.","1944-9380","978-1-7281-2892-4","10.1109/NANO46743.2019.8993931","","https://ieeexplore.ieee.org/stamp/stamp.jsp?arnumber=8993931","","Electric potential;Quantum system;Neuromorphic engineering;Wires;Spiking neural networks;Tunneling;Logic gates;Delays;Nanotechnology;Electrons","","1","","32","IEEE","13 Feb 2020","22-26 July 2019","22-26 July 2019","IEEE","IEEE Conferences"
"Effects of interface trap charges on the electrical characteristics of back-gated 2D Negative Capacitance FET","C. Jiang; L. Zhong; L. Xie","China Academy of Engineering Physics, Microsystem & Terahertz Research Center, Chengdu, China; China Academy of Engineering Physics, Microsystem & Terahertz Research Center, Chengdu, China; China Academy of Engineering Physics, Microsystem & Terahertz Research Center, Chengdu, China",2019 IEEE 19th International Conference on Nanotechnology (IEEE-NANO),"13 Feb 2020","2019","","","163","166","In this work, a fully analytical compact drain current model of back-gated two-dimensional (2D) negative capacitance (NC) FET including interface trap charges has been developed by solving Poisson's, drift-diffusion and 1-D Landau-Khalatnikov equations, and it is validated against the experimental data. In addition, the impact of interface trap charges on the electrical characteristics of the back-gated 2D NC-FET is investigated systematically based on the model. It is found that the subtresdhold swing (SS) and on-off current ration (Ion/Ioff) are seriously degraded because of the presence of interface traps at 2D channel/oxide interface and 2D NC-FET with a big tf is more immune to the degradation induced by the interface traps.","1944-9380","978-1-7281-2892-4","10.1109/NANO46743.2019.8993936","","https://ieeexplore.ieee.org/stamp/stamp.jsp?arnumber=8993936","2D Negative Capacitance FET;ferroelectric gate dielectric;analytical model;interface trap charges;low power applications","Analytical models;Two-dimensional displays;Field effect transistors;Logic gates;Capacitance;Mathematical models;Data models;Steady-state;Dielectrics;Nanotechnology","","","","15","IEEE","13 Feb 2020","22-26 July 2019","22-26 July 2019","IEEE","IEEE Conferences"
"A Novel 5-DOF Flexure-based Passive Alignment Stage for Microassembly System","S. Chen; W. Chen; J. Liu; W. Chen","School of Automation Science and Electrical Engineering, Beihang University, Beijing, China; School of Automation Science and Electrical Engineering, Beihang University, Beijing, China; School of Automation Science and Electrical Engineering, Beihang University, Beijing, China; Mechatronics Group, Singapore Institute of Manufacturing Technology Singapore, Singapore",2019 IEEE 19th International Conference on Nanotechnology (IEEE-NANO),"13 Feb 2020","2019","","","173","178","In order to avoid the damage of collision between the assembly targets during microassembly, a new 5-degree- of-freedom (5-DOF) fleuxre-based passive alignment stage for microassembly system is presented. With fiber assembly as the application field, the design, modeling and simulation of the proposed stage are proposed. The proposed stage mainly consists of a 3-DOF in-plane mechanism and a 2-DOF off-plane mechanism. The alignment motion of the stage is achieved by adopting a variety of flexure hinges. Due to the remote center of compliance (RCC) characteristic, the proposed stage can compensate position error in different directions decoupleably. In order to guarantee successful fiber assembly process, the stiffness of the proposed stage is strictly controlled. The pseudorigid-body-model (PRBM) method is utilized to calculate the stiffness of the stage along its working directions. Then the finite element analysis (FEA) is conducted to verify the stiffness theoretical model and test the dynamic performance of the stage. Both the theoretical and FEA results demonstrate the superior property of the design, which indicates that the proposed stage can meet the requirements for compensating the relative position error between the fiber and the optical switch.","1944-9380","978-1-7281-2892-4","10.1109/NANO46743.2019.8993682","","https://ieeexplore.ieee.org/stamp/stamp.jsp?arnumber=8993682","","5-DOF;Optical switches;3-DOF;2-DOF;Prototypes;Process control;Finite element analysis;Optical fiber testing;Nanotechnology;Microassembly","","","","24","IEEE","13 Feb 2020","22-26 July 2019","22-26 July 2019","IEEE","IEEE Conferences"
"Design, Modeling and Analysis of a Novel Backdrivable Cable-driven Series Elastic Actuator","Z. Wang; B. Zi; D. Wang; J. Qian","School of Mechanical Engineering, Hefei University of Technology, Hefei, Anhui, China; School of Mechanical Engineering, Hefei University of Technology, Hefei, Anhui, China; School of Mechanical Engineering, Hefei University of Technology, Hefei, Anhui, China; School of Mechanical Engineering, Hefei University of Technology, Hefei, Anhui, China",2019 IEEE 19th International Conference on Nanotechnology (IEEE-NANO),"13 Feb 2020","2019","","","179","183","This paper presents a study on the design, modeling and preliminary analysis of a novel Backdrivable Cable-Driven Series Elastic Actuator (BCDSEA) on a long-distance cable-driven revolute joint. The BCDSEA includes of a motor and cable-driven module, cable-pulley systems, a simplified revolute joint, a backspring and cable-driven module. The driving cable is actuated by a servo motor and a miniature ballscrew with an auxiliary spring. The steel cables are simplified as mass-spring-damper system models. The returning cable is back actuated by a linear backspring. The detailed modeling processes are presented considering the different inputting sensors data and the local dynamical features. Two types of the driving cable model and two types of the returning cable model are proposed for the driving and returning cable dynamics. Thus, four types of dynamic models are derived for the simplified cable-driven revolute joint in this study. The preliminary analyses of the proposed dynamic models are discussed with the potential applications of this actuator.","1944-9380","978-1-7281-2892-4","10.1109/NANO46743.2019.8993930","","https://ieeexplore.ieee.org/stamp/stamp.jsp?arnumber=8993930","","Actuators;Analytical models;Parameter estimation;Sensor phenomena and characterization;Performance analysis;Steel;Wearable devices;Springs;Servomotors;Nanotechnology","","","","12","IEEE","13 Feb 2020","22-26 July 2019","22-26 July 2019","IEEE","IEEE Conferences"
"Design of a New Rotary Micropositioning Stage Driven by Piezoelectric Actuator","H. Zhang; Q. Xu","Department of Electromechanical Engineering, Faculty of Science and Technology, University of Macau, Macau, China; Department of Electromechanical Engineering, Faculty of Science and Technology, University of Macau, Macau, China",2019 IEEE 19th International Conference on Nanotechnology (IEEE-NANO),"13 Feb 2020","2019","","","188","192","This paper presents the design of a new rotary micropositioning stage, which is actuated by a linear-type piezoelectric stack actuator. This structure realizes a large enough output angle by introducing lever displacement amplifiers. This work also includes innovative designs for accepting the force and displacement of PZT. Moreover, it avoids undesired displacement by adopting symmetrical structure design. The proposed design also exhibits a compact structure, which provides convenience in practical application. Finite-element analysis is conducted with simulation study to verify the performance of the presented rotary micropositioning stage.","1944-9380","978-1-7281-2892-4","10.1109/NANO46743.2019.8993869","","https://ieeexplore.ieee.org/stamp/stamp.jsp?arnumber=8993869","","Force;Prototypes;Piezoelectric actuators;Finite element analysis;Nanotechnology;Lead zirconate titanate","","","","11","IEEE","13 Feb 2020","22-26 July 2019","22-26 July 2019","IEEE","IEEE Conferences"
"Prediction of Strain Effect on Hydrogen Evolution Reaction on VMO-SLMOS2","L. Lai; K. Ye; M. Li; J. Luo; B. Wu; Z. Ren","College of Information & Mechanical and Electrical Engineering, Ningde Normal University, Ningde, China; College of Mechanical Engineering and Automation, Fuzhou University, Fuzhou, China; College of Mechanical Engineering and Automation, Fuzhou University, Fuzhou, China; Xiamen Tungsten CO., LTD, Xiamen, china; College of Materials Science and Engineering, Fuzhou University, Fuzhou, China; College of Mechanical Engineering and Automation, Fuzhou University, Fuzhou, China",2019 IEEE 19th International Conference on Nanotechnology (IEEE-NANO),"13 Feb 2020","2019","","","193","196","The catalytic activity for the hydrogen evolution reaction (HER), as well as the structural and electronic properties, of monolayer MoS2 with single Mo vacancies (VMo-SLMoS2) under different strains were investigated by first-principles density functional theory (DFT) for the first time. We found that the HER catalytic activity of VMo-SLMoS2 can be optimized using biaxial compressive strain. A 4.5% biaxial compressive strain can be used to reduce ΔGH to be only -0.03 eV and -0.04 eV at the active sites. Our results suggest a new way for the applications of SLMoS2 in the optimization of hydrogen evolution performance with point defects.","1944-9380","978-1-7281-2892-4","10.1109/NANO46743.2019.8993908","","https://ieeexplore.ieee.org/stamp/stamp.jsp?arnumber=8993908","","Adsorption;Hydrogen;Discrete Fourier transforms;Density functional theory;Sulfur;Molybdenum;Optimization","","","","21","IEEE","13 Feb 2020","22-26 July 2019","22-26 July 2019","IEEE","IEEE Conferences"
"Photo Aligned Quantum Rod Films by inkjet Printing for modern LCDs with Extended Color Gamut","S. K. Gupta; M. F. Prodanov; M. Diakov; V. V. Vashchenko; C. Kang; A. K. Srivastava","State Key Laboratory of Advanced Displays and Optoelectronics Technologies, Hong Kong University of Science and Technology, Hong Kong; State Key Laboratory of Advanced Displays and Optoelectronics Technologies, Hong Kong University of Science and Technology, Hong Kong; State Key Laboratory of Advanced Displays and Optoelectronics Technologies, Hong Kong University of Science and Technology, Hong Kong; State Key Laboratory of Advanced Displays and Optoelectronics Technologies, Hong Kong University of Science and Technology, Hong Kong; State Key Laboratory of Advanced Displays and Optoelectronics Technologies, Hong Kong University of Science and Technology, Hong Kong; State Key Laboratory of Advanced Displays and Optoelectronics Technologies, Hong Kong University of Science and Technology, Hong Kong",2019 IEEE 19th International Conference on Nanotechnology (IEEE-NANO),"13 Feb 2020","2019","","","197","200","Photoaligned quantum rod films have been printed using an inkjet printer. High-quality alignment of the QRs provides a high polarization ratio for the PL. Furthermore, we developed a QREF containing red and green QRs, in the same films, for their application in LCD backlights. Thus fabricated QREFs offer wider color gamut and high optical efficiency of 7.8%, which is almost double in comparison to the conventional LCDs.","1944-9380","978-1-7281-2892-4","10.1109/NANO46743.2019.8993874","","https://ieeexplore.ieee.org/stamp/stamp.jsp?arnumber=8993874","","Optical polarization;Optical device fabrication;Optical saturation;Liquid crystal displays;Ink jet printing;Color gamut;Optical films;Printers;Substrates;Optical polymers","","","","21","IEEE","13 Feb 2020","22-26 July 2019","22-26 July 2019","IEEE","IEEE Conferences"
"Synthesis of high throughput ibuprofen nanoparticles via supercritical CO2 processing","S. K. Sharma; R. Jagannathan","Engineering Division, New York University, Abu Dhabi, UAE; Engineering Division, New York University, Abu Dhabi, UAE",2019 IEEE 19th International Conference on Nanotechnology (IEEE-NANO),"13 Feb 2020","2019","","","203","206","High throughput ibuprofen nanoparticles with a yield up to 80 % (w/w) are synthesized via supersonic jet expansion of the supercritical CO2 processing. The effect of four different surfactants on the size of ibuprofen nanoparticles were investigated. Drop casting of these aqueous solutions on a quartz substrate and resulted in stable, viscous liquid films observed by optical, atomic force microscopy (AFM) and scanning electron microscopy (SEM). X-ray diffraction (XRD) and confocal Raman confirmed that these nanoparticles have retained their structural and chemical identity after rapid expansion of a supercritical solution (RESS) processing.","1944-9380","978-1-7281-2892-4","10.1109/NANO46743.2019.8993945","","https://ieeexplore.ieee.org/stamp/stamp.jsp?arnumber=8993945","Supercritical fluids;RESS;ibuprofen nanoparticles","Nanoparticles;Scanning electron microscopy;X-ray scattering;Atom optics;X-ray diffraction;Throughput;Size measurement;Surfactants;Chemicals;Substrates","","","","13","IEEE","13 Feb 2020","22-26 July 2019","22-26 July 2019","IEEE","IEEE Conferences"
"Impact of Total Ionization Doze on Substrate biased Symmetric Lateral Bipolar Transistor on SiGe-OI","L. B. Devi; J. Kumar; A. Srivastava","School of Computer & System Sciences, Jawaharlal Nehru University, New Delhi, India; School of Computer & System Sciences, Jawaharlal Nehru University, New Delhi, India; School of Computer & System Sciences, Jawaharlal Nehru University, New Delhi, India",2019 IEEE 19th International Conference on Nanotechnology (IEEE-NANO),"13 Feb 2020","2019","","","207","210","Impact of Total Ionization Doze (TID) on substrate biased Symmetric Lateral Bipolar Transistor (SLBT) on SiGe-OI is studied. With the introduction of substrate bias the performances of the device is enhanced. This paper highlights the other side of substrate biasing when subject to TID impact by using 2D simulation study of SLBT on SiGe-OI. We observe that breakdown voltage (BVCEO) is reduced with TID impact and is further reduced when substrate bias is applied to the device. A No substrate biased device is observed to exhibit higher BVCEO even after exposure to TID of 1×1011cm-2 when compared to BVCEO of +1V substrate biased device before exposure to radiation.","1944-9380","978-1-7281-2892-4","10.1109/NANO46743.2019.8993933","","https://ieeexplore.ieee.org/stamp/stamp.jsp?arnumber=8993933","","Performance evaluation;Hands;Bipolar transistors;Ionization;Reliability engineering;Nanoscale devices;Substrates;Nanotechnology","","","","11","IEEE","13 Feb 2020","22-26 July 2019","22-26 July 2019","IEEE","IEEE Conferences"
"Large-area, fully conformable, μm-thick e-tattoo for high-fidelity in situ personal health monitoring","L. Yin; P. Deng; J. Ma; Y. Shen; J. Ren; S. Zhang; Y. Huang","School of Mechanical Science and Engineering, Huazhong University of Science and Technology, Wuhan, China; School of Mechanical Science and Engineering, Huazhong University of Science and Technology, Wuhan, China; School of Mechanical Science and Engineering, Huazhong University of Science and Technology, Wuhan, China; School of Mechanical Science and Engineering, Huazhong University of Science and Technology, Wuhan, China; School of Mechanical Science and Engineering, Huazhong University of Science and Technology, Wuhan, China; School of Mechanical Science and Engineering, Huazhong University of Science and Technology, Wuhan, China; School of Mechanical Science and Engineering, Huazhong University of Science and Technology, Wuhan, China",2019 IEEE 19th International Conference on Nanotechnology (IEEE-NANO),"13 Feb 2020","2019","","","211","214","An integrated multifunctional epidermal electronics system for high-fidelity in situ personal health monitoring is introduced. It includes 3 kinds of sensors: the ECG sensor, the temperature sensor and the hydration sensor. It can measure the ECG, temperature, hydration accurately.","1944-9380","978-1-7281-2892-4","10.1109/NANO46743.2019.8993887","","https://ieeexplore.ieee.org/stamp/stamp.jsp?arnumber=8993887","","Temperature sensors;Temperature measurement;Human computer interaction;Accuracy;Electrocardiography;Epidermis;Sensors;Monitoring;Nanotechnology","","1","","29","IEEE","13 Feb 2020","22-26 July 2019","22-26 July 2019","IEEE","IEEE Conferences"
"Fabrication of Metallic Nano-Ring Arrays by Imprinting- Sputtering- Self Uplifting Methods with Localized Surface Plasmon Resonance Effect","P. Potejana","School of Engineering, University of Phayao, Phayao, Thailand",2019 IEEE 19th International Conference on Nanotechnology (IEEE-NANO),"13 Feb 2020","2019","","","215","220","This study proposed the efficient nanofabrication methods involve imprinting process with the non-hazardous chemical as well as Argon gas sputtering deposition process to fabricate metallic nanostructures on a substrate for optical sensing application. This manufacturing method is developing an efficient nanofabrication process of metallic nanostructures of the same size as the wavelength of visible light, such as a metallic nano-ring array on a quartz glass substrate. In this process, a polymer film mold is made by hot stamp method from a silicon wafer mother mold, and the polymer film mold is used to ""chemical imprint"" onto substrates. The polymer mold are very low cost and reusable. Then, a metal thin film is deposited on the stamped substrate by Argon gas spattering deposition. Finally, the nano-ring arrays are appeared on the substrate by a self-uplifting method using the vibration hot water dipping process. The optical properties of the nano-ring arrays are investigated. Most important advantages of this nanofabrication technology are ""high throughput, low cost, and without the hazardous chemical in the process"". Therefore, this new fabrication method is ready to transfer to the optical plasmonic bio-sensing application.","1944-9380","978-1-7281-2892-4","10.1109/NANO46743.2019.8993873","","https://ieeexplore.ieee.org/stamp/stamp.jsp?arnumber=8993873","","Vibrations;Gold;Nanofabrication;Nanostructures;Optical sensors;Substrates;Chemicals;Surface treatment;Sputtering;Optical surface waves","","","","16","IEEE","13 Feb 2020","22-26 July 2019","22-26 July 2019","IEEE","IEEE Conferences"
"Anti-lotus leaf effect: smearing millions of picoliter droplets on bio-inspired artificial lotus leaf","L. Du; Y. Wei; A. Riaud; J. Zhou","ASIC and System State Key Lab, School of Microelectronics, Fudan University, China; State Key Laboratory of Genetic Engineering, Fudan University, China; ASIC and System State Key Lab, School of Microelectronics, Fudan University, China; ASIC and System State Key Lab, School of Microelectronics, Fudan University, China",2019 IEEE 19th International Conference on Nanotechnology (IEEE-NANO),"13 Feb 2020","2019","","","223","226","Compartmentalization of aqueous samples into micro-droplets enables to study single cells or detect single molecules by performing large number of independent experiments. However, as the droplet size becomes smaller, the surface energy becomes larger so that micro-channels or surface treatments are required to break droplets below the picoliter range, resulting in an increased experimental or chemical complexity. Herein, we study the spontaneous liquid film breakup observed after smearing a mother droplet on the surface of lotus leave reversal. As the film breaks and recedes, it is mechanically trapped in single wells formed by the natural bulges on the leaf and forms picoliter droplets, which we called anti-lotus effect droplet. The bio-inspired effect has the advantage of resisting capillary forces and releasing surface tension in the three-phase interface. Using soft-lithography and spin-coating, we obtain the bio-mimetic wells array with the corrugated surface analogous with the lotus leave, which enables a deeper liquid penetration during the smearing step that results in a more efficient filling of the wells. In the present experiments, we have obtained a regular array of 2 pL droplets with a density of 62,500 droplets/cm2, which equivalents to 5.4 million droplets on the surface a 96 well plate. This bio-inspired method of forming droplet will be a convenient way to operate with no chemical treatment and seal. It undoubtedly decreases the complexity of chip manufacturing and potential interference by chemical treatments. We believe that such a method contributes to the development of the efficient micro-droplet generator with a pure physical interface and thus is applicable to biological and medical analysis.","1944-9380","978-1-7281-2892-4","10.1109/NANO46743.2019.8993913","","https://ieeexplore.ieee.org/stamp/stamp.jsp?arnumber=8993913","","Corrugated surfaces;Liquids;Interference;Filling;Surface tension;Complexity theory;Reliability;Surfactants;Surface treatment;Chemicals","","2","","35","IEEE","13 Feb 2020","22-26 July 2019","22-26 July 2019","IEEE","IEEE Conferences"
"Carbon Nanotube Network Transistor for a Physical Unclonable Functions-based Security Device","Y. Lee; J. Yoon; H. -J. Kim; G. -H. Park; D. H. Kim; D. Myong Kim; M. -H. Kang; S. -J. Choi","School of Electrical Engineering, Kookmin University, Seoul, Korea; School of Electrical Engineering, Kookmin University, Seoul, Korea; School of Electrical Engineering, Kookmin University, Seoul, Korea; School of Electrical Engineering, Kookmin University, Seoul, Korea; School of Electrical Engineering, Kookmin University, Seoul, Korea; School of Electrical Engineering, Kookmin University, Seoul, Korea; department of Nano-process, National Nanofab Center, Daejeon, Korea; School of Electrical Engineering, Kookmin University, Seoul, Korea",2019 IEEE 19th International Conference on Nanotechnology (IEEE-NANO),"13 Feb 2020","2019","","","227","230","Physical unclonable functions (PUFs) based on 99% semiconducting carbon nanotube (CNT) network transistors are demonstrated. We experimentally verified the possibilities of a PUF based on the CNT network transistors with the unpredictable and high randomness of the CNT-percolated network. The Hamming distance (HD) and Hamming weight (HW), which are important PUF parameters, were calculated to evaluate the uniqueness and assess the uniformity of the CNT-based PUF devices.","1944-9380","978-1-7281-2892-4","10.1109/NANO46743.2019.8993890","","https://ieeexplore.ieee.org/stamp/stamp.jsp?arnumber=8993890","","Carbon nanotubes;Physical unclonable function;Transistors;Security;Hamming distances;Hamming weight;Nanotechnology;Binary sequences","","5","","10","IEEE","13 Feb 2020","22-26 July 2019","22-26 July 2019","IEEE","IEEE Conferences"
"Hybrid Graphene-Molybdenum Disulfide Antenna for ISM Applications","M. R. R. Abdul-Aziz; S. A. Mohassieb; N. A. Eltresy; M. M. K. Yousef; B. A. Anis; A. S. G. Khalil","Environmental and Smart Technology Group, Fayoum University, Fayoum, Egypt; Electronics and Communications Department, Akhbar Elyom Academy, October City, Egypt; Microstrip Department, Electronics Research Institute, Giza, Egypt; Environmental and Smart Technology Group, Fayoum University, Fayoum, Egypt; Spectroscopy Department, National Research Centre, Giza, Egypt; Environmental and Smart Technology Group, Fayoum University, Fayoum, Egypt",2019 IEEE 19th International Conference on Nanotechnology (IEEE-NANO),"13 Feb 2020","2019","","","231","234","Here, Laser Induced Graphene (LIG) as a low cost and versatile technique, was utilized to fabricate coplanar waveguide fed polygon monopole antenna on glass substrates. The graphene layers were formed as a result of the laser interaction with the polymeric membranes. Hybrid MoS2-graphene based antennas were also fabricated and tested. The effect of laser power on the sheet resistance was studied. The formation of the graphene and the successful realization of the hybrid structures were confirmed by several techniques including SEM, Raman and UV-Vis spectroscopy. The graphene as well as graphene-MoS2 antennas developed in this work, showed higher gain compared to the already reported studies in literature. Detailed and optimized experiments are still needed to explore the advantages of these novel hybrid structures for ISM applications.","1944-9380","978-1-7281-2892-4","10.1109/NANO46743.2019.8993677","","https://ieeexplore.ieee.org/stamp/stamp.jsp?arnumber=8993677","","Resistance;Spectroscopy;Costs;Systematics;Graphene;Power lasers;Waveguide lasers;Polymers;Antennas;Substrates","","1","","20","IEEE","13 Feb 2020","22-26 July 2019","22-26 July 2019","IEEE","IEEE Conferences"
"Schottky junction properties of graphene with nitrogen and gallium polar freestanding GaN","A. K. Ranade; R. D. Mahyavanshi; P. Desai; M. Tanemura; G. Kalita","Department of Physical Science and Engineering, Nagoya Institute Technology, Showa-ku, Nagoya, Japan; Department of Physical Science and Engineering, Nagoya Institute Technology, Showa-ku, Nagoya, Japan; Department of Physical Science and Engineering, Nagoya Institute Technology, Showa-ku, Nagoya, Japan; Department of Physical Science and Engineering, Nagoya Institute Technology, Showa-ku, Nagoya, Japan; Department of Physical Science and Engineering, Nagoya Institute Technology, Showa-ku, Nagoya, Japan",2019 IEEE 19th International Conference on Nanotechnology (IEEE-NANO),"13 Feb 2020","2019","","","235","238","Integration of two-dimensional (2D) layered materials like graphene with conventional semiconductors is of great interest to develop high performance optoelectronics and other electronic devices. Gallium nitride (GaN) with a direct bandgap (~3.4 eV) has been widely explored for optoelectronic and power device applications. Recently, freestanding GaN has been grown by liquid phase epitaxy. GaN device properties can be significantly changed depending on the nitrogen (N) and gallium (Ga) polar surface. In the present work, we have explored the Schottky junction properties of graphene with N and Ga polar freestanding GaN. Interestingly, Ga-polar graphene/GaN heterostructure showed higher photoresponsivity than the N-polar graphene/GaN heterostructure.","1944-9380","978-1-7281-2892-4","10.1109/NANO46743.2019.8993910","","https://ieeexplore.ieee.org/stamp/stamp.jsp?arnumber=8993910","","Performance evaluation;Gallium;Two-dimensional displays;Short-circuit currents;Graphene;Voltage;Heterojunctions;Nitrogen;Gallium nitride;Substrates","","","","13","IEEE","13 Feb 2020","22-26 July 2019","22-26 July 2019","IEEE","IEEE Conferences"
"Integration and Characterization of Transparent Thin Film Transistors with Carbon Nanotubes as Aligned Channel and Electrodes","Q. Huang; Q. Wang; Z. Liao; C. Du; M. Zhang","School of Electronic and Computer Engineering, Peking University, Shenzhen, China; School of Electronic and Computer Engineering, Peking University, Shenzhen, China; School of Electronic and Computer Engineering, Peking University, Shenzhen, China; School of Electronic and Computer Engineering, Peking University, Shenzhen, China; School of Electronic and Computer Engineering, Peking University, Shenzhen, China",2019 IEEE 19th International Conference on Nanotechnology (IEEE-NANO),"13 Feb 2020","2019","","","239","242","Transparent top-gate aligned-channel all-carbon-nanotube thin film transistors (all-CNT-TFTs) are proposed and integrated on a polyethylene naphthalate substrate, with 99.9%-purity semiconducting carbon nanotubes (SCNTs) as channel and metallic carbon nanotubes (MCNTs) as source/drain/gate electrodes. Fabricated by Langmuir-Blodgett (LB) method, an aligned-channel all-CNT-TFT with an on/off current ratio of 3.89×104, as well as a transparency of 86% has been achieved. The ultrathin films formed by LB method were uniform on the whole sample region, which can provide stable performance of the transistors. The aligned SCNT channel and MCNT source/drain electrodes can form clear tube-tube contact, which is useful for accurate mechanism analysis.","1944-9380","978-1-7281-2892-4","10.1109/NANO46743.2019.8993678","","https://ieeexplore.ieee.org/stamp/stamp.jsp?arnumber=8993678","","Electrodes;Polyethylene;Films;Carbon nanotubes;Logic gates;Thin film transistors;Dielectrics;Transistors;Substrates;Nanotechnology","","1","","9","IEEE","13 Feb 2020","22-26 July 2019","22-26 July 2019","IEEE","IEEE Conferences"
"Crosstalk Aware Global Routing of Graphene Nanoribbon Based Circuits","S. Das; S. Pandit; D. K. Das","Institute of Radio Physics & Electronics, University of Calcutta, Kolkata, India; Institute of Radio Physics & Electronics, University of Calcutta, Kolkata, India; Dept. of Computer Science & Engineering, Jadavpur University, Kolkata, India",2019 IEEE 19th International Conference on Nanotechnology (IEEE-NANO),"13 Feb 2020","2019","","","243","248","Graphene nanoribbon based interconnects have several advantages over traditional interconnects in terms of power dissipation and delay. These interconnects can be bent only in 0°, 60° and 120° angles. Hence underling routing grid of graphene nanoribbon are aligned in these mentioned degrees only. This kind of routing grid is known as triangular routing grid. Routing of graphene nanoribbon based circuit in triangular routing grid have already been reported in literature. But, to the best of our knowledge none of the work focuses on the crosstalk minimization. In this paper, we propose an algorithm for the construction of global routing tree of graphene nanoribbon based circuit considering the minimization of crosstalk talk effect. The algorithm is tested on a random data set and the result obtained is quite encouraging.","1944-9380","978-1-7281-2892-4","10.1109/NANO46743.2019.8993935","","https://ieeexplore.ieee.org/stamp/stamp.jsp?arnumber=8993935","Graphene nanoribbon;interconnects;hybrid cost;routing;crosstalk","Inductance;Graphene;Crosstalk;Integrated circuit interconnections;Very large scale integration;Routing;Minimization;Power dissipation;Integrated circuit modeling;Nanotechnology","","1","","15","IEEE","13 Feb 2020","22-26 July 2019","22-26 July 2019","IEEE","IEEE Conferences"
"Fiber-optic laser-ultrasound transducer using carbon nanoparticles for intravascular sonothrombolysis","H. Wu; H. Kim; Y. Tang; J. Yao; X. Jiang","Department of Mechanical and Aerospace Engineering, North Carolina State University, Raleigh, NC, USA; Department of Mechanical and Aerospace Engineering, North Carolina State University, Raleigh, NC, USA; Department of Biomedical Engineering, Duke University, Durham, NC, USA; Department of Biomedical Engineering, Duke University, Durham, NC, USA; Department of Mechanical and Aerospace Engineering, North Carolina State University, Raleigh, NC, USA",2019 IEEE 19th International Conference on Nanotechnology (IEEE-NANO),"13 Feb 2020","2019","","","261","264","Intravascular ultrasound thrombolysis has shown its advantages in the improved treatment rate compared with traditional administration of thrombolytic agents, and a safer treatment procedure compared with mechanical drilling methods. However, the method still suffers from the long treatment time. Although recent studies have shown progress in miniaturizing intravascular piezoelectric ultrasound transducers to improve the clot lysis rate, the transducer’s size control, fabrication and packing are still complicated. On the other hand, laser generated ultrasound (LGU) has a relatively simple structure and can be adapted for expediting thrombolysis with its high acoustic pressure. However, there is a lack of studies on the intravascular LGU transducers. Therefore, in this study, we designed and fabricated an intravascular laser ultrasound transducer on an optical fiber. We characterized the transducer’s performance by measuring its output pressure. Lastly, the transducer’s thrombolysis rate was estimated in vitro. The preliminary test result showed on average a 32% reduction in the clot mass after a 30-min treatment with our transducer, demonstrating the feasibility of the sonothrombolysis use.","1944-9380","978-1-7281-2892-4","10.1109/NANO46743.2019.8993894","","https://ieeexplore.ieee.org/stamp/stamp.jsp?arnumber=8993894","","Optical fibers;Transducers;Ultrasonic imaging;Ultrasonic variables measurement;Pressure measurement;Size control;Optical fiber testing;In vitro;Nanotechnology;Fiber lasers","","4","","17","IEEE","13 Feb 2020","22-26 July 2019","22-26 July 2019","IEEE","IEEE Conferences"
"Quantification of Cell Adhesion Strength using Energy Dissipation from Quartz Microbalance with Dissipation Monitoring","A. M. Esfahani; J. Rosenbohm; R. Yang","Department of Mechanical and Materials Engineering, University of Nebraska-Lincoln, Lincoln, NE; Department of Mechanical and Materials Engineering, University of Nebraska-Lincoln, Lincoln, NE; Department of Mechanical and Materials Engineering, University of Nebraska-Lincoln, Lincoln, NE",2019 IEEE 19th International Conference on Nanotechnology (IEEE-NANO),"13 Feb 2020","2019","","","265","268","We propose a mechanical model that describes the energy dissipation process in the probing of cell adhesion using quartz crystal microbalance with dissipation monitoring (QCM-D). The model considers the QCM-D disk as a harmonic oscillator and the friction between the disk and the cell is modeled as molecular bond rupturing and the fluidic slip at the interface. The bond formation and rupture events are governed by relative motion between the sensor disk and the cell membrane. We consider this interaction as the main energy dissipation channel for the oscillator, as the dynamic molecular bond rupture and the viscous damping of the trapped liquid at the cell/disk interfacial layer contribute to the most energy loss during the harmonic oscillation. The energy loss due to the frictional slip of the stress fiber/cytoplasm is insignificant compared with the bond rupture. At high bond number conditions, the energy dissipation will be dominated by the bond rupture events at the focal adhesion, and bond number and the size of focal adhesion are linearly related to the energy dissipation factors. These findings can serve as an analytical tool for QCM-D based cell adhesion assays.","1944-9380","978-1-7281-2892-4","10.1109/NANO46743.2019.8993951","","https://ieeexplore.ieee.org/stamp/stamp.jsp?arnumber=8993951","","Damping;Optical fiber sensors;Adhesives;Friction;Energy dissipation;Harmonic analysis;Integrated circuit modeling;Oscillators;Stress;Monitoring","","1","","27","IEEE","13 Feb 2020","22-26 July 2019","22-26 July 2019","IEEE","IEEE Conferences"
"A Super-sensitive Flexible Strain Sensor with Ag/PDMS Composites for Wearable Physiological Signals Detection","J. Zhang; J. Chen; Z. Luo; Y. Alhandarish; L. Wang; H. Li","Shenzhen Institutes of Advanced Technology, Chinese Academy of Sciences, Shenzhen, China; Shenzhen Institutes of Advanced Technology, Chinese Academy of Sciences, Shenzhen, China; Shenzhen Institutes of Advanced Technology, Chinese Academy of Sciences, Shenzhen, China; Shenzhen Institutes of Advanced Technology, Chinese Academy of Sciences, Shenzhen, China; Shenzhen Institutes of Advanced Technology, Chinese Academy of Sciences, Shenzhen, China; Shenzhen Institutes of Advanced Technology, Chinese Academy of Sciences, Shenzhen, China",2019 IEEE 19th International Conference on Nanotechnology (IEEE-NANO),"13 Feb 2020","2019","","","279","282","This paper reports a flexible conductive Ag/PDMS film for physiological signals detection. The Ag/PDMS composite was prepared only with physical treatment, such as grinding, mixing, etc.; no chemical treatment was involved in the process, which results in a simple and short time-consuming microfabrication method without corrosive or hazardous chemical reagents. The results show that as the strain increase, the GF of the Ag-PDMS film increases, the sensitivity of the Ag-PDMS film increases. Compared to state of the art, the Ag/PDMS flexible sensor gauge factor (GF) can reach as high as 939. Applications of attaching the Ag-PDMS film around the finger detecting its movement was also conducted and the result is promising, which shows great potential to be used in physiological signals detection applications.","1944-9380","978-1-7281-2892-4","10.1109/NANO46743.2019.8993900","","https://ieeexplore.ieee.org/stamp/stamp.jsp?arnumber=8993900","","","","","","21","IEEE","13 Feb 2020","22-26 July 2019","22-26 July 2019","IEEE","IEEE Conferences"
"Development of Nickel Nanowire on N-doped Carbon supported for Urea Measurement in Spent Dialysate for End-Stage Renal Disease Prognosis","N. Asavakijthananont; M. Janyasupab","Science, Technology, Engineering and Mathematics, Faculty of Engineering, King Mongkut's Institute of Technology Ladkrabang, Bangkok, Thailand; Science, Technology, Engineering and Mathematics, Faculty of Engineering, King Mongkut's Institute of Technology Ladkrabang, Bangkok, Thailand",2019 IEEE 19th International Conference on Nanotechnology (IEEE-NANO),"13 Feb 2020","2019","","","283","288","This study demonstrated a non-enzymatic electrochemical biosensor for urea measurement in spent dialysate as an alternative method of traditional blood-based measurement in patients with end-stage renal disease. On-site monitoring urea in dialysate is strategically cost-effective and practically robust for rapid diagnosis and treatment efficacy. Experimentally, scalable nickel (Ni) nanowire on nitrogen-doped carbon (NC) supported was synthesized and characterized morphology, elemental composition, and electrochemical performance by Field-Emission Transmission Electron Microscopy, Selected Area Energy Diffraction, X-ray Energy Dispersive Spectroscopy, and X-ray diffraction. Furthermore, electrochemical measurements were assessed by cyclic voltammetry and differential pulse voltammetry in phosphate buffer saline, simulated dialysate, and real spent dialysate from chronic kidney disease patients. Upon successive urea addition, the as-prepared Ni nanowire/NC exhibited the estimated limit of detection (LOD) of 0.408 mM and the sensitivities of 68.91 μA.cm−2.mM−1 (R2 = 0.986) and 7.57 μA.cm−2.mM−1 (R2 = 0.989) in the lower range (below 1 mM) and the upper range (1-20 mM), respectively in simulated dialysate. Furthermore, the urea determination in the 4 hour-treatment spent dialysate, obtained from three patients, was also carried out in comparison with the clinical standard test, demonstrating a comparable and practical onsite urea measurement in future prognosis.","1944-9380","978-1-7281-2892-4","10.1109/NANO46743.2019.8993950","","https://ieeexplore.ieee.org/stamp/stamp.jsp?arnumber=8993950","","Sensitivity;Transmission electron microscopy;X-ray diffraction;Nickel;Biosensors;Prognostics and health management;Carbon;Monitoring;Standards;Diseases","","1","","22","IEEE","13 Feb 2020","22-26 July 2019","22-26 July 2019","IEEE","IEEE Conferences"
"A Method for Improving the Detection Accuracy of Resonant micro-optical electromechanical gyroscope","Y. Tao; W. Liu; J. tang; Z. Pan; G. Xing; J. Liu",NA; NA; NA; NA; NA; NA,2019 IEEE 19th International Conference on Nanotechnology (IEEE-NANO),"13 Feb 2020","2019","","","289","292","It is mainly traditional frequency-locking method of resonant fiber optic gyroscope that to adjust the central frequency of the laser. Unfortunately, with the change of the central frequency of the laser, the output power will fluctuate. At the same time, the output uncertainty caused by the error of digital-to-analog conversion and the inadequate tuning ability is so low that the detection accuracy is difficult to improve. In this paper, a frequency locking scheme of optical resonator based on piezoelectric ring is proposed, and frequency tracking and locking of gyroscope system based on adjusting reflective resonator are realized. With this method, the noise width is reduced from 4°/s to 0.15 °/s, the resolution of gyroscope is increased from 1.5°/s to 0.1 °/s, and the detection accuracy is increased from 140 Hz to 6.7 Hz.","1944-9380","978-1-7281-2892-4","10.1109/NANO46743.2019.8993885","","https://ieeexplore.ieee.org/stamp/stamp.jsp?arnumber=8993885","","Accuracy;Uncertainty;Power lasers;Noise;Resonant frequency;Optical resonators;Gyroscopes;Laser tuning;Power generation;Fiber lasers","","","","11","IEEE","13 Feb 2020","22-26 July 2019","22-26 July 2019","IEEE","IEEE Conferences"
"Sensitivity Analysis of Silicon Nanowire ISFET Sensor with LaF3 membrane","H. -T. Kwak; K. Kim; H. Cho; M. Meyyappan; C. -K. Baek","Department of Electrical Engineering, Pohang University of Science and Technology (POSTECH), Pohang, South Korea; Department of Creative IT Engineering Engineering, Pohang University of Science and Technology (POSTECH), Pohang, Republic of Korea; Department of Creative IT Engineering Engineering, Pohang University of Science and Technology (POSTECH), Pohang, Republic of Korea; NASA Ames Research Center, Mountain View, CA, USA; Department of Creative IT Engineering Engineering, Pohang University of Science and Technology (POSTECH), Pohang, Republic of Korea",2019 IEEE 19th International Conference on Nanotechnology (IEEE-NANO),"13 Feb 2020","2019","","","293","296","We investigate the fluoride ion sensitivity dependence on the width in silicon nanowire (SiNW) ion-sensitive field effect transistor (ISFET) sensor with polycrystalline lanthanum fluoride (poly-LaF3) sensing membrane. The poly-LaF3 sensing membrane is deposited using non-tiled thermal evaporation under substrate temperature of 600°C. The device shows excellent electrical characteristics of low subthreshold swing (SS) and high on-off current ratio as the SiNW width shrinks. The voltage sensitivity is degraded with decreasing the nanowire diameter. This degradation is caused by reduced thermal conductivity in narrow nanowire because the deposition temperature of the poly-LaF3 film is important parameter to determine voltage sensitivity. On the other hand, the sensor exhibits the highest current sensitivity in the nanowire width of 200 nm. Although the current sensitivity is significantly affected by SS, the sensitivity is degraded when the width is less than 200 nm due to degraded voltage sensitivity. These results show that the optimized diameter of SiNW is essential for highly sensitive fluoride ion ISFET sensor.","1944-9380","978-1-7281-2892-4","10.1109/NANO46743.2019.8993944","","https://ieeexplore.ieee.org/stamp/stamp.jsp?arnumber=8993944","","Temperature sensors;Hands;Sensitivity;Temperature;Voltage;Conductivity;Thermal conductivity;Ions;Silicon;Thermal degradation","","","","11","IEEE","13 Feb 2020","22-26 July 2019","22-26 July 2019","IEEE","IEEE Conferences"
"A silk fibroin and ultra-long silver nanowires based transparent conductive composite film for nanosensor devices","K. Cheng; X. Qin; Z. Wei; Y. Peng; P. Li; P. Liu; N. Cao; J. Huang; J. Rao; J. Chen; T. Wang; M. Liu","Shanghai Key Laboratory of Intelligent Manufacturing and Robotics, School of Mechatronic Engineering and Automation, Shanghai University, Shanghai, China; Shanghai Key Laboratory of Intelligent Manufacturing and Robotics, School of Mechatronic Engineering and Automation, Shanghai University, Shanghai, China; Shanghai Key Laboratory of Intelligent Manufacturing and Robotics, School of Mechatronic Engineering and Automation, Shanghai University, Shanghai, China; Shanghai Key Laboratory of Intelligent Manufacturing and Robotics, School of Mechatronic Engineering and Automation, Shanghai University, Shanghai, China; Shanghai Key Laboratory of Intelligent Manufacturing and Robotics, School of Mechatronic Engineering and Automation, Shanghai University, Shanghai, China; School of Life Sciences, Shanghai University, Shanghai, China; Shanghai Key Laboratory of Intelligent Manufacturing and Robotics, School of Mechatronic Engineering and Automation, Shanghai University, Shanghai, China; School of Life Sciences, Shanghai University, Shanghai, China; Shanghai Key Laboratory of Intelligent Manufacturing and Robotics, School of Mechatronic Engineering and Automation, Shanghai University, Shanghai, China; Shanghai Key Laboratory of Intelligent Manufacturing and Robotics, School of Mechatronic Engineering and Automation, Shanghai University, Shanghai, China; Shanghai Key Laboratory of Intelligent Manufacturing and Robotics, School of Mechatronic Engineering and Automation, Shanghai University, Shanghai, China; Shanghai Key Laboratory of Intelligent Manufacturing and Robotics, School of Mechatronic Engineering and Automation, Shanghai University, Shanghai, China",2019 IEEE 19th International Conference on Nanotechnology (IEEE-NANO),"13 Feb 2020","2019","","","297","301","In addition to being applied to flexible touch screens, organic flexible photoelectric films have broad application prospects. In this paper, a transparent and conductive composite film was prepared by embedding a conductive network composed of ultra-long silver nanowires (AgNWs) with silk fibroin as the substrate material. In order to make the composite film flexible, a method of adding an appropriate amount of calcium ions (Ca2+) to the silk fibroin solution is employed. The ultra-long AgNWs can reduce the number of junctions between the nanowires on the conductive grid, which can reduce the resistance of the conductive layer. At the same time, the conductivity, light transmittance, and temperature sensitivity of the composite films were characterized. With the natural good biocompatibility of silk fibroin, the application of this kind of film in biomedical science as an electronic skin that can detect human health indicators could be expanded.","1944-9380","978-1-7281-2892-4","10.1109/NANO46743.2019.8993899","","https://ieeexplore.ieee.org/stamp/stamp.jsp?arnumber=8993899","","Temperature sensors;Silver;Films;Conductivity;Touch sensitive screens;Nanowires;Wearable sensors;Substrates;Sputtering;Textiles","","1","","31","IEEE","13 Feb 2020","22-26 July 2019","22-26 July 2019","IEEE","IEEE Conferences"
"Comparison of the permittivity sensing capabilities of graphene-based nanohybrids and metal nanoparticle-based nanohybrids","V. Senevirathne; M. Premaratne","Advanced Computing and Simulation Laboratory (AχL), Department of Electrical and Computer Systems Engineering, Monash University, Clayton, VIC, Australia; Advanced Computing and Simulation Laboratory (AχL), Department of Electrical and Computer Systems Engineering, Monash University, Clayton, VIC, Australia",2019 IEEE 19th International Conference on Nanotechnology (IEEE-NANO),"13 Feb 2020","2019","","","302","305","Nanohybrid comprising of a nanoresonator and a quantum emitter have shown enhanced optical properties compared to its constituents. Such nanohybrids are highly sensitive to their surrounding medium permittivity, making them suitable for sensing applications which relies on the background permittivity. This feature is a result of the change in resonance conditions in the nanoresonator, which is part of the nanohybrid. Here we investigate how different nanoresonators affect the sensing capabilities of the nanohybrid and use that information to make recommendations on the best nanores-onator for the nanohybrid depending on the application. Our analysis is based on cavity quantum electrodynamics formalism and thus rigorous and accurate. Our results indicate that the graphene resonator based nanohybrids can be used to detect broader permittivity range than MNP based nanohybrids.","1944-9380","978-1-7281-2892-4","10.1109/NANO46743.2019.8993912","","https://ieeexplore.ieee.org/stamp/stamp.jsp?arnumber=8993912","","","","","","20","IEEE","13 Feb 2020","22-26 July 2019","22-26 July 2019","IEEE","IEEE Conferences"
"Development and Application of Novel Microfluidic Culture Chips for Germ Cells","T. -T. Huang; Y. -H. Tang; M. -H. Shiao; H. -W. Liu","National Applied Research Laboratories, Taiwan Instrument Research Institute, Hsinchu, Taiwan; National Applied Research Laboratories, Taiwan Instrument Research Institute, Hsinchu, Taiwan; National Applied Research Laboratories, Taiwan Instrument Research Institute, Hsinchu, Taiwan; National Applied Research Laboratories, Taiwan Instrument Research Institute, Hsinchu, Taiwan",2019 IEEE 19th International Conference on Nanotechnology (IEEE-NANO),"13 Feb 2020","2019","","","306","310","This program is to improve the traditional germ cell culture technology, and expected to develop and validate the innovative germ cell microfluidic culture technology. The main concept is to use the in vitro microfluidic chip to mimic the fluid growth environment in the living body, and to shape the growth environment of the zygote cells into a bionic concept in the uterus. The main objective is to design to the most suitable growth conditions, the importance of which is to increase the chance of zygote cell culture to maturity and greatly improve the maturity of zygotic cells. Assist Reproductive technology is a related technology for in vitro washing, culturing and storage of human germ cells. The main method is to use an artificial culture medium that mimics the human body fluid of the human reproductive system to perform in vitro washing, culture, and storage of reproductive gametophytic cells. The project will be divided into three parts: 1. Bionic microfluidic chip design and production; 2. Biocompatibility and materialization analysis; 3. Germ cell chip efficacy verification. Therefore, this project will develop a continuous microfluidic chip, using a continuous microfluidic channel to simulate the growth of human germ cells in the fertility tube to the zygotic germ cell growth environment, and hope to improve the artificial reproductive technology success rate and pregnancy rate. Reduce the cost of repeated artificial reproduction, and eventually, develop into medical-grade products and promote local technology to the international market.","1944-9380","978-1-7281-2892-4","10.1109/NANO46743.2019.8993901","","https://ieeexplore.ieee.org/stamp/stamp.jsp?arnumber=8993901","","Pathogens;Fluids;Embryo;Biomimetics;Morphology;Production;Biocompatibility;In vitro;Chip scale packaging;Microfluidics","","","","18","IEEE","13 Feb 2020","22-26 July 2019","22-26 July 2019","IEEE","IEEE Conferences"
"The Research progress and comparisons between Lithium-ion battery and Sodium ion battery","W. Tian; M. Li; J. Niu; W. Li; J. Shi","School of Electro-Mechanical Engineering, Xidian University, Xi’an, China; School of Electro-Mechanical Engineering, Xidian University, Xi’an, China; School of Electro-Mechanical Engineering, Xidian University, Xi’an, China; School of Electro-Mechanical Engineering, Xidian University, Xi’an, China; School of Electro-Mechanical Engineering, Xidian University, Xi’an, China",2019 IEEE 19th International Conference on Nanotechnology (IEEE-NANO),"13 Feb 2020","2019","","","313","318","Sustainable development and environment-friendly battery has always been the goal pursued by people. At present, lithium-ion battery (LIB) is widely used in electronic products, transportation, aerospace and other fields. However, it has a low storage of Li and uneven distribution. Recently, a new type of secondary cell, sodium ion battery (SIB), appears as novel energy source. It has attracted much attention for abundant resources, low price and friendly environment. But there is few paper about the comparison between LIB and SIB. In this paper, the research progress and classification of materials for LIB and SIB are introduced in detail. In addition, this paper compares them from the aspects of economy and electrochemical performance. Finally, novel idea for the development of SIB is illustrated.","1944-9380","978-1-7281-2892-4","10.1109/NANO46743.2019.8993684","","https://ieeexplore.ieee.org/stamp/stamp.jsp?arnumber=8993684","","Lithium-ion batteries;Sodium;Conferences;Transportation;Aerospace electronics;Ions;Sustainable development","","4","","41","IEEE","13 Feb 2020","22-26 July 2019","22-26 July 2019","IEEE","IEEE Conferences"
"Molecular Dynamics Simulation of Dielectric Property of Epoxy/Carbon Nanotube Composites at Different Temperatures","M. Ding; L. Zou; Z. Y. Han; T. Zhao; L. Zhang; J. Wang","School of Electrical Engineering, Shandong University, P.R.China; School of Electrical Engineering, Shandong University, P.R.China; School of Electrical Engineering, Shandong University, P.R.China; School of Electrical Engineering, Shandong University, P.R.China; School of Electrical Engineering, Shandong University, P.R.China; State Key Laboratory of Alternate Electrical Power System with Renewable Energy Sources, North China Electric Power University, P.R.China",2019 IEEE 19th International Conference on Nanotechnology (IEEE-NANO),"13 Feb 2020","2019","","","321","326","As the insulating material for dc Gas Insulated Metal-enclosed Transmission Line (GIL), pure epoxy resin has a limited effect on the inhibition of surface charge accumulation. Doping the carbon nanotubes is expected to be an effective measure for the suppression of surface charge accumulation. The dielectric property is one of the key parameters to inhibit the surface charge accumulation of dc GIL. Based on molecular dynamics (MD) simulation, the dielectric property of epoxy resin/carbon nanotube composites at different temperatures was studied. Firstly, the MD models of pure cross-linked epoxy resin and four cross-linked epoxy resin doped with carbon nanotubes (non-functionalized with two lengths, amino amines functionalized with two lengths) were established using the molecular simulation software Materials Studio (MS). Secondly, the dielectric constants of five models at eight different temperatures were calculated using the molecular simulation software LAMMPS. The best carbon nanotube was selected after comparing the effects of inhibition of surface charge accumulation based on different dielectric constants.","1944-9380","978-1-7281-2892-4","10.1109/NANO46743.2019.8993953","","https://ieeexplore.ieee.org/stamp/stamp.jsp?arnumber=8993953","","Temperature measurement;Dielectric constant;Temperature;Nanocomposites;Epoxy resins;Doping;Carbon nanotubes","","1","","14","IEEE","13 Feb 2020","22-26 July 2019","22-26 July 2019","IEEE","IEEE Conferences"
"Visible emission comparison from both ZnO thin films and nanoarrays spin-coated with GO layers","H. Chen; J. Ding; X. Zhang","Xi’an Shiyou University, Xi’an, China; Xi’an Shiyou University, Xi’an, China; Xi’an Shiyou University, Xi’an, China",2019 IEEE 19th International Conference on Nanotechnology (IEEE-NANO),"13 Feb 2020","2019","","","327","330","GO is spin-coated on ZnO films and ZnO nanoarrays, respectively. Results indicate that a strong blue emission band and two shoulder peaks are observed in PL spectra of ZnO films and ZnO nanoarrays. As GO is spin-coated on the ZnO films, the blue emission intensity decreases. However, as GO is spin-coated on the ZnO nanoarrays, the blue emission is drastically increased and attains the maximum. We proposed that the effective work function of GO sheets will also be decreased sharply as they are spin-coated on ZnO nanoarrays. In this case, the Fermi levels of GO locate above the conduction band of ZnO. The electrons on the Fermi levels of GO can easily transported to the conduction band of ZnO resulting in the increase PL emission in the GO spin-coated ZnO nanoarrays.","1944-9380","978-1-7281-2892-4","10.1109/NANO46743.2019.8993888","","https://ieeexplore.ieee.org/stamp/stamp.jsp?arnumber=8993888","","II-VI semiconductor materials;Films;Conferences;Zinc oxide;Nanotechnology","","","","27","IEEE","13 Feb 2020","22-26 July 2019","22-26 July 2019","IEEE","IEEE Conferences"
"The standard development of nanoparticle exposure assessment through SP/ICPMS equipment","J. Park; K. E. Kim; M. Koch; H. Jeon","KIST Europe Forschungsgesellschaft mbH, Saarbrücken, Germany; KIST Europe Forschungsgesellschaft mbH, Saarbrücken, Germany; INM – Leibniz-Institut für Neue Materialien gGmbH, Saarbrücken, Germany; KIST Europe Forschungsgesellschaft mbH, Saarbrücken, Germany",2019 IEEE 19th International Conference on Nanotechnology (IEEE-NANO),"13 Feb 2020","2019","","","331","334","The development of nanotechnology, particularly of nanoparticles, is having a revolutionary effect in science and technology. Accordingly, it receives unexpected adverse effects (e.g. ecotoxicological) which can be caused by the special properties of the nanoparticles. [1], [2] It is important to develop with suitable physical and chemical properties of nanoparticles. So there is requiring a study on the safety and the risk of the nanoparticles as well as the development of nanotechnology.In this work, the size and size distributions of liquid suspension containing well-dispersed standard nanoparticles are measured by single particle inductively coupled plasma-mass spectrometry (SP/ICPMS). The advent of SP/ICPMS has helped advance the field of nanometrology, specifically at concentrations and in matrices that are environmentally relevant. SP/ICPMS is a technology that can be applied to metal nanoparticle analysis of 20 nm or more. The required concentration in the sample has the advantage that it can be analyzed sufficiently below the ppt level. The size distribution measurements of nanoparticles are made using NIST Gold Standard Reference Materials (SRM). These were compared with certificate values. And we have found reliable measurement conditions through repeated measurement. Thereafter, the results were compared the size measured by transmission electron microscopy (TEM) and scanning mobility particle sizer (SMPS).","1944-9380","978-1-7281-2892-4","10.1109/NANO46743.2019.8993946","","https://ieeexplore.ieee.org/stamp/stamp.jsp?arnumber=8993946","","Nanoparticles;Atmospheric measurements;Transmission electron microscopy;Switched mode power supplies;Particle measurements;Size measurement;Stability analysis","","","","26","IEEE","13 Feb 2020","22-26 July 2019","22-26 July 2019","IEEE","IEEE Conferences"
"Molecular Dynamics Study on Mechanical Properties of Nanocrystalline tantalum","X. Wang; K. Li; Y. Zhu; W. Li; W. Wang","School of Mechano-Electronic Engineering, Xidian University, Xi’an, China; School of Mechano-Electronic Engineering, Xidian University, Xi’an, China; School of Mechano-Electronic Engineering, and the Research Center of Micro-Nano systems, Xidian University, Xi’an, China; ZNDY of Ministerial Key Laboratory, Nanjing University of Science and Technology, Nanjing, China; School of Mechano-Electronic Engineering, and the Research Center of Micro-Nano systems, Xidian University, Xi’an, China",2019 IEEE 19th International Conference on Nanotechnology (IEEE-NANO),"13 Feb 2020","2019","","","335","338","The study of nanocrystalline(NC) polycrystals is a hot topic, and the study of nanomaterial properties by molecular dynamics has become the first choice for many researchers. The purpose of this paper is to simulate the tensile tests of single and polycrystalline tantalum by molecular dynamics(MD) to obtain its mechanical properties. Firstly, the Ravelo-EAM potential was used to conduct tensile tests on tantalum in the <100> direction. Secondly, it can be seen that the elastic modulus E100 decreases with the temperature gradually increases from 1 K to 1500 K according to the simulation results. Finally, the Hall-Petch(H-P) effect based on grain size is verified from the tensile test of polycrystalline tantalum.","1944-9380","978-1-7281-2892-4","10.1109/NANO46743.2019.8993923","","https://ieeexplore.ieee.org/stamp/stamp.jsp?arnumber=8993923","","Grain size;Tantalum;Temperature;Simulation;Fitting;Elasticity;Polynomials;Nanotechnology;Strain","","","","25","IEEE","13 Feb 2020","22-26 July 2019","22-26 July 2019","IEEE","IEEE Conferences"
"Real-time Registration of Organic Molecules with Low Molecular Weight and Different Functionality: LSPR vs. SPPR","V. Lytvyn; A. Semeniuk; A. Lopatynskyi; V. Chegel","V.E. Lashkaryov Institute of Semiconductor Physics, National Academy of Science of Ukraine, Kyiv, Ukraine; Institute of High Technologies of Taras Shevchenko, National University of Kyiv, Kyiv, Ukraine; V.E. Lashkaryov Institute of Semiconductor Physics, National Academy of Science of Ukraine, Kyiv, Ukraine; V.E. Lashkaryov Institute of Semiconductor Physics, National Academy of Science of Ukraine, Kyiv, Ukraine",2019 IEEE 19th International Conference on Nanotechnology (IEEE-NANO),"13 Feb 2020","2019","","","341","344","This work is a comparative study of real-time detection of organic molecules with ultimately small weight and different functionality (urea, 60 Da and thiourea, 76 Da) using optoelectronic sensors based on LSPR (localized surface plasmon resonance ) in noble metal nanostructures and SPPR (surface plasmon-polariton resonance) in noble metal thin films. The results of theoretical modeling of LSPR and SPPR response for molecular layers with thickness up to 350 nm reveal strong difference in kinetics of sensor's response. It has been experimentally determined that thiourea detection limit for LSPR technique is about 0.0002 mM/L while for SPPR it is 0.0008 mM/L, and for urea these limits are respectively 10 mM/L and 2.5 mM/L.","1944-9380","978-1-7281-2892-4","10.1109/NANO46743.2019.8993924","","https://ieeexplore.ieee.org/stamp/stamp.jsp?arnumber=8993924","","","","2","","22","IEEE","13 Feb 2020","22-26 July 2019","22-26 July 2019","IEEE","IEEE Conferences"
"Calculation Behavior of 2D Ising Spin Computing with Different Spin Decision Logics","M. Shimada; M. Ito; Y. Hirata; Y. Kushitani; T. Miki; J. Shirakashi","Department of Electrical and Electronic Engineering, Tokyo University of Agriculture & Technology, Koganei, Tokyo, Japan; Department of Electrical and Electronic Engineering, Tokyo University of Agriculture & Technology, Koganei, Tokyo, Japan; Department of Electrical and Electronic Engineering, Tokyo University of Agriculture & Technology, Koganei, Tokyo, Japan; Department of Electrical and Electronic Engineering, Tokyo University of Agriculture & Technology, Koganei, Tokyo, Japan; Department of Electrical and Electronic Engineering, Tokyo University of Agriculture & Technology, Koganei, Tokyo, Japan; Department of Electrical and Electronic Engineering, Tokyo University of Agriculture & Technology, Koganei, Tokyo, Japan",2019 IEEE 19th International Conference on Nanotechnology (IEEE-NANO),"13 Feb 2020","2019","","","345","348","We proposed ""prompt decision logic"", which has the advantage for accelerating the ground-state searches of Ising spin model. The Ising spin model describes the behavior of magnetic spins. It consists of each spin having four-nearest-neighbor (adjacent) spins. Escaping local minimum is a key for solving combinatorial optimization problems. Actually, many of the combinatorial optimization problems can be mapped onto the Ising spin model. In this report, we observed convergence properties of Ising spin computing with prompt decision logic, without any scheduling during energy convergence. Furthermore, the prompt decision logic showed better success probability than that of majority voting logic, as the problem size grows. Therefore, the prompt decision logic is useful for Ising spin computing and able to solve the combinatorial optimization problems.","1944-9380","978-1-7281-2892-4","10.1109/NANO46743.2019.8993941","","https://ieeexplore.ieee.org/stamp/stamp.jsp?arnumber=8993941","","","","4","","41","IEEE","13 Feb 2020","22-26 July 2019","22-26 July 2019","IEEE","IEEE Conferences"
"A better TID hardened Dopingless Lateral Bipolar Transitor on SiGe-OI design","L. B. Devi; J. Kumar; A. Srivastava","School of Computer & System Sciences, Jawaharlal Nehru University, New Delhi, India; School of Computer & System Sciences, Jawaharlal Nehru University, New Delhi, India; School of Computer & System Sciences, Jawaharlal Nehru University, New Delhi, India",2019 IEEE 19th International Conference on Nanotechnology (IEEE-NANO),"13 Feb 2020","2019","","","355","358","Impact of Total Ionization Doze (TID) on the charge plasma induced dopingless lateral bipolar transistor on SiGe-OI is studied. This paper proposes a new TID hardened charge plasma induced dopingless bipolar design – Triple Sided Charge Plasma (3SCP) Symmetric Lateral Bipolar Transistor (SLBT) on SiGe-OI. With our proposed 3SCP design we were able to show that the TID impact on the current gain is hardened as compared to the already reported charged plasma dopingless design.","1944-9380","978-1-7281-2892-4","10.1109/NANO46743.2019.8993919","","https://ieeexplore.ieee.org/stamp/stamp.jsp?arnumber=8993919","","Performance evaluation;Bipolar transistors;Ionization;Plasmas;Nanotechnology","","","","10","IEEE","13 Feb 2020","22-26 July 2019","22-26 July 2019","IEEE","IEEE Conferences"
"Bio-Syncretic Light-gated Field-Effect Transistor: Fabrication and Characterization","J. Yang; W. Wang; G. Li; G. Li; N. Xi; L. Liu","State Key Laboratory of Robotics, Institutes for Robotics and Intelligent Manufacturing, Chinese Academy of Sciences, Shenyang, China; State Key Laboratory of Robotics, Intelligent Manufacturing, Chinese Academy of Sciences, Shenyang, China; Key Laboratory of Advanced Process Control for Light Industry (Ministry of Education), Jiangnan University, Wuxi, China; Department of Electrical and Computer Engineering, University of Pittsburgh, Pittsburgh, United States; Emerging Technologies Institute, University of Hong Kong, Pokfulam, Hong Kong; Key Laboratory of Advanced Process Control for Light Industry (Ministry of Education), Jiangnan University, Wuxi, China",2019 IEEE 19th International Conference on Nanotechnology (IEEE-NANO),"13 Feb 2020","2019","","","360","363","Biological visual system has many intrinsic functional superiorities, such as small size, high sensitivity and no heat-sink cooling, which are hard to be completely replicated by electromechanical systems. The bio-syncretic design of sensing device with living materials may provide some functional superiorities to those conventional sensing devices, and will have great potential benefits in both biomedical and engineering applications. In this study, we developed a novel bio-syncretic light-gated field-effect transistor (FET), in which optogenetically engineered cells were used as the gate substitute for conventional gate electrode, and the exposure of the cells to light irradiation results in the variation of the transistor’s channel current. The bio-syncretic transistor was fabricated by virtue of graphene film and optogenetically engineered cells, and its basic photo-responsive performance was then tested and characterized. This reference-less bio-syncretic transistor has a wide range of potential applications in photodetection and biosensing with good biocompatibility and stability.","1944-9380","978-1-7281-2892-4","10.1109/NANO46743.2019.8993868","","https://ieeexplore.ieee.org/stamp/stamp.jsp?arnumber=8993868","","Proteins;Toxicology;Graphene;Voltage;Logic gates;Visual systems;Biology;Sensors;Transistors;Testing","","1","","17","IEEE","13 Feb 2020","22-26 July 2019","22-26 July 2019","IEEE","IEEE Conferences"
"Analysis of Thermal Treatment Influence on Graphene Oxide Thin Film Deposited by Modified Coating Process","X. Kang; X. Kang; R. Shen; X. Zhong; M. Li; S. Chen; Y. Zhao; S. Liu; L. Zhu; H. Lu; B. Zhang","Process Technology Department, Shanghai IC R&D Center, Shanghai, China; State Key Laboratory of ASIC and System, Fudan University, Shanghai, China; Process Technology Department, Shanghai IC R&D Center, Shanghai, China; Process Technology Department, Shanghai IC R&D Center, Shanghai, China; Process Technology Department, Shanghai IC R&D Center, Shanghai, China; Process Technology Department, Shanghai IC R&D Center, Shanghai, China; Process Technology Department, Shanghai IC R&D Center, Shanghai, China; PIE Department III, Shanghai Huahong Grace Semiconductor Manufacturing Corporation, Shanghai, China; PIE Department III, Shanghai Huahong Grace Semiconductor Manufacturing Corporation, Shanghai, China; PIE Department III, Shanghai Huahong Grace Semiconductor Manufacturing Corporation, Shanghai, China; PIE Department III, Shanghai Huahong Grace Semiconductor Manufacturing Corporation, Shanghai, China",2019 IEEE 19th International Conference on Nanotechnology (IEEE-NANO),"13 Feb 2020","2019","","","364","367","Graphene Oxide (GO) is made up of single or several closely-spaced graphene sheets with plenty of functional group, and can be considered as insulator. Recently GO material is attracting more and more interest for gas sensor application because of its excellent properties. In this work, GO dispersion was prepared by dispersing high-purity GO nanosheets into water. Isopropyl alcohol (IPA) and related solvent were used to adjust its viscosity and surface tension. Modified coating process was developed to get a more uniform GO thin film. After GO film deposition, it was then annealed to remove the residue solvent and make the film stable. Thickness uniformity was checked by Cross-Sectional SEM. For 2 inch wafer sample, 1 sigma of within wafer GO film uniformity can reach to less than 3 percent by modified coating process. XRD was used to check influence of different annealing condition on GO film. As shown in XRD data, 2Theta value of XRD peak angle was increasing with increasing temperature and time. According to Bragg’s law, 2theta value is inversely proportional to lattice distance, and increasing of 2theta value means decreasing of GO film layer distance, which may indicate the decomposition and loss of oxygen-contained functional group.","1944-9380","978-1-7281-2892-4","10.1109/NANO46743.2019.8993917","","https://ieeexplore.ieee.org/stamp/stamp.jsp?arnumber=8993917","Graphene;Graphene Oxide;Thermal Treatment;Coating process","Viscosity;Solvents;X-ray scattering;Annealing;Graphene;Thermal analysis;Coatings;Gas detectors;Dispersion;Thermal stability","","","","19","IEEE","13 Feb 2020","22-26 July 2019","22-26 July 2019","IEEE","IEEE Conferences"
"Experimental Measurements of Thermal Performances of Carbon Nanomaterial with Vertical Structures in Hotspot Heat Dissipation","Y. Zhang; L. Tan; H. Yin; G. Zhang; J. Liu","the SMIT Center, School of Mechatronics Engineering and Automation, Shanghai University, Shanghai, China; the SMIT Center, School of Mechatronics Engineering and Automation, Shanghai University, Shanghai, China; the SMIT Center, School of Mechatronics Engineering and Automation, Shanghai University, Shanghai, China; the SMIT Center, School of Mechatronics Engineering and Automation, Shanghai University, Shanghai, China; SMIT Center, School of Mechatronics Engineering and Automation, Shanghai University, Shanghai, China",2019 IEEE 19th International Conference on Nanotechnology (IEEE-NANO),"13 Feb 2020","2019","","","370","373","The dramatic progresses in electronics technologies in recent years bring forwards higher requests for quick and valid heat dissipation. Thermal management has become a vital issue in the performance and lifetime reliability of electronic devices and products with high packaging density. Carbon nanomaterials have attracted great attention due to their distinctive structures and excellent properties. In this paper, two kinds of carbon nanomaterials with vertical structures, namely carbon nanowalls and vertically aligned carbon nanofibers, have been prepared and tested to evaluate their heat dissipation performance. Experimental measurements have been carried out to obtain the hotspot temperatures of a test chip with and without the carbon nanomaterials applied. Comparisons of temperature values of the chip at various power loadings show that the utilization of both the carbon nanowalls and the carbon nanofibers can effectively decrease the hotspot temperature. And the heat dissipation improvement is remarkable at a high power density.","1944-9380","978-1-7281-2892-4","10.1109/NANO46743.2019.8993871","","https://ieeexplore.ieee.org/stamp/stamp.jsp?arnumber=8993871","","Temperature measurement;Heating systems;Performance evaluation;Semiconductor device measurement;Power system measurements;Temperature;Density measurement","","2","","17","IEEE","13 Feb 2020","22-26 July 2019","22-26 July 2019","IEEE","IEEE Conferences"
"Tube Redundancy in Statistical Evaluation of Critical Path Delay of CNFET Circuits in the Presence of Tube variations","S. K. Vendra; M. Chrzanowska-Jeske","Department of Electrical and Computer Engineering, Portland State University, Portland, Oregon, USA; Department of Electrical and Computer Engineering, Portland State University, Portland, Oregon, USA",2019 IEEE 19th International Conference on Nanotechnology (IEEE-NANO),"13 Feb 2020","2019","","","374","377","Due to limited controllability over the tube growth process, Carbon Nanotube Field-Effect Transistors (CNFET) show large variations in their behavior. These variations are primarily caused by variation in CNT diameter and the presence of metallic tubes (m-CNT) in, what it should be, purely semi-conducting (s-CNT) arrays. For proper operation of a CNFET metallic tubes have to be removed, unintentionally reducing transistor strength. This work proposes to use a calculated minimum CNT redundancy at the transistor level to improve functional yield for a given failure rate. We focus our evaluation on a critical path that in reality, due to metallic tube presence, could be a different path in each circuit. We limit the redundancy to a minimum required, to avoid unnecessary increase in the channel area. The calculated minimum number of redundant CNTs are added to each CNFET to achieve only slightly increased statistical critical path delay after m-CNT removal, compared to the ideal critical path delay. We use a statistical approach to improve prediction accuracy for both critical path delay and functional yield. With proposed minimum redundancy we are able to reduce the allowed delay degradation (tolerance) by 15-25% and still have a good functional yield. Results show a reduction of 7-10% in critical path delay variation of ISCAS’85 logic benchmark circuits with >99% functional yield (Yf).","1944-9380","978-1-7281-2892-4","10.1109/NANO46743.2019.8993879","","https://ieeexplore.ieee.org/stamp/stamp.jsp?arnumber=8993879","Carbon Nanotube(CNT);Carbon Nanotube Field Effect Transistors(CNFETs);CNT Redundancy;Delay;Statistical Delay;Tolerance;Yield","Degradation;Accuracy;Scholarships;Redundancy;Process control;Reliability engineering;Delays;CNTFETs;Transistors;Nanotechnology","","4","","7","IEEE","13 Feb 2020","22-26 July 2019","22-26 July 2019","IEEE","IEEE Conferences"
"Nanoparticle Assisted Ultrasound Imaging and Therapy","S. -L. Ng; N. G. Chen; Y. -C. Chan; P. Lai; O. Kosheleva; M. Hsiao; C. -H. Chen","Genomics Research Center, Academia Sinica; Department of Electric and Computer Engineering, National Chiao Tung University, Hsin Chu, Taiwan; Genomics Research Center, Academia Sinica; Genomics Research Center, Academia Sinica; Genomics Research Center, Academia Sinica; Genomics Research Center, Academia Sinica; Genomics Research Center, Academia Sinica",2019 IEEE 19th International Conference on Nanotechnology (IEEE-NANO),"13 Feb 2020","2019","","","393","397","A novel idea in using nanoparticle to assist ultrasound for imaging and therapy was pursued. With this approach, both imaging and therapy can be achieved simultaneously. The imaging for tumor was improved and the therapy can have better efficiency in killing cancer cells more than normal cells. Since ultrasound can penetrate deep into human body, it can be used to treat most human cancers.","1944-9380","978-1-7281-2892-4","10.1109/NANO46743.2019.8993891","","https://ieeexplore.ieee.org/stamp/stamp.jsp?arnumber=8993891","","Ultrasonic imaging;Medical treatment;Imaging;Nanotechnology;Biological cells;Cancer;Tumors","","1","","21","IEEE","13 Feb 2020","22-26 July 2019","22-26 July 2019","IEEE","IEEE Conferences"
"Tamper Evidence of SEM Imaging Attack in Phase Change Memory Nanodevices","N. Noor; R. S. Khan; S. Muneer; H. Silva","Department of Electrical and Computer Engineering, University of Connecticut, Storrs, CT, USA; Department of Electrical and Computer Engineering, University of Connecticut, Storrs, CT, USA; Department of Electrical and Computer Engineering, University of Connecticut, Storrs, CT, USA; Department of Electrical and Computer Engineering, University of Connecticut, Storrs, CT, USA",2019 IEEE 19th International Conference on Nanotechnology (IEEE-NANO),"13 Feb 2020","2019","","","400","404","Breach of security due to unauthorized access to electronic hardware devices or chips has recently become a serious concern for the internet-connected daily activities. Imaging with electron microscopy is one of the invasive techniques used to gain knowledge about a chip layout and extract secret information by the attackers. Automatic destruction or disturbance of the secret key during such invasive attacks are required to ensure protection against these attacks. We have characterized the disturbance caused to programmed phase change memory (PCM) cells by the imaging electron beam during scanning electron microscopy (SEM) in terms of the measured cell resistance. A sudden increase of resistance is observed on all imaged amorphous cells while the cells programmed to intermediate states show either abrupt increase or erratic decrease. These erratic disturbances of state are promising to mislead an attacker that is trying to acquire a stored key and leave indelible marks of tampering. Since PCM is recently being considered for implementation of various hardware security primitives, these beam-induced state change and tamper-evidence features enhance security of PCM devices against physical attacks.","1944-9380","978-1-7281-2892-4","10.1109/NANO46743.2019.8993903","","https://ieeexplore.ieee.org/stamp/stamp.jsp?arnumber=8993903","","Resistance;Phase change materials;Scanning electron microscopy;Electron beams;Imaging;Programming;Phase change memory;Nanoscale devices;Reliability;Protection","","2","","17","IEEE","13 Feb 2020","22-26 July 2019","22-26 July 2019","IEEE","IEEE Conferences"
"Direct Transfer Printing of Dielectric Nanoparticle Assembled Superlens Array for Super-resolution Imaging","P. Li; H. Yu; Y. Wen; W. Zhao; L. Liu; W. J. Li","State Key Laboratory of Robotics (SKLR), Chinese Academy of Sciences (CAS), and the Institutes for Robotics and Intelligent Manufacturing (IRIM), Shenyang, China; SKLR, SIA, CAS, and the IRIM, Shenyang, China; State Key Laboratory of Robotics (SKLR), Chinese Academy of Sciences (CAS), and the Institutes for Robotics and Intelligent Manufacturing (IRIM), Shenyang, China; State Key Laboratory of Robotics (SKLR), Chinese Academy of Sciences (CAS), and the Institutes for Robotics and Intelligent Manufacturing (IRIM), Shenyang, China; SKLR, SIA, CAS, and the IRIM, Shenyang, China; Department of Mechanical Engineering, City University of Hong Kong (CityU), Kowloon Tong, Hong Kong",2019 IEEE 19th International Conference on Nanotechnology (IEEE-NANO),"13 Feb 2020","2019","","","405","409","Dielectric microsphere-based super-resolution imaging technique, in which the transferring of the near-field evanescent wave plays a significant role, has been extensively studied in the past decade. More recently, dielectric nanoparticles with high refractive index show great potential in modulating the near-field electromagnetic field. Here we proposed a direct transfer printing method to fabricate arrays of novel dielectric superlens that are assembled from high-refractive-indexed dielectric nanoparticles. Morphology characterizations demonstrated the spherical curvature and surface smoothness of the fabricated nano-assembled superlens. The super-resolution resolving ability of the nano-assembled superlens has been demonstrated by imaging of sub-diffraction stripe patterns.","1944-9380","978-1-7281-2892-4","10.1109/NANO46743.2019.8993948","","https://ieeexplore.ieee.org/stamp/stamp.jsp?arnumber=8993948","","Nanoparticles;Printing;Superresolution;Surface morphology;Solids;Dielectrics;Nanobioscience","","3","","25","IEEE","13 Feb 2020","22-26 July 2019","22-26 July 2019","IEEE","IEEE Conferences"
"Electrosynthesis of Janus Alginate Hydrogel Microcapsules with Programmable Shapes for Cell Encapsulation","H. Nan; Z. Liu; C. Hu","Department of Mechanical and Energy Engineering, Southern University of Science and Technology, Shenzhen, China; Department of Mechanical and Energy Engineering, Southern University of Science and Technology, Shenzhen, China; Department of Mechanical and Energy Engineering, Southern University of Science and Technology, Shenzhen, China",2019 IEEE 19th International Conference on Nanotechnology (IEEE-NANO),"13 Feb 2020","2019","","","412","416","Hydrogel microcapsules provide well-defined and biocompatible platforms for 3D cell culture, which is greatly desired for replacing, or enhancing the function of damaged human tissue and in vitro tissue regeneration. Since Alginate-poly-L-lysine alginate microcapsules can provide a liquified environment for biomaterials, traditional fabrication methods such as microfluidic gelation can tune the size and biochemical properties of hydrogel microcapsule, but still, undergo tremendous challenges while tuning the morphology of the hydrogel microcapsules. In this work, we proposed a novel approach to fabricate Janus Alginate-Poly-L-lysine Alginate microcapsule with controllable shape and size based on a two-step hydrogel electrodeposition method. The microelectrode device (fluorine-doped tin oxide (FTO) glass) was etched into two insulating parts by laser processing. After the first step, the electrodeposition solution was removed by adding HEPES solution. During secondary electrodeposition, a higher voltage was employed, since the entrapped hydrogel and unremoved HEPES solution remains upon the surface of the fluorine-doped tin oxide (FTO) glass. After the two-step deposition, the 2D hydrogel Janus structures were detached from the FTO glass. Then they were immersed in Poly-L-lysine solution. Then the 3D Alginate-poly-L-lysine alginate (APA) microcapsules were successfully fabricated and incubated for further observation. We have demonstrated a successful encapsulation of HepG-2 cells in the half of the APA hydrogel microcapsule and the cells are cultured for several days and Janus APA microcapsules are embedded with fluorescence-labelled and non-labelled HepG2 cells to monitor the cell morphology, distribution, as well as their proliferation.","1944-9380","978-1-7281-2892-4","10.1109/NANO46743.2019.8993949","","https://ieeexplore.ieee.org/stamp/stamp.jsp?arnumber=8993949","Biological Cell Manipulation;Alginate;Electrodeposition;Morphology Control","Three-dimensional displays;Shape;Hydrogels;Fluorine;Surface morphology;Morphology;Glass;Tin;Fluorescence;Surface treatment","","","","18","IEEE","13 Feb 2020","22-26 July 2019","22-26 July 2019","IEEE","IEEE Conferences"
"Resistance Drift and Crystallization in Suspended and On-oxide Phase Change Memory Line Cells","A. Gorbenko; N. Noor; S. Muneer; R. S. Khan; F. Dirisaglik; A. Cywar; B. Shakya; D. Forte; M. v. Dijk; A. Gokirmak; H. Silva","Department of Electrical and Computer Engineering, University of Connecticut, Storrs, CT, USA; Department of Electrical and Computer Engineering, University of Connecticut, Storrs, CT, USA; Department of Electrical and Computer Engineering, University of Connecticut, Storrs, CT, USA; Department of Electrical and Computer Engineering, University of Connecticut, Storrs, CT, USA; Department of Electrical and Computer Engineering, University of Connecticut, Storrs, CT, USA; Department of Electrical and Computer Engineering, University of Connecticut, Storrs, CT, USA; Department of Electrical and Computer Engineering, University of Florida, Gainesville, FL, USA; Department of Electrical and Computer Engineering, University of Florida, Gainesville, FL, USA; Department of Electrical and Computer Engineering, University of Connecticut, Storrs, CT, USA; Department of Electrical and Computer Engineering, University of Connecticut, Storrs, CT, USA; Department of Electrical and Computer Engineering, University of Connecticut, Storrs, CT, USA",2019 IEEE 19th International Conference on Nanotechnology (IEEE-NANO),"13 Feb 2020","2019","","","417","420","Resistance drift and crystallization are critical concerns for accurate distinction between different states and for data retention in phase change memory (PCM), but their underlying physical mechanisms are still not fully understood. In this work, we compared the resistance drift and crystallization of suspended and on-oxide amorphous Ge2Sb2Te5 PCM line cells. We programmed 15 cells of each type at room temperature to a resistance level of ~10 MΩ and monitored their resistance over ~3 months. The initial upward resistance drift trends were very similar for both cell types, but the later behaviour was noticeably different. The suspended cells exhibited increased variability in the upward drift after ~103 s, and at ~35-80 days some cells experienced an abrupt crystallization, some showed a saturation in the upward resistance drift, and others continued the upward resistance drift with fluctuations, possibly due to the imminent saturation. The on-oxide cells, on the other hand, demonstrated very consistent upward resistance drift during the entire measurement period. Temperature-accelerated measurements at 400 K on both type of cells also showed the early and abrupt data loss in suspended cells. The abrupt crystallization in suspended PCM cells can potentially be useful for self-destructive hardware security primitives based on the loss of the stored data after a certain time.","1944-9380","978-1-7281-2892-4","10.1109/NANO46743.2019.8993884","","https://ieeexplore.ieee.org/stamp/stamp.jsp?arnumber=8993884","","Resistance;Temperature measurement;Phase change materials;Hardware security;Crystallization;Market research;Phase change memory;Loss measurement;Electrical resistance measurement;Stress","","3","","13","IEEE","13 Feb 2020","22-26 July 2019","22-26 July 2019","IEEE","IEEE Conferences"
"Factors Influencing Ferroelectric Switching Behavior in Perovskite Nanofibers","R. Ganeshkumar; Z. Rong","Exponent Ltd, Hong Kong; Engineering Product Development, Singapore University of Technology and Design, Singapore",2019 IEEE 19th International Conference on Nanotechnology (IEEE-NANO),"13 Feb 2020","2019","","","421","424","Given the complexity in probing ferroelectricity on the nanoscale, piezo force microscopy observations have often become defacto proof of ferroelectric behavior, without considering the factors influencing the signal origination. In this work, limitations in using existing ferroelectric characterization for nanofibers are discussed. Decreasing piezo-response and shrinking hysteresis loops with increasing relative humidity were observed which could be attributed to tip-surface mechanics influenced by the testing environment.","1944-9380","978-1-7281-2892-4","10.1109/NANO46743.2019.8993942","","https://ieeexplore.ieee.org/stamp/stamp.jsp?arnumber=8993942","","Microscopy;Switches;Materials reliability;Humidity;Perovskites;Nanoscale devices;Nanostructured materials;Substrates;Hysteresis;Testing","","","","16","IEEE","13 Feb 2020","22-26 July 2019","22-26 July 2019","IEEE","IEEE Conferences"
"Concentration dynamic probe of Micro/Nano aluminum powder","F. ShengHua; L. WenZhong; L. ChuBao; Z. Yan","Beijing Institute of Technology School of Mechatronical Engineering, Beijing, China; Beijing Institute of Technology School of Mechatronical Engineering, Beijing, China; Xi'an institute of electromechanical information technology, Xi'an, China; Beijing Institute of Technology School of Mechatronical Engineering, Beijing, China",2019 IEEE 19th International Conference on Nanotechnology (IEEE-NANO),"13 Feb 2020","2019","","","425","428","The appropriate concentration of Micro/Nano aluminum powder cloud is a precondition of the FAE (fuel air explosive) detonation. In this paper, a pair of ultrasonic transducers was developed to measure Micro/Nano aluminum powder cloud concentration distribution during the disperse of dust in the standard 20L explosion vessel. The high gradients of aluminum powder concentration are established and the experimental results show that Nano aluminum powder particles have better cloud concentration distribution characteristics than micron aluminum powder, which provides experimental data support to improving FAE detonation energy.","1944-9380","978-1-7281-2892-4","10.1109/NANO46743.2019.8993921","","https://ieeexplore.ieee.org/stamp/stamp.jsp?arnumber=8993921","","Ultrasonic transducers;Powders;Ultrasonic variables measurement;Aluminum;Attenuation;Particle measurements;Acoustics;Fuels;Probes;Standards","","","","12","IEEE","13 Feb 2020","22-26 July 2019","22-26 July 2019","IEEE","IEEE Conferences"
"Fabrication and Measurements of Inductive Devices for Scanning Microwave Microscopy","T. L. Quang; D. Vasyukov; J. Hoffmann; A. Buchter; M. Zeier","RF and microwave laboratory of the Federal Institute of Metrology METAS of Switzerland, Bern-Wabern, Switzerland; RF and microwave laboratory of the Federal Institute of Metrology METAS of Switzerland, Bern-Wabern, Switzerland; RF and microwave laboratory of the Federal Institute of Metrology METAS of Switzerland, Bern-Wabern, Switzerland; RF and microwave laboratory of the Federal Institute of Metrology METAS of Switzerland, Bern-Wabern, Switzerland; RF and microwave laboratory of the Federal Institute of Metrology METAS of Switzerland, Bern-Wabern, Switzerland",2019 IEEE 19th International Conference on Nanotechnology (IEEE-NANO),"13 Feb 2020","2019","","","429","432","This article presents our results in fabrication and measurement of inductive devices for scanning microwave microscopy (SMM). Devices with resistance and inductance varying between 9 Ω-220 Ω and up to 200 pH were produced on SiN membrane using using clean room processes. Then, by combining actual SMM measurements performed for these devices and their simulation, we were able to test a calibration method which employs three known standards.","1944-9380","978-1-7281-2892-4","10.1109/NANO46743.2019.8993943","","https://ieeexplore.ieee.org/stamp/stamp.jsp?arnumber=8993943","","Microwave measurement;Fabrication;Resistance;Performance evaluation;Inductance;Calibration;Electrical resistance measurement;Scanning microwave microscopy;Standards;Nanotechnology","","2","","10","IEEE","13 Feb 2020","22-26 July 2019","22-26 July 2019","IEEE","IEEE Conferences"
"Reliable and Accurate MEMS-based Thermal Conductivity Characterization Device for Individual Nanowires","Y. Cui; Y. Yang; T. Li; Y. Wang","Science and Technology on Micro-system Laboratory, Shanghai Institute of Microsystem and Information Technology, Chinese Academy of Sciences, Shanghai, CHINA; Science and Technology on Micro-system Laboratory, Shanghai Institute of Microsystem and Information Technology, Chinese Academy of Sciences, Shanghai, CHINA; Science and Technology on Micro-system Laboratory, Shanghai Institute of Microsystem and Information Technology, Chinese Academy of Sciences, Shanghai, CHINA; Science and Technology on Micro-system Laboratory, Shanghai Institute of Microsystem and Information Technology, Chinese Academy of Sciences, Shanghai, CHINA",2019 IEEE 19th International Conference on Nanotechnology (IEEE-NANO),"13 Feb 2020","2019","","","433","436","Precision measurement of thermal conductivity at nanoscale can facilitate the study of the pursuing thermoelectric conversion efficiency. In this work, a new reliable and accurate MEMS-based device for thermal conductivity measurement of individual nanowires was developed. Overcoming the difficulties in measuring small temperature rise at nanoscale, the measurement error of temperature rise for nanomaterials was less than 0.1360%. Besides, the effect of substrate conduction, air heat conduction and radiation heat loss on testing of thermal conductivity was basically ruled out. The thermal conductivity of VO2 (M) single crystal nanowire with diameter of 294 nm was measured to verify the reliability and accuracy of the device.","1944-9380","978-1-7281-2892-4","10.1109/NANO46743.2019.8993895","","https://ieeexplore.ieee.org/stamp/stamp.jsp?arnumber=8993895","MEMS device;thermal conductivity;nanowire;accurate characterization","Temperature measurement;Accuracy;Materials reliability;Crystals;Conductivity;Conductivity measurement;Thermal conductivity;Nanoscale devices;Nanowires;Testing","","","","9","IEEE","13 Feb 2020","22-26 July 2019","22-26 July 2019","IEEE","IEEE Conferences"
"Mixed-mode Magnetic Tunnel Junction-based Deep Belief Network","S. Nasrin; J. L. Drobitch; S. Bandyopadhyay; A. R. Trivedi",NA; NA; NA; NA,2019 IEEE 19th International Conference on Nanotechnology (IEEE-NANO),"13 Feb 2020","2019","","","443","448","We present a mixed-mode magneto tunneling junction (m-MTJ)-based Deep Belief Network (DBN). DBNs are unsupervised learning models, suitable for recognition and clustering. m-MTJ is a three-terminal magnetic device with probabilistic free layer switching controlled by the simultaneous actions of voltage-controlled magnetic anisotropy and spin-transfer torque. While DBNs achieve high prediction accuracy even with highly imprecise single-bit weights, the key complexity lies in their activation functions which are stochastic. Using an m-MTJ, we present a novel low area/power DBN neuron with stochastic activation function. We discuss an in-memory computing architecture that allows forward and backward flow of learning dynamics and online learning. Our design achieves ~88.80% accuracy for digit recognition in MNIST even under the worst case variability in nanoscaled m-MTJs.","1944-9380","978-1-7281-2892-4","10.1109/NANO46743.2019.8993914","","https://ieeexplore.ieee.org/stamp/stamp.jsp?arnumber=8993914","Stochastic MTJ;deep belief network;restricted Boltzmann machine;computing in memory.","Accuracy;Torque;Neurons;Stochastic processes;Computer architecture;In-memory computing;Transistors;Voltage control;Unsupervised learning;Magnetic tunneling","","5","","15","IEEE","13 Feb 2020","22-26 July 2019","22-26 July 2019","IEEE","IEEE Conferences"
"Nanoscale Manipulation for The Fabrication of Field-emission Air-channel Transistors","M. Liu; Y. Lei; T. Li; Y. Wang","Science and Technology on Micro-system Laboratory, Chinese Academy of Sciences, Shanghai, CHINA; Science and Technology on Micro-system Laboratory, Chinese Academy of Sciences, Shanghai, CHINA; Science and Technology on Micro-system Laboratory, Chinese Academy of Sciences, Shanghai, CHINA; Science and Technology on Micro-system Laboratory, Chinese Academy of Sciences, Shanghai, CHINA",2019 IEEE 19th International Conference on Nanotechnology (IEEE-NANO),"13 Feb 2020","2019","","","459","462","A method based on nanoscale manipulation and focused ion beam etching is put forward for the fabrication of nanoscale field emission transistors with air channels. Using this method, the shape and size of the emitter is controllable with nanoscale precision. Material compatibility of the method is demonstrated with SiC, VO2, Ge and Cu. Low voltage field-emission behaviors and air-channel transistor characteristics are also demonstrated with an obvious forward-directional capability.","1944-9380","978-1-7281-2892-4","10.1109/NANO46743.2019.8993909","","https://ieeexplore.ieee.org/stamp/stamp.jsp?arnumber=8993909","Field emission;air channel transistor;nanoscale manipulation;nanowires.","Fabrication;Low voltage;Shape;Silicon carbide;Nanoscale devices;Etching;Nanowires;Transistors;Nanotechnology;Ion beams","","1","","16","IEEE","13 Feb 2020","22-26 July 2019","22-26 July 2019","IEEE","IEEE Conferences"
"Analysis and Evaluation of Micromanipulation Performance Based on Swirl","Q. Zhang; H. Yang; Z. Ou","School of Mechanical & Automotive Engineering, South China University of Technology, Guangzhou, China; School of Mechanical & Automotive Engineering, South China University of Technology, Guangzhou, China; School of Mechanical & Automotive Engineering, South China University of Technology, Guangzhou, China",2019 IEEE 19th International Conference on Nanotechnology (IEEE-NANO),"13 Feb 2020","2019","","","463","467","In this paper, the quantitative evaluation method of micromanipulation performance based on swirl was proposed and the microfluidic dynamics model was established. The effects of various swirling flow field parameters on micromanipulation performance were analyzed by simulation. It was demonstrated that micromanipulation performance of swirling flow field was affected by swirl strength and the range of low velocity region near the stagnation point; the greater the swirl strength and the larger the low velocity region, the more easily the particles was trapped and manipulated. Matching the flow field parameters reasonably was beneficial to trap and manipulate particles stably.","1944-9380","978-1-7281-2892-4","10.1109/NANO46743.2019.8993947","","https://ieeexplore.ieee.org/stamp/stamp.jsp?arnumber=8993947","performance evaluation;micromanipulation;swirl","","","4","","7","IEEE","13 Feb 2020","22-26 July 2019","22-26 July 2019","IEEE","IEEE Conferences"
"Stick-slip Motion Style of Magnetic Field Actuated Microrobots","J. Zheng; Z. Zhan; F. Wei","School of Mechanical Engineering and Automation, Fuzhou University, Fuzhou, China; School of Mechanical Engineering and Automation, Fuzhou University, Fuzhou, China; School of Mechanical Engineering and Automation, Fuzhou University, Fuzhou, China",2019 IEEE 19th International Conference on Nanotechnology (IEEE-NANO),"13 Feb 2020","2019","","","469","472","In this paper, we report a novel motion style of microrobots actuated by magnetic field. The instability introduced by the alternative magnetic field leads to the stick-slip pattern of microrobot movement. And, by combining two iron balls at microscale together, the dimer microrobots are fabricated and studied in the motion experiment. The dependencies of stick-slip motion speed on the frequency, waveform of actuation signal and the size of both monomer and dimer microrobots are systematically investigated to clarify the underlying mechanism of this motion style. Motion speed tends to increase as signal frequency increases first, and then decrease when the frequency goes high. Smaller size of microrobots can move faster. And waveform is demonstrated to have significant impact on the motion speed. Finally, we reveal that alternative magnetic field drive both monomer and dimer microrobots with size of hundreds of microns to move in a stick-slip style; and the motion speed can be tuned through the actuation signal frequency. Furthermore, through modulating the generated magnetic field, the motion direction is promised to be controlled as well.","1944-9380","978-1-7281-2892-4","10.1109/NANO46743.2019.8993876","","https://ieeexplore.ieee.org/stamp/stamp.jsp?arnumber=8993876","Microrobot;Alternative magnetic field;Stick-slip.","Hands;Coils;Micrometers;Three-dimensional displays;Frequency modulation;Iron;Magnetic fields;Nanotechnology","","","","17","IEEE","13 Feb 2020","22-26 July 2019","22-26 July 2019","IEEE","IEEE Conferences"
"Injection Lock Frequency Divider with Class-C Coupled VCO for Nanoelectronics Harmonic Demodulator of Fluxgate Sensing","W. -C. Lai; S. -L. Jang","National Penghu University of Science and Technology, Taiwan, ROC; National Taiwan University of Science and Technology, Taipei, ROC",2019 IEEE 19th International Conference on Nanotechnology (IEEE-NANO),"13 Feb 2020","2019","","","473","476","This article presents a multi-band divide-by-3 injection locked frequency divider (ILFD) and three output phases class-C voltage-controlled oscillator (VCO) to generate signal by current reused and it uses three identical single-ended current reused VCOs in a ring configuration. The proposed fluxgate magnetometer is proposed dynamic bias circuit is used to reduce the power consumption, and the back-gate BJTs in PMOSFETs are used as a phase coupling device, the circuit oscillates for nanoelectronics.","1944-9380","978-1-7281-2892-4","10.1109/NANO46743.2019.8993928","","https://ieeexplore.ieee.org/stamp/stamp.jsp?arnumber=8993928","","Power demand;Magnetometers;Voltage-controlled oscillators;Prototypes;Magnetic devices;Frequency conversion;Steady-state;Sensors;Magnetic circuits;Nanoelectronics","","","","23","IEEE","13 Feb 2020","22-26 July 2019","22-26 July 2019","IEEE","IEEE Conferences"
"Implantable Microelectrode Arrays for Electrophysiological Activity Detection in Cortex of Sleep Deprived Rats","Z. Lu; S. Xu; H. Wang; J. Liu; Y. Wang; J. Xie; Y. Song; F. Gao; Y. Dai; L. Qu; X. Cai","State Key Laboratory of Transducer Technology, Institute of Electronics, Chinese Academy of Sciences, Beijing, China; State Key Laboratory of Transducer Technology, Institute of Electronics, Chinese Academy of Sciences, Beijing, China; State Key Laboratory of Transducer Technology, Institute of Electronics, Chinese Academy of Sciences, Beijing, China; State Key Laboratory of Transducer Technology, Institute of Electronics, Chinese Academy of Sciences, Beijing, China; State Key Laboratory of Transducer Technology, Institute of Electronics, Chinese Academy of Sciences, Beijing, China; State Key Laboratory of Transducer Technology, Institute of Electronics, Chinese Academy of Sciences, Beijing, China; State Key Laboratory of Transducer Technology, Institute of Electronics, Chinese Academy of Sciences, Beijing, China; State Key Laboratory of Transducer Technology, Institute of Electronics, Chinese Academy of Sciences, Beijing, China; State Key Laboratory of Transducer Technology, Institute of Electronics, Chinese Academy of Sciences, Beijing, China; State Key Laboratory of Space Medicine Fundamentals and Application, China Astronaut Research and Training Center, Beijing, China; State Key Laboratory of Transducer Technology, Institute of Electronics, Chinese Academy of Sciences, Beijing, China",2019 IEEE 19th International Conference on Nanotechnology (IEEE-NANO),"13 Feb 2020","2019","","","491","494","In vivo studies of neural discharge activity following sleep deprivation(SD) can help us fully understand the effects of sleep deprivation at the cellular level. The MEA was fabricated using MEMS technology to measured the electrophysiological activity in rat cortex before and after SD. The experiments showed that after SD, the average amplitude of the spike increased by 32.1% from 106.6 μV to 140.8 μV. The average firing rate increased by 186.2% from 2.2 Hz to 6.2 Hz. The power of LFPs in all frequency band under 50 Hz increased after SD. The results indicated that the sleep deprivation had excitatory effects on the neurons and may further undermine the certain function of the brain, such as the ability of cognition and memory.","1944-9380","978-1-7281-2892-4","10.1109/NANO46743.2019.8993920","","https://ieeexplore.ieee.org/stamp/stamp.jsp?arnumber=8993920","","Micromechanical devices;In vivo;Microelectrodes;Firing;Neurons;Rats;Electrophysiology","","","","18","IEEE","13 Feb 2020","22-26 July 2019","22-26 July 2019","IEEE","IEEE Conferences"
"Catalytic Cerium Oxide Nanoparticles in Nanomedicine and Their Use in Liver Diseases","E. Casals; M. Zeng; M. Parra; G. Fernández-Varo; W. Jiménez; V. Puntes; G. Casals","School of Biotechnology and Health Sciences, Wuyi University, Jiangmen, China; School of Biotechnology and Health Sciences, Wuyi University, Jiangmen, China; Service of Biochemistry and Molecular Genetics, Hospital Clinic Universitari, Centro de Investigación Biomédica en Red de Enfermedades Hepáticas y Digestivas (CIBERehd), Institut d'Investigacions Biomèdiques August Pi i Sunyer (IDIBAPS), Barcelona, Spain; Service of Biochemistry and Molecular Genetics, Hospital Clinic Universitari, Centro de Investigación Biomédica en Red de Enfermedades Hepáticas y Digestivas (CIBERehd), Institut d'Investigacions Biomèdiques August Pi i Sunyer (IDIBAPS), Barcelona, Spain; Service of Biochemistry and Molecular Genetics, Hospital Clinic Universitari, Centro de Investigación Biomédica en Red de Enfermedades Hepáticas y Digestivas (CIBERehd), Institut d'Investigacions Biomèdiques August Pi i Sunyer (IDIBAPS), Barcelona, Spain; Vall d’Hebron Institut of Research (VHIR), Barcelona, Spain; Service of Biochemistry and Molecular Genetics, Hospital Clinic Universitari, Centro de Investigación Biomédica en Red de Enfermedades Hepáticas y Digestivas (CIBERehd), Institut d'Investigacions Biomèdiques August Pi i Sunyer (IDIBAPS), Barcelona, Spain",2019 IEEE 19th International Conference on Nanotechnology (IEEE-NANO),"13 Feb 2020","2019","","","497","500","In this work, we aim to provide a better understanding on how to analyze the results obtained using Cerium Oxide (CeO2) nanoparticles for medical applications while showing some results for the case of liver disease. Thus, the manuscript is divided in two main sections. First, we discuss the bibliography of the safety aspects of the use of Cerium Oxide for medicine, since we have seen discrepancies between reports on its proven anti-inflammatory activity together with other reporting toxicity. The evolution of the nanoparticles inside the body make several parameters, such as aggregation state or surface evolutions, as critical determinants that need to be carefully addressed to better understand their potential clinical benefits. Second, we show the usefulness of enhancing the stability of CeO2 nanoparticles in the physiological media for the treatment of liver diseases. Liver is the organ where nanoparticles passively accumulate and thus, a logical place to start the studies of the in vivo evolution and activity of this material.","1944-9380","978-1-7281-2892-4","10.1109/NANO46743.2019.8993918","","https://ieeexplore.ieee.org/stamp/stamp.jsp?arnumber=8993918","","Nanoparticles;Toxicology;Liver diseases;Media;Cerium;Physiology;Stability analysis;Protection;Surface treatment;Stress","","2","","18","IEEE","13 Feb 2020","22-26 July 2019","22-26 July 2019","IEEE","IEEE Conferences"
"Atomic Layer of ZnO Deposition on Ag Nanowires for Novel Electrical Applications","S. Zhang; X. Liu; T. Lin; P. He","State Key Laboratory of Advanced Welding and Joining, Harbin Institute of Technology, Harbin, China; State Key Laboratory of Advanced Welding and Joining, Harbin Institute of Technology, Harbin, China; State Key Laboratory of Advanced Welding and Joining, Harbin Institute of Technology, Harbin, China; State Key Laboratory of Advanced Welding and Joining, Harbin Institute of Technology, Harbin, China",2019 IEEE 19th International Conference on Nanotechnology (IEEE-NANO),"13 Feb 2020","2019","","","507","511","Transparent electrode is the key component of optoelectronic devices. Nowadays, indium tin oxide (ITO) has been widely used for transparent electrode. However, Ag nanowires (NWs) are a good alternative candidate to replace the conventional ITO. In order to improve the stability of silver nanowires electrode, ZnO with nanometer size thickness is deposited on the surface of silver nanowires electrode by atomic layer deposition (ALD) method which is a method of depositing material on a substrate layer by layer in the form of a single atomic film. As the surface of the nanowires are coated with ZnO, the overall morphology is good without fusing phenomenon. The thermal stability of the silver nanowires electrode can be significantly enhanced by depositing 50 nm thickness ZnO layer including the sheet resistances.","1944-9380","978-1-7281-2892-4","10.1109/NANO46743.2019.8993956","","https://ieeexplore.ieee.org/stamp/stamp.jsp?arnumber=8993956","Atomic layer deposition;ZnO;Ag nanowires;Transparent Electrodes","Electrodes;Silver;II-VI semiconductor materials;Atomic layer deposition;Indium tin oxide;Surface morphology;Zinc oxide;Nanowires;Thermal stability;Surface treatment","","","","41","IEEE","13 Feb 2020","22-26 July 2019","22-26 July 2019","IEEE","IEEE Conferences"
"Resistive Switching in Single Core-Shell Nanoparticles","M. Speckbacher; X. Ji; M. Tornow","Molecular Electronics, Technical University of Munich, Munich, Germany; Molecular Electronics, Technical University of Munich, Munich, Germany; Molecular Electronics, Technical University of Munich, Munich, Germany",2019 IEEE 19th International Conference on Nanotechnology (IEEE-NANO),"13 Feb 2020","2019","","","512","516","Resistive switching in single spherical core-shell Ag/SiOx-nanoparticles (CSNP) of diameter 150 nm is reported. These nanoparticles were contacted by interdigitated electrodes (IDE) and exhibit either bipolar memristive or threshold switching with OFF/ON resistance ratios in excess of three orders of magnitude. A switching mechanism based on silver ion migration in the silica shell is proposed, which leads to reversible conductive filament formation and rupture. Application of CSNP as functional building blocks in future self-assembled 3D memory architectures or neuromorphic networks is proposed.","1944-9380","978-1-7281-2892-4","10.1109/NANO46743.2019.8993937","","https://ieeexplore.ieee.org/stamp/stamp.jsp?arnumber=8993937","core-shell nanoparticle;interdigitated electrode;resistive switching;resistive random access memory (RRAM)","Nanoparticles;Silicon compounds;Resistance;Silver;Three-dimensional displays;Self-assembly;Neuromorphics","","","","14","IEEE","13 Feb 2020","22-26 July 2019","22-26 July 2019","IEEE","IEEE Conferences"
"Synaptic behavior of flexible IGZO TFTs with Al2O3 gate insulator by low temperature ALD","S. Park; J. T. Jang; S. -J. Choi; D. M. Kim; D. Hwan Kim","School of Electrical Engineering, Kookmin University, Seoul, Korea; School of Electrical Engineering, Kookmin University, Seoul, Korea; School of Electrical Engineering, Kookmin University, Seoul, Korea; School of Electrical Engineering, Kookmin University, Seoul, Korea; School of Electrical Engineering, Kookmin University, Seoul, Korea",2019 IEEE 19th International Conference on Nanotechnology (IEEE-NANO),"13 Feb 2020","2019","","","517","520","Flexible InGaZnO (IGZO) thin-film transistor (TFT) with Al2O3 gate insulator (GI) which is deposited by low temperature (LT) atomic layer deposition (ALD) is proposed and its synaptic behavior and mechanical stability are demonstrated on a polyethylene terephthalate substrate. The change of threshold voltage under bending test is attributed to the generation of ionized oxygen vacancy resulting from the oxygen bond-breaking. In addition, the synaptic behavior is clearly observed and the convolutional neural network-based MNIST recognition rate of 87.2 % after 60,000 training is demonstrated by using the proposed IGZO TFTs. Stable synaptic behavior can be explained by the potentiation/depression pulse-dependent movement of hydrogens which the Al2O3 GI contains during LT ALD. Furthermore, it is found that the synaptic weight can be controlled and optimized by changing the thickness of Al2O3 GI.","1944-9380","978-1-7281-2892-4","10.1109/NANO46743.2019.8993883","","https://ieeexplore.ieee.org/stamp/stamp.jsp?arnumber=8993883","","Training;Hydrogen;Logic gates;Bending;Insulators;Threshold voltage;Thin film transistors;Wearable devices;Thermal stability;Aluminum oxide","","5","","8","IEEE","13 Feb 2020","22-26 July 2019","22-26 July 2019","IEEE","IEEE Conferences"
"Silicon Nanogap Electrode Engineering for Organic Monolayer Field Effect Transistors","S. Pfaehler; A. Pathak; K. -C. Liao; J. Schwartz; M. Tornow","Department of Molecular Electronics, Technische Universität München, München, Germany; Department of Molecular Electronics, Technische Universität München, München, Germany; Department of Chemistry, Princeton University, Princeton, NJ, USA; Department of Chemistry, Princeton University, Princeton, NJ, USA; Department of Molecular Electronics, Technische Universität München, München, Germany",2019 IEEE 19th International Conference on Nanotechnology (IEEE-NANO),"13 Feb 2020","2019","","","521","525","The fabrication and characterization of planar silicon nanogap electrode structures is described in which contact separation ≥ 30 nm was achieved. Starting from highly doped silicon-on-insulator substrates, fabrication is based on precise control of electron-beam lithography and subsequent reactive ion etching (etch rate 3.6 nm/s). A monolayer of an aromatic organophosphonate is then assembled in the etched nanogap. Conductance is greatly improved compared to a device absent the monolayer, and distinct field-effect induced modulation of the conductance is observed. Finite element simulations of the electrostatic potential distribution of the device structure supports its suitability as a three-terminal field effect device.","1944-9380","978-1-7281-2892-4","10.1109/NANO46743.2019.8993870","","https://ieeexplore.ieee.org/stamp/stamp.jsp?arnumber=8993870","","Electrodes;Fabrication;Electric potential;Lithography;Silicon-on-insulator;Silicon;Nanoscale devices","","1","","21","IEEE","13 Feb 2020","22-26 July 2019","22-26 July 2019","IEEE","IEEE Conferences"
"Experimental verification of guidance and search strategy of nanobots under magnetic field control in grid network","S. Shi; J. Xiong; Y. Zhou; Y. Chen; U. K. Cheang","Harbin Institute of Technology, Harbin, China; Harbin Institute of Technology, Harbin, China; Beijing Instritute of Collaborative Innovation; School of Life Science and Technology, University of Electronic Science and Technology of China, Chengdu, China; Department of Computer Science and Engineering, Southern University of Science and Technology, Shenzhen, China",2019 IEEE 19th International Conference on Nanotechnology (IEEE-NANO),"13 Feb 2020","2019","","","526","529","Touchable communication (TouchComm), a novel communication scheme in nanoscale or molecular communication areas has been proposed recently. It is focused on the controllable and trackable properties of message carriers. A potential therapeutic application of TouchComm is the targeted delivery of drugs which utilizes physically transient nanobots as vehicles to deliver drug particles. Based on the same scenario, a searching scheme called touchable computation (TouchComp) has also been proposed to guide the nanobots to accurately locate the tumor in a vascular network environment without any precise information about the tumor location. Previous work on those two topics has provided basic channel model and searching strategy, which need experiment to verify the practicability of their theoretical work. This paper describes the experimental validation scenarios and shows some experimental results on the targeting efficiency of magnetic nanobots by TouchComm or TouchComp.","1944-9380","978-1-7281-2892-4","10.1109/NANO46743.2019.8993904","","https://ieeexplore.ieee.org/stamp/stamp.jsp?arnumber=8993904","Touchable communication;Touchable computation;magnetic nanobots;experimental validation;targeting efficiency","","","","","9","IEEE","13 Feb 2020","22-26 July 2019","22-26 July 2019","IEEE","IEEE Conferences"
"Augmented Reality-Based Precise Oocyte Enucleation","Z. Feng; Q. Zhao; Y. Liu; M. Sun; X. Zhao; M. Cui; X. Zhao","College of Artificial Intelligence, Nankai University, Tianjin; College of Artificial Intelligence, Nankai University, Tianjin; College of Artificial Intelligence, Nankai University, Tianjin; College of Artificial Intelligence, Nankai University, Tianjin; College of Artificial Intelligence, Nankai University, Tianjin; Institute of Animal Sciences, Tianjin, China; College of Artificial Intelligence, Nankai University, Tianjin",2019 IEEE 19th International Conference on Nanotechnology (IEEE-NANO),"13 Feb 2020","2019","","","530","534","Oocyte enucleation, removing nucleus and polar body in the oocyte, is a critical procedure for animal cloning. To preserve oocyte development potential, the removed cytoplasm in enucleation should be as little as possible. As the nucleus is invisible in the bright field, the operators usually have to blindly remove 1/4 to 1/3 of cytoplasm around the polar body in enucleation in order to completely remove the cell nuclei. The large amount of lost cytoplasm significantly decreases the development potential of the enucleated oocytes. The visualization of the nucleus is the key to reduce removed cytoplasm and achieve precise enucleation. In this paper, we conducted the statistics of the nucleus position relative to the first polar body for oocytes in MII stage through which the nucleus distribution area was obtained. Augmented reality was applied to superimpose the distribution area on the oocyte to visualize potential nucleus position. Using the statistical nucleus area, a micropipette penetrates the cell membrane, approaches the nucleus and extracts a set amount of cytoplasm to remove the nucleus and polar body automatically. Compared with the conventional blind enucleation method, our method increased enucleation success rate from 86.7% to 93.3% with less than 10% of cytoplasm removed. Through this, the cell survival rate after enucleation is improved from 57.1% to 91.4%.","1944-9380","978-1-7281-2892-4","10.1109/NANO46743.2019.8993940","","https://ieeexplore.ieee.org/stamp/stamp.jsp?arnumber=8993940","","Visualization;Animals;Microscopy;Cloning;Probability;Fluorescence;In vitro;Augmented reality;Nanotechnology","","2","","18","IEEE","13 Feb 2020","22-26 July 2019","22-26 July 2019","IEEE","IEEE Conferences"
"Nanorobot assisted self-soldering investigation between PVP-coated silver electrodes and carbon nanotubes","Z. Yu; Q. Shi; L. Dong; Z. Wei; H. Wang; H. Wang; Q. Huang; T. Fukuda","Intelligent Robotics Institute, School of Mechatronical Engineering, Beijing Institute of Technology, Beijing, China; Intelligent Robotics Institute, School of Mechatronical Engineering, Beijing Institute of Technology, Beijing, China; Electrical and Computer Engineering, Michigan State University, East lansing, MI, USA; Intelligent Robotics Institute, School of Mechatronical Engineering, Beijing Institute of Technology, Beijing, China; Intelligent Robotics Institute, School of Mechatronical Engineering, Beijing Institute of Technology, Beijing, China; Electrical and Computer Engineering, Michigan State University, East lansing, MI, USA; Intelligent Robotics Institute, School of Mechatronical Engineering, Beijing Institute of Technology, Beijing, China; Intelligent Robotics Institute, School of Mechatronical Engineering, Beijing Institute of Technology, Beijing, China",2019 IEEE 19th International Conference on Nanotechnology (IEEE-NANO),"13 Feb 2020","2019","","","541","545","Although the soldering of functional nanomaterials has been achieved by various methods, the readily oxidative properties of the nanoelectrodes and their corresponding preventing oxidation method by coating dielectric-layer make their soldering extremely difficult. Here, we report an effective method for soldering dielectric-coated nanowires to electrodes directly by vacuum contact annealing. This annealing process is performed within an environmental scanning electron microscope (ESEM) by a nanorobot-assisted nanomanipulation system. The results show that the conductivity of the soldered nanostructure is enhanced by about 1000 times after a 130s annealing process. The joining strength on the junction point was also estimated up to 112 MPa (0.22 µN), which is sufficient for the interconnection of the nanomaterials. Our recipe highlights the promise of soldering dielectric-coated readily oxidizable electrodes for fabricating nanoelectronic devices and conductive transparent films.","1944-9380","978-1-7281-2892-4","10.1109/NANO46743.2019.8993687","","https://ieeexplore.ieee.org/stamp/stamp.jsp?arnumber=8993687","","Electrodes;Resistance;Silver;Scanning electron microscopy;Annealing;Films;Conductivity;Nanomaterials;Soldering;Junctions","","","","18","IEEE","13 Feb 2020","22-26 July 2019","22-26 July 2019","IEEE","IEEE Conferences"
"Untethered Micromachines Using Magnetic Nanoparticles for Wireless Assembly of Cell-laden Heterogeneous Micromodules","J. Li; H. Wang; Q. Shi; Z. Zheng; J. Cui; T. Sun; Q. Huang; T. Fukuda","Intelligent Robotics Institute, School of Mechatronical Engineering, Beijing Institute of Technology, Beijing; Intelligent Robotics Institute, School of Mechatronical Engineering, Beijing Institute of Technology, Beijing; Intelligent Robotics Institute, School of Mechatronical Engineering, Beijing Institute of Technology, Beijing; Intelligent Robotics Institute, School of Mechatronical Engineering, Beijing Institute of Technology, Beijing; Intelligent Robotics Institute, School of Mechatronical Engineering, Beijing Institute of Technology, Beijing; Intelligent Robotics Institute, School of Mechatronical Engineering, Beijing Institute of Technology, Beijing; Intelligent Robotics Institute, School of Mechatronical Engineering, Beijing Institute of Technology, Beijing; Intelligent Robotics Institute, School of Mechatronical Engineering, Beijing Institute of Technology, Beijing",2019 IEEE 19th International Conference on Nanotechnology (IEEE-NANO),"13 Feb 2020","2019","","","546","551","Magnetic micromanipulation has shown huge potential in biomedical research and regenerative medicine, which can be utilized to bio-assemble in-vitro tissues as pharmacological or physiological models. Here, a novel clamp magnetic micromachine was proposed for the assembly of cell-laden micromodules. The magnetic micromachine was fabricated with nickel nanoparticles and polydimethylsiloxane by mold replication. Composed of a through-hole template patterned by chemical etching and a glass substrate coated with an adhesive layer, the multi-layer mold was designed to ensure high resolution and low surface roughness. An eight-coil electromagnetic system was set up to generate a 3D magnetic field of up to 80mT. Driven by external magnetic field and its gradient, the micromachine is able to rotate with a frequency of 3 Hz or translate with a speed of 5 mm/s near the workspace center, which shows lower current supply and higher dynamic response than conventional electromagnetic systems. To evaluate the practicality of the micromachine, cell-laden hydrogel micromodules were assembled by indirect propulsion and integrated into a reconfigurable architecture with heterogeneous shape and composition. We anticipate that this system will regenerate more complex tissues with physiological importance in future tissue engineering.","1944-9380","978-1-7281-2892-4","10.1109/NANO46743.2019.8993898","","https://ieeexplore.ieee.org/stamp/stamp.jsp?arnumber=8993898","","Wireless communication;Visualization;Three-dimensional displays;Propulsion;Physiology;Nickel;Surface roughness","","","","22","IEEE","13 Feb 2020","22-26 July 2019","22-26 July 2019","IEEE","IEEE Conferences"
"SPICE compact model of IGZO memristor based on non-quasi statically updated Schottky barrier height","J. T. Jang; J. Min; D. Kim; J. Park; S. -J. Choi; D. M. Kim; D. Hwan Kim","School of Electrical Engineering, Kookmin University, Seoul, Korea; School of Electrical Engineering, Kookmin University, Seoul, Korea; School of Electrical Engineering, Kookmin University, Seoul, Korea; School of Electrical Engineering, Kookmin University, Seoul, Korea; School of Electrical Engineering, Kookmin University, Seoul, Korea; School of Electrical Engineering, Kookmin University, Seoul, Korea; School of Electrical Engineering, Kookmin University, Seoul, Korea",2019 IEEE 19th International Conference on Nanotechnology (IEEE-NANO),"13 Feb 2020","2019","","","562","565","A SPICE compact model based on non-quasi statically updated Schottky barrier is proposed and demonstrated in an IGZO memristors with Pd/IGZO/Mo structure. Our model combines the thermionic emission-based conduction and the potentiation/depression based on the Schottky barrier height modulation resulting from the oxygen ion migration or the electron trapping/detrapping at separate interface between the metal electrode and the switching layer. A stretched exponential function is used for non-quasi static update of the Schottky barrier. Proposed model reproduces the time-varying current, the DC I-V, and potentiation/depression characteristics very well with concrete parameter-extracting procedure. Our result is potentially useful in the design of devices and circuits for the oxide memristor-based neuromorphic computing.","1944-9380","978-1-7281-2892-4","10.1109/NANO46743.2019.8993957","","https://ieeexplore.ieee.org/stamp/stamp.jsp?arnumber=8993957","","Computational modeling;Thermionic emission;Schottky barriers;Memristors;Metals;Switches;SPICE;Ions;Integrated circuit modeling;Electrons","","2","","20","IEEE","13 Feb 2020","22-26 July 2019","22-26 July 2019","IEEE","IEEE Conferences"
"Development of design models for nanomagnetic logic based combinatorial subsystem","N. Oraon; M. Rao","IIIT-Bangalore, Bengaluru, India; IIIT-Bangalore, Bengaluru, India",2019 IEEE 19th International Conference on Nanotechnology (IEEE-NANO),"13 Feb 2020","2019","","","566","571","Magnetic logic (ML) is considered a feasible alternative to the current CMOS technology, which is constantly shrinking in size to accommodate more circuitry in a chip. In ML, the magnetic domains are considered to render logic levels instead of electric charge used in CMOS based digital circuits. The spins in single domain magnetic dots are used to represent logic levels and magnetic coupling between neighboring dots is employed to realize the computational output. The ML design involves arranging dots along ferromagnetic and antiferromagnetic ordering to achieve a desired digital output. The optimum dimensions with shape of the dots, spacing between the dots, and few primitive digital gates were extensively studied in the past. In this paper, magnetic dots were arranged to exhibit carry ripple based full adder circuits. One bit and two bit full adder circuit was designed in an open source micromagnetic simulator and transient energy profile is used to propose footprint, delay and energy models for ML based higher order adder subsystems. The proposed ML based adder circuit was compared with other CMOS technology related adder circuits. The proposed model offers insights to design a large ML based digital system.","1944-9380","978-1-7281-2892-4","10.1109/NANO46743.2019.8993892","","https://ieeexplore.ieee.org/stamp/stamp.jsp?arnumber=8993892","","Semiconductor device modeling;Computational modeling;Circuits;Magnetic domains;CMOS technology;Delays;Logic;Integrated circuit modeling;Adders;Magnetic circuits","","1","","25","IEEE","13 Feb 2020","22-26 July 2019","22-26 July 2019","IEEE","IEEE Conferences"
"The field emission properties of a new design: multi-pixel carbon nanotube field emitters for imaging application","E. Cheraghi; L. J. Alexander; Y. Sun; S. Chen; J. T. W. Yeow","Department of Systems Design Engineering, University of Waterloo, Waterloo, Canada; Department of Systems Design Engineering, University of Waterloo, Waterloo, Canada; Department of Systems Design Engineering, University of Waterloo, Waterloo, Canada; Department of Systems Design Engineering, University of Waterloo, Waterloo, Canada; Department of Systems Design Engineering, University of Waterloo, Waterloo, Canada",2019 IEEE 19th International Conference on Nanotechnology (IEEE-NANO),"13 Feb 2020","2019","","","572","575","In this study, a patterned cathode, on an n-type doped silicon resistor with a doping concentration of 1014 cm-3 and a cross section area of 1μm2, is designed for multi-pixel X-ray source with one anode. In this regard, individual carbon nanotube (CNT) field emitter arrays (FEAs) is fabricated by plasma enhanced chemical vapor deposition (PECVD) method on the Si cathode. The cathode has a density of 100×100 CNT arrays, and it is tested for x-ray generation at high voltage, the current and radiation dose are measured during the experiment. At the end of this work, we investigate a 3×3 multi-pixel X-ray source and see if the power of each X-ray pixel can be easily controlled and have more potential to achieve high resolution. For this purpose, COMSOL Multiphysics is used to simulate the electric field.","1944-9380","978-1-7281-2892-4","10.1109/NANO46743.2019.8993911","","https://ieeexplore.ieee.org/stamp/stamp.jsp?arnumber=8993911","","","","","","16","IEEE","13 Feb 2020","22-26 July 2019","22-26 July 2019","IEEE","IEEE Conferences"
"Performance Enhancement of MEMS based Piezoelectric Pressure Sensor using Multistep Configuration","M. Bhargava; A. Tamboli; K. Sivanathan","Department of Mechatronics Engineering, SRM Institute of Science and Technology, Chennai, India; Department of Materials Science Engineering, University of Cambridge, United Kingdom; Department of Mechatronics Engineering, SRM Institute of Science and Technology, Chennai, India",2019 IEEE 19th International Conference on Nanotechnology (IEEE-NANO),"13 Feb 2020","2019","","","576","579","The work presents performance enhancement of MEMS based piezoelectric pressure sensor using multistep stack configuration. The structural optimization through multistep arrangement of the piezoelectric sensor exhibited the sensitivity enhancement of 85% for a range of applied pressures compared to the multi-layered sensor made from the same volume of Zinc Oxide. We also further investigate the design and analysis of multistep piezoelectric stack configuration of this MEMS sensor for significant characteristics improvisation using COMSOL Multiphysics. Essentially, the multistep configuration results in increase of coupling coefficient that ultimately contributes to the increase in sensitivity. Furthermore, the analysis of the evaluated parameters can be used for the design and optimization of these MEMS-based sensors for various bio-sensing applications due to the biocompatibility of Zinc Oxide. The obtained results for output voltage of Multistep arrangement at an applied pressure of 2.5kPa was 2.69 V as compared to 0.203V and 0.0186V for Multi-layered and Single layered configuration respectively.","1944-9380","978-1-7281-2892-4","10.1109/NANO46743.2019.8993875","","https://ieeexplore.ieee.org/stamp/stamp.jsp?arnumber=8993875","MEMS;COMSOL;Piezoelectric;Lead Zirconate Titanate;multistep actuators","Micromechanical devices;Pressure sensors;Couplings;Multiphysics;Sensitivity;Voltage;Zinc oxide;Optimization;Nanotechnology;Lead zirconate titanate","","1","","10","IEEE","13 Feb 2020","22-26 July 2019","22-26 July 2019","IEEE","IEEE Conferences"
"Interface Engineering to Enhance the Photoresponse of Core-Shell Structure Silicon Nanowire Photodetectors","K. Kim; S. Yoon; H. Cho; M. Meyyappan; C. -K. Baek","Department of Creative IT Engineering and Future IT Innovation Laboratory, Pohang University of Science and Technology (POSTECH), Pohang, Gyeongbuk, Republic of Korea; Department of Electrical Engineering, Pohang University of Science and Technology (POSTECH), Pohang, Gyeongbuk, Republic of Korea; Department of Creative IT Engineering and Future IT Innovation Laboratory, Pohang University of Science and Technology (POSTECH), Pohang, Gyeongbuk, Republic of Korea; the NASA Ames Research Center, Mountain View, CA, USA; Department of Creative IT Engineering and Future IT Innovation Laboratory, Pohang University of Science and Technology (POSTECH), Pohang, Gyeongbuk, Republic of Korea",2019 IEEE 19th International Conference on Nanotechnology (IEEE-NANO),"13 Feb 2020","2019","","","583","586","The core-shell silicon nanowire photodetector has been reported with enhanced responsivity. The interface traps play critical role to determine the performance of core-shell photodetector. The effect of interface quality on the photo response has been investigated using crystalline silicon and polysilicon shells. The device with single-crystalline silicon shell exhibits higher responsivity than that with polysilicon shell. The performance degradation of polysilicon device is caused by the grain boundaries, which are defect sources. Based on these results, the single-crystalline silicon shell was used for fabricating core-shell silicon nanowire photodetector. The photodetector exhibits the maximum responsivity of 0.51 A/W, which is 10% higher than the planar photodetector. Consequently, the core-shell homogeneous silicon nanowire structure can be a promising component for photodetector application.","1944-9380","978-1-7281-2892-4","10.1109/NANO46743.2019.8993954","","https://ieeexplore.ieee.org/stamp/stamp.jsp?arnumber=8993954","","","","1","","17","IEEE","13 Feb 2020","22-26 July 2019","22-26 July 2019","IEEE","IEEE Conferences"
"Patterning Perovskite Thin Film via CYTOP Assisted Photolithography Process","L. Yan; T. Zou; X. Liu; H. Zhou","School of Electronic and Computer Engineering, Peking University Shenzhen Graduate School, Shenzhen, China; School of Electronic and Computer Engineering, Peking University Shenzhen Graduate School, Shenzhen, China; School of Electronic and Computer Engineering, Peking University Shenzhen Graduate School, Shenzhen, China; Shenzhen Graduate School, Peking University, Shenzhen, China",2019 IEEE 19th International Conference on Nanotechnology (IEEE-NANO),"13 Feb 2020","2019","","","589","592","In this study, perovskite patterning is realized by solution-processed with the help of perfluoro (1-butenyl vinyl ether) polymer CYTOP. The CYTOP hydrophobic pattern is prepared by a semi-solidification photolithographic lift-off method. The perovskite precursor is then deposited on the CYTOP free area of the substrate surface. The morphology of the patterned perovskite pattern is characterized. Our results reveal that the perovskite pattern prepared by this method shows good crystallinity and sharp edge. For demonstration, arrays of diodes with a structure of ITO/perovskite/PCBM/BCP/Ag are fabricated.","1944-9380","978-1-7281-2892-4","10.1109/NANO46743.2019.8993683","","https://ieeexplore.ieee.org/stamp/stamp.jsp?arnumber=8993683","","Fabrication;Lithography;Surface morphology;Morphology;Perovskites;Polymers;Coatings;Surface treatment;Substrates;Nanotechnology","","","","20","IEEE","13 Feb 2020","22-26 July 2019","22-26 July 2019","IEEE","IEEE Conferences"
"NANO 2019 Author Index","",,2019 IEEE 19th International Conference on Nanotechnology (IEEE-NANO),"13 Feb 2020","2019","","","i","vi","Presents an index of the authors whose articles are published in the conference proceedings record.","1944-9380","978-1-7281-2892-4","10.1109/NANO46743.2019.8993893","","https://ieeexplore.ieee.org/stamp/stamp.jsp?arnumber=8993893","","","","","","","IEEE","13 Feb 2020","22-26 July 2019","22-26 July 2019","IEEE","IEEE Conferences"
"[Front cover]","",,2019 IEEE 19th International Conference on Nanotechnology (IEEE-NANO),"13 Feb 2020","2019","","","c1","c37","Presents the front cover or splash screen of the proceedings record.","1944-9380","978-1-7281-2892-4","10.1109/NANO46743.2019.8993907","","https://ieeexplore.ieee.org/stamp/stamp.jsp?arnumber=8993907","","","","","","","IEEE","13 Feb 2020","22-26 July 2019","22-26 July 2019","IEEE","IEEE Conferences"
"[Front cover]","",,2019 IEEE 19th International Conference on Nanotechnology (IEEE-NANO),"13 Feb 2020","2019","","","c1","c4","Presents the front cover or splash screen of the proceedings record.","1944-9380","978-1-7281-2892-4","10.1109/NANO46743.2019.8993922","","https://ieeexplore.ieee.org/stamp/stamp.jsp?arnumber=8993922","","","","","","","IEEE","13 Feb 2020","22-26 July 2019","22-26 July 2019","IEEE","IEEE Conferences"
"Table of contents","",,2019 IEEE 19th International Conference on Nanotechnology (IEEE-NANO),"13 Feb 2020","2019","","","i","xxvii","Presents the table of contents/splash page of the proceedings record.","1944-9380","978-1-7281-2892-4","10.1109/NANO46743.2019.8993925","","https://ieeexplore.ieee.org/stamp/stamp.jsp?arnumber=8993925","","","","","","","IEEE","13 Feb 2020","22-26 July 2019","22-26 July 2019","IEEE","IEEE Conferences"
"[Front cover]","",,2019 IEEE 19th International Conference on Nanotechnology (IEEE-NANO),"13 Feb 2020","2019","","","c1","c1","Presents the front cover or splash screen of the proceedings record.","1944-9380","978-1-7281-2892-4","10.1109/NANO46743.2019.8993938","","https://ieeexplore.ieee.org/stamp/stamp.jsp?arnumber=8993938","","","","","","","IEEE","13 Feb 2020","22-26 July 2019","22-26 July 2019","IEEE","IEEE Conferences"
"[Front cover]","",,2019 IEEE 19th International Conference on Nanotechnology (IEEE-NANO),"13 Feb 2020","2019","","","c1","c2","Presents the front cover or splash screen of the proceedings record.","1944-9380","978-1-7281-2892-4","10.1109/NANO46743.2019.8993939","","https://ieeexplore.ieee.org/stamp/stamp.jsp?arnumber=8993939","","","","","","","IEEE","13 Feb 2020","22-26 July 2019","22-26 July 2019","IEEE","IEEE Conferences"
