"Document Title",Authors,"Author Affiliations","Publication Title",Date Added To Xplore,"Publication Year","Volume","Issue","Start Page","End Page","Abstract","ISSN",ISBNs,"DOI",Funding Information,PDF Link,"Author Keywords","IEEE Terms","Mesh_Terms",Article Citation Count,Patent Citation Count,"Reference Count","License",Online Date,Issue Date,"Meeting Date","Publisher",Document Identifier
"Front Cover","",,IEEE Transactions on Nanotechnology,"25 Dec 2024","2024","23","","C1","C1","","1941-0085","","10.1109/TNANO.2024.3517993","","https://ieeexplore.ieee.org/stamp/stamp.jsp?arnumber=10816229","","","","","","0","IEEE","25 Dec 2024","2024","","IEEE","IEEE Journals"
"IEEE Transactions on Nanotechnology Publication Information","",,IEEE Transactions on Nanotechnology,"25 Dec 2024","2024","23","","C2","C2","","1941-0085","","10.1109/TNANO.2024.3517997","","https://ieeexplore.ieee.org/stamp/stamp.jsp?arnumber=10816230","","","","","","0","IEEE","25 Dec 2024","2024","","IEEE","IEEE Journals"
"Table of Contents","",,IEEE Transactions on Nanotechnology,"25 Dec 2024","2024","23","","i","v","","1941-0085","","10.1109/TNANO.2024.3517995","","https://ieeexplore.ieee.org/stamp/stamp.jsp?arnumber=10816228","","","","","","0","IEEE","25 Dec 2024","2024","","IEEE","IEEE Journals"
"Modeling and Simulation of RRAM With Carbon Nanotube Electrode","D. -W. Wang; J. -H. Zhu; Y. -F. Liu; G. Wang; W. -S. Zhao","Zhejiang Provincial Key Lab of Large-Scale Integrated Circuits Design, School of Electronics and Information, Hangzhou Dianzi University, Hangzhou, China; Zhejiang Provincial Key Lab of Large-Scale Integrated Circuits Design, School of Electronics and Information, Hangzhou Dianzi University, Hangzhou, China; Zhejiang Provincial Key Lab of Large-Scale Integrated Circuits Design, School of Electronics and Information, Hangzhou Dianzi University, Hangzhou, China; Zhejiang Provincial Key Lab of Large-Scale Integrated Circuits Design, School of Electronics and Information, Hangzhou Dianzi University, Hangzhou, China; Zhejiang Provincial Key Lab of Large-Scale Integrated Circuits Design, School of Electronics and Information, Hangzhou Dianzi University, Hangzhou, China",IEEE Transactions on Nanotechnology,"21 Dec 2023","2024","23","","1","8","The resistive random access memory with metallic carbon nanotube (CNT-RRAM) electrode possesses low power consumption and low junction temperature. In this work, both physical and compact models describing the operations of CNT-RRAM at the microscopic level are presented. In the physics-based model, the migration of oxygen vacancies is described by fully coupled oxygen transport, current continuity, and heat conduction equations, with a proper finite element based numerical solver utilized to solve them. The accuracy of the physical model is verified by comparing the simulated I-V curves with experimental results. After that, a 1T1R memory cell architecture composing of the CNT-RRAM and a vertical MOSFET switch is developed, and a compact model is proposed to characterize its electric properties. The I-V curves obtained by the compact model agree well with experimental data. The results indicate that the proposed models can accurately account for the set/reset characteristics of CNT-RRAM, which would be beneficial for the optimal design of devices and circuits.","1941-0085","","10.1109/TNANO.2023.3341414","Natural Science Foundation of Zhejiang Province(grant numbers:LD22F040003,LXR22F040001); National Natural Science Foundation of China(grant numbers:62101170,61874038); Zhejiang Lab(grant numbers:2021DA0AM01/001); Open Research Fund of State Key Laboratory of Millimeter Waves, Southeast University(grant numbers:K202231); ","https://ieeexplore.ieee.org/stamp/stamp.jsp?arnumber=10354374","Resistive random access memory;carbon nanotube electrode;vertical switch;physical model;compact model","Electrodes;Mathematical models;Integrated circuit modeling;Ions;Numerical models;Metals;Computational modeling","","1","","39","IEEE","12 Dec 2023","2024","","IEEE","IEEE Journals"
"Performance Evaluation of a Fractal Plasmonic Bowtie Nano-Antenna: Optical and Far-Field Properties","S. Komeylian; C. Paolini","Concordia University Gina Cody School of Engineering and Computer Science, Montreal, QC, Canada; Electrical and Computer Engineering, San Diego State University, San Diego, CA, USA",IEEE Transactions on Nanotechnology,"29 Dec 2023","2024","23","","9","19","In the nano-antenna framework, in this work, we have proposed a fractal plasmonic bowtie nano-antenna (FPBNA) with three wings to maximize the coupling between higher and lower order modes. Hollow cavities of the bowtie nano-antenna support hybridization modes, both anti-bonding and bonding modes. In other words, the blue-shift in the hybridization modes results from an increase in the Sierpiński fractal iteration, which facilitates the minimization of hollow regions in fractals after each iteration. We have investigated both near-and-far field characteristics of the proposed FPBNA. We have investigated both near-and-far field characteristics of the proposed FPBNA. We have demonstrated that the near-field intensity of the FPBNA is tunable and adjustable by modifying geometrical and electromagnetic parameters and the incident wave. Furthermore, the FPBNA exhibits superior performance in terms of polarization independency, absorptance, and robustness against losses, compared to other available bowtie nano-antenna structures. In the far-field region, the FPBNA possesses very low-radiative characteristics, in the order of $10^{-7}$dB, as well as robustness to a variation of $\phi$ angles.","1941-0085","","10.1109/TNANO.2023.3332555","","https://ieeexplore.ieee.org/stamp/stamp.jsp?arnumber=10319283","Plasmonic bowtie nano-antennas;fractal nano-antennas;anti-bonding and bonding modes","Antenna arrays;Plasmons;Fractals;Bonding;Antennas;Absorption;Surface waves","","1","","15","IEEE","15 Nov 2023","2024","","IEEE","IEEE Journals"
"Domain Wall-Magnetic Tunnel Junction Analog Content Addressable Memory Using Current and Projected Data","H. Jin; H. Zhu; K. Zhu; T. Leonard; J. Kwon; M. Alamdar; K. Kim; J. Park; N. Hase; D. Z. Pan; J. A. C. Incorvia","Chandra Family Department of Electrical and Computer Engineering, University of Texas at Austin, Austin, TX, USA; Chandra Family Department of Electrical and Computer Engineering, University of Texas at Austin, Austin, TX, USA; Chandra Family Department of Electrical and Computer Engineering, University of Texas at Austin, Austin, TX, USA; Chandra Family Department of Electrical and Computer Engineering, University of Texas at Austin, Austin, TX, USA; Chandra Family Department of Electrical and Computer Engineering, University of Texas at Austin, Austin, TX, USA; Chandra Department of Electrical and Computer Engineering, University of Texas at Austin, Austin, TX, USA; Samsung Advanced Institute of Technology (SAIT), Samsung Electronics Co., Suwon, South Korea; Samsung Advanced Institute of Technology (SAIT), Samsung Electronics Co., Suwon, South Korea; Samsung Advanced Institute of Technology (SAIT), Samsung Electronics Co., Suwon, South Korea; Chandra Family Department of Electrical and Computer Engineering, University of Texas at Austin, Austin, TX, USA; Chandra Family Department of Electrical and Computer Engineering, University of Texas at Austin, Austin, TX, USA",IEEE Transactions on Nanotechnology,"3 Jan 2024","2024","23","","20","28","With the rise in in-memory computing architectures to reduce the compute-memory bottleneck, a new bottleneck is present between analog and digital conversion. Analog content-addressable memories (ACAM) are being recently studied for in-memory computing to efficiently convert between analog and digital signals. Magnetic memory elements such as magnetic tunnel junctions (MTJs) could be useful for ACAM due to their low read/write energy and high endurance, but MTJs are usually restricted to digital values. The spin orbit torque-driven domain wall-magnetic tunnel junction (DW-MTJ) has been recently shown to have multi-bit function. Here, an ACAM circuit is studied that uses two domain wall-magnetic tunnel junctions (DW-MTJs) as the analog storage elements. Prototype DW-MTJ data is input into the magnetic ACAM (MACAM) circuit simulation, showing ternary CAM function. Device-circuit co-design is carried out, showing that 8-10 weight bits are achievable, and that designing asymmetrical spacing of the available DW positions in the device leads to evenly spaced ACAM search bounds. Analyzing available spin orbit torque materials shows platinum provides the largest MACAM search bound while still allowing spin orbit torque domain wall motion, and that the circuit is optimized with minimized MTJ resistance, minimized spin orbit torque material resistance, and maximized tunnel magnetoresistance. These results show the feasibility of using DW-MTJs for MACAM and provide design parameters.","1941-0085","","10.1109/TNANO.2023.3343667","Department of Energy Office of Science Microelectronics Co-Design project COINFLIPS; National Science Foundation Graduate Research Fellowship(grant numbers:2020307514); Samsung Global Research Outreach (GRO) Program; ","https://ieeexplore.ieee.org/stamp/stamp.jsp?arnumber=10363685","Analog circuits;associative memory;content addressable memory;magnetic domain walls;magnetic tunnel junctions;memory;neural networks;spin electronics;spintronics","Resistance;Voltage;Magnetic tunneling;Junctions;Prototypes;Magnetic circuits;Transistors","","2","","30","IEEE","18 Dec 2023","2024","","IEEE","IEEE Journals"
"A STT-Assisted SOT MRAM-Based In-Memory Booth Multiplier for Neural Network Applications","J. Wu; Y. Wang; P. Wang; Y. Wang; W. Zhao","School of Integrated Circuit Science and Engineering, Beihang University, Beijing, China; School of Integrated Circuit Science and Engineering, Beihang University, Beijing, China; School of Integrated Circuit Science and Engineering, Beihang University, Beijing, China; School of Integrated Circuit Science and Engineering, Beihang University, Beijing, China; School of Integrated Circuit Science and Engineering, Beihang University, Beijing, China",IEEE Transactions on Nanotechnology,"4 Jan 2024","2024","23","","29","34","Computing-in-memory (CIM) is a promising candidate for highly energy-efficient neural networks, alleviating the well-known bottleneck in Von Neumann architecture. MRAM has garnered significant attention in the CIM field, providing advantages in terms of non-volatility, high speed, and endurance. However, most existing MRAM-CIM primarily support low-precision operations, which poses a challenge in fulfilling the requirements of complex neural network models for high inference accuracy. To resolve this dilemma, an in-memory Booth Multiplier is proposed with the aim of enhancing the energy efficiency of neural networks performing multi-bit multiply-and-accumulate (MAC) operations. The MRAM array stores the multiplicand, while the multiplier is encoded by a Booth encoder into corresponding control signals, which perform negation and shift operations, reducing half of the partial products and accelerating the overall processing. Simulation results demonstrate at least a 17.3% improvement in energy efficiency compared to the previous in-SRAM counterpart in 8-bit multiplication.","1941-0085","","10.1109/TNANO.2023.3343834","National Natural Science Foundation of China(grant numbers:U20A20204); National Natural Science Foundation of China(grant numbers:62101018); ","https://ieeexplore.ieee.org/stamp/stamp.jsp?arnumber=10363660","Booth multiplier;computing-in-memory;multiply-and-accumulate;STT-assisted SOT MRAM","Adders;Encoding;Nonvolatile memory;Energy efficiency;Decoding;Power demand;In-memory computing;Magnetoresistive devices;Convolutional neural networks","","6","","29","IEEE","18 Dec 2023","2024","","IEEE","IEEE Journals"
"Memristive Circuit Design of Associative Memory With Generalization and Differentiation","J. Han; X. Cheng; G. Xie; J. Sun; G. Liu; Z. Zhang","School of Microeletronics, Hefei University of Technology, Hefei, China; School of Microeletronics, Hefei University of Technology, Hefei, China; School of Microeletronics, Hefei University of Technology, Hefei, China; School of Electrical and Information Engineering, Zhengzhou University of Light Industry, Zhengzhou, China; School of Electronic Information and Electrical Engineering, Shanghai Jiao Tong University, Shanghai, China; School of Microeletronics, Hefei University of Technology, Hefei, China",IEEE Transactions on Nanotechnology,"8 Jan 2024","2024","23","","35","44","Reinforcement, extinction, generalization and differentiation are all basic principles of Pavlov associative memory. Most memristive neural networks that simulate associative memory only consider reinforcement and extinction, while ignoring differentiation and generalization. In this paper, a memristive circuit of associative memory with generalization and differentiation is proposed to solve the above problem. It implements the functions of learning, forgetting, long-term memory, generalization and differentiation. Learning and forgetting correspond to reinforcement and extinction in associative memory respectively. Spontaneous recovery, in which forgotten reflexes can reappear in the absence of an unconditional stimulus, is also discussed here. Besides, a special differentiation method that takes into account the time delay is designed and demonstrated. The proposed memristive circuit of associative memory provides a reference for the theoretical research and application of artificial neural networks.","1941-0085","","10.1109/TNANO.2023.3346402","National Natural Science Foundation of China(grant numbers:U19A2053,61974090); Natural Science Foundation of Anhui Province(grant numbers:2308085MF207); ","https://ieeexplore.ieee.org/stamp/stamp.jsp?arnumber=10373147","Associative memory;differentiation;generalization;memristive circuit;time delay","Associative memory;Memristors;Dogs;Delay effects;Integrated circuit modeling;Artificial neural networks","","7","","43","IEEE","25 Dec 2023","2024","","IEEE","IEEE Journals"
"Adaptive Controller With Anti-Windup Compensator for Piezoelectric Micro Actuating Systems","Y. Feng; M. Liang; Y. Li","School of Automation Science and Engineering, South China University of Technology, Guangzhou, China; School of Automation Science and Engineering, South China University of Technology, Guangzhou, China; School of Automation Science and Engineering, South China University of Technology, Guangzhou, China",IEEE Transactions on Nanotechnology,"15 Jan 2024","2024","23","","45","54","In this study, the control approach for the piezoelectric actuating system under broad ranges frequency is designed. Addressing the frequency dependent property (rate-dependent) hysteresis of the input signal in piezoelectric actuators, a phenomenological model, a rate-dependent Prandtl-Ishlinskii (RDPI) model, has been utilized to predict the output actuating ability of piezoelectric actuators. Considering the existence of hysteresis and actuator saturation, an adaptive controller with an anti-windup compensator is designed. The actuating performance and the global stability are guaranteed by virtue of the RDPI hysteresis model and the designed anti-saturation filter blocks. The good performance of the proposed control method in mitigating the negative effects under various saturation conditions has been demonstrated by comparing simulation and experimental results.","1941-0085","","10.1109/TNANO.2023.3346868","National Natural Science Foundation of China(grant numbers:62073146); Science and Technology Program of Guangzhou(grant numbers:202102080435); ","https://ieeexplore.ieee.org/stamp/stamp.jsp?arnumber=10373875","Hysteresis;input saturation;adaptive backstepping controller;anti-windup technology","Hysteresis;Piezoelectric actuators;Load modeling;Frequency control;Adaptation models;Nanobioscience;Voltage","","7","","45","IEEE","25 Dec 2023","2024","","IEEE","IEEE Journals"
"MoS2 Self-Switching Diode-Based Low Power Single and Three-Phase Bridge Rectifiers","S. Garg; B. Sharma; G. M. Khanal; S. Kumar; N. Gupta; S. R. Kasjoo; A. Song; A. K. Singh","Semiconductor Research Centre, Department of Electronics and Communication Engineering, Punjab Engineering College (Deemed to be University), Chandigarh, India; Semiconductor Research Centre, Department of Electronics and Communication Engineering, Punjab Engineering College (Deemed to be University), Chandigarh, India; Semiconductor Research Centre, Department of Electronics and Communication Engineering, Punjab Engineering College (Deemed to be University), Chandigarh, India; Department of Physics, Punjab Engineering College (Deemed to be University), Chandigarh, India; Semiconductor Research Centre, Department of Electronics and Communication Engineering, Punjab Engineering College (Deemed to be University), Chandigarh, India; School of Microelectronic Engineering, Universiti Malaysia Perlis, Kangar, Malaysia; Department of Electrical and Electronics Engineering, University of Manchester, Manchester, U.K.; Semiconductor Research Centre, Department of Electronics and Communication Engineering, Punjab Engineering College (Deemed to be University), Chandigarh, India",IEEE Transactions on Nanotechnology,"8 Jan 2024","2024","23","","55","62","This work presents the molybdenum di-sulphide three-phase bridge rectifier integrated circuit utilizing the novel self-switching diode. The self-switching diode has a planar architecture having I-V behavior similar to an ideal diode. The structure of SSD is utilized to design single phase and three phase rectifiers. The performance in terms of rectification efficiency, total harmonic distortion, ripple factor and cut-off frequency has been evaluated and compared for both single and three phase SSDBR. The three-phase self-switching diode bridge rectifier (3P-SSDBR) has a cut-off frequency of ∼400 MHz with minimum total harmonic distortion (THD) and ripple factor (RF) of 4.73% and 0.59, respectively. While, the single phase self-switching diode bridge rectifier (1P-SSDBR) has a cut-off frequency of ∼300 MHz with minimum total harmonic distortion (THD) and ripple factor (RF) of 47.86% and 1.94, respectively. Further, to validate the obtained results, the simulation models have been calibrated with experimental and theoretical findings.","1941-0085","","10.1109/TNANO.2023.3348129","Science and Engineering Research Board; Department of Science and Technology, Ministry of Science and Technology, India(grant numbers:CRG/2022/003235); ","https://ieeexplore.ieee.org/stamp/stamp.jsp?arnumber=10376311","Bridge rectifier (BR);low power;total harmonic distortion (THD);ripple factor (RF);single-phase (1P);self-switching diode (SSD);three-phase (3P)","Rectifiers;Bridge circuits;Periodic structures;Substrates;Cutoff frequency;Schottky diodes;Voltage","","3","","38","IEEE","29 Dec 2023","2024","","IEEE","IEEE Journals"
"High Speed Binary Neural Network Hardware Accelerator Relied on Optical NEMS","Y. Gholami; F. Marvi; R. Ghorbanloo; M. R. Eslami; K. Jafari","Faculty of Electrical Engineering, Shahid Beheshti University, Tehran, Iran; Faculty of Electrical Engineering, Shahid Beheshti University, Tehran, Iran; Faculty of Electrical Engineering, University of Alberta, Edmonton, AB, Canada; Faculty of Electrical Engineering, Shahid Beheshti University, Tehran, Iran; Interdisciplinary Institute for Technological Innovation (3IT), Université de Sherbrooke, Sherbrooke, QC, Canada",IEEE Transactions on Nanotechnology,"8 Jan 2024","2024","23","","63","69","In this article, an electrostatically-actuated NEMS XOR gate is proposed based on photonic crystals for hardware implementation of binary neural networks. The device includes a 2D photonic crystal which is set on a movable electrode to implement the XOR logic using the transmission of specific wavelengths to the output. This design represents the importance of the proposed structure in which the logic gate operation is not dependent on the contact of its conductive layers. Consequently, one of the major issues in MEMS-based logic gates, which is due to the contact of the operating electrodes and may cause stiction problem, reducing the reliability of the system, can be tackled by the present approach. Furthermore, according to the simulation results, the functional characteristics of the present NEMS XOR gate are obtained as follows: pull-in voltage of Vp = 8V, operating voltage of Vo = 10V and switching time of ts = 4 μs. The results also show that the proposed design provides a classification error rate of between 1% to 12%, while used in neural network implementation. This error can be negligible compared to the state-of-the-art designs in neural network implementation. These appropriate parameters of the present NEMS gate make it a promising choice for the implementation of neural networks with a high network accuracy even in the presence of significant process variations.","1941-0085","","10.1109/TNANO.2023.3343618","","https://ieeexplore.ieee.org/stamp/stamp.jsp?arnumber=10361581","Binary neural network;logic gates;micro/nano electro-mechanical system (M/NEMS) switch;photonic crystal","Logic gates;Electrodes;Neural networks;Nanoelectromechanical systems;Voltage;Photonic crystals;Hardware","","4","","43","IEEE","15 Dec 2023","2024","","IEEE","IEEE Journals"
"Highly Linear and Low Noise Shell Doped GaN Junctionless Nanotube TeraFET for the Design of Ultra-Wideband LNA in 6G Communications","A. Khodabakhsh; A. Amini; M. Fallahnejad","Department of Electrical Engineering, College of Technical and Engineering, West Tehran Branch, Islamic Azad University, Tehran, Iran; Department of Electrical Engineering, College of Technical and Engineering, West Tehran Branch, Islamic Azad University, Tehran, Iran; Department of Electrical Engineering, Central Tehran Branch, Islamic Azad University, Tehran, Iran",IEEE Transactions on Nanotechnology,"9 Jan 2024","2024","23","","70","77","The evolution trend of wireless communication systems tends to ultra-high data rate, ultra-low latency, and high bandwidth systems. It is foreseen that 6G wireless communication systems will be developed in the range of 100–300 GHz (upper mmWave band) and 300–3000 GHz (terahertz band). In such frequencies, the performance of junctionless field effective transistors is limited due to the reduction of carrier mobility in the device channel. In this paper, for the first time, a shell doped device is proposed to improve RF merit parameters and high-frequency noise performance of GaN junctionless double surrounding nanotube FET device with dual material outer gate (SD-GaN-JNFET). Simulation results show that the doping engineering in the proposed device reduces scattering caused by phonon and doping and increases electron mobility significantly. Parameters gmmax and ƒT of the SD-GaN-JNFET device in channel length of 15 nm are 666 μS and 8.47 THz, respectively, and NFmin<0.025 dB is satisfied in the frequency range of 0-500 GHz. The effect of shell doped area on the linearity performance is evaluated. Moreover, the device shows excellent reliability in terms of trap charges. A non-quasi-static small signal model is developed for the device and incorporated into a low noise amplifier (LNA) design. The LNA with S21 = 22.10 dB and NF = 0.032 dB in central band frequency (140 GHz) was attained. This article opens up an opportunity to achieve high-performance LNA for D-Band 6G applications with the reliable SD-GaN-JNFET device.","1941-0085","","10.1109/TNANO.2023.3346945","","https://ieeexplore.ieee.org/stamp/stamp.jsp?arnumber=10374017","Gate all around;hydrodynamic model;junctionless;low noise amplifier;linearity;radio frequency;trap","Logic gates;Doping;Performance evaluation;Linearity;Transconductance;Radio frequency;Leakage currents","","6","","40","IEEE","25 Dec 2023","2024","","IEEE","IEEE Journals"
"Impact of Dynamic Tip-Surface Interactions on Microdroplet Formation via Fluid Force Microscopy","Z. Yang; X. Zhang; H. Li; B. Zhu; K. Feng; R. Wang","Guangdong Key Laboratory of Precision Equipment and Manufacturing Technology, South China University of Technology, Guangzhou, China; Guangdong Key Laboratory of Precision Equipment and Manufacturing Technology, South China University of Technology, Guangzhou, China; Guangdong Key Laboratory of Precision Equipment and Manufacturing Technology, South China University of Technology, Guangzhou, China; Guangdong Key Laboratory of Precision Equipment and Manufacturing Technology, South China University of Technology, Guangzhou, China; Guangdong Key Laboratory of Precision Equipment and Manufacturing Technology, South China University of Technology, Guangzhou, China; Guangdong Key Laboratory of Precision Equipment and Manufacturing Technology, South China University of Technology, Guangzhou, China",IEEE Transactions on Nanotechnology,"10 Jan 2024","2024","23","","78","88","The emergence of FluidFM technology has presented a novel opportunity for selective aspiration and distribution of liquids at the sub-micron scale. However, precise control over droplet generation volume remains a challenging issue. This study investigates the impact of dynamic parameters between the tip and surface on droplet formation. Initially, we establish a finite element model to simulate the process from the formation of a liquid bridge between the hollow cantilever probe and the substrate to the rupture resulting in droplet formation. Additionally, we propose an image-based method for quantifying droplet volume. Subsequently, we construct a comprehensive experimental framework to delve into the influence of these parameters on microdroplet formation by monitoring the dynamic interaction parameters between the probe tip and the liquid surface. Finally, we optimize the parameters during the droplet generation process, enabling the formation of uniform arrays of microdroplets under controlled experimental conditions. Our study provides a reference for automation parameters of serial experiments and improves experimental throughput.","1941-0085","","10.1109/TNANO.2023.3347255","National Natural Science Foundation of China(grant numbers:51820105007,52130508); Basic and Applied Basic Research Foundation of Guangdong Province(grant numbers:2021A1515012418); Guangzhou Municipal Science and Technology Project, China(grant numbers:202201010627); Young Talent Support Project of Guangzhou Association for Science and Technology(grant numbers:QT2023-004); ","https://ieeexplore.ieee.org/stamp/stamp.jsp?arnumber=10374233","Dynamic tip-surface interactions;fluid force microscopy;micro-droplet","Liquids;Substrates;Probes;Microfluidics;Finite element analysis;Fluid flow control;Fluid flow","","1","","36","IEEE","26 Dec 2023","2024","","IEEE","IEEE Journals"
"Highly Reliable, Stable, and Store Energy Efficient 8T/9T-2D-2MTJ NVSRAMs","S. Tripathi; S. Choudhary; P. K. Misra","Department of Electronics and Communication Engineering, Indian Institute of Information and Technology (IIIT) Allahabad, Prayagraj, India; Department of Electrical Engineering and Computer Science, University of North Dakota, Grand Forks, ND, USA; Department of Electronics and Communication Engineering, Indian Institute of Information and Technology (IIIT) Allahabad, Prayagraj, India",IEEE Transactions on Nanotechnology,"15 Jan 2024","2024","23","","89","94","Non-Volatile SRAMs exhibit zero static power loss which is eminent for future on-chip memories. Thus, in this brief, two simple and scalable designs of NVSRAM (8T&9T-2D-2MTJ) having key properties (high speed, low dynamic power, stability and reliability) have been investigated. To make the circuit scalable, the perpendicular magneto anisotropy (PMA) based magnetic tunnel junction (MTJ) (works on the spin transfer torque (STT) & spin orbit torque (SOT) interplay phenomenon) are used as an NV cell in the proposed circuit. A small pulse of current is required for store and restore operation of NV cell, which can effectively accommodate through cross coupled inverters, makes external write circuitry redundant and reduce the complexity of bit cell. The 8T/9T-2MTJ circuit provides an approximate 38%/35% decrease in store delay along with 7%/32% power efficiency as compared to existing NVSRAMs. The hold and write stability of 8T-2MTJ cell is better. However, the read stability of 9T-2MTJ cell is better. The physics-based field-free STT-SOT MTJ model and 40 nm UMC CMOS design kit based NVSRAM make the circuit practically viable. The Process variation analysis and monte carlo analysis suggests that the proposed NVSRAMs are reliable for a wide range (−25 °C to 125 °C) of temperatures and supply voltages. The 8*8 array design of proposed NVSRAMs shows promising results for dense memory architecture.","1941-0085","","10.1109/TNANO.2023.3345304","","https://ieeexplore.ieee.org/stamp/stamp.jsp?arnumber=10368335","STT-SOT MTJ;NVSRAM;energy efficient","Magnetic tunneling;Transistors;Magnetization;Power demand;Computer architecture;Nonvolatile memory;Perpendicular magnetic anisotropy;SRAM cells;Reliability","","5","","27","IEEE","21 Dec 2023","2024","","IEEE","IEEE Journals"
"Design and Evaluation of Graphene-Silicon Heterojunction LEDs for Breast Cancer Detection","C. Bhowmick; S. A. Asghar; P. K. Dutta; M. Mahadevappa","School of Medical Science and Technology, Indian Institute of Technology Kharagpur, Kharagpur, India; School of Nano Science and Technology, Indian Institute of Technology Kharagpur, Kharagpur, India; Department of Electrical Engineering, Indian Institute of Technology Kharagpur, Kharagpur, India; School of Medical Science and Technology, Indian Institute of Technology Kharagpur, Kharagpur, India",IEEE Transactions on Nanotechnology,"15 Jan 2024","2024","23","","95","101","Breast Cancer remains a devastating affliction for humanity, particularly due to its low survival rates, especially when detected at advanced stages and metastasis has occurred. Early diagnosis is crucial to increase survival rates, but current diagnostic techniques such as mammography and MRI are costly and require an experienced radiologist to interpret results. Transillumination is a non-invasive diagnostic technique that uses light to detect breast abnormalities. LEDs are important in transillumination as the illumination pattern can show abnormalities in breast tissues. Graphene-based materials offer a promising avenue for the creation of thin, flexible, and durable two-dimensional (2-D) light-emitting sources. At the same time, the exceptionally high carrier mobility of graphene ($\sim 15000 \frac{\text{cm}^{2}}{V \sec }$) and low band gap in graphene/Si heterojunction LEDs enhances the performance of such LEDs resulting in lower resistance, improved electron-hole recombination, high external quantum efficiency as compared to the traditional GaAs ($\sim 4000 \frac{\text{cm}^{2}}{V \sec }$) and AlGaAs ($\sim 212 \frac{\text{cm}^{2}}{V \sec }$) LEDs. Hence, the present work explores the potential use of a graphene/silicon hetero junction LED in breast cancer diagnosis. At 690 nm Graphene/Silicon hetero junction LED has a responsivity of $285 \frac{\rm mA}{\rm W}$ whereas responsivity of $0.6 \frac {\rm{\mu A}}{\rm{W}}$ and $0.9\frac {\rm{\mu A}} {\rm{W}}$ were obtained in the AlGaAs and GaAs LEDs. The present study also investigates the effect of light penetration on breast tissues, including temperature-dependent absorptivity, using the designed LED. The internal quantum efficiency of the proposed LED is also found to be around 37.5% as compared to 24% and 27% for AlGaAs and GaAs LEDs. Thus, the development of such low-cost, radiation-free, and efficient diagnostic optoelectronic devices for breast cancer could significantly increase survival rates, especially in developing countries where access to expensive diagnostic techniques is limited.","1941-0085","","10.1109/TNANO.2023.3347004","Principal Scientific Adviser to the Government of India; I-STEM Program for providing the infrastructural; ","https://ieeexplore.ieee.org/stamp/stamp.jsp?arnumber=10373968","Graphene;trans-illumination;light emitting diodes;cancer","Light emitting diodes;Breast;Mathematical models;Graphene;Lighting;Breast cancer;Heterojunctions","","3","","30","IEEE","25 Dec 2023","2024","","IEEE","IEEE Journals"
"Investigation of Negative Capacitance in Admittance Analysis of Metal Semiconductors Interlayered With ZnFe2O4 Doped PVA","J. A. M. Alsmael; S. O. Tan","Department of Oil and Gas Engineering, Basra University of Oil and Gas, Basra, Iraq; Department of Electrical Engineering, Karabuk University, Karabük, Türkiye",IEEE Transactions on Nanotechnology,"24 Jan 2024","2024","23","","102","108","In this work, Al/p-Si structures with (ZnFe2O4− PVA) interfacial film, which is grown by the electrospinning-method, have been analyzed by using impedance measurements in the wide frequency interval (2 kHz–2 MHz) at both side of polarization (±4 V). Some fundamental important electrical parameters such as intercept-voltage (Vo), the concentration of acceptor-atoms (NA), depletion layer width (Wd), and barrier-height (ΦB) were extracted from intercept and slope of the 1/C2 vs V plot in the inversion region for each frequency. It has been observed that parameters such as the presence of surface states (NSS), relaxation or lifetimes (τ), organic interlayer, dipoles or surface polarization in the inversion and depletion regions, especially at low and moderate frequencies, are obviously dependent on the frequency and applied biases. The voltage and frequency dependence profile of the series resistor (RS), NSS, and also τ were determined from the Nicollian-Brews method and Nicollian-Goetzberger conductance technique, respectively. The magnitude of NSS and the values of τ were calculated from the maximum value of (GP/ω) related to the frequency for different voltage values. The negative capacitance (NC) at about zero biases and the source of the two incongruous peaks in the depletion and accumulation zones were also discussed. While the first peak in the depletion region was a result of NSS, the second peak in the depletion region was caused by the effect of RS.","1941-0085","","10.1109/TNANO.2024.3353379","","https://ieeexplore.ieee.org/stamp/stamp.jsp?arnumber=10398496","Metal-polymer-semiconductor;series resistance;surface states;negative-capacitance;parallel-conductance","Capacitance;Conductivity;Doping;MIS devices;Surface states;Polymers;Admittance","","5","","37","IEEE","12 Jan 2024","2024","","IEEE","IEEE Journals"
"Ab-Initio Investigations into Frenkel Defects in Hexagonal Boron Nitride for Quantum Optoelectronic Applications","S. Kumar; V. Mishra; K. L. Ganapathi; M. Miryala; M. S. R. Rao; T. Dixit","Optoelectronics and Quantum Devices Group, Department of Electronics and Communication Engineering, Indian Institute of Information Technology Design and Manufacturing Kancheepuram, Chennai, India; Department of Physics Manipal Institute of Technology, Manipal Academy of Higher Education, Manipal, India; Department of Physics, National Institute of Technology, Kurukshetra, India; Superconducting Material Laboratory, Graduate School of Science and Engineering, Shibaura Institute of Technology, Tokyo, Japan; Material Science Research Center, NFMTC, QuCenDiEM, Department of Physics, IIT Madras, Chennai, India; Optoelectronics and Quantum Devices Group, Department of Electronics and Communication Engineering, Indian Institute of Information Technology Design and Manufacturing Kancheepuram, Chennai, India",IEEE Transactions on Nanotechnology,"6 Feb 2024","2024","23","","109","113","The van Der Waals material, hexagonal boron nitride (h-BN) is being studied extensively for electronics, sensing, photonics, and quantum technology. Identifying distinct point-defects that may be employed to create qubits and single photon emitters with specific properties has recently boosted defect engineering research in h-BN. The assignment of defects to specific characteristics of h-BN is a subject of contention and so necessitates further investigation. We have examined the defect stability under different growth conditions for the assignment of defect states for the aforementioned applications using first-principles calculations. In this work, it is found that boron Frenkel pairs (VB-Bi) play very critical role under N-rich and N-poor growth conditions. Boron Frenkel pairs were found to activate magnetic behaviour (with 0.45 μB) by forming spin active defect-states in forbidden gap. Furthermore, four distinct absorption peaks in the sub-bandgap regions (with peak values at 2.47, 2.30, 1.98, and 1.61 eV) have been observed, resulting into the well-known ∼2 eV emission. The large ultraviolet quantum efficiency observed in h-BN has been explained by considering Frenkel pairs as primary defect centres, which leads to strong photocatalytic and photovoltaic properties. This work will establish Frenkel pairs as one of the most intriguing defect states in h-BN leading towards various optoelectronic and quantum applications.","1941-0085","","10.1109/TNANO.2024.3354460","DST SERB(grant numbers:SRG/2021/000946); ","https://ieeexplore.ieee.org/stamp/stamp.jsp?arnumber=10400916","Qubit;Native point-defects;Frenkel pairs;h-BN;DFT;ab initio calculation;Quantum technology","Nitrogen;Fermi level;Hydrogen;Carbon;Qubit;Boron alloys;Density functional theory;Wide band gap semiconductors;Quantum simulation","","4","","30","IEEE","16 Jan 2024","2024","","IEEE","IEEE Journals"
"Broadband Graphene/TiO2 Optical Modulator Based on Hybrid Plasmonic Waveguide for Ultrafast Switching and Low-Voltage State","W. Supasai; S. Suwanarat; M. Wannaprapa; P. Chaisakul; A. Siritaratiwat; C. Srichan; N. Jutong; S. Narkglom; C. Surawanitkun","MINT Center, Faculty of Interdisciplinary Studies, Department of Technology and Engineering, Khon Kaen University, Nong Khai, Thailand; Department of Physics, Ramkhamhaeng University, Bangkok, Thailand; Department of Electronics Technology, Ramkhamhaeng University, Bangkok, Thailand; Department of Physics, Faculty of Science, Kasetsart University, Bangkok, Thailand; Department of Electrical Engineering, Faculty of Engineering, Khon Kaen University, Khon Kaen, Thailand; Department of Computer Engineering, Faculty of Engineering, Khon Kaen University, Khon Kaen, Thailand; Department of Physics and Materials Science, Faculty of Science, Chiang Mai University, Chiang Mai, Thailand; Faculty of Industrial Technology, Chitralada Technology Institute, Bangkok, Thailand; MINT Center, Faculty of Interdisciplinary Studies, Department of Technology and Engineering, Khon Kaen University, Nong Khai, Thailand",IEEE Transactions on Nanotechnology,"29 Jan 2024","2024","23","","114","123","This work presents a novel contribution to graphene/TiO2 electro-optical modulators based on silicon-on-silica waveguide with a hybrid plasmonic waveguide to achieve ultrafast switching and low-voltage states. Waveguide structure consists of a rectangular silicon core covered by a high relative permittivity TiO2 dielectric layer with two layers of graphene, air-clad, and silica lower cladding. Effective refractive indices can be tailored to support the propagation of the transverse magnetic mode with a suitable design related to an electro-absorption modulator for simulation results. Modulation depth and bandwidth were enhanced by the waveguide width and dielectric thickness, respectively. Maximum and minimum absorption depths at the driving voltage states can determine modulators. The simulation produced the highest efficient modulator with high speed at 3 dB bandwidth of 93.7 GHz using a low energy consumption of 210.6 fJ/bit, a small footprint (24 μm2), and a broad operating spectrum range from 1310 to 1550 nm. This is because the physical process acts according to the modulator at the Fermi energy of graphene and the structure of the waveguide. These modulators can have practical applications due to their distinctive advantages, including a small device footprint, low voltage operation, ultrafast modulation switching across a broad wavelength range, and low-energy operation.","1941-0085","","10.1109/TNANO.2024.3353789","Center of Multidisciplinary Innovation Network Talent, MINT Center, Thailand; ","https://ieeexplore.ieee.org/stamp/stamp.jsp?arnumber=10399839","Optical device;graphene;silicon;hybrid plasmonic waveguide;modulation switching","Optical waveguides;Graphene;Dielectrics;Voltage;Silicon;Optical modulation;Semiconductor waveguides","","4","","50","CCBY","15 Jan 2024","2024","","IEEE","IEEE Journals"
"NeuroSOFM-Classifier: Nanoscale FeFETs Based Low Power Neuromorphic Architecture for Classification Using Continuous Real-Time Unsupervised Clustering","S. Barve; R. Jha","Electrical and Computer Engineering, University of Cincinnati, Cincinnati, OH, USA; Electrical and Computer Engineering, University of Cincinnati, Cincinnati, OH, USA",IEEE Transactions on Nanotechnology,"12 Feb 2024","2024","23","","124","131","Supervised machine learning techniques are becoming subject of significant interest in data analysis. However, the high memory bandwidth requirement of current implementations, scarcity of labeled data, and dynamic environments in many applications prevent implementation of supervised machine learning techniques. In this work, we propose a neuromorphic architecture implementing the self-organizing feature map algorithm using nanoscale ferroelectric field-effect transistors (FeFETs) and complementary metal-oxide-semiconductor (CMOS) technology to produce a semi-supervised NeuroSOFM-Classifier. A best matching input (BMI) identifier circuit allows for very few labeled samples to be used to provide supervised class labels for each hardware neuron in the NeuroSOFM-Classifier. The NeuroSOFM-Classifier architecture can then be used to inference or classify the new data in real-time. This NeuroSOFM-Classifier, trained on just 2% of the labeled data, is capable of classifying COVID-19 patient chest x-rays with an average accuracy of 83%.","1941-0085","","10.1109/TNANO.2024.3357068","National Science Foundation(grant numbers:CCF-1718428,ECCS-1926465); University of Cincinnati; Rindsberg Fellowship; ","https://ieeexplore.ieee.org/stamp/stamp.jsp?arnumber=10412204","Neural network hardware;ferroelectric devices;unsupervised learning","FeFETs;Neurons;Neuromorphics;Logic gates;Field effect transistors;Classification algorithms;Topology","","2","","30","IEEE","23 Jan 2024","2024","","IEEE","IEEE Journals"
"DFT Calculations for Temperature Stable Quantum Capacitance of VS2 Based Electrodes for Supercapacitors","A. K. Yadav; S. N S; R. Singh; P. P. Das; V. Garg; S. K. Pandey","Department of Electronics and Communications Engineering, National Institute of Technology Karnataka, Mangalore, India; Department of Electronics and Communications Engineering, National Institute of Technology Karnataka, Mangalore, India; Department of Electrical Engineering, Shiv Nadar Institution of Eminence, Delhi, India; Department of Physics, National Institute of Technology Karnataka, Mangalore, India; Department of Electronics Engineering, S.V. National Institute of Technology (NIT) Surat, Surat, India; Department of Electronics and Communications Engineering, National Institute of Technology Karnataka, Mangalore, India",IEEE Transactions on Nanotechnology,"16 Feb 2024","2024","23","","132","138","Using density functional theory calculations, we demonstrate the quantum capacitance of the VS2 electrode which can be improved by doping with non-metallic elements such as nitrogen (N), phosphorus (P), and arsenic (As) atoms. The radius, charge, and morphology of these non-metallic elements help to improve the performance of VS2 material as electrodes of supercapacitors. The As-doped VS2 monolayer demonstrated the maximum quantum capacitance of 31.2369 μF/cm2 at 300 K. At 1200 K, quantum capacitance reaches the value of 25.2149 μF/cm2, showing the inconsiderable change in value for this wide range of temperature variation. Additionally, the other important properties of undoped and doped VS2 monolayers such as density of states, energy band structure, electrical conductivity, thermal conductivity, and the Seebeck coefficient were also computed and examined in detail. The band structure of the P and As-doped VS2 monolayers showed a metallic nature, which is suitable for electrode application. In the case of As-doped VS2 material, a high figure of merit of 3.536 was observed by using DFT-D2 calculations, due to the large Seebeck coefficient and significant electrical conductivity. Our findings will be helpful in further exploring the suitability of VS2 monolayers as electrodes of supercapacitors.","1941-0085","","10.1109/TNANO.2024.3358017","Science and Engineering Research Board; Department of Science and Technology, Ministry of Science and Technology, India(grant numbers:SRG/2020/001085); ","https://ieeexplore.ieee.org/stamp/stamp.jsp?arnumber=10413612","Density functional theory;quantum capacitance;supercapacitor;vanadium disulfide (VS  $_2$  )","Quantum capacitance;Electrodes;Doping;Conductivity;Supercapacitors;Lattices;Thermal conductivity","","6","","43","IEEE","24 Jan 2024","2024","","IEEE","IEEE Journals"
"Performance Optimization for Ferroelectric HfZrOx on a Ge Substrate by Modifying the Deposition Temperature","S. Lyu; P. Jiang; Z. Gao; Y. Yang; Y. Chen; B. Wang; M. Chen; Y. Wang; Y. Chen; Y. Wang","Key Laboratory of Microelectronic Devices and Integrated Technology, Institute of Microelectronics of Chinese Academy of Sciences, Beijing, China; Key Laboratory of Microelectronic Devices and Integrated Technology, Institute of Microelectronics of Chinese Academy of Sciences, Beijing, China; Key Laboratory of Polar Materials and Devices (MOE), Department of Electronics, East China Normal University, Shanghai, China; Key Laboratory of Microelectronic Devices and Integrated Technology, Institute of Microelectronics of Chinese Academy of Sciences, Beijing, China; Key Laboratory of Microelectronic Devices and Integrated Technology, Institute of Microelectronics of Chinese Academy of Sciences, Beijing, China; Key Laboratory of Microelectronic Devices and Integrated Technology, Institute of Microelectronics of Chinese Academy of Sciences, Beijing, China; Key Laboratory of Microelectronic Devices and Integrated Technology, Institute of Microelectronics of Chinese Academy of Sciences, Beijing, China; Key Laboratory of Microelectronic Devices and Integrated Technology, Institute of Microelectronics of Chinese Academy of Sciences, Beijing, China; Key Laboratory of Microelectronic Devices and Integrated Technology, Institute of Microelectronics of Chinese Academy of Sciences, Beijing, China; Key Laboratory of Microelectronic Devices and Integrated Technology, Institute of Microelectronics of Chinese Academy of Sciences, Beijing, China",IEEE Transactions on Nanotechnology,"16 Feb 2024","2024","23","","139","143","Hafnia ferroelectric-based Fe-FET devices have attracted increasing interest due to their CMOS compatibility, high scalability and low power consumption. Ge-based Fe-FETs could help overcome the shortcomings of Si-based Fe-FETs caused by the interface layer. In this work, the effect of the deposition temperature on the TiN/Hf0.5Zr0.5O2/Ge device performance is systematically studied, which is helpful for finding the optimal conditions for Ge-based Fe-FETs. By adjusting the deposition temperature, the endurance property of the MFS capacitor is successfully enhanced to 2×105 cycles with a large minimum remnant polarization (2Pr ≈ 46 μC/cm2). The observed phenomenon could be well understood by the effects of the deposition temperature and impurity concentration on the grain size.","1941-0085","","10.1109/TNANO.2023.3338616","National Natural Science Foundation of China(grant numbers:U21B2030); Strategic Priority Research Program of the Chinese Academy of Sciences(grant numbers:XDB44000000); Ministry of Science and Technology(grant numbers:2018YFA0208503,2022YFB3608400); ","https://ieeexplore.ieee.org/stamp/stamp.jsp?arnumber=10339890","ALD temperature;endurance;Fe-FETs and MFS capacitor;ferroelectric;germanium","Germanium;Substrates;Grain size;Zirconium;Tin;Hafnium oxide;Capacitors","","2","","43","IEEE","4 Dec 2023","2024","","IEEE","IEEE Journals"
"Stochastic Aware Modeling of Voltage Controlled Magnetic Anisotropy MRAM","B. Wang; F. García-Redondo; M. G. Bardon; H. Oh; M. Gupta; W. Kim; D. Favaro; Y. Chen; W. Dehaene","IMEC, Leuven, Belgium; IMEC, Leuven, Belgium; IMEC, Leuven, Belgium; IMEC, Leuven, Belgium; Axelera AI, Leuven, Belgium; IMEC, Leuven, Belgium; IMEC, Leuven, Belgium; IMEC, Leuven, Belgium; IMEC, Leuven, Belgium",IEEE Transactions on Nanotechnology,"1 Jan 2025","2024","23","","144","150","This paper presents a physics-based compact model for Voltage-Controlled Magnetic Anisotropy (VCMA) MRAM, calibrated against fabricated devices. Our model addresses inherent stochasticity, offering a robust tool for the design and simulation of VCMA MRAM peripheral circuits. Achieving a tenfold increase in simulation speed compared to existing stochastic Landau-Lifshitz-Gilbert-Slonczewski (sLLGS) based models ($10\times$ to $100\times$), and overcoming accuracy problems related to VCMA macro-spin sLLGS simulations, our approach enables efficient exploration of MRAM based circuits. The model efficiency and accuracy are demonstrated through a practical use case.","1941-0085","","10.1109/TNANO.2024.3361718","Logic Technology Enablement; ","https://ieeexplore.ieee.org/stamp/stamp.jsp?arnumber=10419071","VCMA;MRAM;Verilog-A;compact model;stochasticity;probabilistic-switching","Integrated circuit modeling;Stochastic processes;Magnetic tunneling;Voltage measurement;Hardware design languages;Writing;Magnetic anisotropy;Random access memory","","3","","22","IEEE","2 Feb 2024","2024","","IEEE","IEEE Journals"
"A Compact Model for Electro-Thermal Simulation of Resistive Random Access Memory With Graphene Electrode","X. Zhai; Y. Li; W. -Y. Yin; S. Zhang; W. Zang; Y. Yang; H. Xie; W. Chen","ZJU-UIUC Institute, International Campus of Zhejiang University, Haining, China; National Key Laboratory of Science and Technology on Space Microwave, China Academy of Space Technology, Beijing, China; ZJU-UIUC Institute, International Campus of Zhejiang University, Haining, China; ZJU-UIUC Institute, International Campus of Zhejiang University, Haining, China; ZJU-UIUC Institute, International Campus of Zhejiang University, Haining, China; Zhijiang Intelligence Institute in Chengdu Tianfu District, Chengdu, China; ZJU-UIUC Institute, International Campus of Zhejiang University, Haining, China; ZJU-UIUC Institute, International Campus of Zhejiang University, Haining, China",IEEE Transactions on Nanotechnology,"19 Feb 2024","2024","23","","151","157","Resistive random access memory (RRAM) with edge-contacted graphene electrode has much lower power consumption and excellent scalability as in other's previous studies, which shows great potential for in-memory computing, neuromorphic integrated circuits, Big Data analytics, etc. A physics-based SPICE compact model of RRAM with graphene electrode is proposed to capture the electro-thermal characteristics of the device with consideration of various physical effects in resistive switching processes, such as the temperature-dependent conductive filament (CF) evolution, tunneling between CF tip and electrode, graphene electrode oxidation, and self-heating effect. The equivalent thermal circuit (ETC) model is developed to capture the temperature response in RRAM. The influence of graphene electrode oxidation on the resistance of the device is taken into consideration. The compact model is verified by comparing the simulated characteristics of the set/reset process and forming process with other's published experimental data.","1941-0085","","10.1109/TNANO.2024.3358950","Zhejiang Provincial Natural Science Foundation of China(grant numbers:LR21F010003,LDT23F04021F04); National Natural Science Foundation of China(grant numbers:62122067,61971375); National Key Laboratory Foundation of China(grant numbers:HTKJ2021KL504017); Key Research and Development Program of Ningbo City(grant numbers:2023Z071); Sichuan Science and Technology(grant numbers:2021YJ0087); ","https://ieeexplore.ieee.org/stamp/stamp.jsp?arnumber=10415227","Compact model;equivalent thermal circuit;Schottky emission;graphene electrode;resistive random access memory;trap-assisted tunneling effect","Graphene;Electrodes;Tunneling;Metals;Ions;Conductivity;Oxidation","","2","","41","IEEE","26 Jan 2024","2024","","IEEE","IEEE Journals"
"On the γ-Radiation Dosimetry Using a Layered Metamaterial Structure Comprising FTO and Blue Glass","E. M. Sheta; A. A. Hamzah; U. Z. Mohd Azmi; I. Mansor; P. K. Choudhury","Institute of Microengineering and Nanoelectroics, Universiti Kebangsaan Malaysia, Bangi, Malaysia; Institute of Microengineering and Nanoelectroics, Universiti Kebangsaan Malaysia, Bangi, Malaysia; Nuclear Emerging Technology Centre, Technical Support Division, Malaysian Nuclear Agency, Kajang, Malaysia; Technical Service Programme, Malaysian Nuclear Agency, Kajang, Malaysia; International Research Center for Advanced Photonics, Zhejiang University, Haining, China",IEEE Transactions on Nanotechnology,"26 Feb 2024","2024","23","","158","163","A layered metamaterial comprising periodic blue glass and FTO mediums was investigated for gamma (γ) radiation dosimetry. The device acts on the principle of absorption of the incidence radiation with sharp resonance absorption peaks which undergo shifts in the presence of γ-radiation. The more the radiation dose is, the more shift happens in the resonance absorption spectrum – the feature that can be exploited in the design of polarization insensitive γ-radiation dosimetry device.","1941-0085","","10.1109/TNANO.2024.3364254","Zhejiang University(grant numbers:1113000*194232301/002); ","https://ieeexplore.ieee.org/stamp/stamp.jsp?arnumber=10430427","Metamaterials;radiation sensors;dosimetry","Glass;Metamaterials;Absorption;Sensors;Detectors;Permittivity;Optical sensors","","6","","42","IEEE","9 Feb 2024","2024","","IEEE","IEEE Journals"
"Experimental Evaluation of Tailored Double Heterojunction Non-Toxic Metal Oxide-Based Nanostructured Sensor for Multi-Sensing Application","B. R; K. Savarimuthu; K. Ramany; G. Rajamanickam","Electronics and Communication Engineering, Anna University College of Engineering Guindy, Guindy, India; Electronics and Communication Engineering, Anna University College of Engineering Guindy, Guindy, India; ECE Department, Sri Sivasubramaniya Nadar College of Engineering, Chennai, India; Physics, SSN College of Enginnering, Chennai, India",IEEE Transactions on Nanotechnology,"26 Feb 2024","2024","23","","164","169","A systematized experimental interpretation of BaTiO3 (B), ZnO (Z), and BaTiO3/ZnO (B/Z) based sensors, fabricated via a facile solution-based method is reported. The structural properties analysis of all the sensors fabricated reveals the formation of characteristic respective dominant peaks (hexagonal, tetragonal, and heterostructure (hexagonal and tetragonal) for B, Z, and B/Z respectively). The decrease of band gap (2.97 eV-B/Z) due to double heterojunction formation is evident from tauc plot analysis. The fabricated multi-sensing sensors were subjected to both gas (CO (carbon monoxide) & (CH4) methane) and acceleration sensing systems individually to explore sensing properties. Comparably, the B/Z sensor showed improved gas sensing properties in terms of better response time (s), recovery time (s), and sensor response (%) at lower concentrations (10 ppm) for CO gas ∼1.12, ∼2.2 and ∼61.54 and CH4 gas ∼4.12, ∼58.69, ∼14 respectively at room temperature. Likewise, the B/Z sensor exhibited a maximum output voltage of 2.31 V at a 13 Hz resonant frequency and a sensitivity of 1.9316 Vg−1 compared to the other fabricated sensors.","1941-0085","","10.1109/TNANO.2024.3359697","","https://ieeexplore.ieee.org/stamp/stamp.jsp?arnumber=10416377","Gas;heterojunction;multi-sensing;sensor","Sensors;Zinc oxide;II-VI semiconductor materials;Gases;Heterojunctions;X-ray scattering;Sensitivity","","4","","19","IEEE","29 Jan 2024","2024","","IEEE","IEEE Journals"
"Efficient Parallel Stochastic Computing Multiply-Accumulate (MAC) Technique Using Pseudo-Sobol Bit-Streams","A. Hu; W. Li; D. Lyu; G. He","School of Electronic Information and Electrical Engineering, Shanghai Jiao Tong University, Shanghai, China; School of Electronic Information and Electrical Engineering, Shanghai Jiao Tong University, Shanghai, China; School of Electronic Information and Electrical Engineering, Shanghai Jiao Tong University, Shanghai, China; Department of Micro/Nano Electronics and the MoE Key Laboratory of Artificial Intelligence, Shanghai Jiao Tong University, Shanghai, China",IEEE Transactions on Nanotechnology,"4 Mar 2024","2024","23","","170","179","Stochastic computing (SC) has emerged as a promising technique for reducing hardware costs in various applications, particularly in multiply-accumulate (MAC) intensive tasks such as neural networks. However, conventional SC still faces challenges in terms of achieving high accuracy and throughput. To enhance the precision, Sobol bit-stream has been widely adopted in SC. On the other hand, the throughput is frequently increased by means of parallel computing architecture. Nevertheless, directly increasing parallelism will incur significant additional hardware costs. In this paper, we propose Pseudo-Sobol bit-streams based on which an efficient parallel stochastic computing architecture for MAC operations is further developed. The proposed design leverages the properties of Pseudo-Sobol bit-streams and integrates the computation and conversion units to improve hardware efficiency. We evaluate the effectiveness of our design in two typical applications, general matrix multiplication (GEMM) and convolution. Experimental results show that our proposed design is capable of increasing energy efficiency by up to 36% and area efficiency by up to 70%.","1941-0085","","10.1109/TNANO.2024.3368628","National Natural Science Foundation of China(grant numbers:62074097); ","https://ieeexplore.ieee.org/stamp/stamp.jsp?arnumber=10443589","Convolutional neural networks (CNNs);general matrix multiplication (GEMM);multiply-accumulate (MAC);Sobol bit-stream;stochastic computing (SC)","Hardware;Computer architecture;Throughput;Reflective binary codes;Generators;Vectors;Convolutional neural networks;Stochastic processes;Binary sequences","","2","","28","IEEE","22 Feb 2024","2024","","IEEE","IEEE Journals"
"Optimization of a Nanoscale Operational Amplifier Based on a Complementary Carbon Nanotube Field-Effect Transistor by Adjusting Physical Parameters","H. Ding; L. Chen; W. Huang","EDA center, Institute of Microelectronics of the Chinese Academy of Sciences, Beijing, China; EDA center, Institute of Microelectronics of the Chinese Academy of Sciences, Beijing, China; EDA center, Institute of Microelectronics of the Chinese Academy of Sciences, Beijing, China",IEEE Transactions on Nanotechnology,"7 Mar 2024","2024","23","","180","187","Carbon nanotube field-effect transistors (CNFETs) possess high current density and carrier mobility, enabling high intrinsic gains below the 20-nm technology node. Thus, they demonstrate superior performance compared to traditional silicon analog integrated circuits (ICs). Here, the relevant parameters of a CNFET in analog IC designs were analyzed and simulated, elucidating the influence of physical parameters on the CNFET device. All simulations were performed at technology nodes smaller than 22 nm. To evaluate the performance of a CNFET analog circuit, the gm/Id method for CNFET was employed, and a nanoscale two-stage operational amplifier was designed using complementary CNFET technology with a channel length of 14 nm. In addition, the impact of CNFET's physical parameters on circuit performance were examined. Our results showcased the advantages of CNFET analog circuits over traditional silicon-based analog circuits, as well as the significant influence of CNFET physical parameters on circuit performance. Consequently, this study provides a reference for productive CNFET technologies.","1941-0085","","10.1109/TNANO.2024.3370098","National Key R&D Program of China(grant numbers:2022YFB4400400); ","https://ieeexplore.ieee.org/stamp/stamp.jsp?arnumber=10449468","Carbon nanotube field-effect transistor;CNFET analog circuit;nanoscale analog integrated circuit;performance optimization of carbon circuit","CNTFETs;Integrated circuit modeling;Performance evaluation;Logic gates;Semiconductor device modeling;Nanoscale devices;Transistors","","2","","32","IEEE","27 Feb 2024","2024","","IEEE","IEEE Journals"
"Numerical Investigation of Nanoresonator Based Ultra Narrow-Band Photonic Filters","R. Rajasekar","Department of Electronics and Communication Engineering, SRM Institute of Science and Technology, Tiruchirappalli, India",IEEE Transactions on Nanotechnology,"12 Mar 2024","2024","23","","188","194","A novel photonic crystal nanoresonator-based optical bandpass filter is designed with ultra narrow bandwidth, high quality factor, low optical loss and very small compact size. The proposed S-Shaped nanostructure is playing a very significant role on narrow wavelength filtering and effectively localize the incident light signal which leads to the high-quality factor is obtained with 100% transmission. The different light coupling mechanism is used to realize the four dissimilar narrow bandpass filters. These nano-filter performance parameters are numerically investigated by Finite Difference Time Domain Method (FDTD). The nanoresonator coupled waveguides platform is designed with high quality factor as about 3873.70, ultra narrow bandwidth of 60 GHz and 0.13 THz. The presented photonics platform footprint is very compact as about 128.52 μm2. These enhanced results highly suitable for optical integrated circuits, 5G and 6G optical wireless network.","1941-0085","","10.1109/TNANO.2024.3370717","","https://ieeexplore.ieee.org/stamp/stamp.jsp?arnumber=10449451","Photonic crystal;nanoresonator;quality factor;narrow bandwidth","Optical filters;Bandwidth;Resonator filters;Time-domain analysis;Terahertz communications;Optical waveguides;Photonic crystals;Resonators;Q-factor;Finite difference methods","","3","","35","IEEE","27 Feb 2024","2024","","IEEE","IEEE Journals"
"Low-Cost and Highly-Efficient Bit-Stream Generator for Stochastic Computing Division","M. S. Moghadam; S. Aygun; S. Asadi; M. H. Najafi","School of Computing and Informatics, University of Louisiana at Lafayette, Lafayette, LA, USA; School of Computing and Informatics, University of Louisiana at Lafayette, Lafayette, LA, USA; School of Computing and Informatics, University of Louisiana at Lafayette, Lafayette, LA, USA; School of Computing and Informatics, University of Louisiana at Lafayette, Lafayette, LA, USA",IEEE Transactions on Nanotechnology,"12 Mar 2024","2024","23","","195","202","Stochastic computing (SC) division circuits have gained importance in recent years compared to other arithmetic circuits due to their low complexity as a result of an accuracy tradeoff. Designing a division circuit is already complex in conventional binary-based hardware systems. Developing an accurate and efficient SC division circuit is an open research problem. Prior work proposed different SC division circuits by using multiplexers and JK-flip-flop units, which may require correlated or uncorrelated input bit-streams. This study is primarily centered on exploring a cost-effective and highly efficient bit-stream generator specifically designed for SC division circuits. In conjunction with this objective, we assess the performance of multiple bit-stream generators and analyze the impact of correlation on SC division. We compare different designs in terms of accuracy and hardware cost. Moreover, we discuss a low-cost and energy-efficient bit-stream generator via powers-of-2 Van der Corput (VDC) sequences. Among the tested sequence generators, our best results were achieved with VDC sequences. Our evaluation results demonstrate that the novel VDC-based design yields promising outputs, resulting in a 15.5% reduction in the area-delay product and an 18.05% saving in energy consumption for the same accuracy level compared to conventional bit-stream generators. Significantly, our investigation reveals that employing the proposed generator improves the precision compared to the state-of-the-art. We validate the proposed architecture with an image processing case study, achieving high PSNR and structural similarity values.","1941-0085","","10.1109/TNANO.2024.3358395","National Science Foundation(grant numbers:2339701,2019511); Louisiana Board of Regents Support Fund(grant numbers:LEQSF(2020-23)-RD-A-26); Generous Gifts from Cisco, Xilinx, and Nvidia; ","https://ieeexplore.ieee.org/stamp/stamp.jsp?arnumber=10415201","Division;image processing;low-discrepancy sequences;random number generation;stochastic computing","Generators;Hardware;Image coding;Costs;Correlation;Arithmetic;Image processing;Random number generation","","6","","44","IEEE","26 Jan 2024","2024","","IEEE","IEEE Journals"
"CMOS-RRAM Based Non-Volatile Ternary Content Addressable Memory (nvTCAM)","M. Kumar; M. -H. Wu; T. -H. Hou; M. Suri","Indian Institute of Technology Delhi, Hauz Khas, India; Institute of Electronics, National Yang Ming Chiao Tung University, Hsinchu, Taiwan; Institute of Electronics, National Yang Ming Chiao Tung University, Hsinchu, Taiwan; Indian Institute of Technology Delhi, Hauz Khas, India",IEEE Transactions on Nanotechnology,"12 Mar 2024","2024","23","","203","207","We propose a Non-Volatile Ternary Content Addressable Memory (nvTCAM) by utilizing two Resistive Random-Access Memory (RRAM) cells integrated with individual selector transistors (i.e., 2-Transistor, 2-RRAM). A 2T2R cell configured either in complementary resistive switching mode (i.e., if one 1T1R cell is in low resistance state then the other cell will be in high resistance state or vice-versa) or both RRAMs in high resistance state is utilized to implement a single nvTCAM unit. Through Monte-Carlo (MC) simulations and power supply scaling (i.e., $V_{DD}$ varying from 1.4 V to 2.2 V) effects, reliability of the proposed cell was studied. Moreover, we performed the simulations for various sizes of word length from 1-bit to 64-bits and calculated the energy and delay parameters. We compared the proposed nvTCAM cell with various existing CMOS/NVM (Non-Volatile Memory) designs. Our proposed nvTCAM design provides $\geq 2\times$ area efficiency as compared to CMOS-NVM counterparts and even upto $\sim 6\times$ area saving with respect to CMOS-based volatile TCAM. The proposed design achieves atleast 1.68× to 2.27× energy efficiency, as compared to existing CMOS/RRAM implementations. Moreover the energy saving is further increased upto $\sim 1400\times$ as compared to magnetic/ferroelectric-based nvTCAM counterparts.","1941-0085","","10.1109/TNANO.2024.3360312","","https://ieeexplore.ieee.org/stamp/stamp.jsp?arnumber=10416695","Resistive memory (RRAM);non-volatile memory (NVM);NVM reliability;ternary content addressable memory (TCAM);associative computing;In-memory computing (IMC);hybrid CMOS-RRAM technology","Delays;Nonvolatile memory;Reliability;Resistive RAM;Associative memory;Associative processing;In-memory computing","","7","","21","IEEE","30 Jan 2024","2024","","IEEE","IEEE Journals"
"ASIC Design of Nanoscale Artificial Neural Networks for Inference/Training by Floating-Point Arithmetic","F. Niknia; Z. Wang; S. Liu; P. Reviriego; A. Louri; F. Lombardi","Department of Electrical and Computer Engineering, Northeastern University, Boston, MA, USA; Department of Electrical and Computer Engineering, Northeastern University, Boston, MA, USA; ECE Department, Northeastern University, Boston, MA, USA; Departamento de Ingeniería de Sistemas Telemáticos, Universidad Politécnica de Madrid, Madrid, Spain; Department of Electrical and Computer Engineering, The George Washington University, Washington, DC, USA; Department of Electrical and Computer Engineering, Northeastern University, Boston, MA, USA",IEEE Transactions on Nanotechnology,"12 Mar 2024","2024","23","","208","216","Inference and on-chip training of Artificial Neural Networks (ANNs) are challenging computational processes for large datasets; hardware implementations are needed to accelerate this computation, while meeting metrics such as operating frequency, power dissipation and accuracy. In this article, a high-performance ASIC-based design is proposed to implement both forward and backward propagations of multi-layer perceptrons (MLPs) at the nanoscales. To attain a higher accuracy, floating-point arithmetic units for a multiply-and-accumulate (MAC) array are employed in the proposed design; moreover, a hybrid implementation scheme is utilized to achieve flexibility (for networks of different size) and comprehensively low hardware overhead. The proposed design is fully pipelined, and its performance is independent of network size, except for the number of cycles and latency. The efficiency of the proposed nanoscale MLP-based design for inference (as taking place over multiple steps) and training (due to the complex processing in backward propagation by eliminating many redundant calculations) is analyzed. Moreover, the impact of different floating-point precision formats on the final accuracy and hardware metrics under the same design constraints is studied. A comparative evaluation of the proposed MLP design for different datasets and floating-point precision formats is provided. Results show that compared to current schemes found in the technical literatures, the proposed design has the best operating frequency and accuracy with still good latency and energy dissipation.","1941-0085","","10.1109/TNANO.2024.3367916","Spanish Agencia Estatal de Investigación(grant numbers:PID2019-104207RB-I00,RED2018-102585-T); NSF(grant numbers:CCF-1953961,1812467); ","https://ieeexplore.ieee.org/stamp/stamp.jsp?arnumber=10440496","Artificial neural network (ANN);multilayer perceptron (MLP);floating-point;ASIC design;inference;training","Neurons;Training;Hardware;Backpropagation;Artificial neural networks;Vectors;Nanoscale devices","","8","","37","IEEE","20 Feb 2024","2024","","IEEE","IEEE Journals"
"Reverse Charge Injection Dual-Gate Synaptic Transistors for Effective Weight Update","D. Ryu; J. Yu; W. Y. Choi","Department of Electrical and Computer Engineering, Seoul National University, Seoul, South Korea; Department of Electrical and Computer Engineering, Seoul National University, Seoul, South Korea; Department of Electrical and Computer Engineering, Seoul National University, Seoul, South Korea",IEEE Transactions on Nanotechnology,"18 Mar 2024","2024","23","","217","222","Reverse charge injection (RCI) dual-gate synaptic transistors and their effective weight update method are proposed. First, the structural features of the proposed RCI dual-gate synaptic transistors are discussed in comparison with our previous work. Second, the weight update efficiency of the proposed synaptic transistors is discussed by analyzing the coupling capacitance components, which determine the electric field distribution across the tunneling and blocking oxides. Consequently, the program voltage and pulse width are reduced by 56.4% and 99.0%, respectively. The power consumption for the weight update operation is lowered by 99.6%. In addition, the anti-back-tunneling effect resulting from the low erase voltage is discussed. Third, the weight update conditions of the proposed synaptic transistors are optimized by adjusting the bottom gate length. Fourth, the proposed synaptic transistors implement 16 stable states (32 states with inhibitory synapses) and a fairly linear weight update by using both the increment step pulse program (ISPP) and increment step pulse erase (ISPE). Finally, the PGM/ERS operation of target cell and inhibit operation of surrounding cells are verified in RCI dual-gate synaptic transistor-based 2 × 2 NOR-type array.","1941-0085","","10.1109/TNANO.2024.3371582","Institute of Information and Communications Technology Planning and Evaluation; Korea Government, MSIT; Artificial Intelligence Semiconductor Support Program(grant numbers:2021-0-01764,IITP-2023-RS-2023-00256081); NRF of Korea; Ministry of Science and ICT, South Korea; PIM Semiconductor Technology Development Program(grant numbers:NRF-2022M3I7A1078544); ","https://ieeexplore.ieee.org/stamp/stamp.jsp?arnumber=10453968","Floating-gate-based flash memory;synaptic transistor;neuromorphic system;dual-gate device;coupling capacitance","Transistors;Tunneling;Logic gates;Electric fields;Capacitance;Synapses;Flash memories;Neuromorphics","","2","","29","IEEE","29 Feb 2024","2024","","IEEE","IEEE Journals"
"Numerical Analysis of Annular Photonic Crystal Based Reconfigurable and Multifunctional Nanoring Symmetrical Resonator for Optical Networks","P. Doss M; R. K. Jeyachitra","Department of Electronics and Communication Engineering, National Institute of Technology, Tiruchirappalli, India; Department of Electronics and Communication Engineering, National Institute of Technology, Tiruchirappalli, India",IEEE Transactions on Nanotechnology,"18 Mar 2024","2024","23","","223","230","Annular photonic crystal-based coupled nano ring resonator for the multifunctional platform with ultra-compact in size for high-performance optical network components. The proposed structure is reconfigurable and symmetrical, providing large bandwidth, high extinction ratio, and a very low loss comprising dual ring resonators and annular photonic crystal ring is made of Silica (Si) filled with Magnesium Fluoride (MgF2) dielectric material. The photonic crystal resonator structure comprehends several high-performance optical network applications like optical filters, 1 × 2 and 1 × 3 power splitters, and reconfigurable switches. The miniature optical device parameters and their performances are optimized and analyzed by using Finite Difference Time Domain (FDTD) method. Annular photonic crystal-based ring resonators are coupled with the planar waveguide structure with a small footprint of 136.5 μm2 with a high data rate of 7.81 Tbps. The proposed design is suitable for quantum computing, optical interconnects, and optical network devices.","1941-0085","","10.1109/TNANO.2024.3373013","","https://ieeexplore.ieee.org/stamp/stamp.jsp?arnumber=10460076","Annular crystal;FDTD;filter;photonic crystals;power splitter;ring resonator;switch","Optical switches;Optical ring resonators;Silicon;Optical waveguides;Optical fiber networks;Optical filters;Finite difference methods;Photonic crystals","","5","","44","IEEE","5 Mar 2024","2024","","IEEE","IEEE Journals"
"Simulating Charged Defects in Silicon Dangling Bond Logic Systems to Evaluate Logic Robustness","S. S. H. Ng; J. Croshaw; M. Walter; R. Wille; R. Wolkow; K. Walus","Department of Electrical and Computer Engineering, University of British Columbia, Vancouver, BC, Canada; Department of Physics, University of Alberta, Edmonton, AB, Canada; Chair for Design Automation, Technical University of Munich, München, Germany; Chair for Design Automation, Technical University of Munich, München, Germany; Department of Physics, University of Alberta, Edmonton, AB, Canada; Department of Electrical and Computer Engineering, University of British Columbia, Vancouver, BC, Canada",IEEE Transactions on Nanotechnology,"26 Mar 2024","2024","23","","231","237","Recent research interest in emerging logic systems based on quantum dots has been sparked by the experimental demonstration of nanometer-scale logic devices composed of atomically sized quantum dots made of silicon dangling bonds (SiDBs), along with the availability of SiQAD, a computer-aided design tool designed for this technology. Latest design automation frameworks have enabled the synthesis of SiDB circuits that reach the size of $\mathbf {32\times 10^{3}}\, {\mathbf{nm}}^\mathbf {2}$—orders of magnitude more complex than their hand-designed counterparts. However, current SiDB simulation engines do not take defects into account, which is important to consider for these sizable systems. This work proposes a formulation for incorporating fixed-charge simulation into established ground state models to cover an important class of defects that has a non-negligible effect on nearby SiDBs at the $\mathbf {10}\, {\mathbf{nm}}$ scale and beyond. The formulation is validated by implementing it into SiQAD's simulation engine and computationally reproducing experiments on multiple defect types, revealing a high level of accuracy. The new capability is applied towards studying the tolerance of several established logic gates against the introduction of a single nearby defect to establish the corresponding minimum required clearance. These findings are compared against existing metrics to form a foundation for logic robustness studies.","1941-0085","","10.1109/TNANO.2024.3372946","Natural Sciences and Engineering Research Council of Canada(grant numbers:RGPIN-2022-04830); ","https://ieeexplore.ieee.org/stamp/stamp.jsp?arnumber=10460177","Computer aided design;defect simulation;defect tolerance;quantum dots;silicon dangling bonds;silicon quantum atomic designer (SiQAD)","Logic gates;Silicon;Quantum dots;Hydrogen;Stationary state;Quantum computing;Lattices","","5","","28","IEEE","5 Mar 2024","2024","","IEEE","IEEE Journals"
"From Multipliers to Integrators: A Survey of Stochastic Computing Primitives","S. Liu; J. L. Rosselló; S. Liu; X. Tang; J. Font-Rosselló; C. F. Frasser; W. Qian; J. Han; P. Reviriego; F. Lombardi","School of Information and Communication Engineering, University of Electronic Science and Technology of China, Chengdu, China; Electronic Engineering Group, Universitat de les Illes Balears, Balears, Spain; School of Information Science and Technology, ShanghaiTech University and Shanghai Engineering Research Center of Energy Efficient and Custom AI IC, Shanghai, China; School of Information and Communication Engineering, University of Electronic Science and Technology of China, Chengdu, China; Electronic Engineering Group, Universitat de les Illes Balears, Balears, Spain; Electronic Engineering Group, Universitat de les Illes Balears, Balears, Spain; University of Michigan-Shanghai Jiao Tong University Joint Institute, and the MoE Key Laboratory of Artificial Intelligence, Shanghai Jiao Tong University, Shanghai, China; Department of Electrical and Computer Engineering, University of Alberta, Edmonton, AB, Canada; ETSI de Telecomunicación, Universidad Politécnica de Madrid, Madrid, Spain; Department of ECE, Northeastern University, Boston, MA, USA",IEEE Transactions on Nanotechnology,"25 Mar 2024","2024","23","","238","249","Stochastic Computing (SC) has the potential to dramatically improve important nanoscale circuit metrics, including area and power dissipation, for implementing complex digital computing systems, such as large neural networks, filters, or decoders, among others. This paper reviews the state-of-the-art design of important SC building blocks covering both arithmetic circuits, including multipliers, adders, and dividers, and finite state machines (FSMs) that are needed for numerical integration, accumulation, and activation functions in neural networks. For arithmetic circuits, we review newly proposed schemes, such as Delta Sigma Modulator-based dividers providing accurate and low latency computation, as well as design considerations by which the degree of correlation/decorrelation can be efficiently handled at the arithmetic circuit level. As for complex sequential circuits, we review classical stochastic FSM schemes as well as new designs using the recently-proposed dynamic SC to reduce the length of a stochastic sequence to obtain computation results. These stochastic circuits are compared to traditional implementations in terms of efficiency and delay for various levels of accuracy to illustrate the ranges of values for which SC provides significant performance benefits.","1941-0085","","10.1109/TNANO.2024.3373499","FUN4DATE(grant numbers:PID2022-136684OB-C22); ENTRUDIT(grant numbers:TED2021-130118B-I00,PID2020-120075RB-I00); Natural Sciences and Engineering Research Council of Canada(grant numbers:RES0048688); Ministerio de Ciencia e Innovación; ","https://ieeexplore.ieee.org/stamp/stamp.jsp?arnumber=10460194","Stochastic computing;multiplier;adder;divider;finite state machine;integrator;gradient descent","Logic gates;Correlation;Arithmetic;Hardware;Adders;Automata;Gradient methods;Sequential circuits;Binary sequences","","11","","62","IEEE","5 Mar 2024","2024","","IEEE","IEEE Journals"
"Enhanced Magnetic Field Sensing With MAGNC-FinFET: A Current Mode Hall Effect Approach","R. K. Maurya; R. G. Debnath; R. Saha; B. Bhowmick","National Institute of Technology, Silchar, India; National Institute of Technology, Silchar, India; National Institute of Technology, Silchar, India; National Institute of Technology, Silchar, India",IEEE Transactions on Nanotechnology,"25 Mar 2024","2024","23","","250","256","This research paper introduces a novel magnetic sensing device named MAGNC-FinFET, which utilizes the conventional NC-FinFET structure as its foundation. This device is capable of measuring vertical magnetic fields through the incorporation of two contacts positioned on either side of the drain. The operating principle relies on the current mode of the Hall effect, leading to the diversion of drain currents at both contact points. By introducing a magnetic field oriented in the positive y-direction and maintaining a bias of 300 μA in the drain current, magnetic measurements are obtained. Furthermore, the influence of the fin width on the device's characteristics and sensitivity has been thoroughly examined. The investigation reveals a proportional increase in both differential currents and relative sensitivity as the fin width parameter is augmented. The paper also presents an extensive review of relevant prior research, highlighting the remarkable qualities of the MAGNC-FinFET as an exceptional magnetic sensor with significantly enhanced sensitivity. This magnetic sensing device based on NC-FinFET shows significant promise as a leading contender for the forthcoming generation of integrated circuits designed for magnetic sensitivity.","1941-0085","","10.1109/TNANO.2024.3373035","","https://ieeexplore.ieee.org/stamp/stamp.jsp?arnumber=10460351","Negative capacitance;Lorentz's force;magnetic sensor;MAGNC-FinFET","Magnetic fields;FinFETs;Logic gates;Sensitivity;Magnetic devices;Capacitance;Performance evaluation","","6","","35","IEEE","5 Mar 2024","2024","","IEEE","IEEE Journals"
"Biosynthesized AgNP Modified Glassy Carbon Electrode as a Bacteria Sensor Based on Amperometry and Impedance-Based Detection","R. Patel; N. Mandal; B. Pramanick","Centre for Research in Nanotechnology and Science, Indian Institute of Technology Bombay, Mumbai, Maharashtra, India; School of Electrical Sciences, Indian Institute of Technology Goa, Ponda, Goa, India; School of Electrical Sciences and Centre of Excellence in Particulates Colloids and Interfaces, Indian Institute of Technology Goa, Ponda, Goa, India",IEEE Transactions on Nanotechnology,"25 Mar 2024","2024","23","","257","264","The most effective methods for detecting bacterial cells at different phases of development take a lot of time, require expert labor, and call for state-of-the-art lab setups, including complex equipment and surroundings. Here, using amperometry and non-faradaic electrochemical impedance spectroscopy (nf-EIS) measurements, we have developed a glassy carbon electrode (GCE) derived from carbon-microelectromechanical systems (C-MEMS) that has been bio-modified to detect the impact of biologically synthesized silver nanoparticles on bacterial cells. The measurement method is more straightforward and accurate because no labeling molecules or redox markers are used. Using a standard bioassay method, the antibacterial properties of the synthesized nanoparticles were established. Amperometry and impedance readings were then used to determine when the concentration of the cells had decreased. The electroanalytical analysis was performed using the chronoamperometry method under optimal conditions. Rapid antibacterial testing at the point-of-need, a significant problem in water quality management, is made possible thanks to these findings.","1941-0085","","10.1109/TNANO.2024.3375364","","https://ieeexplore.ieee.org/stamp/stamp.jsp?arnumber=10465264","Carbon-microelectromechanical systems;C-MEMS;biosensor;bacterial growth;amperometry;electrochemical impedance spectroscopy","Electrodes;Carbon;Scanning electron microscopy;Nanoparticles;Microorganisms;Surface impedance;Antibacterial activity","","","","34","IEEE","11 Mar 2024","2024","","IEEE","IEEE Journals"
"On the Commutative Operation of Approximate CMOS Ripple Carry Adders (RCAs)","J. Huang; T. N. Kumar; H. A. F. Almurib; F. Lombardi","School of Opto-Electronic and Communication Engineering, Xiamen University of Technology, Xiamen, China; Department of Electrical and Electronic Engineering, University of Nottingham Malaysia, Semenyih, Malaysia; Department of Electrical and Electronic Engineering, University of Nottingham Malaysia, Semenyih, Malaysia; Department. of Electrical and Computer Engineering, Northeastern University, Boston, MA, USA",IEEE Transactions on Nanotechnology,"9 Apr 2024","2024","23","","265","273","Approximate cells can be used to design Ripple Carry Adders (RCAs) for realizing approximate addition in energy-efficient CMOS digital circuits. As inputs of approximate cells could be non-commutative in nature, approximate adders may show different output values under a commutative operation, and this may have a significant effect on the generated sum. This paper presents a detailed analysis of the commutative addition in RCAs made of different approximate cells. Initially, the impact of a non-commutative addition (NCA) to RCAs by approximate cells is assessed by exhaustive simulation at adder level. The results show that at most 17% of additions executed using AFA3 suffer from the non-commutative property, while the values for other adder cells can reach 75%∼99%. Then, an extensive analysis using images from a publicly available library is performed by comparing three-image additions with two-image additions. As a further evaluation, the adders are assessed in an image denoising application. As expected, the effect of NCA is especially pronounced for some non-commutative adders, such as AA2 and AMA4. NCA is also cumulative with the number of approximate additions, thereby causing a significant variation in the output image quality. In terms of metrics, the largest average difference in mean error distance (DMED) for three-image addition is 5.3 times higher than for two-image addition. Rankings of the non-commutative approximate adders show that AMA3 and AFA1 based adders are the best schemes with respect to commutative addition; they both also show good performance in image denoising.","1941-0085","","10.1109/TNANO.2023.3342844","Natural Science Foundation of Fujian Province of China(grant numbers:2022J05290); Xiamen University of Technology Initiative Scientific Research Foundation for Advanced Talents(grant numbers:YKJ22033R); ","https://ieeexplore.ieee.org/stamp/stamp.jsp?arnumber=10360270","Approximate adder cell;non-commutative;ripple carry adder;image denoising","Adders;Transistors;Noise reduction;Energy efficiency;Approximate computing;Probabilistic logic;Image denoising","","4","","33","IEEE","14 Dec 2023","2024","","IEEE","IEEE Journals"
"Variability-Aware Memristive Crossbars With ImageSplit Neural Architecture","A. Radhakrishnan; A. Gopi; C. Reghuvaran; A. James","Digital University Kerala, Thiruvananthapuram, India; Digital University Kerala, Thiruvananthapuram, India; University College Dublin, Dublin, Ireland; Digital University Kerala, Thiruvananthapuram, India",IEEE Transactions on Nanotechnology,"8 Apr 2024","2024","23","","274","280","The errors in the memristive crossbar arrays due to device variations will impact the overall accuracy of neural networks or in-memory systems developed. For ensuring reliable use of memristive crossbar arrays, variability compensation techniques are essential to be part of the neural network design. In this paper, we present an input regulated variability compensation technique for memristive crossbar arrays. In the proposed method, the input image is split into non-overlapping blocks to be processed individually by small sized neural network blocks, which is referred to as imageSplit architecture. The memristive crossbar based Artificial Neural Network (ANN) blocks are used for building the proposed imageSplit. Circuit level analysis and integration is carried out to validate the proposed architecture. We test this approach on different datasets using various deep neural network architectures. The paper considers various device variations including $R_{OFF}/R_{ON}$ variations and aging using imageSplit. Along with hardware compensation techniques, algorithmic modifications like pruning and dropouts are also considered for analysis. The results show that splitting the input and independently training the smaller neural networks performs better in terms of output probabilistic values even with the presence of the significant amount of hardware variability.","1941-0085","","10.1109/TNANO.2024.3375125","Ministry of Electronics and IT; ","https://ieeexplore.ieee.org/stamp/stamp.jsp?arnumber=10463155","Image splitting;artificial neural network;memristive crossbar;variability compensation;intel image;CIFAR-10","Neural networks;Memristors;Artificial neural networks;Hardware;Aging;Neuromorphic engineering","","2","","21","CCBYNCND","8 Mar 2024","2024","","IEEE","IEEE Journals"
"Biosensor Chip for Point-of-Care Diagnostics: Carbon Nanotube Sensing Platform for Bacterial Detection and Identification","R. Ho; S. Fuller; H. -S. Lee; M. M. Shulaker","Department of Electrical Engineering and Computer Science, Massachusetts Institute of Technology, Cambridge, MA, USA; Analog Devices, Inc., Wilmington, MA, USA; Department of Electrical Engineering and Computer Science, Massachusetts Institute of Technology, Cambridge, MA, USA; Department of Electrical Engineering and Computer Science, Massachusetts Institute of Technology, Cambridge, MA, USA",IEEE Transactions on Nanotechnology,"10 Apr 2024","2024","23","","281","285","Emerging technologies, such as carbon nanotubes (CNTs), show exciting benefits for next-generation electronic systems and have recently been incorporated within commercial fabrication facilities and foundries. Here we demonstrate a real-world application of carbon nanotube field-effect transistors (CNFETs) leveraging these foundry capabilities: performing disease diagnostics by detecting and identifying infectious pathogens in model biological samples. This Biosensor chip leverages the benefits of 200 mm wafer-scale and VLSI-compatible foundry fabrication of CNFETs, which can be seamlessly integrated with the mature sensing modality of antibody-based targeted antigen binding, to realize a robust and manufacturable biosensor technology. As a demonstration, we realize Biosensor chips that are capable of detecting and identifying three different infectious pathogens simultaneously through multiplexing across hundreds of functionalized CNFET-antibody biosensors within each chip.","1941-0085","","10.1109/TNANO.2024.3380997","DARPA 3DSoC; Analog Devices, Inc.; MIT MEDRC; ","https://ieeexplore.ieee.org/stamp/stamp.jsp?arnumber=10478287","Biosensor;carbon nanotubes;CNFETs;diagnostics","Sensors;Biosensors;CNTFETs;Pathogens;Antibodies;Fabrication;Semiconductor device measurement","","6","","28","IEEE","22 Mar 2024","2024","","IEEE","IEEE Journals"
"Unveiling the Effect of CZTSSe Quantum Superlattice on the Interfacial and Optical Properties of CZTS Kesterite Solar Cell","G. S. Sahoo; M. Verma; S. Routray; G. P. Mishra","School of Electronics Engineering, Vellore Institute of Technology, Chennai, India; Department of Electronics and Communication Engineering, National Institute of Technology, New Delhi, India; Department of Electronics and Communication Engineering, SRM Institute of Science and Technology, Kattankulathur, India; Department of Electronics and Communication Engineering, National Institute of Technology Raipur, Raipur, India",IEEE Transactions on Nanotechnology,"10 Apr 2024","2024","23","","286","292","Research on Cu2ZnSnSxSe4–x (CZTSSe) Kesterite solar cells has reached a critical point, despite a significant improvement in understanding of the limitations associated with these materials. However, the conversion efficiency of CZTSSe solar cells has yet to exceed 20%, primarily due to a relatively high voltage deficit compared to other well-established chalcogenide technologies. The primary limitation for open-circuit voltage (Voc) in CZTSSe solar cells is associated with the defect structure, including intrinsic defects and defect clusters within the bulk absorber film. Specifically, the unfavorable band structure and poor defect environment contribute to increased carrier recombination at the front interface, which is a major challenge. To mitigate the issues related to interface recombination and reduce the Voc deficit, a promising and practical approach known as quantum superlattices (QSs) has been proposed. It demonstrates CZTSSe QSs in the CZTS absorber layer. In ideal case it provides an efficiency of 37.8% with a Voc of 1.06V, which is far better as compared to previously existing chalcogeneide technologies. Also in this study a deep inside into the different types of defect engineering is provided in detail with the help of numerical simulation tool.","1941-0085","","10.1109/TNANO.2024.3380361","","https://ieeexplore.ieee.org/stamp/stamp.jsp?arnumber=10477511","Kesterite;chalcogenide;quantum superlattice;recombination;defect","Photovoltaic cells;Radiative recombination;Superlattices;Voltage;Photonic band gap;Electrons;Electron traps","","7","","68","IEEE","21 Mar 2024","2024","","IEEE","IEEE Journals"
"A High-Accuracy and Low-Power Emerging Technology-Based Associative Memory","M. Rezaei; A. Amirany; M. H. Moaiyeri; K. Jafari","Faculty of Electrical Engineering, Shahid Beheshti University, Tehran, Iran; Department of Electrical and Computer Engineering, The George Washington University, Washington, DC, USA; Faculty of Electrical Engineering, Shahid Beheshti University, Tehran, Iran; Institut Interdisciplinaire d'Innovation Technologique (3IT), Université de Sherbrooke, Sherbrooke, QC, Canada",IEEE Transactions on Nanotechnology,"10 Apr 2024","2024","23","","293","298","Associative memory (AM) is a subcategory of neural networks (NNs) inspired by human memory. Over time, the need to process complex tasks has increased, leading to the development of intelligent processors. Most NN circuits have been implemented using complementary metal-oxide-semiconductor (CMOS) technologies. However, some adverse effects have become more apparent with the scaling of transistors. Several emerging technologies, such as magnetic tunnel junctions (MTJ) and carbon nanotube field-effect transistors (CNTFET), have been introduced to address these issues. This paper proposes a novel, robust AM design based on CNTFETs and MTJs. The use of MTJs in the proposed design is motivated by their reliable reconfigurability and nonvolatility. Moreover, CNTFETs overcome the limitations of conventional CMOS technology. The main goal of the proposed method is to increase the voltage swing of the synapse output, reducing the impact of process variations and increasing accuracy. Simulation results indicate that the proposed design offers up to 50% fewer recall attempts and at least 15% and 9% lower average and static energy consumption than the state-of-the-art counterparts.","1941-0085","","10.1109/TNANO.2024.3380368","","https://ieeexplore.ieee.org/stamp/stamp.jsp?arnumber=10477605","In-memory computing;associative memory;spintronic;CNTFET;neural network;emerging technologies;hardware accelerator","Magnetic tunneling;Synapses;CNTFETs;Voltage;Associative memory;Logic gates;Transistors","","11","","28","IEEE","21 Mar 2024","2024","","IEEE","IEEE Journals"
"Effect of Oxygen Treatment on the Electrical Performance and Reliability of IWO Thin-Film Transistors","Y. -X. Chen; Y. -L. Wang; F. -J. Li; S. -J. Chang; T. -E. Lee; C. -C. Cheng; M. -C. Lee; H. -H. Li; Y. -H. Lin; C. -H. Chien","Department of Institute of Pioneer Semiconductor Innovation, National Yang Ming Chiao Tung University, Hsinchu, Taiwan; Department of Electronic Engineering, National United University, Miaoli, Taiwan; Department of Electronic Engineering, National United University, Miaoli, Taiwan; Corporate Research, Taiwan Semiconductor Manufacturing Company, Hsinchu, Taiwan; Corporate Research, Taiwan Semiconductor Manufacturing Company, Hsinchu, Taiwan; Corporate Research, Taiwan Semiconductor Manufacturing Company, Hsinchu, Taiwan; Department of Electronics Engineering and the Institute of Electronics, National Yang Ming Chiao Tung University, Hsinchu, Taiwan; Department of Electronics Engineering and the Institute of Electronics, National Yang Ming Chiao Tung University, Hsinchu, Taiwan; Department of Electronic Engineering, National United University, Miaoli, Taiwan; Department of Electronics Engineering and the Institute of Electronics, National Yang Ming Chiao Tung University, Hsinchu, Taiwan",IEEE Transactions on Nanotechnology,"5 Apr 2024","2024","23","","299","302","In this work, we systematically investigated the effect of oxygen treatment on the material and electrical properties of Indium-Tungsten-Oxide thin film transistors (IWO-TFTs) by O2 plasma and rapid thermal oxidation (RTO). With RTO treatment, the electrical characteristics of the IWO-TFTs remarkably depicted a subthreshold swing (S.S.) of 122.5 mV/decade, an Ion/Ioff of around 4.7×108, and more superior immunity stress-induced degradation. According to the X-ray photoelectron spectroscopy (XPS) results under the RTO treatment condition, the lowest vacancy content and the highest Tungsten-Oxide (W-O) bond content were observed. It indicated that the RTO treatment was more effective in reducing the number of oxygen vacancies and stabilizing the bonding structure of IWO films. As a result, the IWO TFTs subjected to RTO treatment exhibited improved performance and enhanced reliability.","1941-0085","","10.1109/TNANO.2024.3381478","Ministry of Science and Technology, Taiwan(grant numbers:109-2221-E-239-012-MY2,JDP111-Y1-017); Taiwan Semiconductor Research Institute for technical; National Chiao Tung University Nano Facility Center; Taiwan Instrument Research Institute, National Applied Research Laboratories; ","https://ieeexplore.ieee.org/stamp/stamp.jsp?arnumber=10478822","RTO;IWO film;reliability;oxygen treatment","Thin film transistors;Plasmas;Reliability;Rapid thermal processing;Oxidation;Indium compounds;Oxygen","","4","","22","IEEE","25 Mar 2024","2024","","IEEE","IEEE Journals"
"Improved Non-enzymatic Glucose Sensors of ZnO Nanorods by Adsorb Pt Nanoparticles","Y. -H. Liu; S. -J. Young; C. -Y. Hsien; Y. -L. Chu; Z. -H. Wang; S. -J. Chang","Department of Electrical Engineering, Institute of Microelectronics, National Cheng Kung University, Tainan, Taiwan; Department of Electronic Engineering, National United University, Miaoli City, Taiwan; Department of Electronic Engineering, National Formosa University, Yunlin City, Taiwan; Department of Electronic Engineering, National United University, Miaoli City, Taiwan; Department of Electronic Engineering, National United University, Miaoli City, Taiwan; Department of Electrical Engineering, Institute of Microelectronics, National Cheng Kung University, Tainan City, Taiwan",IEEE Transactions on Nanotechnology,"10 Apr 2024","2024","23","","303","310","The study proposed simple methods with hydrothermal method and physical vapor deposition coating technique (sputter coater) to prepare Pt nanoparticles attach on ZnO nanorods, and then applied in non-enzymatic glucose sensor. Glucose sensing is tested using electrochemical measurement, including cyclic voltammetry and amperometry method. In cyclic voltammetry measurement, the sensitivity of ZnO and Pt/ZnO NRs sensor are 5.0273 and 32.0527 μA/cm2-mM when an applied potential at 0.1 V, which is carried out different glucose concentration from 0 mM to 8 mM. For observing the stability and selectivity, we were used the amperometry method to measure various glucose concentration and interfering species (ascorbic acid and uric acid). It is demonstrated that the Pt/ZnO NRs sensor exhibited excellent stability and anti-interference performance.","1941-0085","","10.1109/TNANO.2024.3382635","Ministry of Science and Technology(grant numbers:MOST 111-2628-E-239-002-MY3,MOST 111-2221-E-239-012-MY3); ","https://ieeexplore.ieee.org/stamp/stamp.jsp?arnumber=10487988","Non-enzymatic glucose sensor;Pt/ZnO nanorods;hydrothermal","Zinc oxide;II-VI semiconductor materials;Sensors;Glucose sensors;Glucose;Zinc;Electrodes","","7","","46","IEEE","1 Apr 2024","2024","","IEEE","IEEE Journals"
"Anti-Parity-Time Symmetry and Non-Reciprocal Transmission in Photonic Dimer","B. Lu; Y. -P. Gao; L. Liu; C. Wang","School of Aritificial Intelligence, Beijing Normal University, Beijing, China; School of Electronics Engineering, Beijing University of Posts and Telecommunications, Beijing, China; School of Aritificial Intelligence, Beijing Normal University, Beijing, China; School of Aritificial Intelligence, Beijing Normal University, Beijing, China",IEEE Transactions on Nanotechnology,"17 Apr 2024","2024","23","","311","316","In this work, the optical properties and dynamical behaviors of the optical parametric oscillation under the anti Parity-Time (anti-PT) symmetry are studied. The non-Hermitian optical system is composed of two whispering-gallery mode micorcavities with one cavity supports the $\chi _{2}$ nonliearity. Compared with the previous non-Hermitian system that relies on optical gain and loss, the proposed system could achieve the ultra-fast control of anti-PT symmetry by adjusting the parameter gain and coupling strength. Moreover, by focusing on the anti-PT symmetrical system and asymmetrical gain under linear pumping conditions, we find that the system provides the asymmetric transmission under the anti-PT symmetry, meanwhile the non-reciprocal transmission would be achieved by breaking the anti-PT symmetry. We believe these results may be further applied to optical diodes, optical switches and other optical devices which may pave the way of nanophotonics and quantum information science.","1941-0085","","10.1109/TNANO.2024.3375848","National Natural Science Foundation of China(grant numbers:62131002,62071448); Fundamental Research Funds for the Central Universities; ","https://ieeexplore.ieee.org/stamp/stamp.jsp?arnumber=10470359","Optical parametric oscillation;Anti-PT symmetry;microcavities","Nonlinear optics;Optical pumping;Optical variables control;Optical coupling;Microcavities;Tuning","","1","","55","IEEE","18 Mar 2024","2024","","IEEE","IEEE Journals"
"Comparative Evaluation of Ferroelectric Negative Capacitance MFMIS and MFIS Transistors for Analog/Radio-Frequency Applications","T. -T. Cheng; Q. Li; Y. -X. Yang; Z. -W. Zheng","Department of Microelectronics and Integrated Circuit, School of Electronic Science and Engineering, Xiamen University, Xiamen, China; Department of Microelectronics and Integrated Circuit, School of Electronic Science and Engineering, Xiamen University, Xiamen, China; Department of Microelectronics and Integrated Circuit, School of Electronic Science and Engineering, Xiamen University, Xiamen, China; Department of Microelectronics and Integrated Circuit, School of Electronic Science and Engineering, Xiamen University, Xiamen, China",IEEE Transactions on Nanotechnology,"17 Apr 2024","2024","23","","317","322","As the negative capacitance field-effect transistors (NCFETs) have extensive application prospects and advanced technological support in the analog/radio-frequency (RF) domains, it is important to investigate the theoretical performances of the NCFETs with various feasible structures. In this article, utilizing the TCAD simulation tool and an experimentally calibrated ferroelectric model, we perform a comparative evaluation of MFMIS and MFIS, two prominent NCFET configurations, with regard to their DC/static characteristics and analog/RF performances. Through simulations involving varying ferroelectric thicknesses, it is seen that in comparison with the MFIS device, the MFMIS device demonstrates superior static performances in on-state current (ION), off-state current (IOFF) and subthreshold swing (SS), and the underlying physical effects of these results have also been uncovered. Furthermore, we extracted the device-level analog/RF figures of merits (FoMs) like transconductance (gm), gate capacitance (Cgg), output conductance (gd), cutoff frequency (fT), transconductance generation factor (TGF), transconductance frequency product (TFP), etc from the two structures. It is found that the MFMIS device still possesses advantages in these parameters, and as the thickness of ferroelectric layer increases, the advantages compared to the MFIS device become more pronounced. The investigations in this article indicate that the MFMIS NCFET exhibits superior adaptability and performances in enhancing the analog/RF capabilities of conventional devices as compared with the MFIS device.","1941-0085","","10.1109/TNANO.2024.3384968","Natural Science Foundation of Fujian Province of China(grant numbers:2023J01049); ","https://ieeexplore.ieee.org/stamp/stamp.jsp?arnumber=10491358","Ferroelectric;negative capacitance;MFMIS;MFIS;analog/RF","Logic gates;Capacitance;Performance evaluation;Voltage;Electric fields;Ferroelectric materials;Field effect transistors;MIS devices","","4","","31","IEEE","4 Apr 2024","2024","","IEEE","IEEE Journals"
"Amplitude Modulator Design Using Series Graphene Transmission Lines in Terahertz Frequency Band","S. Jarchi","Faculty of Technical and Engineering, Imam Khomeini International University, Qazvin, Iran",IEEE Transactions on Nanotechnology,"18 Apr 2024","2024","23","","323","328","In this paper, a layered transmission line based on graphene is designed and investigated to provide amplitude modulation in the low terahertz frequency band. The proposed primary structure is composed of a graphene transmission line on a dielectric layer, as substrate, loaded by a transverse graphene strip and backed by a continuous graphene sheet, as ground plane. The intermediate graphene strip is electrically isolated from the input and output ports. The structure is first investigated by full-wave simulation method, with various chemical potentials of graphenes, and the ABCD matrices are extracted. Then, applying the analytical method based on the ABCD matrices, the scattering parameters of the cascade of several segments of the proposed primary transmission line are investigated, and the promising configuration for the amplitude modulator is derived. It is shown that, variations of signal transmission required by amplitude modulation performance are achieved by cascading six segments of the proposed transmission line and changing the chemical potential of graphene parts. The designed amplitude modulator is investigated, and high modulation depth of nearly 100% and flat response in 3.4–3.8 THz frequency band is achieved.","1941-0085","","10.1109/TNANO.2024.3385507","","https://ieeexplore.ieee.org/stamp/stamp.jsp?arnumber=10493852","Amplitude modulator;graphene transmission line;low THz frequency band","Graphene;Frequency modulation;Terahertz communications;Strips;Amplitude modulation;Transmission lines","","1","","50","IEEE","5 Apr 2024","2024","","IEEE","IEEE Journals"
"Graphene Oxide Paper as a Lightweight, Thin, and Controllable Microwave Absorber for Millimeter-Wave Applications","A. Romanowska; S. Marynowicz; T. Strachowski; K. Godziszewski; Y. Yashchyshyn; A. Racki; M. Baran; T. Ciuk; A. Chlanda","Łukasiewicz Research Network — Institute of Microelectronics and Photonics, Flake Graphene Research Group, Warsaw, Poland; Łukasiewicz Research Network — Institute of Microelectronics and Photonics, Flake Graphene Research Group, Warsaw, Poland; Łukasiewicz Research Network — Institute of Microelectronics and Photonics, Flake Graphene Research Group, Warsaw, Poland; Institute of Radioelectronics and Multimedia Technology, Warsaw University of Technology, Warsaw, Poland; Institute of Radioelectronics and Multimedia Technology, Warsaw University of Technology, Warsaw, Poland; Łukasiewicz Research Network — Institute of Microelectronics and Photonics, Flake Graphene Research Group, Warsaw, Poland; Łukasiewicz Research Network — Institute of Microelectronics and Photonics, Flake Graphene Research Group, Warsaw, Poland; Łukasiewicz Research Network — Institute of Microelectronics and Photonics, SiC Technologies Research Group, Warsaw, Poland; Łukasiewicz Research Network — Institute of Microelectronics and Photonics, Flake Graphene Research Group, Warsaw, Poland",IEEE Transactions on Nanotechnology,"17 Apr 2024","2024","23","","329","337","The production and verification of microwave absorbers are a subject of high priority. These are due to the fast development of telecommunication technologies and the need to reduce electromagnetic pollution. Such materials are implementable in multiple industries, including military, medical, and laboratory equipment. One should remember that the desired material should exhibit a high total shielding effectiveness SE $_{T}$ and controllable performance properties. In this work, an ultrathin graphene oxide paper is fabricated and verified as a wide-range, controllable microwave absorber. Stepwise (100 $^\circ$ C – 200 $^\circ$C – 300 $^\circ$C) thermally reduced G-Flake graphene oxide paper of 4.95 μm thickness revealed the conductivity of 1.86 S/cm. A mild level of reduction was proven with combustion elemental analysis, resulting in a 22.4 oxygen percentage (50.9 % before the reduction). Raman spectroscopy suggested the limitation of Stone-Wales defects after heat treatment. Microwave absorption was measured in the W-band frequency region, and the SE$_{T}$/t parameter reached 606 dB/mm for a c.a. 5-μm-thick individual reduced paper sheet. The controlled increase in conductivity resulted in conduction losses, and the occurrence of pores enabled scattering, while the absorption remained the primary shielding mechanism.","1941-0085","","10.1109/TNANO.2024.3385092","National Centre for Research and Development, Poland(grant numbers:M-ERA.NET3/2021/83/I4BAGS/2022); European Union's Horizon 2020 research and innovation(grant numbers:958174); ","https://ieeexplore.ieee.org/stamp/stamp.jsp?arnumber=10491295","Controllable absorber;carbon materials;flake graphene;flexible microwave absorber;graphene oxide paper;reduced graphene oxide;shielding effectiveness;thin film","Graphene;Electromagnetic heating;Absorption;Microwave theory and techniques;Microwave photonics;Microwave measurement;Microwave imaging","","6","","47","IEEE","4 Apr 2024","2024","","IEEE","IEEE Journals"
"21T Ternary Full Adder Based on Capacitive Threshold Logic and Carbon Nanotube FETs","M. Hashemipour; R. F. Mirzaee; K. Navi","Department of Computer Engineering, Khatam University, Tehran, Iran; Department of Computer Engineering, Shahr-e-Qods Branch, Islamic Azad University, Tehran, Iran; Computer Science Department, California State Polytechnic University, Pomona, CA, USA",IEEE Transactions on Nanotechnology,"18 Apr 2024","2024","23","","338","345","The reduction in transistor count has long been a big challenge and an ongoing objective in the design of Ternary Full Adders (TFAs). Capacitive Threshold Logic (CTL) is a well-known logic style requiring a small number of transistors to implement a circuit. This paper presents a novel CTL TFA that utilizes only 21 transistors, three of which function as capacitors. Reducing the number of transistors can achieve a more compact adder cell with fewer internal wires. Simulations by HSPICE and 32nm CNFET technology demonstrate promising results for the new TFA compared to previous competitors. It produces the output carry at the fastest speed and also utilizes six fewer transistors and three fewer nets than its closest competitor with the fewest elements. When a comprehensive evaluation factor including delay, power, and area is considered, the proposed design exhibits a performance superiority of 45.1% and 21.4% compared to the previous top-performing CTL and non-CTL designs, respectively.","1941-0085","","10.1109/TNANO.2024.3386825","","https://ieeexplore.ieee.org/stamp/stamp.jsp?arnumber=10495214","Capacitive threshold logic;CNFET;ternary full adder;ternary logic;nanoelectronics","Transistors;CNTFETs;Adders;Logic gates;Multivalued logic;Capacitors;Input variables","","7","","44","IEEE","10 Apr 2024","2024","","IEEE","IEEE Journals"
"p-WSe2 Nanosheets/ n-WS2 Quantum Dots/p-Si (2D-0D-3D) Mixed-Dimensional Multilayer Heterostructures Based High-Performance Broadband Photodetector","S. Chowdhury; A. P. Singh; S. Jit; P. Venkateswaran; D. Somvanshi","Department of Electronics and Tele-Communication (ETCE) Engineering, Jadavpur University, Kolkata, India; Department of Electronics Engineering, Indian Institute of Technology (BHU) Varanasi, Varanasi, India; Department of Electronics Engineering, Indian Institute of Technology (BHU) Varanasi, Varanasi, India; Department of Electronics and Tele-Communication (ETCE) Engineering, Jadavpur University, Kolkata, India; Department of Physics, Harcourt Butler Technical University (HBTU), Kanpur, India",IEEE Transactions on Nanotechnology,"18 Apr 2024","2024","23","","346","351","In this work, we have investigated the performance of a p-WSe2 Nanosheets (NSs)/n-WS2 Quantum dots (QDs)/p-Si (2D-0D-3D) based mixed-dimensional (MD) multilayer heterostructure photodetector with Ag as top contact electrode. The WSe2 NSs and WS2 QDs are synthesized by solvothermal and hydrothermal synthesis methods, respectively. The proposed photodetector exhibits a broad photo response over 300 nm (ultraviolet) to 1100 nm (infrared) with the maximum responsivity (R) of 2.14×102 A/W, detectivity (D*) of 2.35×1013 Jones, and external quantum efficiency (EQE) of 82710% at 322 nm and -3 V reverse bias voltage. The measured rise time and fall time of the device are 24 ms and 21 ms, respectively. Our proposed p-WSe2 NS/n-WS2 QDs/p-Si (2D-0D-3D) photodetector is shown to have nearly ∼ 8 times higher values of R and EQE, 17 times higher value of D*, 34 times lower value of the rise time and 38 times lower value of the fall time as compared to the respective performance parameters of the n-WS2 QDs/p-Si (0D-3D) MD heterojunction photodetector.","1941-0085","","10.1109/TNANO.2024.3385834","DST INSPIRE Faculty(grant numbers:DST/INSPIRE/04/2017/000147); SERB-DST, Government of India(grant numbers:EEQ/2021/000296); ","https://ieeexplore.ieee.org/stamp/stamp.jsp?arnumber=10494545","WSe  $_2$   nanosheets;WS  $_2$   QDs;heterostructures;broadband photodetector;Responsivity","Photodetectors;Photonic band gap;High-resolution transmission electron microscopy;Scanning electron microscopy;Broadband communication;Tungsten;Quantum dots","","1","","57","IEEE","8 Apr 2024","2024","","IEEE","IEEE Journals"
"Levenberg-Marquardt Validation of Multiple Fano Resonances in Plasmonic Cavity for Adrenal/Breast Cancer Detection","S. K. Jha; G. Varshney; R. Kumar","Department of Electronics and Communication Engineering, National Institute of Technology Patna, Patna, India; Department of Electronics and Communication Engineering, National Institute of Technology Patna, Patna, India; Department of Electronics and Communication Engineering, National Institute of Technology Patna, Patna, India",IEEE Transactions on Nanotechnology,"18 Apr 2024","2024","23","","352","360","A technique of slanting MIM plasmonic waveguide-based cavity is numerically studied and implemented. Initially, the proposed rectangular cavity is proficient for generating five Breit-Wigner and six Fano resonances. The polygonal cavity is designed out of rectangular cavity by slanting one of its edge that reshaped the Breit-Wigner resonances into Fano profile with remaining resonances unaffected. The polygonal cavity obtains total eleven Fano resonances by coupling with an inclined split waveguide. The influence of slanting on reshaping of resonances is studied with orthogonality of modes and overlap integration has been calculated. The Fano resonances in the transmittance spectrum are individually validated with Fano profile formula and the corresponding Fano shape parameter are computed. The validation is done with the help of Levenberg-Marquardt algorithm and the goodness of fits are calculated. The best performance parameters of Fano resonances are expressed as operating wavelength ${\bm{\lambda }}\ = \ 450 - 1800\ {\text{nm}}$, sensitivity $( {\bm{S}} )\ = \ 1643\ {\text{nm}}/{\rm{RIU}}$, full-width, half maxima $( {{\bm{FWHM}}} )\ = \ 0.76\ {\text{nm}}$, quality factor (${\bm{Q}})\ = \ 743.77$ and figure of merit $( {{\bm{FOM}}} )\ = \ 738.69\ {\rm{RIU}}^{ - 1}$. The proposed device is further studied for the detection of certain cancer types including Adrenal cancer, Breast Type1 cancer and Breast Type2 cancer. The maximum sensitivity in case of detection of all the three cancer types yielded out to be ${\bm{S}}\ = \ 1642.857\ {\text{nm}}/{\rm{RIU}}$. The other sensing performance parameter called figure of merit is calculated to be ${\bm{FOM}}\ = \ 610.90\ {\rm{RI}}{{{\rm{U}}}^{ - 1}}$ for Adrenal and Breast Type 1 and ${\bm{FOM}}\ = \ 671.99\ {\rm{RI}}{{{\rm{U}}}^{ - 1}}$ for Breast Type 2 cancers.","1941-0085","","10.1109/TNANO.2024.3385854","","https://ieeexplore.ieee.org/stamp/stamp.jsp?arnumber=10494565","Bio cell;fano resonance;narrow line width;plasmonic;refractive index","Cancer;Plasmons;Silver;Geometry;Breast;Sensitivity;Electromagnetic waveguides","","5","","54","IEEE","8 Apr 2024","2024","","IEEE","IEEE Journals"
"Silicon-Germanium Ultrashort-Gate Transistor Performances by Electrical-Thermal Simulations","S. Yamakiri; T. Sugiura; K. Yamamura; Y. Watanabe; N. Nakano","Department of Electronics and Electrical Engineering, Keio University, Yokohama, Japan; Department of Electronics and Electrical Engineering, Keio University, Yokohama, Japan; Department of Electronics and Electrical Engineering, Keio University, Yokohama, Japan; Department of Electronics and Electrical Engineering, Keio University, Yokohama, Japan; Department of Electronics and Electrical Engineering, Keio University, Yokohama, Japan",IEEE Transactions on Nanotechnology,"25 Apr 2024","2024","23","","361","367","As a replacement for conventional silicon (Si), the germanium (Ge) materials have attracted interest because Ge provides larger carrier mobility and is advantageous for high-speed switching. In this study, the silicon-germanium (SiGe) ultrashort-gate transistor performances were studied using electrical-thermal analysis. The material properties of SiGe can be modified by regulating the mole fraction in Si$_{1-x}$ Ge$_{x}$, and the different material characteristics affect the nanoscale transistor performance because channel regulation strongly depends on the bandgap energy. This study aims to reveal the structural and material designs of SiGe transistors to ensure sufficient performance and reliability.","1941-0085","","10.1109/TNANO.2024.3389209","VLSI Design and Education Center; University of Tokyo; Synopsys, Inc.; ","https://ieeexplore.ieee.org/stamp/stamp.jsp?arnumber=10502329","Nanoelectronics;numerical simulation;silicon germanium","Germanium;Silicon;Logic gates;Photonic band gap;Silicon germanium;Doping;Computational modeling","","6","","24","IEEE","16 Apr 2024","2024","","IEEE","IEEE Journals"
"MIM Waveguide Based Multi-Functional Plasmonic Logic Device by Phase Modulation","L. Singh; P. Pareek; C. Saha; V. Dharsthanan; N. Agrawal; R. Kumar","Department of Electronics and Communication Engineering, Graphic Era (Deemed to be University), Dehradun, India; Department of Electronics and Communication Engineering, Vishnu Institute of Technology, Bhimavaram, India; Department of Avionics, Indian Institute of Space Science and Technology, Thiruvendaram, India; Department of Electronics and Communication Engineering, Centre for IoT and AI (CITI), KPR Institute of Engineering and Technology, Coimbatore, India; Department of Electronics Engineering, Veermata Jijabai Technological Institute (VJTI), Mumbai, India; Department of Electronics and Information Technology, Henan University, Kaifeng, China",IEEE Transactions on Nanotechnology,"29 Apr 2024","2024","23","","368","375","Energy consumption is a primary concern in the computational process of heavy networks like Google, etc., where the key goal is to make them ultra-fast with low heat generation. Optical processing can play an important role in shrinking the heat energy and allow the system to work smoothly but beyond the Boltzmann limit of kTLn2. In the current epoch, optical reversible logic functions are greatly considered as a potential solution for minimizing heat dissipation or information loss and found applications in nanotechnology, logic circuits for biomedical applications, and so on. This work proposed the optical Kerr effect-based multifunctional plasmonic logic device. The Kerr effect provides switching of optical signal across the output ports of the Mach-Zehnder interferometer (MZI) with a high extinctionratio (ER). The intensity of the input signal is defined as different states of input logic. In addition, the presence and absence of an optical signal at output ports are used to set logic ‘1’ and ‘0’, respectively. Finally, four different logic functions including reversible Toffoli gate (TG), half adder (HA), NOR and XOR gate are realized through the proposed device. The device is analyzed through the finite difference time domain method in Opti-FDTD. Further, the analysis of basic elements is done in terms of ER, insertion loss (IL), and transmission efficiency.","1941-0085","","10.1109/TNANO.2024.3390789","","https://ieeexplore.ieee.org/stamp/stamp.jsp?arnumber=10505019","Kerr effect;Mach-Zehnder interferometer (MZI);optical processing;reversible logic","Optical interferometry;Nonlinear optics;Logic gates;Optical waveguides;Optical resonators;Ultrafast optics;Optical diffraction","","10","","38","IEEE","18 Apr 2024","2024","","IEEE","IEEE Journals"
"Memristor Based Liquid State Machine With Method for In-Situ Training","A. Henderson; C. Yakopcic; C. Merkel; H. Hazan; S. Harbour; T. M. Taha","Department of Electrical and Computer Engineering, University of Dayton, Dayton, OH, USA; Department of Electrical and Computer Engineering, University of Dayton, Dayton, OH, USA; Department of Computer Engineering, Rochester Institute of Technology, Rochester, NY, USA; Allen Discovery Center, Tufts University, Medford, MA, USA; Department of Electrical and Computer Engineering, University of Dayton, Dayton, OH, USA; Department of Electrical and Computer Engineering, University of Dayton, Dayton, OH, USA",IEEE Transactions on Nanotechnology,"20 May 2024","2024","23","","376","385","Spiking neural network (SNN) hardware has gained significant interest due to its ability to process complex data in size, weight, and power (SWaP) constrained environments. Memristors, in particular, offer the potential to enhance SNN algorithms by providing analog domain acceleration with exceptional energy and throughput efficiency. Among the current SNN architectures, the Liquid State Machine (LSM), a form of Reservoir Computing (RC), stands out due to its low resource utilization and straightforward training process. In this paper, we present a custom memristor-based LSM circuit design with an online learning methodology. The proposed circuit implementing the LSM is designed using SPICE to ensure precise device level accuracy. Furthermore, we explore liquid connectivity tuning to facilitate a real-time and efficient design process. To assess the performance of our system, we evaluate it on multiple datasets, including MNIST, TI-46 spoken digits, acoustic drone recordings, and musical MIDI files. Our results demonstrate comparable accuracy while achieving significant power and energy savings when compared to existing LSM accelerators. Moreover, our design exhibits resilience in the presence of noise and neuron misfires. These findings highlight the potential of a memristor based LSM architecture to rival purely CMOS-based LSM implementations, offering robust and energy-efficient neuromorphic computing capabilities with memristive SNNs.","1941-0085","","10.1109/TNANO.2024.3381008","","https://ieeexplore.ieee.org/stamp/stamp.jsp?arnumber=10478203","Memristor;liquid state machine;spiking neural network;SPICE;neuromorphic hardware","Liquids","","4","","31","IEEE","22 Mar 2024","2024","","IEEE","IEEE Journals"
"Statistical Device Simulation and Machine Learning of Process Variation Effects of Vertically Stacked Gate-All-Around Si Nanosheet CFETs","S. R. Kola; Y. Li; R. Butola","Parallel and Scientific Computing Laboratory, Electrical Engineering and Computer Science International Graduate Program, National Yang Ming Chiao Tung University, Hsinchu, Taiwan; Parallel and Scientific Computing Laboratory, Department of Electronics and Electrical Engineering, Institute of Communications Engineering, National Yang Ming Chiao Tung University, Hsinchu, Taiwan; Parallel and Scientific Computing Laboratory, Electrical Engineering and Computer Science International Graduate Program, National Yang Ming Chiao Tung University, Hsinchu, Taiwan",IEEE Transactions on Nanotechnology,"29 Apr 2024","2024","23","","386","392","In this study, we report the process variation effect (PVE) including the work function fluctuation (WKF) on the DC/AC characteristic fluctuation of stacked gate-all-around silicon complementary field-effect transistors (CFETs). The PVE affects characteristic fluctuation significantly; in particular, for the variability of off-state current. Owing to the bottom channel of a fin-type, the P-FET suffers from the worst off-state current fluctuation (more than 200% variation) compared to the N-FET. The device variability induced by the WKF is marginal because of amorphous-type metal grains. As input features to an artificial neural network (ANN) model, low and high work function values, as well as parameters of PVE that have prevalent effects on CEFT transfer characteristics are further considered and modeled. The estimated values of R2-score prove that the ANN model properly grasps information from the dataset successfully; thus, it can be used to model emerging CFETs for circuit simulation.","1941-0085","","10.1109/TNANO.2024.3390793","National Science and Technology Council, Taiwan(grant numbers:NSTC 112-2221-E-A49-171,NSCT 112-2218-E-006-009-MBK,MOST 111–2221-EA49–181,MOST 111-2634-F-A49-008,NSCT 111–2218-E-492–009-MBK); 2022 Qualcomm Taiwan Research Program, National Yang Ming Chiao Tung University(grant numbers:NAT-487835 SOW); ","https://ieeexplore.ieee.org/stamp/stamp.jsp?arnumber=10505002","Complementary field effect transistors;gate-all-around;nanosheet;process variation effects;work function fluctuation;statistical device simulation;machine learning","Fluctuations;Tin;Logic gates;Gallium arsenide;Nanoscale devices;Metals;Silicon","","11","","33","IEEE","18 Apr 2024","2024","","IEEE","IEEE Journals"
"Low-Temperature Behavior of Single-Wall Carbon Nanotube Gate-all-Around Field-Effect Transistors","R. Nekovei; A. Verma","Electrical Engineering and Computer Science Department, Texas A&M University-Kingsville, Kingsville, TX, USA; Electrical Engineering and Computer Science Department, Texas A&M University-Kingsville, Kingsville, TX, USA",IEEE Transactions on Nanotechnology,"3 May 2024","2024","23","","393","399","This work explores the low-temperature performance of a field-effect transistor with a carbon nanotube as the active channel. The device topology is an ideal cylindrical gate-all-around with the nanotube coaxially aligned. The nanotube considered is a single-wall zigzag (49,0). Electron transport is modeled using Ensemble Monte Carlo (EMC) simulations coupled self-consistently with the electrostatic solver. The electrostatic solver solves Gauss Law in integral form. Electron scattering mechanisms include longitudinal acoustic and optical phonons and a single radial breathing mode phonon. A wide range of temperatures is considered – from 4K to 220K to determine the effects of temperature in relation to device size and dielectric on the electronic response. Both steady-state and device transient responses are explored. The device is seen to work very well across the wide range of temperatures explored, with differences in performance attributed to the differences in electron scattering rates for different temperatures. In all cases, electrons are found to deliver up to a fraction of a microwatt of power.","1941-0085","","10.1109/TNANO.2024.3394294","Office of Naval Research(grant numbers:N00014-18-1-2732); ","https://ieeexplore.ieee.org/stamp/stamp.jsp?arnumber=10508982","Gate-all-around field-effect transistor (GAA-FET);single-wall semiconducting carbon nanotube (CNT)","Electrons;Phonons;Scattering;Carbon nanotubes;Voltage;Electromagnetic compatibility;Graphene","","4","","22","IEEE","26 Apr 2024","2024","","IEEE","IEEE Journals"
"Semi-Empirical DFT Based Investigation of Electronic and Quantum Transport Properties of Novel GS-AGNR (N) FET","Anshul; R. Chaujar","Microelectronics Research Lab, Applied Physics Department, Delhi Technological University (formerly the Delhi College of Engineering), New Delhi, India; Microelectronics Research Lab, Applied Physics Department, Delhi Technological University (formerly the Delhi College of Engineering), New Delhi, India",IEEE Transactions on Nanotechnology,"6 May 2024","2024","23","","400","407","In this article, the electronic and quantum transport properties for the bulk configuration of armchair graphene nanoribbons (AGNRs) with varied number of carbon atoms along AGNR width (N) are investigated. The semi-empirical (SE) Density Functional Theory (DFT) approach is used to calculate the band structure, density of states (DOS), and transmission spectrum for the bulk configuration of AGNR. Further, the AGNRs are used in channel material to analyze the performance of field-effect transistors with Gate Stack (GS) architecture. The result shows that the bandgap value is higher for AGNR (N = 4) with a value of 1.98 eV compared to another bulk configuration of AGNRs. In addition to this, AGNR (N = 4) also shows an improved transmission spectrum. Moreover, the transmission spectrum at varied input voltages and projected local density of states (PLDOS) are also analyzed to study the performance of the proposed devices. The parameters mentioned above give a unique idea for evaluating the performance in terms of resonance peaks and electronic structure for device configurations. The off current (Ioff) is remarkably reduced, and the switching ratio (Ion/Ioff) is significantly improved in GS-AGNR (N = 4) FET compared with other device configurations. Owing to the enhanced switching, this paper highlights GS-AGNR (N = 4) FET as a suitable candidate for low-power applications such as low-power sensors, wireless communication, and medical devices.","1941-0085","","10.1109/TNANO.2024.3394547","Department of Applied Physics, Delhi Technological University, New Delhi; ","https://ieeexplore.ieee.org/stamp/stamp.jsp?arnumber=10510477","Atomic-scale;density functional theory (DFT) analysis;GS-AGNR (N) FET;quantum transport properties","Logic gates;Photonic band gap;Atoms;Discrete Fourier transforms;Graphene;Semiconductor device modeling;Performance evaluation","","8","","32","IEEE","30 Apr 2024","2024","","IEEE","IEEE Journals"
"Performance Comparison of 2D Mono-Elemental (X-enes) Armchair Nanoribbon Schottky Barrier Field Effect Transistors","R. C. Junghare; G. C. Patil","Centre for VLSI and Nanotechnology, Visvesvaraya National Institute of Technology, Nagpur, India; Centre for VLSI and Nanotechnology, Visvesvaraya National Institute of Technology, Nagpur, India",IEEE Transactions on Nanotechnology,"17 May 2024","2024","23","","408","414","In this work, comprehensive analysis of Schottky barrier (SB) field effect transistors (FETs) having 2D mono-elemental (X-enes) nanoribbon (NR) with width of 10 dimers along the armchair direction as a channel material has been carried out. The multi-scale approach used for simulating the hydrogen passivated X-ene NR SBFETs consists of density functional theory (DFT), Wannier function based tight binding and the non-equilibrium Green's Function formalism (NEGF). The derived bandgaps for X-enes such as graphene, germanene, phosphorene and silicene are 1.27, 0.379, 1.036 and 0.431 eV respectively. To incorporate the effect of band-bending at the metal-X-ene interface the modification in the conventional multi-scale approach has also been proposed. To mimic the effect of band bending at metal-X-ene interface the schemes proposed in the model are, addition of equivalent channel potential energy in the Hamiltonian matrix and the addition of fixed charges in initial charge profile. Further, the impact of SB width, Fermi level pinning and the scattering on the device performance has also been explored. The results show that the on-state drive current-to-off-state leakage current ratio in the case of graphene and phosphorene SBFETs is up-to the order ∼107 whereas for silicene and germanene SBFETs it is in the order of ∼103.","1941-0085","","10.1109/TNANO.2024.3395986","","https://ieeexplore.ieee.org/stamp/stamp.jsp?arnumber=10517477","Density functional theory;FETs;nanoribbon;non-equilibrium green's function;tight binding approximations;Wannier functions","Metals;Discrete Fourier transforms;Graphene;Scattering;Field effect transistors;Surface states;Green's function methods","","4","","35","IEEE","1 May 2024","2024","","IEEE","IEEE Journals"
"Experimentally Verified Effective Doping Model for Lactate and Troponin OFET Biosensors Using Machine Learning Algorithm","S. O. Abdellatif; H. Mosalam; S. A. Hussien","Electrical Engineering Department, Faculty of Engineering and FabLab, Centre for Emerging Learning Technologies (CELT), The British University in Egypt (BUE), Elshrouk City, Egypt; Electrical Engineering Department, Faculty of Engineering and FabLab, Centre for Emerging Learning Technologies (CELT), The British University in Egypt (BUE), Elshrouk City, Egypt; Electrical Engineering Department, Faculty of Engineering and FabLab, Centre for Emerging Learning Technologies (CELT), The British University in Egypt (BUE), Elshrouk City, Egypt",IEEE Transactions on Nanotechnology,"17 May 2024","2024","23","","415","421","As the interest in human health and customized medicine has grown recently, many researchers' investigations have concentrated on biosensors to develop a cost-effective device for sensing different medical parameters. Among the wide range of organic electronic devices, organic field effect transistor (OFET) has been used in manufacturing flexible biosensors due to their light weight, flexibility, and lower energy usage. In this study, a carrier transport electronic model, verified with experimental data, simulates the biosensing process in two different biosensors: lactate and troponin. Initially, a random forest machine learning model was used to optimize the OFET device with a new figure of merit. Consequently, the sensor's sensitivity and limit of detection were calculated. Two active layers were investigated: polyaniline and pentacene, where the polyaniline showed better sensitivity for lactate biosensor 220 (nM)-1 and troponin 484 (g/ml)-1. Moreover, the polyaniline recorded nearly ten times lower power consumption because of its extremely low threshold voltage of -170 mV.","1941-0085","","10.1109/TNANO.2024.3396505","","https://ieeexplore.ieee.org/stamp/stamp.jsp?arnumber=10518140","Organic field effect transistor;polyaniline;pentacene;Cardiac troponin biosensor;the limit of detection;Low threshold voltage","OFETs;Biosensors;Doping;Pentacene;Semiconductor process modeling;Biological system modeling;Logic gates","","10","","44","IEEE","3 May 2024","2024","","IEEE","IEEE Journals"
"Effect of Electrical Performance and Reliability by Adjustment of the Sequence and Concentration of HfAlOx on IWO Thin-Film Transistors","Y. -X. Chen; F. -J. Li; Y. -L. Wang; M. -C. Lee; H. -H. Li; Y. -H. Lin; C. -H. Chien","Department of Institute of Pioneer Semiconductor Innovation, National Yang Ming Chiao Tung University, Hsinchu, Taiwan; Department of Electronic Engineering, National United University, Miaoli, Taiwan; Department of Electronic Engineering, National United University, Miaoli, Taiwan; Department of Electronics Engineering and the Institute of Electronics, National Yang Ming Chiao Tung University, Hsinchu, Taiwan; Department of Electronics Engineering and the Institute of Electronics, National Yang Ming Chiao Tung University, Hsinchu, Taiwan; Department of Electronic Engineering, National United University, Miaoli, Taiwan; Department of Electronics Engineering and the Institute of Electronics, National Yang Ming Chiao Tung University, Hsinchu, Taiwan",IEEE Transactions on Nanotechnology,"5 Jun 2024","2024","23","","422","426","We investigated the electrical and material characteristics of atomic layer deposition (ALD) deposition with different sequences and concentrations of HfAlOx in Indium-Tungsten-Oxide thin film transistors (IWO-TFTs). Under the 1A10H case, we observed the best electrical properties, with threshold voltage (Vt) closest to 0 V, Ion/Ioff value of approximately 6.7 × 107, subthreshold swing (SS) of 95 mV/dec, smaller interface trap density (Nit) of 5.7 × 1012 cm−2, and superior immunity to stress-induced degradation. The X-ray photoelectron spectroscopy (XPS) results provided insights into the stability of the interface between the gate dielectric layer and the channel layer. Specifically, the 1A10H conditions exhibited a more stable interface with fewer defects. Furthermore, the choice of HfO2 as the interface layer material between HfAlOx and IWO, compared to Al2O3, demonstrated superior performance for different Hf/Al sequence combinations. These findings offer promising directions for enhancing the stability of IWO-TFTs through improvements in the interface between the channel layer and the gate dielectric layer.","1941-0085","","10.1109/TNANO.2024.3396502","Ministry of Science and Technology, Taiwan(grant numbers:112-2221-E-239 -035 -MY2,112-2124-M-A49 -006 -,JDP112-Y1-015); Taiwan Semiconductor Research Institute; National Chiao Tung University Nano Facility Center; Taiwan Instrument Research Institute, National Applied Research Laboratories; ","https://ieeexplore.ieee.org/stamp/stamp.jsp?arnumber=10518088","HfAlO  $_x$  ;IWO film;reliability;sequence","Logic gates;Dielectrics;Hafnium oxide;Thin film transistors;Atomic layer deposition;Hafnium compounds;Reliability;Indium compounds","","1","","42","IEEE","3 May 2024","2024","","IEEE","IEEE Journals"
"Preparation of Dye-Sensitized Solar Cell With Modification of Photoanode by g-C3N4/NiS/TiO2 Nanofibers and Its Performance Under Outdoor and Indoor Illumination","Y. -H. Nien; S. -W. Zhuang; J. -C. Chou; C. -H. Lai; P. -H. Yang; P. -Y. Kuo; P. -F. Chen; Y. -H. Huang","Graduate School of Chemical and Materials Engineering, National Yunlin University of Science and Technology, Douliou, Taiwan; Graduate School of Chemical and Materials Engineering, National Yunlin University of Science and Technology, Douliou, Taiwan; Graduate School of Electronic Engineering, National Yunlin University of Science and Technology, Douliou, Taiwan; Graduate School of Electronic Engineering, National Yunlin University of Science and Technology, Douliou, Taiwan; Graduate School of Electronic Engineering, National Yunlin University of Science and Technology, Douliou, Taiwan; Graduate School of Electronic Engineering, National Yunlin University of Science and Technology, Douliou, Taiwan; Graduate School of Electronic Engineering, National Yunlin University of Science and Technology, Douliou, Taiwan; Graduate School of Chemical and Materials Engineering, National Yunlin University of Science and Technology, Douliou, Taiwan",IEEE Transactions on Nanotechnology,"14 Jun 2024","2024","23","","427","434","In this study, a novel composite material, g-C3N4 - NiS (CN-NiS), was synthesized by the hydrothermal method through the combination of graphitic carbon nitride (g-C3N4) and nickel sulfide (NiS). Furthermore, an electrospinning technique was employed to incorporate CN-NiS into titanium dioxide (TiO2) nanofibers, resulting in the formation of a new type of composite nanofibers (CN-NiS/TiO2 NFs) to be used as a photoanode in dye-sensitized solar cells (DSSCs). The nanomaterial was characterized, and the charge recombination and performance of the device after modifying the photoanode were evaluated. Firstly, the photovoltaic performance of the modified DSSCs under outdoor illumination (AM 1.5G) was examined. The photoanode with CN-NiS/TiO2 NFs achieved an 6.65% photoelectric conversion efficiency (PCE), demonstrating significant improvement compared to the unmodified DSSCs. Additionally, the PCE of CN-NiS/TiO2 NFs photoanode under indoor illumination (T5 fluorescent lamp) reached a maximum of 25.10%.","1941-0085","","10.1109/TNANO.2024.3407375","National Science and Technology Council, Taiwan(grant numbers:NSTC 111-2221-E-224-058-,NSTC 112-2221-E-224-026-); ","https://ieeexplore.ieee.org/stamp/stamp.jsp?arnumber=10542404","Dye-sensitized solar cells (DSSCs);graphitic carbon nitride (g-C  $_3\mathrm{N}_4$  );nanofibers (NFs);nickel sulfide (NiS);photoanode;titanium dioxide (TiO  $_2$  )","Powders;Lighting;Titanium dioxide;Photovoltaic cells;Nanocomposites;Nickel compounds;Anodes;Graphene","","","","43","IEEE","30 May 2024","2024","","IEEE","IEEE Journals"
"Exploring the Suitability of Stacking Devices in a Vertical Nanowire to Implement a CMOS Inverter","E. Amat; A. del Moral; J. Bausells; F. Perez-Murano","Institute of Microelectronics of Barcelona (IMB-CNM, CSIC), Bellaterra, Spain; Institute of Microelectronics of Barcelona (IMB-CNM, CSIC), Bellaterra, Spain; Institute of Microelectronics of Barcelona (IMB-CNM, CSIC), Bellaterra, Spain; Institute of Microelectronics of Barcelona (IMB-CNM, CSIC), Bellaterra, Spain",IEEE Transactions on Nanotechnology,"14 Jun 2024","2024","23","","435","440","Stacking devices in a 3D configuration by using a vertical topology is considered as the next step to improve electronic devices and circuits performance. For instance, a CMOS inverted can be built by continuously depositing both inter-metal and metal layers. This new IC manufacturing proposal has been simulated by using Sentaurus 3D TCAD software. We have analyzed the influence of different device design parameters to optimize its performance. Finally, we have also explored the feasibility to implement a 5-stage ring oscillator circuit by using the proposed stack.","1941-0085","","10.1109/TNANO.2024.3404615","Ministerio de Ciencia e Innovación(grant numbers:N° RTI2018-102007-B-I001 (STARSED)); ","https://ieeexplore.ieee.org/stamp/stamp.jsp?arnumber=10538053","Vertical nanowires;3D TCAD;CMOS inverter;high-k;junctionless;ROSC","Inverters;Performance evaluation;Topology;Stacking;Nanowires;Design automation;Ring oscillators;CMOS integrated circuits;Three-dimensional integrated circuits","","3","","25","Crown","23 May 2024","2024","","IEEE","IEEE Journals"
"TFET Circuit Configurations Operating Below 60 mV/dec","G. Rangasamy; Z. Zhu; L. O. Fhager; L. -E. Wernersson","Department of Electrical and Information Technology, Lund University, Lund, Sweden; Department of Electrical and Information Technology, Lund University, Lund, Sweden; Department of Electrical and Information Technology, Lund University, Lund, Sweden; Department of Electrical and Information Technology, Lund University, Lund, Sweden",IEEE Transactions on Nanotechnology,"20 Jun 2024","2024","23","","441","447","Tunnel Field-Effect Transistors (TFETs) offer more energy efficient alternative to CMOS for design of low power circuits. In spite of this potential, circuits based on TFETs have not been experimentally demonstrated so far. In this letter, we explore TFET fabrication and basic functionality of n-TFET based circuits in the following configurations: a current mirror, a diode-connected inverter, and a cascode. Individual TFETs in the circuit operate well below 60 mV/dec operation with minimum achieved subthreshold swing (SS) of 30 mV/dec at drain voltage of 400 mV. To analyse the circuit operation, individual devices are connected via FEOL and are biased at 300 mV supply voltage, with an input frequency of 200 kHz. The measured circuit configurations demonstrate the expected functionality.","1941-0085","","10.1109/TNANO.2024.3407360","Vetenskapsrådet; European Union H2020 program SEQUENCE(grant numbers:871764); ","https://ieeexplore.ieee.org/stamp/stamp.jsp?arnumber=10542416","III-V;IoT circuit configuration;low power;sub-threshold analog;TFETs;vertical nanowires","TFETs;Current mirrors;MOSFET;Transistors;Logic gates;Nanowires;Quantum capacitance","","4","","25","IEEE","30 May 2024","2024","","IEEE","IEEE Journals"
"Electrical Modeling and Performance Analysis of Cu and CNT Based TSV-Bump-RDL","S. Chandrakar; K. Solanki; D. Gupta; M. K. Majumder","Department of Electronics and Communication Engineering, International Institute of Information Technology, Naya Raipur, Chhattisgarh, India; Department of Electronics and Communication Engineering, International Institute of Information Technology, Naya Raipur, Chhattisgarh, India; Department of Electronics and Communication Engineering, International Institute of Information Technology, Naya Raipur, Chhattisgarh, India; Department of Electronics and Communication Engineering, International Institute of Information Technology, Naya Raipur, Chhattisgarh, India",IEEE Transactions on Nanotechnology,"20 Jun 2024","2024","23","","448","455","The adoption of a feasible bump shape exerts a significant impact on the functionality of a 3D IC. The cylindrical bump structure, considered among the most prevalent shape, endures significant delay, power loss and crosstalk challenges. The tapered based TSV-bump structure recently acquired prominence due to their ultra-low fraction of volume and coupling, resulting in significant alleviation of delay and crosstalk issues. The electrical RLGC modeling has been accomplished for cylindrical, barrel, hourglass and the tapered bump structures along with the impact of coupling, passivation and fringing on the redistribution layer (RDL). In order to validate the proposed TSV bump structure, the quantitative values of a via is compared against the EM and experimental results, and a subsequent investigation have been accomplished for the propagation delay, power dissipation, peak noise, insertion and reflection losses. The proposed via bump structure is remarkable consistence with the experimental results with an average deviation of only 3.51%. In addition, the Finite difference time-domain (FDTD) electromagnetic computation is employed to further examine the performance characteristics. Furthermore, it is worth emphasizing that the tapered bump structure can effectively reduce the propagation delay, power dissipation, peak noise, insertion and reflection losses with an average deviation of 34.83%, 28.62%, 29.98%, 13.57%, and 41.06%, respectively, when compared to the barrel, cylindrical and hourglass bumps.","1941-0085","","10.1109/TNANO.2024.3408310","","https://ieeexplore.ieee.org/stamp/stamp.jsp?arnumber=10546300","Resistance-inductance-conductance-capacitance (  $RLGC$  );3D IC;carbon nanotube (CNT);crosstalk;TSV;bump","Through-silicon vias;Shape;Finite difference methods;Analytical models;Three-dimensional integrated circuits;Soldering;Carbon nanotubes;Copper","","6","","27","IEEE","3 Jun 2024","2024","","IEEE","IEEE Journals"
"Enhanced Efficiency in Thin Film Solar Cells: Optimized Design With Front Nanotextured and Rear Nanowire-Based Light Trapping Structure","T. Ahmed; M. K. Das","Department of Electronics Engineering, Indian Institute of Technology (Indian School of Mines), Dhanbad, India; Department of Electronics Engineering, Indian Institute of Technology (Indian School of Mines), Dhanbad, India",IEEE Transactions on Nanotechnology,"20 Jun 2024","2024","23","","456","466","This paper introduces a highly effective method to enhance the power conversion efficiency of thin-film solar cells with a microcrystalline absorber layer. The study involves the creation of a device simulation model that takes into account optical phenomena like light scattering and diffusive reflection, as well as electrical aspects related to the physics of heterointerfaces. The proposed design includes a textured front surface, silicon nanowires on the rear side of the absorber layer, and a back contact-cum-reflector composed of multiple alternative layers. To achieve optimal outcomes, it is essential to determine the ideal values for parameters such as the average width-to-height ratio of the textured front surface, the height of the backside nanowires, and the thickness and doping levels of different layers like ITO, emitter, buffer, and BSF. The findings indicate that when these parameters are set to their optimal values, the proposed structure can achieve a peak efficiency of 13.62%. This marks a substantial improvement of 34.70% when compared to the optimized flat thin-film solar cell structure.","1941-0085","","10.1109/TNANO.2024.3408253","Ministry of Human Resource Development; Establishment of Centres of Excellence; FAST: Centre of Excellence in Renewable Energy at IIT(grant numbers:F.No.5-6/2013-TS-VII); ","https://ieeexplore.ieee.org/stamp/stamp.jsp?arnumber=10546263","Thin film solar cell;nanotextured;nanowire;absorber","Nanowires;Reflection;Surface texture;Absorption;Silicon;Light trapping;Optical surface waves","","4","","58","IEEE","3 Jun 2024","2024","","IEEE","IEEE Journals"
"A Judicious Exploitation of Electrical Characteristics of a Unique GeSn TFET With Corner-Point for Sensing S-Protein Biomarker","S. Gayen; S. Tewari; A. Chattopadhyay","Institute of Radio Physics and Electronics, University of Calcutta, Kolkata, India; Institute of Radio Physics and Electronics, University of Calcutta, Kolkata, India; Institute of Radio Physics and Electronics, University of Calcutta, Kolkata, India",IEEE Transactions on Nanotechnology,"20 Jun 2024","2024","23","","467","473","In this paper, for the first time, a unique Ge(1-x)Snx alloy-based TFET sensor with a deliberate corner-point in the channel has been proposed for successful detection of S-protein, a significant biomarker. After the validation of our simulation scheme through a process of calibration of an experimentally realized mother GeSn TFET device, the same is turned into the proposed sensor device by suitably creating nanogap cavity in it. The performance of the proposed sensor device has been thoroughly investigated as a function of channel epilayer thickness (CHepi) in terms of a set of performance metrics – P-responsivity and P-sensitivity. Then, by varying the mole-fraction of Ge(1-x)Snx in the proposed sensor, the sensing performance has been studied in terms of the aforementioned performance metrics, along with an additional unique metric known as dynamic sensitivity. Interestingly, it has been observed that the most suitable device in pure electronic domain (digital or analog) is the least suited in sensing domain and vice-versa. This forbids the tendency of blind-picking of device with enhanced performance in pure electronic domain for sensing purpose as well without proper investigation. After a thorough analysis, it is observed that the proposed sensor with CHepi = 10 nm has evolved as the most optimized sensor device while the choice of mole-fraction remains application specific. Also, the ultimately optimized sensor shows a fairly good performance in dealing with the real-time position variability aspect (even if it is due to the repulsive steric effects of S-protein molecules) which results in a partial hybridization issue.","1941-0085","","10.1109/TNANO.2024.3409055","University Grants Commission; UGC-NET and subsequent award of fellowship; NFSC scheme(grant numbers:210510117212); Year: 2022 and Fellowship Award Letter(grant numbers:F. 40-2/2019); ","https://ieeexplore.ieee.org/stamp/stamp.jsp?arnumber=10547417","Dynamic sensitivity;GeSn alloy;Mole-fraction;Responsivity;Sensitivity;TFET sensor","Germanium;TFETs;Sensors;Performance evaluation;COVID-19;Viruses (medical);Photonic band gap","","1","","34","IEEE","4 Jun 2024","2024","","IEEE","IEEE Journals"
"BEOL-Compatible Ferroelectric Capacitor of 5 nm Ultrathin HZO With High Remanent Polarization and Excellent Endurance","L. -C. Teng; Y. -C. Huang; S. -J. Chang; S. -Y. Wang; Y. -H. Lin; C. -H. Chien","Department of Electronics Engineering and the Institute of Electronics, National Yang Ming Chiao Tung University, Hsinchu, Taiwan; International College of Semiconductor Technology, National Yang Ming Chiao Tung University, Hsinchu, Taiwan; Taiwan Semiconductor Manufacturing Company, Hsinchu, Taiwan; Department of Electronics Engineering and the Institute of Electronics, National Yang Ming Chiao Tung University, Hsinchu, Taiwan; Department of Electronic Engineering, National United University, Miaoli, Taiwan; Department of Electronics Engineering and the Institute of Electronics, National Yang Ming Chiao Tung University, Hsinchu, Taiwan",IEEE Transactions on Nanotechnology,"20 Jun 2024","2024","23","","474","477","In this letter, we have successfully fabricated a metal-ferroelectricity-metal (MFM) capacitor of an ultrathin 5 nm HZO utilizing Molybdenum (Mo) as the electrodes. By proposing a novel atomic layer deposition (ALD) scheme, we overcome the challenge of oxidation of the lower Mo electrode; a 2 nm HZO deposited by thermally enhanced ALD followed by a 3 nm HZO deposited by plasma enhanced ALD. The fabricated sample demonstrated a 2Pr value of 38.5 μC/cm2 at an operating voltage of 2 V. Furthermore, in endurance testing, the sample maintained a 2Pr value of 36.9 μC/cm2 even after 1010 cycles (△2Pr/2Prpristine ≈ 7% from pristine to 1010 cycles). With a maximum process temperature of 400 °C, our approach thereby meets the stringent requirement of Back-End-of-Line (BEOL) integration.","1941-0085","","10.1109/TNANO.2024.3407817","Center for the Semiconductor Technology Research; Ministry of Science and Technology(grant numbers:MOST-112-2221-E-A49-177-MY3); Nano Facility Center; National Yang Ming Chiao Tung University; Advanced Semiconductor Technology Research Center; The Featured Areas Research Center Program; Ministry of Education; National Science and Technology Council, Taiwan(grant numbers:NSTC 111-2634-F-A49-008); ","https://ieeexplore.ieee.org/stamp/stamp.jsp?arnumber=10543058","Ferroelectric capacitor;hafnium zirconium oxide (HZO);BEOL;Mo/HZO/Mo;endurance","Capacitors;Annealing;Electrodes;Hafnium oxide;Zirconium;Capacitance-voltage characteristics;Plasma temperature","","3","","20","IEEE","31 May 2024","2024","","IEEE","IEEE Journals"
"Characterization of Au Nanoparticles Adsorbed on 1-D ZnO Nanomaterials Through a Novel Photochemical Synthesis Way for Field- Emission Emitter Applications","Y. -L. Chu; S. -J. Young; P. -K. Chen; S. Arya; T. -T. Chu","Department of Electronic Engineering, National United University, Miaoli City, Taiwan; Department of Electronic Engineering, National United University, Miaoli City, Taiwan; Department of Electronic Engineering, National United University, Miaoli City, Taiwan; Department of Physics, University of Jammu, Jammu, India; Department of Mechanical Automation Engineering, Kao Yuan University, Kaohsiung, Taiwan",IEEE Transactions on Nanotechnology,"28 Jun 2024","2024","23","","478","481","This work explores the growth of vertically aligned zinc oxide nanorod (ZnO NR) arrays on a conductive indium-tin-oxide (ITO) substrate by using a simple hydrothermal solution route method at 95 °C for 3 h. Additionally, the gold nanoparticles (Au NPs) were victoriously adsorbed on the NR surface through a low-cost photochemical method under ultraviolet (UV) light at room temperature for field-emission (FE) emitters. To explore one-dimensional (1-D) nanostructures, high-resolution transmission electron microscope (HR-TEM), X-ray diffraction (XRD), and field-emission scanning electron microscope (FE-SEM) measurement were conducted. It was found that the NRs were almost perpendicular to the substrate with c-axis direction. The Au concentration of the 1-D NR array was 0.75 at% in energy-dispersive X-ray (EDX) result. ZnO nanomaterials with and without Au NPs were labelled 1-D Z@Au-3 and Z@Au-0 NRs, respectively. The turn-on electric field and effective field enhancement factor (β) of the Z@Au-0 NR devices were 4.56 V/μm and 4902, and those of the Z@Au-3 NR devices were 3.25 V/μm and 12955, respectively. Meanwhile, the slope value of the Z@Au-3 sample (6.43) was also lower than that of the Z@Au-0 NR sample (17.01). It can be seen that the Au NPs enhanced the FE property of the emitter. As a result, the designed 1-D ZnO samples with noble Au NPs are an encouraging candidate in future FE-based device applications, which can use in various electronic applications such as FE display panels, X-ray sources, light sources, and parallel electron beam microscopes.","1941-0085","","10.1109/TNANO.2024.3409631","Ministry of Science and Technology(grant numbers:MOST 111-2628-E-239-002-MY3,MOST 111-2221-E-239-012-MY3); ","https://ieeexplore.ieee.org/stamp/stamp.jsp?arnumber=10555518","1-D ZnO nanorod;Au nanoparticle;field-emission emitter;hydrothermal way;photochemical method;UV light","Zinc oxide;II-VI semiconductor materials;Gold;Electrons;Nanostructures;Nanoparticles;Nanorods;Indium tin oxide","","7","","32","IEEE","12 Jun 2024","2024","","IEEE","IEEE Journals"
"Towards Atomic Scale Quantum Dots in Silicon: An Ultra-Efficient and Robust Subtractor Using Proposed P-Shaped Pattern","H. Rasmi; M. Mosleh; N. J. Navimipour; M. Kheyrandish","Department of Computer Engineering, Dezful Branch, Islamic Azad University, Dezful, Iran; Department of Computer Engineering, Dezful Branch, Islamic Azad University, Dezful, Iran; Department of Computer Engineering, Faculty of Engineering and Natural Sciences, Kadir Has University, Istanbul, Türkiye; Department of Computer Engineering, Dezful Branch, Islamic Azad University, Dezful, Iran",IEEE Transactions on Nanotechnology,"25 Jun 2024","2024","23","","482","489","Today, Complementary Metal-Oxide-Semiconductor (CMOS) technology faces critical challenges, such as power consumption and current leakage at the nanoscale. Therefore, Atomic Silicon Dangling Bond (ASDB) technology has been proposed as one of the best candidates to replace CMOS technology; due to its high-speed switching and low power consumption. Among the most important issues in ASDB nanotechnology, output stability and robustness against possible faults may be focused. This paper first introduces a novel P-shaped pattern in ASDB, for designing stable and robust primitive logic gates, including AND, NAND, OR, NOR and XOR. Then, two combinational circuits, half-subtractor and full-subtractor, are proposed by the proposed ASDB gates. The simulation results show high output stability as well as adequate robustness, against various defects obtained by the proposed designs; on average, they have improvements of more than 56% and 62%, against DB omission defects and extra cell deposition defects; respectively. Also, the results of the investigations show that the proposed circuits have been improved by 65%, 21% and 2%, in terms of occupied area, energy and occurrence, respectively; compared to the previous works.","1941-0085","","10.1109/TNANO.2024.3398560","","https://ieeexplore.ieee.org/stamp/stamp.jsp?arnumber=10522986","Nanotechnology;half-subtractor;full-subtractor;atomic silicon dangling bonds (ASDB);CMOS","Logic gates;Silicon;Nanotechnology;Layout;Circuit stability;CMOS technology;Power demand;Combinational circuits","","8","","26","IEEE","8 May 2024","2024","","IEEE","IEEE Journals"
"Understanding Stochastic Behavior of Self- Rectifying Memristors for Error-Corrected Physical Unclonable Functions","X. Zhao; J. Ruchti; C. Frisch; K. Li; Z. Chen; S. Menzel; R. Waser; H. Schmidt; I. Polian; M. Pehl; N. Du","Institute for Solid State Physics, Friedrich Schiller University Jena, Jena, Germany; Chair of Security in Information Technology, Technical University of Munich, Munich, Germany; Chair of Security in Information Technology, Technical University of Munich, Munich, Germany; Institute for Solid State Physics, Friedrich Schiller University Jena, Jena, Germany; Institute for Solid State Physics, Friedrich Schiller University Jena, Jena, Germany; Peter Grünberg Institut (PGI-7), Forschungszentrum Juelich GmbH, Juelich, Germany; Peter Grünberg Institut (PGI-7), Forschungszentrum Juelich GmbH, Juelich, Germany; Institute for Solid State Physics, Friedrich Schiller University Jena, Jena, Germany; Institute of Computer Science and Computer Engineering, University of Stuttgart, Stuttgart, Germany; Chair of Security in Information Technology, Technical University of Munich, Munich, Germany; Institute for Solid State Physics, Friedrich Schiller University Jena, Jena, Germany",IEEE Transactions on Nanotechnology,"25 Jun 2024","2024","23","","490","499","Physical Unclonable Functions (PUFs) have gained widespread attention for their secure key storage, authentication, and anti-counterfeiting applications. While traditional PUFs based on Complementary Metal-Oxide-Semiconductor (CMOS) have been extensively studied, the emergence of memristors offers new opportunities due to their inherent device variations and distinctive resistive switching behaviors. This study explores the construction of reliable PUFs using self-rectifying analog BiFeO$_{3}$ (BFO) memristors. We assess the raw bit error rate (rBER) of the BFO-based PUF under varying voltage challenges and classify the switching behavior into stochastic, transition, and deterministic regions. As the primary objective of this study, we identify the sources of stochastic behavior in the three distinct regions while investigating the physical switching mechanism in BFO cells. Additionally, we propose a key storage method based on memristor variability, including an error correction scheme to enhance the reliability of PUF. This research contributes to a comprehensive understanding of PUF reliability and the underlying sources of intrinsic stochastic behavior in memristive technology.","1941-0085","","10.1109/TNANO.2024.3413888","Young Scientist Project funded by Priority Program 2253 NanoSecurity; Deutsche Forschungsgemeinschaft(grant numbers:DU 1896/2-1); Deutsche Forschungsgemeinschaft(grant numbers:DU 1896/3-1); German Federal Ministry of Education and Research; VE-FIDES(grant numbers:16ME0257); Deutsche Forschungsgemeinschaft(grant numbers:ME 4612/1-1); ","https://ieeexplore.ieee.org/stamp/stamp.jsp?arnumber=10557135","Error correction;physical unclonable functions;raw bit error rate;reliability;self-rectifying analog memristor;stochastic behavior","Memristors;Reliability;Bit error rate;Schottky barriers;Resistance;Device-to-device communication;Error correction;Physical unclonable function;Bismuth compounds;Iron alloys;Ferroelectric materials","","3","","29","IEEE","13 Jun 2024","2024","","IEEE","IEEE Journals"
"Polypeptide-Regulated the Self-Assembled In2O3/ZnO Nanocubes for Enhanced H2 Gas Sensing at Low Operating Temperatures","H. Zhang; J. Jin; Z. Yang; Z. Yuan; F. Meng","College of Information Science and Engineering, Northeastern University, Shenyang, China; College of Information Science and Engineering, Northeastern University, Shenyang, China; College of Information Science and Engineering, Northeastern University, Shenyang, China; State Key Laboratory of Synthetical Automation for Process Industries, the College of Information Science and Engineering, Northeastern University, Shenyang, China; State Key Laboratory of Synthetical Automation for Process Industries, the College of Information Science and Engineering, Northeastern University, Shenyang, China",IEEE Transactions on Nanotechnology,"25 Jun 2024","2024","23","","500","511","In this study, hydrogen sensors based on In2O3/ZnO nanocubes are fabricated by single step hydrothermal route, and polypeptide is utilized to guide the morphology of the composites to heighten the responsiveness of the sensors to hydrogen at low operating temperatures. A series of analyses and validations are carried out by characterization techniques. Gas sensitivity test results display that the optimal operating temperature of the modified sensing element is reduced by 60 °C compared to the initial element, accompanied by a doubling of the response value (22.12). At the same time, the response time to 100 ppm H2 is 2.5 s. Even more strikingly, the modified gas sensing element has evidently improved the response speed to low-ppm levels hydrogen. Moreover, the sensor components exhibit favorable repeatability, stability and excellent selectivity. By analyzing the characterization data and gas-sensitive test results, the improved responsiveness of the sensing elements is mainly attributed to the synergistic effect of the dilatation in the specific surface area of the gas-sensitive materials and the increase in intergranular contacts.","1941-0085","","10.1109/TNANO.2024.3413719","National Natural Science Foundation of China(grant numbers:62033002,62071112); Fundamental Research Funds for the Central Universities in China(grant numbers:N2304024); Natural Science Foundation of Hebei Province(grant numbers:F2020501040); ","https://ieeexplore.ieee.org/stamp/stamp.jsp?arnumber=10557149","Hydrogen;In  $_2$  O  $_3$  /ZnO nanocubes;low-ppm levels;rapid detection","Sensors;Hydrogen;Temperature sensors;Gas detectors;Zinc oxide;II-VI semiconductor materials;Sensor phenomena and characterization","","1","","49","IEEE","13 Jun 2024","2024","","IEEE","IEEE Journals"
"Memristor Crossbar Array Simulation for Deep Learning Applications","E. D. Machado; J. L. Vicario; E. Miranda; A. Morell","Engineering School, Universitat Autonoma de Barcelona, Barcelona, Spain; Engineering School, Universitat Autonoma de Barcelona, Barcelona, Spain; Engineering School, Universitat Autonoma de Barcelona, Barcelona, Spain; Engineering School, Universitat Autonoma de Barcelona, Barcelona, Spain",IEEE Transactions on Nanotechnology,"28 Jun 2024","2024","23","","512","515","Hardware neural networks (HNNs) based on crossbar arrays are expected to be energy-efficient computing architectures for solving complex tasks due to their small feature sizes. Although there exist software libraries able to deal with circuit simulation of memristor networks, they still exceed the memory available of any consumer grade GPU's VRAM for large scale crossbar arrays while having a significant computational complexity. This work discusses an iterative method to implement a fast simulation of the corresponding memristor crossbar array with much more limited memory use.","1941-0085","","10.1109/TNANO.2024.3415382","ERDF funds and MCIN/AEI/10.13039 /501100011033 project TED2021-129134B-I00; European Union “NextGenerationEU”/PRTR funds; ","https://ieeexplore.ieee.org/stamp/stamp.jsp?arnumber=10559273","Memristor;crossbar array;circuit simulation;neural network hardware","Memristors;Mathematical models;Convergence;Iterative methods;Vectors;Numerical models;Memory management","","2","","17","CCBY","17 Jun 2024","2024","","IEEE","IEEE Journals"
"High-Stability IWO Thin-Film Transistors Under Microwave Annealing for Low Thermal Budget Application","Y. -X. Chen; Y. -L. Wang; F. -J. Li; H. -H. Li; M. -C. Lee; Y. -H. Lin; C. -H. Chien","Department of Institute of Pioneer Semiconductor Innovation, National Yang Ming Chiao Tung University, Hsinchu, Taiwan; Department of Electronic Engineering, National United University, Miaoli, Taiwan; Department of Electronic Engineering, National United University, Miaoli, Taiwan; Department of Electronics Engineering and the Institute of Electronics, National Yang Ming Chiao Tung University, Hsinchu, Taiwan; Department of Electronics Engineering and the Institute of Electronics, National Yang Ming Chiao Tung University, Hsinchu, Taiwan; Department of Electronic Engineering, National United University, Miaoli, Taiwan; Department of Electronics Engineering and the Institute of Electronics, National Yang Ming Chiao Tung University, Hsinchu, Taiwan",IEEE Transactions on Nanotechnology,"28 Jun 2024","2024","23","","516","520","In this work, we investigated the effects of microwave thermal annealing (MWA) on the electrical performance and stability of Indium-Tungsten-Oxide (IWO) thin-film transistors (TFTs). Under MWA treatment at 600 W, the IWO-TFTs exhibited a subthreshold swing (SS) of 144 mV/dec and a threshold voltage (VT) of 0.9 V, demonstrating superior resistance to stress-induced degradation. The TFTs treated with MWA displayed enhanced performance compared to the as-fabricated ones in bias stress stability. As a result, MWA showed significant potential for repairing defects through post-deposition annealing with a reduced thermal budget, thereby presenting a promising application for developing back-end-of-line (BEOL) compatible oxide semiconductor technology.","1941-0085","","10.1109/TNANO.2024.3413794","Ministry of Science and Technology, Taiwan(grant numbers:112-2124-M-A49 -006,112-2221-E-239 -035 -MY2,JDP112-Y1-015); Taiwan Semiconductor Research Institute for technical support; National Chiao Tung University Nano Facility Center; Taiwan Instrument Research Institute, National Applied Research Laboratories; ","https://ieeexplore.ieee.org/stamp/stamp.jsp?arnumber=10556823","MWA;IWO film;reliability;low thermal budget","Thin film transistors;Microwave theory and techniques;Thermal stability;Microwave transistors;Stress;Microwave devices;Microwave imaging","","1","","38","IEEE","13 Jun 2024","2024","","IEEE","IEEE Journals"
"Technology-Aware Simulation for Prototyping Molecular Field-Coupled Nanocomputing","F. Ravera; Y. Ardesi; G. Piccinini; M. Graziano","Deparment of Electronics and Telecommunications, Politecnico di Torino, Turin, Italy; Deparment of Electronics and Telecommunications, Politecnico di Torino, Turin, Italy; Deparment of Electronics and Telecommunications, Politecnico di Torino, Turin, Italy; Department of Applied Science and Technology, Politecnico di Torino, Turin, Italy",IEEE Transactions on Nanotechnology,"28 Jun 2024","2024","23","","521","528","The molecular Field-Coupled Nanocomputing (molFCN) paradigm encodes digital information in the charge distribution of molecules. The information propagates through electrostatic coupling within molecules, permitting minimal power consumption. Although the promising results in the design of molFCN circuits, a prototype is missing. Therefore, this work moves toward molFCN fabrication by presenting a methodology combining Finite Element Modelling with the SCERPA tool, boosting the simulation accuracy by considering both molecule and device physics. First, this work analyzes nano-trench-based molFCN single-line wires, examining information propagation dependencies on the nano-trench geometries. Then, the analysis of nano-trench-based multi-line wires points out the primary prototype specification to achieve this advantageous molFCN solution. Finally, we demonstrate the nano-trench as a valuable solution to achieve the write-in mechanism. Overall, this paper paves the way for molFCN fabrication-aware simulations for future prototyping.","1941-0085","","10.1109/TNANO.2024.3415790","","https://ieeexplore.ieee.org/stamp/stamp.jsp?arnumber=10561616","Molecular electronics;design methodology;field-coupled nanocomputing","Electrodes;Clocks;Wires;Electrostatics;Fabrication;Finite element analysis;Molecular electronics;Design methodology;Circuit simulation;Logic circuits","","4","","45","CCBY","18 Jun 2024","2024","","IEEE","IEEE Journals"
"GaN Nanowire n-i-n Diode Enabled High-Performance UV Machine Vision System","H. Du; Y. Zhang; J. Zhou; J. Chen; W. Ye; X. Zhang; Q. Lyu; H. Wang; K. M. Lau; X. Zou","School of Information Science and Technology, ShanghaiTech University, Shanghai, China; School of Information Science and Technology, ShanghaiTech University, Shanghai, China; School of Information Science and Technology, ShanghaiTech University, Shanghai, China; School of Information Science and Technology, ShanghaiTech University, Shanghai, China; School of Information Science and Technology, ShanghaiTech University, Shanghai, China; Department of Electronic and Computer Engineering, Hong Kong University of Science and Technology, Kowloon, Hong Kong; Department of Electronic and Computer Engineering, Hong Kong University of Science and Technology, Kowloon, Hong Kong; State Key Laboratory for Modification of Chemical Fibers and Polymer Materials, College of Materials Science and Engineering, Donghua University, Shanghai, China; Division of Emerging Interdisciplinary Area, Hong Kong University of Science and Technology, Hong Kong; School of Information Science and Technology, ShanghaiTech University, Shanghai, China",IEEE Transactions on Nanotechnology,"28 Jun 2024","2024","23","","529","534","Machine vision as an essential component of artificial intelligence poses a significant influence on dimension measurement, quality control, autonomous driving, and so on. In this study, a high-performance ultraviolet (UV) imaging and detection system enabled by Gallium Nitride (GaN) nanowire (NW) n-i-n photodetector (PD) is presented. Based on supreme optoelectronic properties of the NW, including high responsivity of 5098 A/W, a low dark current of 4.88 pA and a photo-to-dark current ratio of 1223, machine vision system composed of a GaN NW array could achieve an accuracy of 96.21%. Furthermore, feasibility of artificial neural network (ANN) and convolutional neural network (CNN) in such a machine vision system is discussed, featuring dim and noisy environment. The visualization process shows that the superiority of CNN over ANN in image recognition is attributed to the capability of extracting spatial information and characteristics. The research results provide important insight into the development of both sensors and algorithms for machine vision systems based on GaN NW PD, inspiring further investigation into UV image detection and other areas of artificial intelligence.","1941-0085","","10.1109/TNANO.2024.3416509","ShanghaiTech University Startup Fund(grant numbers:2017F0203-000-14); National Natural Science Foundation of China(grant numbers:52131303); Natural Science Foundation of Shanghai(grant numbers:22ZR1442300); Chinese Academy of Sciences(grant numbers:XDA18000000); ","https://ieeexplore.ieee.org/stamp/stamp.jsp?arnumber=10564119","Gallium Nitride (GaN);nanowire (NW);machine learning;artificial neural network (ANN);convolutional neural network (CNN)","Machine vision;Photoconductivity;Gallium nitride;Training;Dark current;Convolutional neural networks;Accuracy","","1","","50","IEEE","19 Jun 2024","2024","","IEEE","IEEE Journals"
"Nanostructured V2O5/MoO3 Based Devices for Brain Inspired Optical Memory Applications","S. B; P. Dwivedi","Indian Institute of Information Technology (IIIT) Sri City, Chittoor, India; Indian Institute of Information Technology (IIIT) Sri City, Chittoor, India",IEEE Transactions on Nanotechnology,"4 Jul 2024","2024","23","","535","540","Brain inspired devices are the building block of the neuromorphic based artificial intelligence systems. This paper presents a novel optical memory devices based on the nanostructured V2O5/MoO3. These optical memory devices were fabricated using wafer scalable technology. The fabricated optical memory devices can mimic the synaptic behaviors such as paired pulse facilitation (PPF) index, excitatory postsynaptic current (EPSC), short term plasticity, inhibitory postsynaptic current (IPSC), spike dependent plasticity, long term plasticity and long term retention capability. The proposed device has shown a PPF index of 216% and long term retention time of 5.6 × 103 seconds. The demonstrated optical memory devices have highly sensitive, repeatable and have a potential to be used for neuromorphic computing applications.","1941-0085","","10.1109/TNANO.2024.3409151","","https://ieeexplore.ieee.org/stamp/stamp.jsp?arnumber=10547461","Microfabrication;V  $_2$  O  $_5$  ;MoO  $_3$  ;optical memory devices;long term plasticity (LTP);short term plasticity (STP)","Optical device fabrication;Optical films;Silicon;Microfabrication;Vanadium;Molybdenum;Neuromorphic engineering;Neuroplasticity;Thin films","","3","","40","IEEE","4 Jun 2024","2024","","IEEE","IEEE Journals"
"Single-Event Upset in Molecular Quantum Cellular Automata","E. Rahimi","Faculty of Electrical Engineering, Shahrood University of Technology, Shahrood, Semnan, Iran",IEEE Transactions on Nanotechnology,"4 Jul 2024","2024","23","","541","548","Molecular quantum cellular automata (QCA) provides a paradigm for molecular electronics in which the configuration of charges at reduction-oxidation centers of molecules encodes binary information, and the electrostatic forces enable performing logic operations at the molecular scale. Cosmic rays or impurities in packaging materials can cause electric charges to tunnel into a QCA cell, leading to single-event upset (SEU). The effect of SUE on the functionality of a majority gate comprised of a QCA cell, in which two cationic molecular dimers interact through intermolecular Coulomb forces, is analyzed using the Hubbard model and full quantum chemical calculations. For this purpose, we introduce a complementary input model within a minimal framework for the molecular QCA majority gate. The response function of a single-input QCA cell and the polarization table of a three-input majority gate are evaluated in normal and SEU operation modes using the complementary input model in conjunction with the Hubbard model and quantum chemical calculations. The ab initio results indicate the possibility of designing SEU fault-tolerant QCA devices.","1941-0085","","10.1109/TNANO.2024.3415396","","https://ieeexplore.ieee.org/stamp/stamp.jsp?arnumber=10559415","Hubbard model;molecular quantum cellular automata;quantum chemical calculations;single event upset","Redox;Logic gates;Single event upsets;Logic;Switches;Discrete Fourier transforms;Molecular electronics;Quantum chemistry","","1","","48","IEEE","17 Jun 2024","2024","","IEEE","IEEE Journals"
"Core Reversal in Vertically Coupled Vortices: Simulation and Experimental Study","A. Hamadeh; A. Koujok; S. Perna; D. R. Rodrigues; A. Riveros; V. Lomakin; G. Finocchio; G. de Loubens; O. Klein; P. Pirro","Fachbereich Physik and Landesforschungszentrum OPTIMAS, Rheinland-Pfälzische Technische Universität Kaiserslautern-Landau, Kaiserslautern, Germany; Fachbereich Physik and Landesforschungszentrum OPTIMAS, Rheinland-Pfälzische Technische Universität Kaiserslautern-Landau, Kaiserslautern, Germany; Department of Electrical Engineering and ICT, University of Naples Federico II, Naples, Italy; Department of Electrical and Information Engineering, Politecnico di Bari, Bari, Italy; Escuela de Ingeniería, Universidad Central de Chile, Santiago, Chile; Center for Magnetic Recording Research, University of California San Diego, La Jolla, CA, USA; Department of Mathematical and Computer Sciences, Physical Sciences and Earth Sciences, University of Messina, Messina, Italy; SPEC, CEA, CNRS, Université Paris-Saclay, Gif-sur-Yvette, France; CEA, CNRS, Grenoble INP, Spintec, University Grenoble Alpes, Grenoble, France; Fachbereich Physik and Landesforschungszentrum OPTIMAS, Rheinland-Pfälzische Technische Universität Kaiserslautern-Landau, Kaiserslautern, Germany",IEEE Transactions on Nanotechnology,"8 Jul 2024","2024","23","","549","553","This study conducts a comprehensive investigation into the reversal mechanism of magnetic vortex cores in a nanopillar system composed of two coupled ferromagnetic dots under zero magnetic field conditions. The research employs a combination of experimental and simulation methods to gain a deeper understanding of the dynamics of magnetic vortex cores. The findings reveal that by applying a constant direct current, the orientation of the vortex cores can be manipulated, resulting in a switch in one of the dots at a specific current value. The micromagnetic simulations provide evidence that this switch is a consequence of a deformation in the vortex profile caused by the increasing velocity of the vortex cores resulting from the constant amplitude of the trajectory as frequency increases. These findings offer valuable new insights into the coupled dynamics of magnetic vortex cores and demonstrate the feasibility of manipulating their orientation using direct currents under zero magnetic field conditions. The results of this study have potential implications for the development of vortex-based non-volatile memory technologies.","1941-0085","","10.1109/TNANO.2024.3420249","European Research Council within the Starting(grant numbers:101042439); Deutsche Forschungsgemeinschaft(grant numbers:268565370); ","https://ieeexplore.ieee.org/stamp/stamp.jsp?arnumber=10577190","Magnetic vortex core (VC);manipulating VC orientation;coupled VC dynamics","Magnetic cores;Magnetization;Trajectory;Deformation;Oscillators;Micromagnetics;Simulation;Ferromagnetic materials","","4","","58","IEEE","28 Jun 2024","2024","","IEEE","IEEE Journals"
"Highly Efficient (>36%) Lead-Free Cs2BiAgI6/CIGS Based Double Perovskite Solar Cell (DPSC) With Dual-Graded Light Absorber Layers for Next Generation Photovoltaic (PV) Technologies","G. P. S. Prashanthi; U. Nanda","School of Electronics Engineering, VIT-AP University, Amaravati, India; School of Electronics Engineering, VIT-AP University, Amaravati, India",IEEE Transactions on Nanotechnology,"16 Jul 2024","2024","23","","554","561","Perovskite solar cells (PSCs) are a novel emerging technology that are the third generation of solar cells, following wafer-based and thin-film-based predecessors. Solar photovoltaic (PV) technology that uses perovskite materials has a significant advantage over conventional solar PV, as it can respond to various light wavelengths and increase the amount of sunlight converted to electricity. In addition, PSCs are flexible, semi-transparent, customizable, lightweight, and have a high power conversion efficiency (PCE). Through the use of dual-graded light absorber/active layers, and double perovskite lead-free material Cs$_{2}$BiAgI$_{6}$, this study seeks to increase the efficiency of PSCs. A unique device structure (ITO/ZnO/Double Perovskite Cs$_{2}$BiAgI$_{6}$/CIGS/High purity Spiro-OMeTAD/Au) of lead-free double perovskite material-based solar cell has been simulated using the SCAPS-1D one-dimensional solar cell capacitance simulator. The optimized solar cell output parameters achieved in this work include voltage in an open circuit (Voc) of 1.2258 V, current density in a short circuit (Jsc) of 34.292 mA/cm$^{2}$, fill factor (FF) of 85.95$\%$, and power conversion efficiency (PCE) of 36.13$\%$, which gets close to the single-junction PSCs' Shockley-Queisser Efficiency (SQ) limit.","1941-0085","","10.1109/TNANO.2024.3421315","","https://ieeexplore.ieee.org/stamp/stamp.jsp?arnumber=10582469","Double Perovskite Solar Cell (DPSC);dual light absorber/active layers;semiconductor device modelling;solar cell output parameters;SCAPS 1D","Perovskites;Photovoltaic cells;Performance evaluation;Grain boundaries;Absorption;Semiconductor device modeling;Power conversion;Current density;Fill factor (solar cell)","","8","","35","IEEE","2 Jul 2024","2024","","IEEE","IEEE Journals"
"Signal-Processing Application Based on Ferroelectric Tunnel Field-Effect Transistor","B. Kwak; D. Kwon; H. Kim","Department of Electronic Engineering, Hanyang University, Seoul, South Korea; Department of Electronic Engineering, Hanyang University, Seoul, South Korea; Department of Electrical and Electronics Engineering, Konkuk University, Seoul, South Korea",IEEE Transactions on Nanotechnology,"15 Jul 2024","2024","23","","562","566","This study introduces a ferroelectric tunnel field-effect transistor (Fe-TFET) capable of implementing three types of signal processing for frequency doubler, phase shifter, and signal follower. In addition, we verify its I/O characteristics using technology computer-aided design simulations. The proposed Fe-TFET has bidirectional tunneling currents as an inherent TFET characteristic, and the ferroelectric layer's polarization adjusts the device's threshold voltage (VTH). Depending on the degree of polarization by program voltage, the device operating within the input signal range of −0.5 to 0.5 V can be determined by the following current components: 1) source-to-channel tunneling current (ISC), 2) channel-to-drain currents (ICD), and 3) ISC and ICD. Then, through the mixed-mode circuit simulations, the I/O characteristics from each program condition are confirmed with 1) frequency doubler, 2) phase shifter, and 3) signal follower characteristics using a single Fe-TFET-based circuit. In addition, an investigation of the impact of frequency variations on the three modes reveals no attenuations in output signals. Consequently, the simple configuration and low power consumption, as opposed to conventional signal processing circuit, make the proposed processing method more suitable for analog circuit design.","1941-0085","","10.1109/TNANO.2024.3421263","National Research Foundation of Korea; Korea Government(grant numbers:2022R1G1A1009114); National Research Foundation of Korea; Korea Government(grant numbers:RS-2024-00406652); ","https://ieeexplore.ieee.org/stamp/stamp.jsp?arnumber=10579039","Ambipolar current;band-to-band tunneling;ferroelectric FET;ferroelectric material;frequency doubler;phase shifter;signal follower;tunnel FET","Phase shifters;Tunneling;TFETs;Logic gates;Integrated circuit modeling;Fast Fourier transforms;FeFETs;Ferroelectric materials","","3","","24","IEEE","1 Jul 2024","2024","","IEEE","IEEE Journals"
"Ab Initio Modeling of Doped/Undoped ArGNR Sensors for No2 Detection","K. Solanki; S. Verma; P. K. Das; P. P. Paltani; M. K. Majumder","Department of Electronics and Communication Engineering, International Institute of Information Technology, Naya Raipur, Chhattisgarh, India; Department of Electronics and Communication Engineering, International Institute of Information Technology, Naya Raipur, Chhattisgarh, India; Department of Electronics and Communication Engineering, Sant Longowal Institute of Engineering and Technology, Longowal (Sangrur), Punjab, India; Department of Electronics and Communication Engineering, International Institute of Information Technology, Naya Raipur, Chhattisgarh, India; Department of Electronics and Communication Engineering, International Institute of Information Technology, Naya Raipur, Chhattisgarh, India",IEEE Transactions on Nanotechnology,"15 Jul 2024","2024","23","","567","577","Elevated levels of nitrogen dioxide (NO2) pollutants have captured significant attention due to their profound influence on the cardiovascular and respiratory systems; hence, high-performance monitoring systems for pollutants are imperative to safeguard the well-being of individuals. In this regard, a hydrogen-passivated two-probe Armchair Graphene Nanoribbon (ArGNR) gas sensor utilizing a doped/undoped configuration can be considered to mitigate the NO2 pollutants. Therefore, this research, for the first time, examines the influence of channel length and transport properties on the i-v behavior of NO2 pollutants for doped/undoped ArGNR-based sensors. The electronic properties are rigorously examined using the density function theory (DFT) within the linear combination of atomic orbital (LCAO) and semi-empirical computation techniques, leveraging principles derived from non-equilibrium Green's function. In comparison to the undoped ArGNR, the BAs doped ArGNR exhibits superior chemisorption energy of −2.3 eV (with spin effect) and −3.3 eV (without spin effect), coupled with the substantial bandgap variation of −10.22, 36.50% (with spin effect) and 100% (without spin effect), at the B and As sites, respectively. In addition, a high quantum transport spectrum of 57% and significant current variations of 95% and 77% at the B and As sites, respectively, upon the NO2 adsorption. These findings suggest that the B-As-doped ArGNR sensor provides a promising solution for susceptible NO2 detection.","1941-0085","","10.1109/TNANO.2024.3421334","Science and Engineering Research Board; Department of Science and Technology; Ministry of Science and Technology(grant numbers:EEQ/2021/000007); ","https://ieeexplore.ieee.org/stamp/stamp.jsp?arnumber=10582535","Armchair graphene nanoribbon (ArGNR);adsorption;chemisorption;density functional theory (DFT);nitrogen dioxide;physisorption;responsivity;sensor","Sensors;Adsorption;Computational modeling;Atoms;Substrates;Graphene;Gas detectors","","4","","22","IEEE","2 Jul 2024","2024","","IEEE","IEEE Journals"
"The Back-End Calibration Circuit for Reducing Hysteresis and Drift Effects of the Potentiometric RuO2 Dopamine Biosensor","P. -Y. Kuo; M. -T. Hsu; J. -C. Chou; C. -H. Lai; Y. -H. Nien; P. -H. Yang; C. -H. Liao; W. -S. Chen; J. -M. Huang","Graduate School of Electronic Engineering, National Yunlin University of Science and Technology, Douliou, Taiwan; Graduate School of Electronic Engineering, National Yunlin University of Science and Technology, Douliou, Taiwan; Graduate School of Electronic Engineering, National Yunlin University of Science and Technology, Douliou, Taiwan; Graduate School of Electronic Engineering, National Yunlin University of Science and Technology, Douliou, Taiwan; Graduate School of Chemical and Materials Engineering, National Yunlin University of Science and Technology, Douliou, Taiwan; Graduate School of Electronic Engineering, National Yunlin University of Science and Technology, Douliou, Taiwan; Graduate School of Electronic Engineering, National Yunlin University of Science and Technology, Douliou, Taiwan; Graduate School of Electronic Engineering, National Yunlin University of Science and Technology, Douliou, Taiwan; Graduate School of Electronic Engineering, National Yunlin University of Science and Technology, Douliou, Taiwan",IEEE Transactions on Nanotechnology,"5 Aug 2024","2024","23","","578","583","Electrochemical biosensors often encounter inaccuracies and unreliability in measurements due to non-ideal effects such as drift and hysteresis. This study presents an innovative back-end calibration circuit specifically designed to mitigate hysteresis and drift effects in potentiometric ruthenium dioxide (RuO2) dopamine biosensors. The proposed calibration circuit combines analog circuitry with a microcontroller, employing gain-configured inverting amplifiers to individually correct hysteresis effects induced by both low and high dopamine concentrations. Furthermore, an inverse drift signal is applied to counteract overall drift effects, significantly improving the precision of dopamine measurements. The biosensor utilizes a radiofrequency sputtering system to deposit RuO2 as a sensing membrane. A sequential drop-casting process is employed to add functional layers. Atomic force microscopy is utilized to characterize the surface morphology of the RuO2 sensing membrane, confirming its uniform pattern and exceptional flatness. Reproducibility and repeatability experiments validate the stability and consistency of the fabricated RuO2 dopamine biosensor, underscoring its potential for practical applications in the diagnosis of neurological disorders.","1941-0085","","10.1109/TNANO.2024.3435447","National Science and Technology Council(grant numbers:NSTC 112- 2221-E-224-049,NSTC 113- 2221-E-224-029); Technical Support from the Taiwan Semiconductor Research Institute; ","https://ieeexplore.ieee.org/stamp/stamp.jsp?arnumber=10614892","Calibration circuit;dopamine;hysteresis and drift effect;non-ideal effect;potentiometric biosensor;ruthenium dioxide (RuO  $_2$  )","Biosensors;Hysteresis;Calibration;Electrodes;Biomembranes;Voltage measurement;Sputtering","","1","","28","IEEE","30 Jul 2024","2024","","IEEE","IEEE Journals"
"Optimizing InGaAs/GaAsSb Staggered Bandgap U-Gate Line TFET With p+-Pocket Implant and Negative Capacitance for Enhanced Performance","A. Anam; S. I. Amin; D. Prasad","Department of Electronics and Communication Engineering, Jamia Millia Islamia, New Delhi, India; Department of Electronics and Communication Engineering, Jamia Millia Islamia, New Delhi, India; Department of Electronics and Communication Engineering, Jamia Millia Islamia, New Delhi, India",IEEE Transactions on Nanotechnology,"14 Aug 2024","2024","23","","584","590","In this noteworthy paper, we present a novel and comprehensive investigation into the optimization of performance parameters for the conventional U-Gate III-V line TFET through TCAD simulation. Our unprecedented threefold optimization strategy encompasses multiple facets, marking a significant contribution to the field. Firstly, in our pursuit of enhancing OFF current performance, we implemented a pioneering approach by employing a highly doped p+-pocket, effectively suppressing parasitic corner tunneling and resulting in a remarkable 258.14-fold improvement in OFF current. Secondly, we embark on another unexplored avenue in conventional U-Gate TFET by implementing the negative capacitance (NC) effect into it. The NC implementation leads to substantial improvements in ON current and subthreshold swing (SS), with an impressive 4.176-fold enhancement in ION/IOFF and a 2.151-fold reduction in average subthreshold swing (AVSS) (from 33.26 mV/dec to 15.46 mV/dec) compared to the conventional design. In the third and final stage of our optimization strategy, we efficiently combine the benefits of p+-pocket doping and NC implementation. By doing this, we simultaneously enhance the OFF current (improved by 226.91 times), ON current (improved by 1.92 times), ION/IOFF ratio (enhanced by 435.55 times), and AVSS (improved by an outstanding 2.861 times, from 33.48 mV/dec to 11.7 mV/dec), demonstrating the effectiveness of our holistic approach. This comprehensive study sets a new benchmark for U-Gate III-V line TFET optimization, paving the way for advanced applications in low-power digital circuits.","1941-0085","","10.1109/TNANO.2024.3437669","","https://ieeexplore.ieee.org/stamp/stamp.jsp?arnumber=10621613","Staggered band;III-V compound material;line TFET;U-gate line TFET;negative capacitance (NC);p  $^{+}$  -pocket implant;optimization;TCAD;subthreshold swing (SS)","TFETs;Tunneling;Logic gates;Doping;Indium gallium arsenide;Optimization;III-V semiconductor materials;Design automation;Ferroelectric materials","","6","","23","IEEE","2 Aug 2024","2024","","IEEE","IEEE Journals"
"Toward a GHz-Frequency BEOL Ferroelectric Negative-Capacitance Oscillator With a Wide Tuning Range","J. K. Wang; C. VanEssen; N. Yang; Z. C. Yuan; P. S. Gudem; D. Kienle; M. Vaidyanathan","Department of Electrical and Computer Engineering, University of Alberta, Edmonton, AB, Canada; Department of Electrical and Computer Engineering, University of Alberta, Edmonton, AB, Canada; Department of Electrical and Computer Engineering, University of California, San Diego, CA, USA; Department of Electrical and Computer Engineering, University of Alberta, Edmonton, AB, Canada; Department of Electrical and Computer Engineering, University of California, San Diego, CA, USA; , München, Germany; Department of Electrical and Computer Engineering, University of Alberta, Edmonton, AB, Canada",IEEE Transactions on Nanotechnology,"22 Aug 2024","2024","23","","591","599","The potential to utilize negative-capacitance dynamics in a ferroelectric capacitor as a back-end-of-line (BEOL) element to construct a tuned oscillator operating in the GHz range is proposed and investigated. Using tools established in the field of non-linear dynamics, the operating principles of the circuit are rigorously explored, a criterion for oscillation is developed, and amplitude and frequency control are investigated. Furthermore, this novel architecture is compared with a traditional LC oscillator. Through the comparison, we find that the FE oscillator can provide a substantially larger tuning range (149%, between 1.29 GHz–8.75 GHz, vs. 50% achieved by the traditional LC oscillator) and requires a vastly lower on-chip area $(\sim\!\! 50\,{\bm{\mu}}{{\mathbf{m}}^2}\,\text{vs}{\rm{.}}\,\sim 40000\,{\bm{\mu}}{{\mathbf{m}}^2})$, while achieving a similar figure of merit $\mathbf{FO}{{\mathbf{M}}_2}$ (reduced by only 6 dB). Such improvements motivate the continued exploration and development of negative-capacitance ferroelectrics as BEOL elements that can significantly improve integrated-circuit performance.","1941-0085","","10.1109/TNANO.2024.3430221","Natural Sciences and Engineering Research Council of Canada; Alberta Innovation & Advanced Education; ","https://ieeexplore.ieee.org/stamp/stamp.jsp?arnumber=10603433","Ferroelectric;modeling;negative capacitance;RF;tunable oscillators;nonlinear oscillators","Oscillators;Capacitors;Tuning;Capacitance;Tunable circuits and devices;Radio frequency;Modeling;Ferroelectric materials","","","","36","IEEE","18 Jul 2024","2024","","IEEE","IEEE Journals"
"Stochastic-Binary Hybrid Spatial Coding Multiplier for Convolutional Neural Network Accelerator","Y. Zhou; J. Yan; Y. Zhou; Z. Shao; J. Chen","National Key Laboratory of Wireless Communications, University of Electronic Science and Technology of China, Chengdu, China; School of Automation and Information Engineering, Sichuan University of Science & Engineering, Yinbin, China; National Key Laboratory of Wireless Communications, University of Electronic Science and Technology of China, Chengdu, China; National Key Laboratory of Wireless Communications, University of Electronic Science and Technology of China, Chengdu, China; National Key Laboratory of Wireless Communications, University of Electronic Science and Technology of China, Chengdu, China",IEEE Transactions on Nanotechnology,"27 Aug 2024","2024","23","","600","605","Convolutional neural networks have remarkable performance in artificial intelligence, although at the cost of computationally demanding processes within a single inference. Simultaneously, the underlying chip process is reaching its constraints as Moore's law diminishes. Stochastic computation, as a hardware-friendly and unconventional approach, can alleviate the burden of sophisticated arithmetic at the circuit level. This work presents a novel stochastic computing (SC) multiplier that employs an extension-uniform approach to create bit sequences without relying on logical gates. In addition, we propose a stochastic-binary domain arithmetic method to achieve low-cost hardware implementation and low power dissipation. The 4n-bit widths are partitioned into n 4-bit widths, with the high-precision components executed in the binary domain and the low-precision components executed in the stochastic domain. Additionally, a hardware-compatible circuit for compensating faults is also introduced. The accelerator on cifar10 using stochastic binary hybrid domain spatial coding (SHSC) multiplier achieves better performance than the fixed-point counterpart, with a 33.7% reduction in area and 23% reduction in power.","1941-0085","","10.1109/TNANO.2024.3444278","National Key Research and Development Program of China(grant numbers:2022YFB4500200); ZTE Industry-University-Institute Cooperation Funds; ","https://ieeexplore.ieee.org/stamp/stamp.jsp?arnumber=10637746","Extension-uniform multiplier;parallel spatial coding;stochastic-binary domain;bit segment","Encoding;Hardware;Logic gates;Biological neural networks;Arithmetic;Error compensation;Wire","","1","","19","IEEE","15 Aug 2024","2024","","IEEE","IEEE Journals"
"Reimagining Sense Amplifiers: Harnessing Phase Transition Materials for Current and Voltage Sensing","M. M. Islam; S. Alam; M. A. Jahangir; G. S. Rose; S. Datta; V. Narayanan; S. K. Gupta; A. Aziz","Department of EECS, University of Tennessee, Knoxville, TN, USA; Department of EECS, University of Tennessee, Knoxville, TN, USA; Department of EECS, University of Tennessee, Knoxville, TN, USA; Department of EECS, University of Tennessee, Knoxville, TN, USA; School of Electrical and Computer Engineering, Georgia Institute of Technology, Atlanta, GA, USA; School of Electrical and Computer Science & Engineering and Electrical Engineering, Pennsylvania State University, State College, PA, USA; School of Electrical and Computer Engineering, Purdue University, West Lafayette, IN, USA; Department of EECS, University of Tennessee, Knoxville, TN, USA",IEEE Transactions on Nanotechnology,"29 Aug 2024","2024","23","","606","614","Energy-efficient sense amplifier (SA) circuits are essential for reliable detection of stored memory states in emerging memory systems. In this work, we introduce three novel sense amplifier topologies based on phase transition materials (PTM) in addition to the previously proposed one, collectively analyzing all four designs tailored for non-volatile memory applications. We utilize the abrupt switching and volatile hysteretic characteristics of PTMs which enables efficient and fast sensing operation in our proposed SA topologies. We provide comprehensive details of their functionality and assess how process variations impact their performance metrics. Our proposed sense amplifier topologies manifest notable performance enhancement. We achieve a ∼67% reduction in sensing delay and a ∼80% decrease in sensing power for current sensing. For voltage sensing, we achieve a ∼75% reduction in sensing delay and a ∼33% decrease in sensing power. Moreover, the proposed SA topologies exhibit improved variation robustness compared to conventional SAs. We also scrutinize the dependence of transistor mirroring window and PTM transition voltages on several device parameters to determine the optimum operating conditions and stance of tunability for each of the proposed SA topologies.","1941-0085","","10.1109/TNANO.2024.3438542","Science Alliance; The University of Tennessee-Oak Ridge Innovation Institute on behalf of The University of Tennessee, Knoxville; Air Force Research Laboratory(grant numbers:FA8750-21-1-1018); ","https://ieeexplore.ieee.org/stamp/stamp.jsp?arnumber=10623299","Current sense amplifier;hyper-FET;low power;phase transition material;sense amplifier;voltage sense amplifier","Sensors;Topology;Voltage;Circuits;Nonvolatile memory;Memory architecture;Low power electronics;Field effect transistors;Amplifiers;Monte Carlo methods;Current","","2","","32","IEEE","5 Aug 2024","2024","","IEEE","IEEE Journals"
"Machine Learning-Based Compact Modeling of Silicon Cold Source Field-Effect Transistors","H. Xu; W. Gan; S. Guo; S. Zhang; Z. Wu","Key Laboratory of Fabrication Technologies for Integrated Circuits, Chinese Academy of Sciences, Beijing, China; Key Laboratory of Fabrication Technologies for Integrated Circuits, Chinese Academy of Sciences, Beijing, China; College of Physics and Electronic Engineering, Sichuan Normal University, Chengdu, China; College of Material Science and Engineering, Nanjing University of Science and Technology, Nanjing, China; Key Laboratory of Fabrication Technologies for Integrated Circuits, Chinese Academy of Sciences, Beijing, China",IEEE Transactions on Nanotechnology,"10 Sep 2024","2024","23","","615","621","The Silicon cold source field-effect transistor (CSFET) offers a compelling solution for low-power logic devices due to its ability to achieve sub-60 mV/dec steep-slope switching with innovative source engineering, while maintaining compatibility with Silicon CMOS technology. Developing a compact model for CSFETs is crucial for advancing our understanding of these novel devices and enabling advanced design and simulation based on CSFETs. To this end, this work introduces a compact model specifically designed for n-type double-gate CSFETs. Employing the Landauer-Büttiker approach alongside machine learning (ML)-based band energy profiles, our model accounts for thermal current via ballistic transport and tunneling current from source-to-drain direct tunneling. Consequently, our model accurately represents the drain current-gate voltage relationship in CSFETs. Furthermore, our proposed model is applicable to both CSFETs and conventional MOSFETs. This enables benchmarking analysis between CSFETs and conventional MOSFETs, shedding light on their comparative performance metrics.","1941-0085","","10.1109/TNANO.2024.3442476","Ministry of Science and Technology(grant numbers:2021YFA1200502); National Natural Science Foundation of China(grant numbers:12174423,62174040); ","https://ieeexplore.ieee.org/stamp/stamp.jsp?arnumber=10634842","Field-effect transistor;semiconductor device modeling;machine learning","Integrated circuit modeling;Tunneling;Semiconductor device modeling;Silicon;Field effect transistors;Machine learning;MOSFET;Logic devices","","5","","28","IEEE","13 Aug 2024","2024","","IEEE","IEEE Journals"
"Design-Technology Co-Optimization for Stacked Nanosheet Oxide Channel Transistors in Monolithic 3D Integrated Circuit Design","J. Kwak; G. Choe; S. Yu","School of Electrical and Computer Engineering, Georgia Institute of Technology, Atlanta, GA, USA; School of Electrical and Computer Engineering, Georgia Institute of Technology, Atlanta, GA, USA; School of Electrical and Computer Engineering, Georgia Institute of Technology, Atlanta, GA, USA",IEEE Transactions on Nanotechnology,"11 Sep 2024","2024","23","","622","628","A back-end-of-line (BEOL)-compatible stacked nanosheet tungsten doped indium oxide (IWO) n-type channel transistor is proposed for complementary logic gate operation with front-end-of-line (FEOL) p-type Si transistors. The proposed device structure ensures high on current density (Ion > 544 μA/μm) at VGS = 1 V, compensating for lower electron mobility in IWO (than Si). A comprehensive process flow is proposed to prove its integration potential. A custom monolithic 3D (M3D) process-design-kit (PDK) and standard cell library are developed for design-technology co-optimization (DTCO), examining the power, performance, and area (PPA) trade-offs in representative integrated circuits with ∼ 0.8 million of gates. The Verilog-to-GDS synthesis results show a 47% average area reduction in M3D circuits while maintaining a similar energy-delay-product (EDP) compared to the conventional 2D circuits.","1941-0085","","10.1109/TNANO.2024.3447020","DOE Microelectronics Co-Design Center led by SLAC National Accelerator Laboratory; CHIMES; SRC/DARPA JUMP 2.0 centers; ","https://ieeexplore.ieee.org/stamp/stamp.jsp?arnumber=10643357","Semiconducting oxide channel transistor;monolithic 3D integration (M3D);back-end-of-line (BEOL) compatible transistor;electronic design automation (EDA)","Transistors;Silicon;Nickel;Hafnium oxide;Nanostructures;Monolithic integrated circuits;Electronic design automation and methodology;Indium compounds;Logic circuits","","3","","34","IEEE","21 Aug 2024","2024","","IEEE","IEEE Journals"
"Band-to-Band Tunneling Based Unified RAM (URAM) for Low Power Embedded Applications","A. Lahgere; A. K. Kamal; R. Kumar","Department of Electrical Engineering, Indian Institute of Technology Kanpur, Kanpur, India; Department of Electrical/Electronics Engineering, Atal Bihari Vajpayee Indian Institute of Information Technology and Management, Gwalior, India; Department of Electrical Engineering, Indian Institute of Technology Kanpur, Kanpur, India",IEEE Transactions on Nanotechnology,"18 Sep 2024","2024","23","","629","635","In this article, we have reported a tunnel field-effect transistor (TFET) based unified random access memory (T-URAM), integrating nonvolatile memory (NVM) and single transistor (1T) DRAM into a single TFET device. Unlike previously published URAMs, the proposed T-URAM utilizes band-to-band tunneling (BTBT) conduction for programming both NVM and 1T DRAM. This approach offers two main advantages: low supply voltage requirements and disturbance-free NVM operation. Additionally, T-URAM ensures interference-free memory operation through separate gates for NVM and 1T DRAM. Simulations show that T-URAM requires 1.5× to 4.5× less supply voltage compared to existing URAMs. At 358 K, the retention time (RT) of T-URAM in 1T DRAM mode is 500 ms, which is $\sim$ 62.5× and $\sim$ 7.8× higher than the buried n-well bulk FinFET URAM and ITRS prediction, respectively. For NVM mode, the RT at a gate length of 50 nm matches that of previously reported URAMs. The sense margin of T-URAM in 1T DRAM mode at 358 K is about 1.9 $\mu$A/$\mu$m, which is roughly 7.6× higher than TFT-based URAM. We also propose a 2x2 crossbar memory array implementation using T-URAM. These findings pave the way for designing low-power, multi-purpose embedded memory for future applications.","1941-0085","","10.1109/TNANO.2024.3436014","Department of Science and Technology-Science and Engineering Research Board(grant numbers:EEQ/2022/000023); Indian Institute of Technology Kanpur(grant numbers:IITK/EE/2022047); ","https://ieeexplore.ieee.org/stamp/stamp.jsp?arnumber=10616238","1T DRAM;band-to-band tunneling;nonvolatile memory;tunnel FET;unified random access memory (URAM)","Logic gates;Random access memory;Nonvolatile memory;Silicon;TFETs;Voltage;Germanium","","3","","32","IEEE","31 Jul 2024","2024","","IEEE","IEEE Journals"
"Spatial-SpinDrop: Spatial Dropout-Based Binary Bayesian Neural Network With Spintronics Implementation","S. T. Ahmed; K. Danouchi; M. Hefenbrock; G. Prenat; L. Anghel; M. B. Tahoori","Karlsruhe Institute of Technology, Karlsruhe, Germany; University Grenoble Alpes, Saint-Martin-d'Hères, France; RevoAI GmbH, Karlsruhe, Germany; University Grenoble Alpes, Saint-Martin-d'Hères, France; University Grenoble Alpes, Saint-Martin-d'Hères, France; Karlsruhe Institute of Technology, Karlsruhe, Germany",IEEE Transactions on Nanotechnology,"18 Sep 2024","2024","23","","636","643","Recently, machine learning systems have gained prominence in real-time, critical decision-making domains, such as autonomous driving and industrial automation. Their implementations should avoid overconfident predictions through uncertainty estimation. Bayesian Neural Networks (BayNNs) are principled methods for estimating predictive uncertainty. However, their computational costs and power consumption hinder their widespread deployment in edge AI. Utilizing Dropout as an approximation of the posterior distribution, binarizing the parameters of BayNNs, and further implementing them in spintronics-based computation-in-memory (CiM) hardware arrays can be a viable solution. However, designing hardware Dropout modules for convolutional neural network (CNN) topologies is challenging and expensive, as they may require numerous Dropout modules and need to use spatial information to drop certain elements. In this paper, we introduce MC-SpatialDropout, a spatial dropout-based approximate BayNNs with spintronics emerging devices. Our method utilizes the inherent stochasticity of spintronics devices for efficient implementation of the spatial dropout module compared to existing implementations. Furthermore, the number of dropout modules per network layer is reduced by a factor of $9\times$ and energy consumption by a factor of $300\times$, while still achieving comparable predictive performance and uncertainty estimates compared to related works.","1941-0085","","10.1109/TNANO.2024.3445455","ANR-DFG grant Neuspin Project(grant numbers:ANR-21-FAI1-0008); ","https://ieeexplore.ieee.org/stamp/stamp.jsp?arnumber=10668835","Bayesian neural network;MC-Dropout;spatial dropout;spintronics;uncertainty estimation","Uncertainty;Bayes methods;Spintronics;Hardware;In-memory computing;Convolutional neural networks;Machine learning","","2","","27","IEEE","6 Sep 2024","2024","","IEEE","IEEE Journals"
"Reduced Graphene Oxide-Polydimethylsiloxane Based Flexible Dry Electrodes for Electrophysiological Signal Monitoring","S. Baloda; S. K. Sriram; S. Singh; N. Gupta","Department of Electrical and Electronics Engineering, Birla Institute of Technology and Science (BITS), Pilani, Rajasthan, India; Department of Electrical and Electronics Engineering, Birla Institute of Technology and Science (BITS), Pilani, Rajasthan, India; Semiconductor Devices Design Group, Semiconductor Sensors and Microsystems Group, CSIR-Central Electronics Engineering Research Institute (CEERI), Pilani, Rajasthan, India; Department of Electrical and Electronics Engineering, Birla Institute of Technology and Science (BITS), Pilani, Rajasthan, India",IEEE Transactions on Nanotechnology,"24 Sep 2024","2024","23","","644","651","Graphene-based dry electrodes have shown considerable promise in electrophysiological signal monitoring applications by providing a comfortable, irritant-free alternative to traditional wet electrodes. The proposed electrode was fabricated using a spray-coating technique by depositing reduced graphene oxide (rGO) on a polydimethylsiloxane (PDMS) substrate. The rGO/PDMS dry electrodes exhibit the capability to capture and transmit weak bio-electrical signals such as Electrocardiogram (ECGs) and Electromyogram (EMGs) without significant attenuation or distortion. Experimental results show that when compared to conventional wet Ag/AgCl electrodes, the fabricated rGO/PDMS electrodes measure higher-quality ECG signals with improved SNRs while offering similar contact quality and electrode-skin impedance despite being a dry electrode. The fabricated rGO/PDMS electrodes demonstrated excellent performance and applicability making them suitable for use in wearable long-term health monitoring devices.","1941-0085","","10.1109/TNANO.2024.3459931","Council of Scientific and Industrial Research, India; The Government of India by providing CSIR-SRF Fellowship(grant numbers:09/719(0102)/2019-EMR-I); SERB-DST, India(grant numbers:SPG/2021/003220); ","https://ieeexplore.ieee.org/stamp/stamp.jsp?arnumber=10679620","Bioelectrode;contact quality;electrocardiogram (ECGs);electrode-skin impedance;electromyogram (EMGs);electrophysiological signals;polydimethylsiloxane (PDMS);reduced graphene oxide (rGO);signal-to-noise ratio (SNR)","Electrodes;Electrocardiography;Monitoring;Graphene;Substrates;Temperature measurement;Impedance measurement","","8","","43","CCBY","12 Sep 2024","2024","","IEEE","IEEE Journals"
"MXene- and Graphene-Assisted THz Metamaterial for Cancer Cells Detection Based on Refractive Index Sensing","M. Saqlain; M. A. Baqir; P. K. Choudhury","Department of Electrical and Computer Engineering, COMSATS University Islamabad, Islamabad, Pakistan; Department of Electrical and Computer Engineering, COMSATS University Islamabad, Islamabad, Pakistan; International Research Center for Advanced Photonics, Zhejiang University, Haining, China",IEEE Transactions on Nanotechnology,"24 Sep 2024","2024","23","","652","657","An ultrathin metasurface-based polarization-insensitive single-band terahertz (THz) sensor comprising graphene concentric rings and a thin layer of MXene was investigated for the human body cancer cells detection. The overall metamaterial configuration exhibits single narrow-band nearly-perfect absorption with a high value of quality factor due to a full-width-half-maximum of 0.033 THz at the resonance frequency of 3.793 THz. The results show a high sensitivity of the metamaterial configuration along with a stable operation under different incidence polarizations. The results reveal the designed structure is of potential in biomedical applications.","1941-0085","","10.1109/TNANO.2024.3458427","Zhejiang University(grant numbers:1113000*194232301/002); Higher Education Commission, Pakistan(grant numbers:20-14992/NRPU/ R&D/HEC/2021); ","https://ieeexplore.ieee.org/stamp/stamp.jsp?arnumber=10676018","Metamaterials;photonic sensors;biological cells detection;THz devices;plasmonics","Graphene;Cancer;Sensors;Absorption;Terahertz radiation;Terahertz communications;Fermi level","","29","","52","IEEE","11 Sep 2024","2024","","IEEE","IEEE Journals"
"An Analytical Model Accounting for the Pertinence of Hybrid Tunneling in Bio-TFETs","J. Chowdhury; K. Mahapatra; A. Sarkar; J. K. Das","Department of ECE, National Institute of Technology, Rourkela, India; Department of ECE, National Institute of Technology, Rourkela, India; Department of ECE, Kalyani Government Engineering College, Kalyani, India; School of Electronics Engineering, KIIT DU University, Bhubaneswar, India",IEEE Transactions on Nanotechnology,"30 Sep 2024","2024","23","","658","664","TFETs are being widely considered for next generation computing and sensing applications. They surpass conventional bulk MOSFETs in terms of subthreshold slope, leakage current and short channel effects. This paper presents a semi-analytical model accounting for both point tunneling and line tunneling schemes in a modified split-channel gate overlap source TFET(SC-GOSTFET) architecture. Considering both the tunneling schemes simultaneously along with the added line component enhances the ON-state current thus making the TFETs a better candidate for nano bio-sensors. The increase in length of the tunneling path is the major advantage of this hybrid model. This also helps to ameliorate the effect of quantum confinement in the band edges during band bending. The proposed biosensor shows reasonable agreement with the simulation data obtained from TCAD and 44.21% and 75.62% higher sensitivity over conventional biosensors. Further, the improved ambipolar characteristics can be exploited to influence the detection of a certain category of biomolecules thus increasing the detection range of this hybrid tunneling-based biosensor.","1941-0085","","10.1109/TNANO.2024.3462605","","https://ieeexplore.ieee.org/stamp/stamp.jsp?arnumber=10681317","Ambipolarity;analytical model;biosensor;BTBT;line tunneling;point tunneling","Tunneling;Logic gates;Biosensors;TFETs;Sensitivity;Biological system modeling;Analytical models","","1","","25","IEEE","17 Sep 2024","2024","","IEEE","IEEE Journals"
"Compact and Efficient Transverse Spliced Waveguide Grating Antenna for Integrated Optical Phased Array","D. Maurya; D. Chack; G. Vickey","Department of Electronics Engineering, Indian Institute of Technology (ISM) Dhanbad, Dhanbad, Jharkhand, India; Department of Electronics Engineering, Indian Institute of Technology (ISM) Dhanbad, Dhanbad, Jharkhand, India; Department of Electronics Engineering, Indian Institute of Technology (ISM) Dhanbad, Dhanbad, Jharkhand, India",IEEE Transactions on Nanotechnology,"25 Sep 2024","2024","23","","665","672","Waveguide grating antenna with compact size and high diffraction efficiency remains a significant challenge in beam steering applications for integrated Optical Phased Arrays (OPA). Traditional waveguide grating antennas have large footprints, limiting antenna arrays' density. High diffraction efficiency is essential for effective signal transmission, making it a crucial aspect of antenna design. Optical antennas need higher diffraction efficiency, compact size, and broader field of view to achieve this. The proposed work aims to design a single-etch grating antenna on a silicon-on-insulator (SOI) platform that emits light off-chip. The methodology combines the initial grating antenna designed using Finite-difference time-domain (FDTD) simulations and optimizes it with a genetic algorithm. The proposed design uses a transverse spliced grating, Bragg reflectors, and bottom reflector to achieve an impressive upward diffraction efficiency of nearly 88% operating in C -band centered at 1550 nm. The size of the proposed antenna is 2.8 μm and offers a wide far-field beam width of 38 ° x 136 °. This work enables new advancements in integrated waveguide grating antenna development, with potential applications in free-space optical interconnects and on-chip optical phased arrays.","1941-0085","","10.1109/TNANO.2024.3459472","DST-SERB, Government of India(grant numbers:EEQ/2019/000373); ","https://ieeexplore.ieee.org/stamp/stamp.jsp?arnumber=10679097","Genetic algorithm;grating;optical antenna;optical phased array;silicon photonics;optimization","Optical waveguides;Antennas;Gratings;Arrayed waveguide gratings;Silicon;Time-domain analysis;Finite difference methods","","","","51","IEEE","12 Sep 2024","2024","","IEEE","IEEE Journals"
"Pioneering Multi-Functionality through VO2-Infused Polarization Insensitive Conformal Meta-Structures in Terahertz Regime","A. Raj; R. K. Gangwar; R. K. Chaudhary","Department of Electronics Engineering, Indian Institute of Technology (ISM), Dhanbad, Jharkhand, India; Department of Electronics Engineering, Indian Institute of Technology (ISM), Dhanbad, Jharkhand, India; Department of Electrical Engineering, Indian Institute of Technology, Kanpur, Uttar Pradesh, India",IEEE Transactions on Nanotechnology,"2 Oct 2024","2024","23","","673","676","This letter introduces a conformal multifunctional Terahertz Metamaterial-Resonator (TMR) that achieves ultra-wideband absorption (4.6–9.3 THz) without extra circuit components. Its isotropic design ensures angular and polarization stability on flat and curved surfaces. Utilizing phase-changing Vanadium Oxide (VO2), the TMR reconfigures as an absorber, reflector, or transmissive structure, with simulation results aligning with the derived equivalent circuit model.","1941-0085","","10.1109/TNANO.2024.3462802","Ministry of Electronics and Information Technology(grant numbers:L-14011/29/2021-HRD); Science and Engineering Research Board(grant numbers:CRG/2020/000848); ","https://ieeexplore.ieee.org/stamp/stamp.jsp?arnumber=10681320","Conformal;metamaterial absorber;multi-functional;transmissive structure;vanadium dioxide","Substrates;Terahertz communications;Impedance;Absorption;Wideband;Vanadium;Reflection coefficient","","1","","19","IEEE","17 Sep 2024","2024","","IEEE","IEEE Journals"
"First Realization of Batch Normalization in Flash-Based Binary Neural Networks Using a Single Voltage Shifter","S. Hwang; W. Lee; J. W. Park; D. Suh","Department of AI Semiconductor Engineering, Korea University, Sejong, South Korea; Electronics and Telecommunications Research Institute, Daejeon, South Korea; Electronics and Telecommunications Research Institute, Daejeon, South Korea; Electronics and Telecommunications Research Institute, Daejeon, South Korea",IEEE Transactions on Nanotechnology,"14 Oct 2024","2024","23","","677","683","Batch normalization (BN) is a technique used to enhance training speed and generalization performance by mitigating internal covariate shifts. However, implementing BN in hardware presents challenges due to the need for an additional complex circuit to normalize, scale and shift activations. We proposed a hardware binary neural network (BNN) system capable of BN in hardware, which is consist of an AND-type flash memory array as a synapse and a voltage sense amplifier (VSA) as a neuron. In this system, hardware BN was implemented using a voltage shifter by adjusting the threshold of the binary neuron. To validate the effectiveness of the proposed hardware-based BNN system, we fabricated a charge trap flash with a gate stack of SiO2/Si3N4/SiO2. The electrical characteristics were modelled by using BSIM3 model parameters so that the proposed circuit was successfully demonstrated by a SPICE simulation. Moreover, variation effects of the voltage shifter were also analyzed using Monte Carlo simulation. Finally, the performance of the proposed system was proved by incorporating the SPICE results into a high-level simulation of binary LeNet-5 for MNIST pattern recognition, resulting in the improvement of the proposed system in terms of power and area, compared to the previous studies.","1941-0085","","10.1109/TNANO.2024.3466128","Electronics and Telecommunications Research Institute; Korean Government(grant numbers:24ZS1210); Korea University Grant; ","https://ieeexplore.ieee.org/stamp/stamp.jsp?arnumber=10688406","Hardware batch normalization;hardware binary neural networks;synaptic devices","Hardware;Neurons;Synapses;SPICE;Logic gates;Batch normalization;Neural networks;Flash memories","","2","","25","IEEE","23 Sep 2024","2024","","IEEE","IEEE Journals"
"Research on Photovoltaic Measurement and Electrochemical Impedance Spectroscopy Analysis of Dye-Sensitized Solar Cells With Modification of Photoanodes by TiO2 Nanofibers Composited With Zn2SnO4-SnO2 Under Various Illuminances","Y. -H. Nien; Y. -H. Huang; J. -C. Chou; C. -H. Lai; P. -Y. Kuo; P. -H. Yang; J. -W. Zeng; C. -W. Wang","Graduate School of Chemical and Materials Engineering, National Yunlin University of Science and Technology, Douliou, Taiwan; Graduate School of Chemical and Materials Engineering, National Yunlin University of Science and Technology, Douliou, Taiwan; Graduate School of Electronic Engineering, National Yunlin University of Science and Technology, Douliou, Taiwan; Graduate School of Electronic Engineering, National Yunlin University of Science and Technology, Douliou, Taiwan; Graduate School of Electronic Engineering, National Yunlin University of Science and Technology, Douliou, Taiwan; Graduate School of Electronic Engineering, National Yunlin University of Science and Technology, Douliou, Taiwan; Graduate School of Chemical and Materials Engineering, National Yunlin University of Science and Technology, Douliou, Taiwan; Graduate School of Chemical and Materials Engineering, National Yunlin University of Science and Technology, Douliou, Taiwan",IEEE Transactions on Nanotechnology,"14 Oct 2024","2024","23","","684","691","This study involves the utilization of electrostatic access techniques and the development of ZTO-SnO2/TiO2 nanofibers (NFs) in different ratios of 1%, 3%, and 5%. The dye-sensitized solar cells (DSSCs) efficiency was enhanced through the utilization of ZTO-SnO2 nanofiber composites in photoanodes. According to this study, the 3% ZTO-SnO2/TiO2 nanofiber-modified DSSCs conversion efficiency was better than that of other DSSCs at different light intensities. When the light intensity is 100 mW/cm2, there is a rise in efficiency by 30.91% compared with pure TiO2. The EIS (Electrochemical Impedance Spectroscopy) usage demonstrated that adding ZTO-SnO2 efficiently lowered the photoanode's electron transfer impedance. The higher scattering potential and powerful electron transfer capability have been demonstrated to have a positive effect on increasing the JSC of DSSCs using quantum efficiency studies.","1941-0085","","10.1109/TNANO.2024.3460869","National Science and Technology Council, Taiwan, Republic of China(grant numbers:NSTC 112-2221-E-224-026-); ","https://ieeexplore.ieee.org/stamp/stamp.jsp?arnumber=10680562","Dye-sensitized solar cells (DSSCs);titanium dioxide (tio  $_2$  );nanofibers (NFs);tin dioxide (sno  $_2$  );zinc stannate (zn  $_2$  sno  $_4$  )","Zinc;Photovoltaic cells;Electrons;X-ray scattering;Metals;Electrodes;Crystals","","1","","41","IEEE","16 Sep 2024","2024","","IEEE","IEEE Journals"
"Low Temperature One-Pot Synthesis of rGO Nanorod-PVDF Composite and Fabrication of a Thin Film Solid-State Fractional Order Device","M. R. Samantaray; A. Tapadar; S. Das; N. Chander; A. Adhikary","Department of Metallurgical Engineering and Material Science, IIT Bombay, Mumbai, India; Department of Electrical Engineering, IIT Bhilai, Durg, India; Department of Ceramic Engineering, IIT BHU, Varanasi, India; Department of Electrical Engineering and Department of Electronic and Communication Engineering, IIT Bhilai, Durg, India; Department of Electrical Engineering, IIT Bhilai, Durg, India",IEEE Transactions on Nanotechnology,"14 Oct 2024","2024","23","","692","695","This work proposes a novel, cost-effective, and simplified method to fabricate(reduced graphene oxide (rGO) nanorods. It is demonstrated that when a composite film made of polyvinylidene fluoride (PVDF) and the fabricated rGO is formed on a silver substrate, a unique structural morphology appears. This structure is unlike the general morphological structures of PVDF and rGO. The fabricated rGO has a nanorod-shapes of 0.54 nm to 1.15 $\mu$m length and diameter in the 51$-$ 64 nm range. The presence of $\alpha$ and $\beta$ phase PVDF and rGO in the composite has been confirmed using both X-ray diffractometer and Raman spectroscopy. Impedance characterization of the fabricated device shows constant phase characteristics in the frequency range of 126 kHz to 2 MHz with a constant phase angle at $-63^{\circ }$ to $-78^{\circ }$. This indicates that the proposed rGO Nanorod-PVDF composite is suitable for the fabrication of a thin film fractor (fractional order device) with fractional order $\eta$ = 0.70 to 0.88 and fractance value 0.08 to 3.08 nF$s^{\eta }$.","1941-0085","","10.1109/TNANO.2024.3469973","Indian Institute of Technology Bhilai; Research Initiation(grant numbers:IITBhilai/D/2540,4000700); ","https://ieeexplore.ieee.org/stamp/stamp.jsp?arnumber=10697338","Reduced graphene oxide;fractional order device;morphology;impedance;constant phase;fractance","Nanorods;Fabrication;Graphene;Morphology;Impedance;Substrates;Graphene devices","","2","","29","IEEE","27 Sep 2024","2024","","IEEE","IEEE Journals"
"Full 3-D Monte Carlo Simulation of Coupled Electron-Phonon Transport: Self-Heating in a Nanoscale FinFET","M. Z. Rashid; S. S. Ahmed","School of Electrical, Computer, and Biomedical Engineering, Southern Illinois University Carbondale, Carbondale, IL, USA; School of Electrical, Computer, and Biomedical Engineering, Southern Illinois University Carbondale, Carbondale, IL, USA",IEEE Transactions on Nanotechnology,"24 Oct 2024","2024","23","","696","703","To study coupled electro-thermal transport processes in nanoscale electronic devices, continuum models are no longer sufficient. In this work, we present an effort to couple a three-dimensional (3-D) Monte Carlo Phonon Transport (MCPT) kernel with a 3-D Monte Carlo Electron Transport (MCET) simulator. The phonon-phonon scattering is modeled in relaxation time approximation (RTA) using Holland's formalism. Diffusive boundary collisions for phonons is modeled using the Beckmann-Kirchhoff (B-K) surface roughness scattering formalism considering the effects of phonon wavelength, incident angles and degree of surface roughness. In the electron-phonon coupled platform, acoustic and intervalley g and f type electron-phonon scattering mechanisms are considered and the resulting local temperature modification has been used to bridge the electron and phonon transport paths. The simulator has been validated by modeling the self-heating effect in a nanoscale FinFET device. Here, phonon transport at the oxide-silicon interface has been treated using the Diffuse Mismatch (DM) model, whereas, the phonons in the oxide have been described using the Debye model and temperature and frequency dependent relaxation time. For a FinFET with a gate length of 18 nm, channel width of 4 nm, and a fin height of 8 nm, simulation results show an ON current degradation of as high as ∼7% due to self-heating. The temperature rise in the channel region is found to be ∼30 K.","1941-0085","","10.1109/TNANO.2024.3473931","National Science Foundation(grant numbers:1610474); ","https://ieeexplore.ieee.org/stamp/stamp.jsp?arnumber=10704968","Diffuse mismatch;electro-thermal process;FinFET;monte carlo simulation;self-heating;surface roughness","Phonons;Scattering;Electrons;Mathematical models;Monte Carlo methods;Surface roughness;Nanoscale devices;FinFETs;Electrothermal effects","","1","","47","IEEE","3 Oct 2024","2024","","IEEE","IEEE Journals"
"A Review of Ising Machines Implemented in Conventional and Emerging Technologies","T. Zhang; Q. Tao; B. Liu; A. Grimaldi; E. Raimondo; M. Jiménez; M. J. Avedillo; J. Nuñez; B. Linares-Barranco; T. Serrano-Gotarredona; G. Finocchio; J. Han","Department of Electrical and Computer Engineering, University of Alberta, Edmonton, AB, Canada; Department of Electrical and Computer Engineering, University of Alberta, Edmonton, AB, Canada; Department of Electrical and Computer Engineering, University of Alberta, Edmonton, AB, Canada; Department of Mathematical and Computer Sciences, Physical Sciences and Earth Sciences, University of Messina, Messina, Italy; Department of Mathematical and Computer Sciences, Physical Sciences and Earth Sciences, University of Messina, Messina, Italy; Instituto de Microelectrónica de Sevilla IMSE-CNM, Parque Tecnológico de la Cartuja, CSIC-US, Sevilla, Spain; Instituto de Microelectrónica de Sevilla IMSE-CNM, Parque Tecnológico de la Cartuja, CSIC-US, Sevilla, Spain; Instituto de Microelectrónica de Sevilla IMSE-CNM, Parque Tecnológico de la Cartuja, CSIC-US, Sevilla, Spain; Instituto de Microelectrónica de Sevilla IMSE-CNM, Parque Tecnológico de la Cartuja, CSIC-US, Sevilla, Spain; Instituto de Microelectrónica de Sevilla IMSE-CNM, Parque Tecnológico de la Cartuja, CSIC-US, Sevilla, Spain; Department of Mathematical and Computer Sciences, Physical Sciences and Earth Sciences, University of Messina, Messina, Italy; Department of Electrical and Computer Engineering, University of Alberta, Edmonton, AB, Canada",IEEE Transactions on Nanotechnology,"24 Oct 2024","2024","23","","704","717","Ising machines have received growing interest as efficient and hardware-friendly solvers for combinatorial optimization problems (COPs). They search for the absolute or approximate ground states of the Ising model with a proper annealing process. In contrast to Ising machines built with superconductive or optical circuits, complementary metal-oxide-semiconductor (CMOS) Ising machines offer inexpensive fabrication, high scalability, and easy integration with mainstream semiconductor chips. As low-energy and CMOS-compatible emerging technologies, spintronics and phase-transition devices offer functionalities that can enhance the scalability and sampling performance of Ising machines. In this article, we survey various approaches in the process flow for solving COPs using CMOS, hybrid CMOS-spintronic, and phase-transition devices. First, the methods for formulating COPs as Ising problems and embedding Ising formulations to the topology of the Ising machine are reviewed. Then, Ising machines are classified by their underlying operational principles and reviewed from a perspective of hardware implementation. CMOS solutions are advantageous with denser connectivity, whereas hybrid CMOS-spintronic and phase-transition device-based solutions show great potential in energy efficiency and high performance. Finally, the challenges and prospects are discussed for the Ising formulation, embedding process, and implementation of Ising machines.","1941-0085","","10.1109/TNANO.2024.3457533","Natural Sciences and Engineering Research Council of Canada(grant numbers:RES0048688,RES0051374,RES0054326); Italian Ministry of University and Research(grant numbers:PRIN 2020LWPKH7); Instituto de Microelectrónica de Sevilla IMSE-CNM; NeurONN(grant numbers:871501); ","https://ieeexplore.ieee.org/stamp/stamp.jsp?arnumber=10670493","Ising machines;spintronics;phase-transition devices;oscillator;annealing;combinatorial optimization","Topology;Semiconductor device modeling;Polynomials;Qubit;Vectors;Optical device fabrication;Scalability","","16","","150","IEEE","10 Sep 2024","2024","","IEEE","IEEE Journals"
"Deep Memristive Cellular Neural Networks for Image Classification and Segmentation","A. Horváth; F. Rajki; A. Ascoli; R. Tetzlaff","Faculty of Information Technology and Bionics, Peter Pazmany Catholic University, Budapest, Hungary; Faculty of Information Technology and Bionics, Peter Pazmany Catholic University, Budapest, Hungary; Department of Electronics and Telecommunications, Politecnico di Torino, Turin, Italy; Technische Universität Dresden, Institut für Grundlagen der Elektrotechnik und Elektronik, Dresden, Germany",IEEE Transactions on Nanotechnology,"31 Oct 2024","2024","23","","718","726","We present simulation results of a deep cellular neural network leveraging memristive dynamics to classify and segment images from commonly examined datasets. We have investigated the use of both volatile (NbOx-Mott) and non-volatile (TaOx) memristive devices in memristive cellular neural networks. We simulated deep neural networks using these devices and compared their image classification and segmentation accuracies on commonly investigated datasets to traditional convolutional and cellular architectures of similar complexity. Our results reveal that the exploitation of memristive dynamics in cellular structures can increase classification accuracy by more than 2.5 percent as compared to the traditional convolutional implementations while concurrently improving the mean intersection over union in semantic segmentation on the Cityscapes dataset by 8 percent.","1941-0085","","10.1109/TNANO.2024.3411689","Alfréd Rényi Institute of Mathematics(grant numbers:2018-1.2.1-NKP00008); Exploring the Mathematical Foundations of Artificial Intelligence(grant numbers:TKP2021_02-NVA-27); European Union's Horizon EU research and innovation program(grant numbers:101092096); ","https://ieeexplore.ieee.org/stamp/stamp.jsp?arnumber=10552376","Cellular neural networks;classification;memristor;semantic segmentation","Memristors;Tantalum;Semantic segmentation;Cellular neural networks;Image classification;Niobium compounds;Network architecture","","9","","30","IEEE","10 Jun 2024","2024","","IEEE","IEEE Journals"
"Experimental Investigations and Characterization of Surfactant Activated Mixed Metal Oxide (MMO) Nanomaterial","P. Chellamuthu; K. Savarimuthu; M. G. Nabi Alsath; G. Rajamanickam","Department of Electronics and Communication Engineering, College of Engineering Guindy, Anna University, Chennai, Tamil Nadu, India; Department of Electronics and Communication Engineering, College of Engineering Guindy, Anna University, Chennai, Tamil Nadu, India; Department of Electronics and Communication Engineering, College of Engineering Guindy, Anna University, Chennai, Tamil Nadu, India; Department of Physics, SSN College of Engineering, Kalavakkam, Chennai, Tamil Nadu, India",IEEE Transactions on Nanotechnology,"31 Oct 2024","2024","23","","727","732","A wide range of industrial, environmental, and biomedical applications depend greatly on the development of sensitive and reliable humidity sensors. This work reports an extensive investigation of a nanostructured surfactant such as Sodium Dodecyl Sulfate (SDS) and Cetyltrimethyl Ammonium Bromide (CTAB) activated mixed metal oxide (Zinc Oxide / Nickel Oxide) nanomaterial. The crystal study demonstrates an increase in the ZnO/NiO characteristic peaks (101) and (200), due to surface reactive agents. The increment of CTAB molar ratio has significantly increased the crystallite size, such that the bandgap of ZnO/NiO composite is reduced from 3.37eV to 2.80 eV. Brunauer-Emmitt-Teller (BET) surface area study revealed the production of a mesoporous ZnO with an improvement in the specific surface area from 7.82 to 52.01 m2g−1 with a mean diameter reducing from 22.28 to 18.94 nm for the CTAB molar concentration range of 0.0, 0.5, 1.0, 1.5 and 2.0 M namely SC-1, SC-2, SC-3, SC-4, and SC-5 respectively. The internal resistance achieved for the 2M sample is 1 KΩ, which is suitable for better humidity and gas sensing properties. Hence, the proposed ZnO/NiO metal oxide material is more sensitive to a plurality of analytes by providing an increased BET surface area.","1941-0085","","10.1109/TNANO.2024.3472728","","https://ieeexplore.ieee.org/stamp/stamp.jsp?arnumber=10704061","Hydrothermal;mixed metal oxide;surface reactive agents;BET surface area","Zinc oxide;II-VI semiconductor materials;Surfactants;Metals;X-ray scattering;Sensors;Nanoscale devices;Surface impedance;Absorption;Surface roughness","","","","20","IEEE","2 Oct 2024","2024","","IEEE","IEEE Journals"
"Impact of Electron and Hole Trap Profiles in BE-TOX on Retention Characteristics of 3D NAND Flash Memory","G. Yoon; D. Go; J. Park; D. Kim; J. Kim; U. An; J. Kim; J. -S. Lee; B. D. Kong","Department of Electrical Engineering, Pohang University of Science and Technology, Pohang, South Korea; Department of Electrical Engineering, Pohang University of Science and Technology, Pohang, South Korea; Department of Electrical Engineering, Pohang University of Science and Technology, Pohang, South Korea; Department of Electrical Engineering, Pohang University of Science and Technology, Pohang, South Korea; Department of Electrical Engineering, Pohang University of Science and Technology, Pohang, South Korea; Department of Electrical Engineering, Pohang University of Science and Technology, Pohang, South Korea; Department of Electrical Engineering, Gyeongsang National University, Jinju, Gyeongnam, South Korea; Department of Electrical Engineering, Pohang University of Science and Technology, Pohang, South Korea; Department of Electrical Engineering, Pohang University of Science and Technology, Pohang, South Korea",IEEE Transactions on Nanotechnology,"31 Oct 2024","2024","23","","733","740","Trap profiles in the bandgap-engineered tunneling oxide (BE-TOX) layer of a 3D NAND flash memory were investigated using a transient current trap spectroscopy technique. A new pulse scheme was introduced to generate channel holes and subsequently analyze the hole traps in the BE-TOX layer. In the fresh cell, the hole traps were primarily located at a trap energy level (ET) of 1.1 eV, whereas the electron traps exhibited two distinct peaks at ET = 0.75 and 1.25 eV. With increasing program/erase (P/E) cycling operations, the peak ET associated with hole traps shifted toward shallower levels. Conversely, the electron traps remained unchanged, although their intensities increased. The extracted trap generation exhibited the power-law characteristics.","1941-0085","","10.1109/TNANO.2024.3481392","Samsung-POSTECH Research Center; Samsung(grant numbers:IO201211-08125-01); National Research Foundation of Korea; Korea Government(grant numbers:2020M3H2A1078045); IC Design Education Center; ","https://ieeexplore.ieee.org/stamp/stamp.jsp?arnumber=10720118","3D NAND flash memory;bandgap-engineered tunneling oxide (BE-TOX);program/erase (P/E) cycling;trap profile;transient current trap spectroscopy","Electron traps;Flash memories;Tunneling;Logic gates;Transient analysis;Spectroscopy;Voltage measurement;Stress;Equivalent circuits;Three-dimensional integrated circuits","","1","","38","IEEE","16 Oct 2024","2024","","IEEE","IEEE Journals"
"Design of a Graphene Based Terahertz Perfect Metamaterial Absorber With Multiple Sensing Performance","L. Shakiba; M. R. Salehi; F. Emami","Department of Electrical Engineering, Shiraz University of Technology, Shiraz, Iran; Department of Electrical Engineering, Shiraz University of Technology, Shiraz, Iran; Department of Electrical Engineering, Shiraz University of Technology, Shiraz, Iran",IEEE Transactions on Nanotechnology,"31 Oct 2024","2024","23","","741","747","In this article, the graphene-based metamaterial perfect absorber was investigated in the terahertz region. Due to the geometrical symmetry of the proposed absorber structure, it is insensitive to changes in polarization and its angle, and the absorption value is almost the same over angles from 0 to 90 degrees. According to the configuration of the proposed structure, it is sensitive to changes in the refractive index. Placing graphene on top of the structure improves important sensing parameters, including sensitivity, due to good interaction with the analyte. The proposed structure is being investigated for medical applications including the diagnosis of malaria infection, cancer cells, and hemoglobin identification. The obtained results show the values of sensitivity, figure of merit, and quality coefficient as 2.63(THz/RIU), 175.3(1/RIU), and 523.35, respectively. The accuracy and correctness of the simulation results are checked using the method of equivalent circuit model and transfer matrix method, and there is good agreement between the simulation results and the mentioned methods.","1941-0085","","10.1109/TNANO.2024.3485758","","https://ieeexplore.ieee.org/stamp/stamp.jsp?arnumber=10733738","Refractive index sensor;circuit model;biosensor;metamaterial absorber;terahertz","Graphene;Absorption;Metamaterials;Resonance;Impedance;Conductivity;Gold;Refractive index;Biosensors;Terahertz radiation","","4","","49","IEEE","23 Oct 2024","2024","","IEEE","IEEE Journals"
"High-Speed and Area-Efficient Serial IMPLY-Based Approximate Subtractor and Comparator for Image Processing and Neural Networks","N. Kaushik; B. Srinivasu","School of Computing and Electrical Engineering, Indian Institute of Technology Mandi, Mandi, India; School of Computing and Electrical Engineering, Indian Institute of Technology Mandi, Mandi, India",IEEE Transactions on Nanotechnology,"14 Nov 2024","2024","23","","748","757","In-Memory-Computing (IMC) through memristive architectures has recently gained traction owing to their capacity to perform logic operations within a crossbar, optimizing both area and speed constraints. This paper introduces two approximate serial IMPLY-based subtractor designs, denoted as Serial IMPLY-based Approximate Subtractor Design-1 (SIASD-1), Serial IMPLY-based Approximate Subtractor Design-2 (SIASD-2), with potential applications in image processing and deep neural networks. The proposed designs are implemented in MAGIC topology for comparison, named as Serial MAGIC-based Approximate Subtractor Design-1 (SMASD-1) and Serial MAGIC-based Approximate Subtractor Design-2 (SMASD-2). Moreover, these proposed subtractor designs are extended to design magnitude comparators. IMPLY-based approximate designs improve the overall latency up to 1.67× with energy savings in the range of 17.4% to 40.3% while occupying the same number of memristors for SIASD-1 and an increase of 3 to 5 memristors for SIASD-2, compared to the best existing exact 8-bit serial IMPLY subtractor. SMASD-1 and SMASD-2 improve the latency up to 1.43×, and energy efficiency are up by 77.6% compared to other MAGIC-based exact designs. Additionally, as comparators, the SIASD-1 and SIASD-2 are up to 4.93× faster with energy reduction up to 79.7% compared to their IMPLY-based equivalents. Similarly, the SMASD-1 and SMASD-2 reduce the latency up to 62% with area savings of 77%, compared to MAGIC-based equivalent designs. Furthermore, the proposed subtractor designs undergo analysis in an image processing application called Motion Detection, while the comparators are evaluated in Max Pooling operations. With Peak Signal-to-Noise Ratio (PSNR) and Structural Similarity Index Measure (SSIM) serving as assessment metrics, the proposed designs consistently demonstrate acceptable PSNR and SSIM values, affirming their suitability for these applications.","1941-0085","","10.1109/TNANO.2024.3487223","","https://ieeexplore.ieee.org/stamp/stamp.jsp?arnumber=10737227","IMPLY;MAGIC;subtractor;memristor;adder;in-memory computing;comparator","Memristors;Circuits;Logic;Image processing;Topology;Neural networks;Adders;In-memory computing;PSNR","","2","","30","IEEE","28 Oct 2024","2024","","IEEE","IEEE Journals"
"Modeling and Simulation of Correlated Cycle-to- Cycle Variability in the Current-Voltage Hysteresis Loops of RRAM Devices","E. Salvador; M. B. Gonzalez; F. Campabadal; R. Rodriguez; E. Miranda","Electronic Engineering Department, Universitat Autònoma de Barcelona, Bellaterra, Spain; Institut de Microelectrònica de Barcelona, IMB-CNM, CSIC, Cerdanyola del Valles, Spain; Institut de Microelectrònica de Barcelona, IMB-CNM, CSIC, Cerdanyola del Valles, Spain; Electronic Engineering Department, Universitat Autònoma de Barcelona, Bellaterra, Spain; Electronic Engineering Department, Universitat Autònoma de Barcelona, Bellaterra, Spain",IEEE Transactions on Nanotechnology,"21 Nov 2024","2024","23","","758","764","Resistive RAMs or memristors are nowadays considered serious candidates for the implementation of energy efficient and scalable neuromorphic computing systems. However, a major drawback of this technology is the instability of the device current-voltage (I-V) characteristic as is clearly revealed by the so-called cycle-to-cycle (C2C) variability. This lack of complete reproducibility is a consequence of the spontaneous or induced morphological changes of the filamentary conducting structure occurring at atomic level. Variability is an essential issue any compact model for the conduction characteristics of RRAM devices should be able to cope with to be considered realistic. In this work, a thorough investigation of the C2C variability in the I-V loops of HfO2-based memristive structures was carried out with the aim of incorporating this information into the equations of the Dynamic Memdiode Model. From the compact modeling viewpoint, C2C correlation effects are achieved using model parameters expressed as mean-reverting stochastic processes driven by Wiener noise (Ornstein-Uhlenbeck process). The direct and indirect links between the random behavior of the model parameters and the observable magnitudes (high and low resistance states, set and reset voltages, etc.) are discussed. The agreement between simulation and experimental results is statistically assessed using the Wasserstein's distance metric.","1941-0085","","10.1109/TNANO.2024.3485213","Departament de Recerca I Universitats de la Generalitat de Catalunya(grant numbers:2020FISDU00261); Ramón y Cajal(grant numbers:RYC2020-030150-I); Spanish MCIN/AEI/10.13039/501100011033/FEDER(grant numbers:PID2019-103869RB-C32,PID2022-139586NB-C41,PID2022-139586NB-C42); CSIC funding(grant numbers:20225AT012); ","https://ieeexplore.ieee.org/stamp/stamp.jsp?arnumber=10730782","RRAM;memristor;variability;SPICE","Resistance;Mathematical models;Correlation;Memristors;Hysteresis;Current measurement;Stochastic processes;Semiconductor device modeling;Resistive RAM;SPICE","","3","","34","CCBY","23 Oct 2024","2024","","IEEE","IEEE Journals"
"Dual Metal Split Gate-Based Emulated Synaptic Device With Redacted Plasticity Utilizing Nanogranular Al2O3 Based Ion Conducting Electrolyte","R. Bhadra; R. Kumar; A. Kumar","Nextgen Adaptive Systems Group, Department of Electrical Engineering, National Institute of Technology Patna, Patna, India; Department of Electrical, and Engineering, National Institute of Technology Patna, Patna, India; Nextgen Adaptive Systems Group, Department of Electrical Engineering, National Institute of Technology Patna, Patna, India",IEEE Transactions on Nanotechnology,"28 Nov 2024","2024","23","","765","770","This study emphasizes the utilization of split-gate technology in designing a tunable artificial synapse with high energy efficiency. A split-gate dual metal synaptic transistor (SGDMST) is proposed in this work with an Indium-gallium-zinc-oxide (IGZO) channel and a proton-based nanogranular Al2O3 electrolyte working on an electric-double-layer (EDL) technique. The split gate, along with the dual metal used, allows precise gate control with high energy efficacy and also enhances the potentiation and depression synaptic strengths of the device. Furthermore, extensive studies have been conducted on the impact of scaling channel width and employing either single or dual metal gate electrodes on synaptic properties. The findings demonstrate precise simulations of synaptic processes, including paired-pulse facilitation, Short-Term Plasticity (STP), Long-Term Plasticity (LTP), and depression, and comparisons are drawn based on the variables examined. The results provide a concise overview of the split-gate synaptic device and its potential impact on developing neuromorphic computing systems.","1941-0085","","10.1109/TNANO.2024.3492021","Department of Science and Technology; DST SERB(grant numbers:SRG/2021/002110); ","https://ieeexplore.ieee.org/stamp/stamp.jsp?arnumber=10742951","Split-gate;dual metal gate (DMG);synaptic transistor;electric-double-layer (EDL);indium gallium zinc oxide (IGZO)","Logic gates;Synapses;Split gate flash memory cells;Transistors;Electrolytes;Indium gallium zinc oxide;Neuromorphics;Voltage","","","","38","IEEE","5 Nov 2024","2024","","IEEE","IEEE Journals"
"On Bidirectional Transition Between Threshold and Bipolar Switching in Ag/SiO$_{2}$/ITO Memristors","Z. Li; M. Diwan; P. D. Börner; A. Bablich; H. Schmidt; P. H. Bolívar; B. Choubey","Institute of Analogue Circuits and Image Sensors, University of Siegen, Siegen, Germany; Institute of Analogue Circuits and Image Sensors, University of Siegen, Siegen, Germany; Institute of Analogue Circuits and Image Sensors, University of Siegen, Siegen, Germany; Institute of Graphene-based Nanotechnology, University of Siegen, Siegen, Germany; Institute for Solid State Physics, Friedrich Schiller University Jena, Jena, Germany; Institute of High Frequency and Quantum Electronics, University of Siegen, Siegen, Germany; Institute of Analogue Circuits and Image Sensors, University of Siegen, Siegen, Germany",IEEE Transactions on Nanotechnology,"4 Dec 2024","2024","23","","771","777","An Ag/SiO$_{2}$/ITO thin-film memristor with a simple deposition technique that exhibits bidirectional threshold and bipolar memristive switching is presented. By applying adequate compliance currents, the switching mechanism of the memristor can be transitioned from threshold switching to bipolar switching. The reverse transition, from bipolar to threshold can be realized by applying a large negative current. This bidirectional switching is stable and reproducible, which has been proven by multiple experimental results. In addition, Verilog-A based modeling approach of this directional switching mechanism is also presented.","1941-0085","","10.1109/TNANO.2024.3494856","European Commission (EC) and Bundesministerium für Bildung und Forschung(grant numbers:101007273); Deutsche Forschungsgemeinschaft; Learning to Sense, L2S(grant numbers:FOR 5336); ","https://ieeexplore.ieee.org/stamp/stamp.jsp?arnumber=10748397","Memristor;volatile switching;nonvolatile switching;silver;compliance current","Memristors;Indium tin oxide;Resistance;Electrodes;Sputtering;Current measurement;Switching circuits;Silver;Silicon dioxide","","1","","37","IEEE","8 Nov 2024","2024","","IEEE","IEEE Journals"
"Recessed Trench Gate AlGaN/GaN HEMT for pH Monitoring: Design and Sensitivity Evaluation","R. Poonia; L. Bhargava; A. M. Bhat; C. Periasamy","Department of Electronics and Communication Engineering, Malaviya National Institute of Technology, Jaipur, India; Department of Electronics and Communication Engineering, Malaviya National Institute of Technology, Jaipur, India; Department of Electronics and Communication Engineering, Malaviya National Institute of Technology, Jaipur, India; Department of Electronics and Communication Engineering, Malaviya National Institute of Technology, Jaipur, India",IEEE Transactions on Nanotechnology,"28 Nov 2024","2024","23","","778","785","This work proposed a recessed trench gate AlGaN/GaN HEMT for a potential of hydrogen ion ($\rm H^+$) sensing by eliminating the need for a reference electrode. The proposed device performance has been optimized by simulating the device with the help of the ATLAS device simulation tool, considering the pH model. The sensing surface has been functionalized with APTES to improve the sensor's performance to activate the binding sites. The impact of pH solution on the device characteristic alters the threshold voltage sensitivity, drain current sensitivity, and signal-to-noise ratio. The effect of gate voltage in terms of maximum $\rm g_{m}$ has also been optimized for the maximum sensitivity of the device to the pH solution. The device linearity has been utilized for $\rm VIP_{3}$, $\rm IIP_{3}$, and $\rm IMD_{4}$. The average threshold voltage sensitivity obtained is 160.56 mV/pH, higher than the Nernstian limit (59 mV/pH), and the current sensitivity obtained is 22.93 mA/mm.pH. The device's reliability has been optimized by addressing sensor output drift across various temperature and humidity conditions. These findings suggest that the proposed structure presents a promising alternative to current ion sensing techniques.","1941-0085","","10.1109/TNANO.2024.3422181","","https://ieeexplore.ieee.org/stamp/stamp.jsp?arnumber=10582475","GaN HEMT;pH sensor;temperature effect;reference electrode;charge density","Sensors;HEMTs;Sensitivity;Logic gates;MODFETs;Ions;Electrolytes","","6","","49","IEEE","2 Jul 2024","2024","","IEEE","IEEE Journals"
"Highly Efficient and Controlled Thermomechanical Transfer of Electrospun PVDF Nanofiber on Flexible and Transparent PDMS Substrate","A. Siddiqui; M. Bhattacharjee","i-lab, Electrical Engineering and Computer Science Department, Indian Institute of Science Education and Research Bhopal, Bhopal, India; i-lab, Electrical Engineering and Computer Science Department, Indian Institute of Science Education and Research Bhopal, Bhopal, India",IEEE Transactions on Nanotechnology,"5 Dec 2024","2024","23","","786","793","The growing interest in sensors and microdevices in different applications has led to the exploration of the most efficient and appropriate synthesis methods for flexible device development. In this direction, nanofibers have gained significant attention. However, in many cases, efficient and controlled transfer of nanofibers plays an important role in various device developments. In this study, thermomechanical i.e., temperature and pressure-induced transfer of poly(vinylidene fluoride) (PVDF) electrospun nanofibers on flexible poly(dimethylsiloxane) (PDMS) substrate has been explored. The average diameter of the transferred nanofibers is 169.78 nm. The d33 of PVDF nanofibers was 25 pC/N and F(β) was found to be 80.84%. The synthesized nanofibers have effectively been transferred onto a flexible PDMS substrate with more than 92% retention of optical transparency. It is observed that the transfer of the fibers depends on the applied pressure and adhesion between the materials. Further, it was found that fully cured PDMS substrate heated at 120 °C showed better transfer efficiency (12.544%) with higher stability. The use of PVDF nanofibers along with the inherent flexibility and transparency of PDMS, renders the produced substrate highly promising for the development of low-cost, lightweight, and easily constructed flexible sensors. Moreover, the fabricated nanofibrous mat generated a maximum voltage of 2.78 V on continuous tapping.","1941-0085","","10.1109/TNANO.2024.3496487","Science and Engineering Research Board (SERB) Scientific and Useful Profound Research Advancement (SUPRA), Government of India(grant numbers:SPR/2020/000184); ","https://ieeexplore.ieee.org/stamp/stamp.jsp?arnumber=10750443","Electrospinning;nanofiber;piezoelectric;poly (vinylidene fluoride) (PVDF);sensors","Substrates;Sensors;Optical fiber sensors;Electric fields;Voltage;Thermomechanical processes;Nanomaterials;Piezoelectric effect;Surface morphology","","1","","55","IEEE","12 Nov 2024","2024","","IEEE","IEEE Journals"
"DNA-Based Nanonetwork for Abnormality Detection and Localization in the Human Body","J. T. Gómez; B. D. Unluturk; F. -L. Lau; J. Simonjan; R. Wendt; S. Fischer; F. Dressler","Technical University Berlin, Berlin, Germany; Michigan State University, East Lansing, MI, USA; Universität zu Lübeck, Lübeck, Germany; Technology Innovation Institute, Masdar City, UAE; Universität zu Lübeck, Lübeck, Germany; Universität zu Lübeck, Lübeck, Germany; Technical University Berlin, Berlin, Germany",IEEE Transactions on Nanotechnology,"16 Dec 2024","2024","23","","794","808","This study introduces an innovative DNA-based nanonetwork designed to detect and localize abnormalities within the human body. The concept for the architecture integrates nanosensors, nanocollectors, and a gateway device, facilitating the detection and communication of disease indicators through molecular and intra-body links. Modeling DNA tiles for signal amplification and fusion rules (AND, OR, MAJORITY), the system enhances detection accuracy while enabling real-time localization of health anomalies via machine learning models. Extensive simulations demonstrate the efficacy of this approach in the dynamic environment of human vessels, showing promising detection probabilities and minimal false alarms. This research contributes to precision medicine by offering a scalable and efficient method for early disease detection and localization, paving the way for timely interventions and improved healthcare outcomes.","1941-0085","","10.1109/TNANO.2024.3495541","Deutsche Forschungsgemeinschaft; Project NaBoCom/BodyTalks(grant numbers:DR 639/21-2,FI 605/21-2); Federal Ministry of Education and Research BMBF, Germany(grant numbers:16KIS1986K,16KIS1991); ","https://ieeexplore.ieee.org/stamp/stamp.jsp?arnumber=10748363","DNA tiles;human circulatory system;machine learning;Markov model;nanosensors;nano communication;precision medicine","Nanosensors;Location awareness;Biomarkers;DNA;Molecular communication;Blood flow;Nanoscale devices;Circulatory system;Machine learning;Nanocommunication;Precision medicine","","1","","52","IEEE","11 Nov 2024","2024","","IEEE","IEEE Journals"
"Substitutionally Doped Zigzag Germanium Sulfide Nanoribbon for Interconnect Applications: DFT-NEGF Approach","B. Yadav; P. Srivastava; V. Sharma","Nanomaterial Research Laboratory (NMRL), Department of Engineering Sciences, Atal Bihari Vajpayee-Indian Institute of Information Technology and Management (ABV-IIITM), Gwalior, M.P., India; Nanomaterial Research Laboratory (NMRL), Department of Engineering Sciences, Atal Bihari Vajpayee-Indian Institute of Information Technology and Management (ABV-IIITM), Gwalior, M.P., India; Department of Electronics Engineering, Madhav Institute of Technology and Science (MITS), Gwalior, M.P, India",IEEE Transactions on Nanotechnology,"17 Dec 2024","2024","23","","809","814","Using the first-principles approach, we have probed the electronic, structural, and transport properties of n-doped zigzag germanium sulfide nanoribbons (ZGeSNR) for interconnect application. We have explored two possible cases of sulfur substitution, namely S-substitution at the top edge and S-substitution at the bottom edge. Our calculated formation energy suggests that both the phosphorus (P) and nitrogen (N) doped ZGeSNR configurations were thermodynamically stable. Further, with the $\mathbf {E-k}$ diagram and DOS profile calculation, we also revealed that the doped structure possesses a metallic character in contrast to its pristine counterparts. Finally, two probe device model-based transport analysis were performed to comment on crucial small-signal dynamic parameters $\mathbf {(R_{Q}, L_{K}, C_{Q})}$. The calculation of the transmission channels $\mathbf {(N_{ch})}$ against the variable biased voltage was then investigated, which indicates the lowest and bias-insensitive value of $\mathbf {R_{Q}}$ (6.45 Kohm), $\mathbf {L_{K}}$ $\mathbf {(6.42nH/\mu m)}$, and $ \mathbf {C_{Q}(6.16pF/cm)}$ for ZGeSNR doped with S-site-P (bottom), making it a promising contender for nanoscale interconnect.","1941-0085","","10.1109/TNANO.2024.3504601","","https://ieeexplore.ieee.org/stamp/stamp.jsp?arnumber=10764747","DFT-NEGF;I-V characteristics;nanoscale interconnect;n-type impurity;ZGeSNR","Atoms;Germanium;Doping;Impurities;Sulfur;Geometry;Band structures;Photonic band gap;Nitrogen;Voltage","","5","","42","IEEE","22 Nov 2024","2024","","IEEE","IEEE Journals"
"Analysis of Random Discrete Dopants Embedded Nanowire Resonant Tunnelling Diodes for Generation of Physically Unclonable Functions","P. Acharya; A. Rezaei; A. Sengupta; T. Dutta; N. Kumar; P. Maciazek; A. Asenov; V. Georgiev","James Watt School of Engineering, University of Glasgow, Glasgow, U.K.; School of Informatics, The University of Edinburgh, Edinburgh, U.K.; Division of Physics, School of Basic Sciences, Galgotias University, Greater Noida, Uttar Pradesh, India; James Watt School of Engineering, University of Glasgow, Glasgow, U.K.; James Watt School of Engineering, University of Glasgow, Glasgow, U.K.; James Watt School of Engineering, University of Glasgow, Glasgow, U.K.; James Watt School of Engineering, University of Glasgow, Glasgow, U.K.; James Watt School of Engineering, University of Glasgow, Glasgow, U.K.",IEEE Transactions on Nanotechnology,"16 Dec 2024","2024","23","","815","821","In this work, we have performed quantum mechanical simulations of current flow in double-barrier III-V (GaAs/AlGaAs) nanowire resonant tunneling diodes (RTDs). Our simulations are based on the non-equilibrium Green's function (NEGF) quantum transport formalism implemented within our in-house simulator called NESS (Nano-Electronics Simulation Software). The NEGF formalism allows us to capture the detailed physical picture of quantum mechanical effects such as electrostatic quantum confinement, resonant tunneling of electrons through barriers in such structures and negative differential resistance. Also, by using NESS capabilities, we have simulated RTDs with Random Discrete Dopants (RDDs) as a source of statistical variability in the device. Our work shows that there is a direct correlation between the positions and the numbers of RDDs and main device output characteristics such as resonant-peak voltage and current (V$_\text{r}$ and I$_\text{r}$) variations. Such V$_\text{r}$ and I$_\text{r}$ variability in RTDs is shown to be independent and yet also correlated. Hence, both parameters can be used together to encode information. This provides the opportunity and possibility for using a single or multiple RTDs as Physical Unclonable Functions (PUFs).","1941-0085","","10.1109/TNANO.2024.3504963","Engineering and Physical Sciences Research Council(grant numbers:EP/S001131/1,EP/P009972/1); ","https://ieeexplore.ieee.org/stamp/stamp.jsp?arnumber=10764758","Integrated simulation environment;nano-electronics simulation software (NESS);non-equilibrium Green's function (NEGF);physically unclonable functions (PUFs);quantum device simulator;resonant tunneling diodes (RTDs)","Green's function methods;Resonant tunneling devices;Integrated circuit modeling;Gallium arsenide;Nanoscale devices;Electrons;Phonons;Mathematical models;Simulation;Nanoelectronics;Physical unclonable function","","5","","19","IEEE","22 Nov 2024","2024","","IEEE","IEEE Journals"
"2024 Index IEEE Transactions on Nanotechnology Vol. 23","",,IEEE Transactions on Nanotechnology,"3 Feb 2025","2024","23","","822","847","","1941-0085","","10.1109/TNANO.2025.3537416","","https://ieeexplore.ieee.org/stamp/stamp.jsp?arnumber=10869628","","","","","","0","IEEE","3 Feb 2025","2024","","IEEE","IEEE Journals"
