"Document Title",Authors,"Author Affiliations","Publication Title",Date Added To Xplore,"Publication Year","Volume","Issue","Start Page","End Page","Abstract","ISSN",ISBNs,"DOI",Funding Information,PDF Link,"Author Keywords","IEEE Terms","Mesh_Terms",Article Citation Count,Patent Citation Count,"Reference Count","License",Online Date,Issue Date,"Meeting Date","Publisher",Document Identifier
"Quantitative Understanding of Sub-Threshold Swing of Si MOSFETs at Cryogenic Temperatures Down to 4 K","S. Takagi; M. -S. Kang; K. Toprasertpong; M. Takenaka; H. Oka; T. Mori","Department of Electrical Engineering and Information Systems, The University of Tokyo, Tokyo, Japan; Department of Electrical Engineering and Information Systems, The University of Tokyo, Tokyo, Japan; Department of Electrical Engineering and Information Systems, The University of Tokyo, Tokyo, Japan; Department of Electrical Engineering and Information Systems, The University of Tokyo, Tokyo, Japan; National Institute of Advanced Industrial Science and Technology (AIST), Tsukuba, Ibaraki, Japan; National Institute of Advanced Industrial Science and Technology (AIST), Tsukuba, Ibaraki, Japan",2023 IEEE 23rd International Conference on Nanotechnology (NANO),"1 Sep 2023","2023","","","10","14","The sub-threshold swing (SS) of Si n-MOSFETs is experimentally and systematically evaluated in a temperature range of 300 to 4 K with varying substrate impurity concentrations ($N_{sub}$) from ~1×1016 to ~1×1018 cm−3, in order to obtain a physical understanding of SS at cryogenic temperatures. The saturated SS at low temperatures is found to increase with increasing $N_{sub}$. It is confirmed that the temperature and drain current dependencies of SS are well represented by the conventional model composed of mobile band tail states and localized interface states. On the other hand, the densities of the band tail states and the interface states, assumed in the model, are found to increase with increasing $N_{sub}$. Almost no change in SS with substrate bias suggests that these states can be generated by impurity-induced potential fluctuation.","1944-9380","979-8-3503-3346-6","10.1109/NANO58406.2023.10231231","New Energy and Industrial Technology Development Organization (NEDO)(grant numbers:JPNP16007); ","https://ieeexplore.ieee.org/stamp/stamp.jsp?arnumber=10231231","","Semiconductor device modeling;Temperature distribution;Temperature dependence;Impurities;Tail;Cryogenics;MOSFET circuits","","2","","29","IEEE","1 Sep 2023","2-5 July 2023","2-5 July 2023","IEEE","IEEE Conferences"
"Ultra-Thin CNT/PDMS Nanocomposite Sponge for Pressure Sensing and Acoustic Wave Generation","J. Suo; W. J. Li","Department of Mechanical Engineering, City University of Hong Kong, Hong Kong SAR, China; Department of Mechanical Engineering, City University of Hong Kong, Hong Kong SAR, China",2023 IEEE 23rd International Conference on Nanotechnology (NANO),"1 Sep 2023","2023","","","45","50","Polymer nanocomposites reinforced by conductive nanofiller has attracted much attention due to their enhanced mechanical and electrical properties. We have developed an ultrathin (~400µm) sponge structure with carbon nanotube/polydimethylsiloxane (CNT/PDMS) nanocomposites with adjustable electrical/mechanical properties tunable by changing the CNT concentration in the composite material. In particular, the nanocomposite sponge with low CNT concentration (i.e., CNT: PDMS weight ratio of 3%) was demonstrated to be applicable as a skin-attachable sensor for human physiological signal monitoring due to its biocompatibility and good pressure sensitivity. On the other hand, the sponge nanocomposite with a high CNT concentration (i.e., CNT: PDMS weight ratio of 30%) can be applied as a flexible acoustic wave generator based on the thermoacoustic effect. The fabrication process for this nanocomposite sponge material and various example applications of this material are presented in this paper.","1944-9380","979-8-3503-3346-6","10.1109/NANO58406.2023.10231196","","https://ieeexplore.ieee.org/stamp/stamp.jsp?arnumber=10231196","","Sensitivity;Composite materials;Nanocomposites;Skin;Nanoscale devices;Sensors;Nanostructures","","1","","32","IEEE","1 Sep 2023","2-5 July 2023","2-5 July 2023","IEEE","IEEE Conferences"
"Environment-Friendly Liquid Metal Coating Material for Patterning Soft and Stretchable Electronics at Low Cost","P. Wu; X. Yu","Department of Biomedical Engineering, City University of Hong Kong, China; Department of Biomedical Engineering, City University of Hong Kong, China",2023 IEEE 23rd International Conference on Nanotechnology (NANO),"1 Sep 2023","2023","","","1","4","Wearable flexible electronics can enrich and facilitate people's daily life. However, although exquisite design and complex processes enrich the functions of wearable electronics, high costs also hinder the commercialization of wearable flexible electronics and their applications in everyday life. Herein, we report a low-cost and rapid fabrication approach for wearable flexible electronics. In this approach, liquid metal coating material composed of liquid metal particles and polyvinyl alcohol solution can be mask coated on some substrate materials commonly used in daily life to fabricate desired soft and stretchable patterns for wearable electronics. Further, we characterized the electrical performance of liquid metal coating material for strain sensors, and fabricated soft LED arrays and finger joint motion sensors on disposable nitrile gloves commonly used in the laboratory to demonstrate that this approach is fully capable of manufacturing low-cost disposable wearable electronics. This approach sheds new light on wearable electronics in high demand for short-lived everyday use.","1944-9380","979-8-3503-3346-6","10.1109/NANO58406.2023.10231166","","https://ieeexplore.ieee.org/stamp/stamp.jsp?arnumber=10231166","","Fabrication;Solvents;Liquids;Costs;Wearable computers;Metals;Capacitive sensors","","","","32","IEEE","1 Sep 2023","2-5 July 2023","2-5 July 2023","IEEE","IEEE Conferences"
"High-Frequency Investigation of Polarization Effects in Nanoscale Hafnium-Based Ferroelectrics","D. Mencarelli; G. M. Zampa; L. Pierantoni; M. Dragoman; F. Nastase; S. Vulpe; M. Aldrigo","Information Engineering Department, Universitá Politecnica delle Marche, Ancona, Italy; Information Engineering Department, Universitá Politecnica delle Marche, Ancona, Italy; Information Engineering Department, Universitá Politecnica delle Marche, Ancona, Italy; National Institute for Research and Development in Microtechnologies IMT Bucharest, Voluntari (Ilfov), Romania; National Institute for Research and Development in Microtechnologies IMT Bucharest, Voluntari (Ilfov), Romania; National Institute for Research and Development in Microtechnologies IMT Bucharest, Voluntari (Ilfov), Romania; National Institute for Research and Development in Microtechnologies IMT Bucharest, Voluntari (Ilfov), Romania",2023 IEEE 23rd International Conference on Nanotechnology (NANO),"1 Sep 2023","2023","","","55","58","In this paper, we present for the first time a rigorous multi-physics approach in the time domain to investigate the polarization effects in ultra-thin (i.e., with a thickness smaller than 10 nm) layers of hafnium-based ferroelectrics at GHz frequencies. Starting from the Ginzburg-Landau theory, we have taken into account the full coupling between the material polarization and the Maxwell system of equations, in order to capture the nonlinear effects and the hysteretic residual behavior occurring at high frequencies. A thorough comparison with the measured low-frequency polarization-electric field loops constitutes a basis for the subsequent high-frequency model of the fabricated metal-ferroelectric-metal (MFM) capacitor. Then, by resuming to an electromagnetic model of the MFM capacitor embedded into a coplanar waveguide line, we demonstrate the effects of the ferroelectric hysteresis up to 10 GHz and for an input power of 30 dBm. Finally, we investigate the effect of the conductor losses, that results in a finite field decay length (skin depth) and a spatially distributed charge stored near to the contact interface with the ferroelectric. The proposed methodology can be of great use in predicting and analyzing the performance of devices and components, especially fast switches and transistors, based on nanoscale ferroelectric materials.","1944-9380","979-8-3503-3346-6","10.1109/NANO58406.2023.10231168","","https://ieeexplore.ieee.org/stamp/stamp.jsp?arnumber=10231168","","Couplings;Time-frequency analysis;Ferroelectric materials;Capacitors;Electromagnetic waveguides;Nanoscale devices;Mathematical models","","","","22","IEEE","1 Sep 2023","2-5 July 2023","2-5 July 2023","IEEE","IEEE Conferences"
"CNT-PUFs: Highly Robust Physical Unclonable Functions Based on Carbon Nanotubes","S. Böttger; F. Frank; N. A. Anagnostopoulos; A. Mohamed; M. Hartmann; T. Arul; S. Hermann; S. Katzenbeisser","Center for Microtechnologies and the Research Center for Materials, Architectures and Integration of Nanomembranes, Chemnitz University of Technology, Chemnitz, Germany; Faculty of Computer Science and Mathematics, University of Passau, Passau, Germany; Faculty of Computer Science and Mathematics, University of Passau, Passau, Germany; Center for Microtechnologies and the Research Center for Materials, Architectures and Integration of Nanomembranes, Chemnitz University of Technology, Chemnitz, Germany; Center for Microtechnologies and the Research Center for Materials, Architectures and Integration of Nanomembranes, Chemnitz University of Technology, Chemnitz, Germany; Faculty of Computer Science and Mathematics, University of Passau, Passau, Germany; Center for Microtechnologies and the Research Center for Materials, Architectures and Integration of Nanomembranes, Chemnitz University of Technology, Chemnitz, Germany; Faculty of Computer Science and Mathematics, University of Passau, Passau, Germany",2023 IEEE 23rd International Conference on Nanotechnology (NANO),"1 Sep 2023","2023","","","1","6","In this work, we explore a highly robust and unique Physical Unclonable Function (PUF) based on the stochastic assembly of single-walled Carbon NanoTubes (CNTs) integrated by a cost-efficient printing approach on 200mm silicon wafers. PUFs are hardware security primitives that leverage small physical variations to generate device fingerprints that are hard to simulate or clone. Our work demonstrates exceptionally robust CNT-based PUFs exhibiting a highly uniform distribution of 53.8% 0s and 46.2% 1s with an average fractional intra-device Hamming distance (ℋDintra) of 0.01. For the first time, ℋDintra was calculated from over 28 cyclic electrical measurement sequences for 144-bit PUFs consisting of passivated CNT field-effect transistors. Moreover, we present a broad stability window for the threshold defining the PUF response. It is based on the clearly distinguishable states of the encapsulated PUF cells, leading to fully stable hardware-stored binary keys.","1944-9380","979-8-3503-3346-6","10.1109/NANO58406.2023.10231160","","https://ieeexplore.ieee.org/stamp/stamp.jsp?arnumber=10231160","","Printing;Carbon nanotubes;Physical unclonable function;Time measurement;Stability analysis;Silicon;Robustness","","5","","26","IEEE","1 Sep 2023","2-5 July 2023","2-5 July 2023","IEEE","IEEE Conferences"
"Aharonov-Bohm Oscillations in CVD-grown Graphene Rings","Z. Tang; S. Chen; A. S. Sakar; C. Osuala; S. Strauf; G. Hader; T. Chou; A. Cummings; C. Qu; E. -H. Yang","Department of Mechanical Engineering, Stevens Institute of Technology; Department of Mechanical Engineering, Stevens Institute of Technology; Department of Mechanical Engineering, Stevens Institute of Technology; Department of Physics, Stevens Institute of Technology; Department of Physics, Stevens Institute of Technology; US Army DEVCOM, Armaments Center; Department of Chemical Engineering and Material Science, Stevens Institute of Technology; Catalan Institute of Nanoscience and Nanotechnology (ICN2), CSIC and BIST, Campus UAB, Bellaterra, Barcelona, Spain; Department of Physics, Stevens Institute of Technology; Department of Mechanical Engineering, Stevens Institute of Technology",2023 IEEE 23rd International Conference on Nanotechnology (NANO),"1 Sep 2023","2023","","","65","68","This paper presents Aharonov-Bohm (AB) oscillations in CVD-grown graphene rings. We fabricated graphene rings and characterized their conductance at 4 K under out-of-plane external magnetic fields up to +/-5.6T. Incorporating a baseline subtraction of the original conductance data enabled the observation of two-terminal conductance oscillations with a spacing of ABAB from 2.06 mT to 8.2mT, as expected for an ideal ring with a range of radii from 400 nm to 800 nm. The Fast-Fourier Transform (FFT) data showed a broad band of AB oscillation frequencies that constitute the interval of the h/e fundamental mode given by the sample geometry ranging from 122 to 488 l/T. The broad spread of FFT peaks is due to the relatively large ring width with the aspect ratio of the inner radius r1 and the width $w$ of the ring, $r/w\sim 1$. The overall AB oscillations were comparable to the theoretical prediction. This work shows the AB oscillations at a significantly higher temperature (4K) despite the lower mobility of non-suspended monolayer graphene rings.","1944-9380","979-8-3503-3346-6","10.1109/NANO58406.2023.10231188","","https://ieeexplore.ieee.org/stamp/stamp.jsp?arnumber=10231188","","Temperature measurement;Phase measurement;Graphene;Noise reduction;Transforms;Particle measurements;Numerical simulation","","1","","30","IEEE","1 Sep 2023","2-5 July 2023","2-5 July 2023","IEEE","IEEE Conferences"
"A Variable Latency Ling Adder Based on Brent-Kung Parallel-Prefix Topology","P. Guo; G. Xie; X. Chen; J. Han; Y. Zhang","School of Microelectronics, Hefei University of Technology, Hefei, China; School of Microelectronics, Hefei University of Technology, Hefei, China; School of Microelectronics, Hefei University of Technology, Hefei, China; Department of Electrical and Computer Engineering, University of Alberta, Edmonton, AB, Canada; School of Microelectronics, Hefei University of Technology, Hefei, China",2023 IEEE 23rd International Conference on Nanotechnology (NANO),"1 Sep 2023","2023","","","1","5","For emerging applications, such as deep learning, design complexity can be reduced to lower hardware costs by releasing the strict requirement of computing accuracy. In this paper, a variable latency Ling adder (VLLA) with reduced propagation delay is proposed to produce exact results in most cases through a speculative operation. When an error is detected, the error detection and correction modules are activated to generate exact results. All circuits are synthesized in the Synopsys Design Compiler with a TSMC 65 nm standard cell library and evaluated for the error probability in MATLAB. Experimental results show that the proposed VLLA achieves reductions in power and smallest average delay by up to 17% and 23%, respectively, compared to the original exact Ling adder (LA). In addition, the proposed VLLA achieves reductions of 8%, 18%, 11.4%, and 7.6% in power, smallest average delay, area average-delay product, and power average-delay product, compared to an existing variable latency adder (VLA).","1944-9380","979-8-3503-3346-6","10.1109/NANO58406.2023.10231157","","https://ieeexplore.ieee.org/stamp/stamp.jsp?arnumber=10231157","Approximate computing;parallel-prefix adder;Ling adder;error correction","Simulation;Libraries;Hardware;Delays;Topology;Adders;Standards","","1","","11","IEEE","1 Sep 2023","2-5 July 2023","2-5 July 2023","IEEE","IEEE Conferences"
"Analog Memristor Counter Arrays","S. P; A. A R; C. R; A. James","School of Electronic Systems and Automation, Digital University, Kerala, India; School of Electronic Systems and Automation, Digital University, Kerala, India; Indian Institute of Information Technology and Management, Kerala, India; School of Electronic Systems and Automation, Digital University, Kerala, India",2023 IEEE 23rd International Conference on Nanotechnology (NANO),"1 Sep 2023","2023","","","111","116","Counters are widely used for implementing counting, clocking, and computations. The digital counters are usually implemented with flipflops using clocked mechanisms. Counters can consume a large area on chip, as the number of bits per count increases. Counting large numbers requires higher bits or use design methods making use of memories for scalability. Alternatively, in the paper, we present the use of memristor nodes for counting application. Each counter is implemented with a single memristor node and each count is encoded as a memristive conductive state. The conductance of the nodes in the crossbar is incremented or decremented to represent a count value. Also, the proposed method shows the possibility of implementing a larger number of counters in a single crossbar. The proposed counter design is evaluated using Voltage Threshold Adaptive Memristor (VTEAM) model. The on-chip area and power requirements of the proposed circuit is calculated and compared with counter array design using memristor crossbars.","1944-9380","979-8-3503-3346-6","10.1109/NANO58406.2023.10231189","","https://ieeexplore.ieee.org/stamp/stamp.jsp?arnumber=10231189","Memristor;Analog Counter;Crossbar arrays;Mixed signal","Multiplexing;Scalability;Design methodology;Memory management;Memristors;Bridge circuits;Threshold voltage;System-on-chip;Arrays;Nanotechnology","","1","","20","IEEE","1 Sep 2023","2-5 July 2023","2-5 July 2023","IEEE","IEEE Conferences"
"A Novel Flexible Artificial Synapse Based on Pseudocapacitor for High-Accuracy Neuromorphic Computing","B. F. Yang; D. Wang; J. Wang; Z. Y. Zhou; X. D. Huang","Key Laboratory of MEMS of the Ministry of Education, School of Electronic Science and Engineering, Southeast University, Nanjing, China; Key Laboratory of MEMS of the Ministry of Education, School of Electronic Science and Engineering, Southeast University, Nanjing, China; Key Laboratory of MEMS of the Ministry of Education, School of Electronic Science and Engineering, Southeast University, Nanjing, China; Key Laboratory of MEMS of the Ministry of Education, School of Electronic Science and Engineering, Southeast University, Nanjing, China; Key Laboratory of MEMS of the Ministry of Education, School of Electronic Science and Engineering, Southeast University, Nanjing, China",2023 IEEE 23rd International Conference on Nanotechnology (NANO),"1 Sep 2023","2023","","","117","120","Memristors have been suggested as competitive candidates to implement artificial synapses, which can be integrated into the neuromorphic computing architectures. However, several non-ideal factors including non-linearity and asymmetry of weight update during long-term potentiation (LTP) and long-term depression (LTD) processes restrict the practical application of the memristor based artificial synapses. In this work, a novel flexible artificial synapse based on polyaniline (PANI) pseudocapacitor is proposed. The device exhibits typical pseudocapacitive characteristics during cyclic voltammetry (CV) tests. In addition, essential synaptic plasticity such as short-term plasticity, long-term plasticity and experience-dependent learning are successfully emulated based on the electrochemical reactions of hydrogen ions. More importantly, this artificial synapse shows low non-linearity (0.36/-1.23 for LTP/LTD) and asymmetry (0.19) of weight update. By incorporating the LTP/LTD characteristics of our artificial synapse, the three-layer artificial neural network (ANN) achieves a high recognition accuracy of 97% on the MNIST data set, demonstrating its great potential in neuromorphic computing systems.","1944-9380","979-8-3503-3346-6","10.1109/NANO58406.2023.10231230","","https://ieeexplore.ieee.org/stamp/stamp.jsp?arnumber=10231230","Artificial synapse;neuromorphic computing;non-linearity;asymmetry;pseudocapacitor","Electric potential;Neuromorphic engineering;Hydrogen;Memristors;Artificial neural networks;Ions;Depression","","","","23","IEEE","1 Sep 2023","2-5 July 2023","2-5 July 2023","IEEE","IEEE Conferences"
"CMOS-PCM Based Artificial Thermosensory Neuron for Bio-Inspired Sensing","M. Kumar; S. S. Bezugam; M. Suri","Department of Electrical Engineering, Indian Institute of Technology, Delhi, India; Department of Electrical Engineering, Indian Institute of Technology, Delhi, India; Department of Electrical Engineering, Indian Institute of Technology, Delhi, India",2023 IEEE 23rd International Conference on Nanotechnology (NANO),"1 Sep 2023","2023","","","121","126","We propose a hybrid CMOS-PCM (Phase-Change Memory) based artificial thermosensory neuron with integrated synaptic module for neuromorphic sensing applications. We exploit the volatile Ovonic-Threshold-Switching (OTS) behaviour of a PCM cell for emulating the spiking neuronal activity. Thermally driven OTS voltage reduction trend of a PCM cell helps to modulate firing frequency of the proposed sensory neuron with increasing temperature. The proposed neuron circuit is capable of sensing a temperature range from 273K to 353 K. Furthermore, we propose a Spiking Neural Network (SNN) of size 784×196 × 10 for MNIST, Fashion-MNIST data based image classification, where gray-scale pixel values are considered as temperature profiles. The proposed SNN was trained with Back-Propagation (BP) algorithm for 100 epochs. We achieved maximum 99.21 % (/95.5%) train (/test) accuracy on MNIST dataset, whereas on Fashion-MNIST dataset, maximum train (/test) accuracy was 92.18% (/83.24%). Through network simulations, we also investigated the impact of resistance drift behavior of PCM synaptic devices on the proposed SNN application.","1944-9380","979-8-3503-3346-6","10.1109/NANO58406.2023.10231240","","https://ieeexplore.ieee.org/stamp/stamp.jsp?arnumber=10231240","","Temperature sensors;Temperature distribution;Service robots;Neurons;Voltage;Robot sensing systems;Phase change memory","","","","38","IEEE","1 Sep 2023","2-5 July 2023","2-5 July 2023","IEEE","IEEE Conferences"
"Oxide-based Memory Devices as Artificial Dendrites for Neuromorphic Hardware","M. Kumar; M. Suri","Department of Electrical Engineering, Indian Institute of Technology-Delhi, New Delhi, India; Department of Electrical Engineering, Indian Institute of Technology-Delhi, New Delhi, India",2023 IEEE 23rd International Conference on Nanotechnology (NANO),"1 Sep 2023","2023","","","1","6","In this paper, we propose the emulation of artificial dendrite-like behavior by utilizing Oxide-based Resistive Memory (OxRAM) devices for brain-inspired neuromorphic computing hardware. Through our experiments, we demonstrate non-linear integration and excitatory/ inhibitory characteristics of the proposed dendrite behavior. To demonstrate the temporal filtering behavior i.e low pass filtering phenomenon observed in biological counterpart, we characterized our proposed electronic dendrite from 19.23 Hz to 2.38 kHz frequency range. The proposed artificial dendrite exhibits the linearly decreasing trend of output current gain versus frequency. Electrical characterizations of the proposed OxRAM based dendrite over multiple cycles ensures reliable operation. Moreover, we compared the proposed work with other artificial dendrite emulations in literature. Our proposed electronic dendrite can save >5× die-area and achieves ~2.5× higher integration to filtering current ratio (ILRS/IHRS as compared to CMOS/NVM (Non-Volatile Memory) counterparts.","1944-9380","979-8-3503-3346-6","10.1109/NANO58406.2023.10231171","","https://ieeexplore.ieee.org/stamp/stamp.jsp?arnumber=10231171","","Filtering;Neuromorphic engineering;Nonvolatile memory;Emulation;Programming;Hardware;Nanoscale devices","","2","","31","IEEE","1 Sep 2023","2-5 July 2023","2-5 July 2023","IEEE","IEEE Conferences"
"Polymer Matrix Nanocomposites as Photoacoustic Transmitters for Epiretinal Prosthetics","J. B. Spicer; J. Kang; A. L. Patterson; E. M. Boctor","Johns Hopkins University, Baltimore, MD, USA; Johns Hopkins University, Baltimore, MD, USA; Johns Hopkins University, Baltimore, MD, USA; Johns Hopkins University, Baltimore, MD, USA",2023 IEEE 23rd International Conference on Nanotechnology (NANO),"1 Sep 2023","2023","","","133","136","Polymer matrix nanocomposites can serve as photoacoustic transmitters in epiretinal prosthetic devices. Pulsed laser excitation of these materials initiates photothermoelastic processes producing acoustic waves that are emitted by the material and can acoustically neuromodulate retinal tissues. For the nanocomposites described in this work, the nanoparticles serve as optical absorbers that rapidly heat the matrix when excited by short duration laser pulses. The localized thermal expansion of the matrix launches ultrasonic waves that propagate in the nanocomposite and can couple to external media by transmission across the material boundary. In this work, these materials are analyzed for use as an acoustic transmitter in an epiretinal prosthetic that might be used to provide functionality to retinal structures that have deteriorated as a result of disease processes.","1944-9380","979-8-3503-3346-6","10.1109/NANO58406.2023.10231283","","https://ieeexplore.ieee.org/stamp/stamp.jsp?arnumber=10231283","","Nanoparticles;Stimulated emission;Nanocomposites;Retina;Optical transmitters;Optical pulse generation;Neuromodulation","","2","","21","IEEE","1 Sep 2023","2-5 July 2023","2-5 July 2023","IEEE","IEEE Conferences"
"Peculiarities of Atomic Structure of Nanoscaled Ge2Sb2Te5 Films Modified by Bismuth Impurity","S. Sultanbekov; A. Aldongarov; N. Almas","Department of Science and Innovation, Astana IT University, Kazakhstan; Volkovgeology JSC, Kazatomprom, Almaty, Kazakhstan; Department of Technical Physics, L.N. Gumilyov Eurasian National University, Astana, Kazakhstan",2023 IEEE 23rd International Conference on Nanotechnology (NANO),"1 Sep 2023","2023","","","1","6","Chalcogenide glassy semiconductors (CGSs) have now found application in numerous devices of micro-nano- and optoelectronics. To date, the increased interest of researchers is caused by the creation of devices for non-volatile phase change random access memory (PC-RAM) based on these materials. Despite the widespread use of CGS in various electronic devices, today the problem of effective control of their electronic properties remains relevant since the classical methods for controlling the properties of semiconductors with a crystal structure for CGS turned out to be ineffective. In the present work, we have fabricated bismuth-doped Ge2Sb2Te5 films using direct current ion-plasma sputtering method. High resolution TEM analysis showed that the structure of films with a Bi impurity concentration of 12.54 at. % is an amorphous matrix with isolated crystalline nanoregions of metallic bismuth, $\sim 8$ nm in size. The crystal structure of pure and modified with bismuth Ge2Sb2Te5 films was studied by Quantum espresso simulation (DFT). It was noted that in modified Ge2Sb2Te5 films with bismuth, the improved quantum chemical properties were observed for the Ge2Sb2Te5 during the doping with bismuth. Studies of the current-voltage characteristic resulted in the identification of the reversible switching effect in the bismuth-modified Ge2Sb2Te5 film.","1944-9380","979-8-3503-3346-6","10.1109/NANO58406.2023.10231170","","https://ieeexplore.ieee.org/stamp/stamp.jsp?arnumber=10231170","","Nonvolatile memory;Films;Impurities;Discrete Fourier transforms;Doping;Crystals;Switches","","1","","25","IEEE","1 Sep 2023","2-5 July 2023","2-5 July 2023","IEEE","IEEE Conferences"
"Cascaded Photo-Carrier Multiplication in Graphene-Oxide-Semiconductor (GOS)","S. C. Bodepudi; M. Ali; M. A. Anwar; X. Liu; M. Malik; Y. Dong; Y. Xu","ZJU-Hangzhou Global Scientific and Technological Innovation Center, State Key Laboratory of Silicon Materials, School of Micro-Nano Electronics, Zhejiang University, Zhejiang University, Hangzhou, China; ZJU-Hangzhou Global Scientific and Technological Innovation Center, State Key Laboratory of Silicon Materials, School of Micro-Nano Electronics, Zhejiang University, Zhejiang University, Hangzhou, China; ZJU-Hangzhou Global Scientific and Technological Innovation Center, State Key Laboratory of Silicon Materials, School of Micro-Nano Electronics, Zhejiang University, Zhejiang University, Hangzhou, China; ZJU-Hangzhou Global Scientific and Technological Innovation Center, State Key Laboratory of Silicon Materials, School of Micro-Nano Electronics, Zhejiang University, Zhejiang University, Hangzhou, China; ZJU-Hangzhou Global Scientific and Technological Innovation Center, State Key Laboratory of Silicon Materials, School of Micro-Nano Electronics, Zhejiang University, Zhejiang University, Hangzhou, China; ZJU-Hangzhou Global Scientific and Technological Innovation Center, State Key Laboratory of Silicon Materials, School of Micro-Nano Electronics, Zhejiang University, Zhejiang University, Hangzhou, China; ZJU-Hangzhou Global Scientific and Technological Innovation Center, State Key Laboratory of Silicon Materials, School of Micro-Nano Electronics, Zhejiang University, Zhejiang University, Hangzhou, China",2023 IEEE 23rd International Conference on Nanotechnology (NANO),"1 Sep 2023","2023","","","145","150","Carrier multiplication (CM) is a fundamental mechanism that dictates the intrinsic gain or amplification in electronic and optoelectronic devices. Integrating 2D materials with bulk (3D) semiconductors allows enhanced CM and carrier transport pathways often not observed in conventional devices. Recent studies have demonstrated the potential of graphene-oxide-semiconductor (GOS) structures in ultrafast and broadband image sensing. This study investigates the multi-stage carrier multiplication of photoexcited carriers in GOS samples under deep depletion (DD). We observed that the multiplication factor is larger than 200 under pulsed light excitation, presumably due to two-stage cascaded carrier multiplication in SiO2 and the depletion region in Si. This study reveals a spectrum of carrier generation and multiplication mechanisms in the GOS device scheme that were hitherto not reported before.","1944-9380","979-8-3503-3346-6","10.1109/NANO58406.2023.10231309","NSFC(grant numbers:9216106,U22A2076); ","https://ieeexplore.ieee.org/stamp/stamp.jsp?arnumber=10231309","Graphene-oxide-Semiconductor (MOS);Carrier Multiplication (CM);Deep depletion (DD);Avalanche injection","Silicon compounds;Electric potential;Three-dimensional displays;Optoelectronic devices;Silicon;Broadband communication;Sensors","","","","27","IEEE","1 Sep 2023","2-5 July 2023","2-5 July 2023","IEEE","IEEE Conferences"
"Optically Controlled Charge Trapping Memory Based on Spin Coated Hafnium Diselenide Flakes","B. Alqahtani; N. El Atab","King Abdullah University of Science and Technology; Program of Electrical and Computer Engineering, Computer Electrical Mathematical Sciences and Engineering, King Abdullah University of Science and Technology, Thuwal, Saudi Arabia",2023 IEEE 23rd International Conference on Nanotechnology (NANO),"1 Sep 2023","2023","","","151","154","This paper demonstrates the seamless fabrication of optoelectronic memory by integrating HfSe2 as a charge-trapping layer in a MOS memory structure. Through a spin coating technique, solution-processable HfSe2 flakes with average thicknesses of 2 nm were deposited between the tunneling and blocking oxide layers. The charge-trapping material distribution and thickness were explored by Atomic Force Microscopy and X-ray Diffraction Spectroscopy. The electrical characterization of MOS memory revealed a memory window of 5.5 Volts under ±16 Volts biasing. Furthermore, the memory endurance exceeds 104 electrical programming and erasing cycles. The retention test performed at room temperature showed that the memory device is expected to lose only 10% of the stored charges after 10 years. Under light stimuli (405nm wavelength and output power ~ 20 mW) with electrical readout voltage, the MOS memory showed an increase in the memory window from 5.5 Volts to 6.5 Volts.","1944-9380","979-8-3503-3346-6","10.1109/NANO58406.2023.10231218","King Abdullah University of Science and Technology; ","https://ieeexplore.ieee.org/stamp/stamp.jsp?arnumber=10231218","","Temperature measurement;Performance evaluation;Spectroscopy;Optical diffraction;Optical device fabrication;Programming;X-ray diffraction","","","","17","IEEE","1 Sep 2023","2-5 July 2023","2-5 July 2023","IEEE","IEEE Conferences"
"Design and Fabrication of Terahertz (THz) Antenna Using Aerosol Jet Printing","A. E. Uya; S. Lamsal; S. Itapu; F. X. Li; P. Cortes; G. Trovato; L. Dong; V. Borra","Rayen School of Engineering, Youngstown State University, Youngstown, OH, USA; Rayen School of Engineering, Youngstown State University, Youngstown, OH, USA; Dept. of ECE, Alliance College of Engineering & Design, Alliance University, Bengaluru, India; Rayen School of Engineering, Youngstown State University, Youngstown, OH, USA; Rayen School of Engineering, Youngstown State University, Youngstown, OH, USA; Dept. of Electrical Engineering and Computer Science, Cleveland State University, Cleveland, OH, USA; Dept. of Electrical Engineering and Computer Science, Cleveland State University, Cleveland, OH, USA; Rayen School of Engineering, Youngstown State University, Youngstown, OH, USA",2023 IEEE 23rd International Conference on Nanotechnology (NANO),"1 Sep 2023","2023","","","157","161","Terahertz (THz) technology has emerged as a promising field for various applications, including imaging, spectroscopy, and wireless communication. However, designing and fabricating terahertz antennas presents several challenges, such as material selection, fabrication precision, and integration with other components. This paper presents the design, fabrication, and characterization of a compact microstrip terahertz antenna with dimensions of 3mm x 2mm, leveraging Aerosol Jet Printing (AJP) technology, which enables the direct printing of functional materials with high resolution and accuracy, for its fabrication. The proposed antenna was designed for operation in a specific terahertz frequency range, considering the dielectric properties of the substrate and conductive properties of the printed metallic layer. We performed simulations to optimize the antenna's performance, followed by the fabrication process using AJP. The fabricated antenna was characterized by measuring its radiation pattern, gain, and return loss, demonstrating satisfactory performance in the targeted frequency range. The results indicate that AJP technology is a viable and efficient approach for fabricating terahertz antennas with high precision and reduced complexity, potentially paving the way for further advancements in terahertz technology and its applications.","1944-9380","979-8-3503-3346-6","10.1109/NANO58406.2023.10231203","","https://ieeexplore.ieee.org/stamp/stamp.jsp?arnumber=10231203","","Fabrication;Antenna measurements;Printing;Wireless communication;Simulation;Microstrip antennas;Frequency measurement","","6","","37","IEEE","1 Sep 2023","2-5 July 2023","2-5 July 2023","IEEE","IEEE Conferences"
"Micro-manipulation Method of Dual Directions Magnetic Driving Synthetic Micro-Wedge Structure","X. You; W. Guo; Z. Chu; J. Cui","Department of Instrumentation and Optoelectronic Engineering, Beihang University; Department of Instrumentation and Optoelectronic Engineering, Beihang University; Department of Instrumentation and Optoelectronic Engineering, Beihang University; department of Mechanical Engineering and Applied Electronics, Beijing University of Technology",2023 IEEE 23rd International Conference on Nanotechnology (NANO),"1 Sep 2023","2023","","","162","167","With the development of micro-electronics and ultra-precision machining technology, the precision picking and releasing of micro-scale devices are urgently needed in the manufacturing process of micro-electronic products. However, the existing robot micromanipulation techniques have the problems of low release success rate and difficult to guarantee the stability of the picking process. This paper explores the micro-wedges deformation under the action of external magnetic field and proposes two controllable interface adhesion regulation methods: the single positive direction magnetic field controls deformation and recovery of wedges as the first regulation method, which can ensure the stability in the picking process, and the second regulation method is anisotropic deformation of wedges under the dual directions magnetic field, which can greatly improve the success rate of release due to contact only at the single wedge in release stage. The normal adhesion force test and the micron-scale silicon wafer transport experiment also proves the feasibility of the two regulation methods, among which normal adhesion force can be decreased 78-fold by changing contact area via the dual directions magnetic field.","1944-9380","979-8-3503-3346-6","10.1109/NANO58406.2023.10231263","","https://ieeexplore.ieee.org/stamp/stamp.jsp?arnumber=10231263","","Deformation;Adhesives;Force;Process control;Switches;Regulation;Silicon","","1","","21","IEEE","1 Sep 2023","2-5 July 2023","2-5 July 2023","IEEE","IEEE Conferences"
"Video Rate Fast Imaging for AFM-Based Nano Manipulations","Y. Wang; Y. Xue; X. Liu; J. Zhang; N. Xi","The Department of Industrial and Manufacturing Systems Engineering, The University of Hong Kong, Pokfulam, Hong Kong; The Department of Industrial and Manufacturing Systems Engineering, The University of Hong Kong, Pokfulam, Hong Kong; The Department of Industrial and Manufacturing Systems Engineering, The University of Hong Kong, Pokfulam, Hong Kong; Shenzhen Academy of Robotics, Shenzhen, Guangdong, China; The Department of Industrial and Manufacturing Systems Engineering, The University of Hong Kong, Pokfulam, Hong Kong",2023 IEEE 23rd International Conference on Nanotechnology (NANO),"1 Sep 2023","2023","","","168","173","Atomic force microscopy (AFM) as an imaging device is now also widely used for nanomanipulation. However, the complexity of the nano-environment leads to easy probe-nanoparticle separation during manipulation, which also leads to ineffective manipulation. By modeling and simulating the tip of the probe, this paper proposes a geometry-based probe-nanoparticle state judgment model, which analyzes the deformation of the probe-nanoparticle under different contact modes. Furthermore, this paper also attempts to explain the reasons behind the separation of probe-nanoparticles during manipulation, and proposes a method for the detection of separation events and the judgment of the separation direction. To recover the nanoparticle positions in time when the separation event occurs during manipulation, a fast local scan and image recovery strategy is proposed in this paper. By compressing the sampling area, adjusting the sampling order, and setting dual judgment criteria, recovery can be quickly accomplished. The experimental results show that the nanoparticle position is recovered with high speed and accuracy during nanomanipulation. This work has positive significance for improving the efficiency and fluency of nanomanipulation and reducing the manipulated stopping time.","1944-9380","979-8-3503-3346-6","10.1109/NANO58406.2023.10231193","","https://ieeexplore.ieee.org/stamp/stamp.jsp?arnumber=10231193","AFM;nanomanipulation;probe-nanoparticle;separation;local scan","Deformable models;Analytical models;Image coding;Deformation;Force;Nanoscale devices;Complexity theory","","","","19","IEEE","1 Sep 2023","2-5 July 2023","2-5 July 2023","IEEE","IEEE Conferences"
"In-Situ Sensing Internal Structure of Single Cell by Robotic Ausculation","Y. Xue; Y. Wang; X. Liu; J. Zhang; N. Xi","Department of Industrial and Manufacturing Systems Engineering, The University of Hong Kong, Pokfulam, Hong Kong; Department of Industrial and Manufacturing Systems Engineering, The University of Hong Kong, Pokfulam, Hong Kong; Department of Industrial and Manufacturing Systems Engineering, The University of Hong Kong, Pokfulam, Hong Kong; Shenzhen Academy of Robotics, Shenzhen, Guangdong, China; Department of Industrial and Manufacturing Systems Engineering, The University of Hong Kong, Pokfulam, Hong Kong",2023 IEEE 23rd International Conference on Nanotechnology (NANO),"1 Sep 2023","2023","","","174","179","Cytoskeletal architecture, transmembrane proteins, and signaling pathways cooperate together into one large system that can communicate with the extracellular microenvironment and inner organelles to regulate various cell behaviors, such as morphological changes, proliferation, and migration. The viscoelastic properties are important label-free biomarkers for revealing the cellular mechanical architecture. Atomic force microscopy (AFM) is one of the pioneering research tools used to investigate multiparametric mechanical mapping at the single-cell level without compromising the living condition of the cell. Conventional AFM mechanical measurements depend on the movements of a piezoelectric actuator attached to the probe for motion control. Various types of measurements can be performed, such as indentation, force relaxation, creep, and microrheology. However, due to the contact mechanism between the sample and probe, the measurements are dominated by the near-membrane structure of the cell. Based on active microrheology, the auscultation nanorobot has been developed with an external high-speed actuator and sensor system. The external mechanical excitation travels from the focal adhesion complex to the cellular membrane while the probe maintains motion similar to stress relaxation. With the decoupling of signals acquired by active microrheology and auscultation, the internal structure of a single cell can be revealed.","1944-9380","979-8-3503-3346-6","10.1109/NANO58406.2023.10231173","","https://ieeexplore.ieee.org/stamp/stamp.jsp?arnumber=10231173","atomic force microscopy;microrheology;living cell;cytoskeleton;nanorobot","Atomic force microscopy;Microprocessors;Force;Computer architecture;Robot sensing systems;Sensor systems;Sensors","","","","15","IEEE","1 Sep 2023","2-5 July 2023","2-5 July 2023","IEEE","IEEE Conferences"
"An Integrated Platform for the Assessment of Fluorescent Signals in Hydrogel Beads Produced by Droplet Microfluidics","K. N. Borg; G. Cheng; A. Shetty; T. Wang; C. Tesauro; B. R. Knudsen; Y. -P. Ho","Department of Biomedical Engineering, The Chinese University of Hong Kong, Hong Kong SAR; Department of Biomedical Engineering, The Chinese University of Hong Kong, Hong Kong SAR; Department of Biomedical Engineering, The Chinese University of Hong Kong, Hong Kong SAR; Department of Biomedical Engineering, The Chinese University of Hong Kong, Hong Kong SAR; VPCIR Biosciences ApS, Denmark; Department of Molecular Biology and Genetics, Aarhus University, Denmark; Department of Biomedical Engineering, The Chinese University of Hong Kong",2023 IEEE 23rd International Conference on Nanotechnology (NANO),"1 Sep 2023","2023","","","180","184","Biomedical applications using hydrogel beads as incubators are continuously developing. Herein, we present a platform streamlining the production of hydrogel beads, detection of fluorescent signals, and post-analysis, using polyacrylamide (PAA) beads produced by droplet microfluidics as a model. A customized optical detection module is integrated with the data acquisition and analysis modules developed by LabVIEW and Python, respectively. The platform is evaluated by a series of characterizations. We expect to promote this platform for the quantitative assessment of biochemical reactions occurring in the PAA- based incubators.","1944-9380","979-8-3503-3346-6","10.1109/NANO58406.2023.10231287","Research Grants Council (General Research Fund)(grant numbers:CUHK 14207121); ","https://ieeexplore.ieee.org/stamp/stamp.jsp?arnumber=10231287","","Integrated optics;Biomedical optical imaging;Hydrogels;Production;Fluorescence;Decoding;Probes","","","","16","IEEE","1 Sep 2023","2-5 July 2023","2-5 July 2023","IEEE","IEEE Conferences"
"Effect of Annealing on Drug Release and Nanocoating of Antibacterial Schanz Pin","T. Chartpitak; K. Riansuwan; W. Ritshima; N. Nasongkla","Faculty of Engineering, Mahidol University, Nakhon Pathom, Thailand; Faculty of Medicine, Siriraj Hospital, Mahidol University, Bangkok, Thailand; Orthopesia Co., Ltd, Samut Prakan, Thailand; Faculty of Engineering, Mahidol University, Nakhon Pathom, Thailand",2023 IEEE 23rd International Conference on Nanotechnology (NANO),"1 Sep 2023","2023","","","185","190","Nanocoating applications for antibacterial coating of medical devices have garnered interest in recent years. Many coating techniques have been developed; however, dip coating and spray coating are the simplest and easiest to transfer to upscaled production. Moreover, annealing treatment has been shown to alter the properties of the polymer film and alter the release profile. In this study, Vancomycin was entrapped on the threaded region of Schanz pin with a poly(3-caprolactone) film by layer-by- layer dip coating and spray coating. The results of the sample subjected to a 1-hour annealing treatment at 45°C were compared with those of the control sample that didn't undergo annealing. The study showed that the combination of spray coating of PCL nanosphere with dip coating and annealing treatment could reduce the burst release of vancomycin and prolong its release from coated Schanz pin for up to 28 days. Annealing caused a 10% reduction in the burst release phase of the release profile, while also prolonging a similar release of vancomycin for 1 week. Annealing also had an impact on the morphology of the coating. FESEM observations showed that annealing reduced the porosity of the coating, with deposited nanospheres partially melting together with the film. The results suggested that the annealing process contributed to a less porous and denser PCL film, thus decreasing the diffusion rate of vancomycin through the film. This method also provides another venue for tuning the properties of the polymeric nanocoating, which are not affected by the common limitation of the upscaling process.","1944-9380","979-8-3503-3346-6","10.1109/NANO58406.2023.10231190","","https://ieeexplore.ieee.org/stamp/stamp.jsp?arnumber=10231190","N anofabrication;Poly(ε-caprolactone);nanocoating;annealing;drug release","Annealing;Surface morphology;Antibacterial activity;Drug delivery;Dip coating;Pins;Coatings","","1","","20","IEEE","1 Sep 2023","2-5 July 2023","2-5 July 2023","IEEE","IEEE Conferences"
"Nanomaterials for Electromagnetic-Based Diagnostics and Therapeutics","M. B. Lodi; L. Caramazza; M. Thanou; N. Thi Kim Thanh; F. Rossi; D. Serantes; J. Bonello; L. Farrugia; M. Liberti; F. Apollonio; A. Fanti; G. Mazzarella","Department of Electrical and Electronic Engineering, University of Cagliari, Cagliari, IT; Department of information Engineering, Electronics and Telecommunications Sapienza University; Institute of Pharmaceutical Science at Kings College, London, UK; Department of Physics and Astronomy, Biophysics Group, University College London, London, UK; Department of Physics and Astronomy, Biophysics Group, University College London, London, UK; Applied Physics Department, Universidade de Santiago de Compostela; Department of Physics, University of Malta; Department of Physics, University of Malta; Department of information Engineering, Electronics and Telecommunications Sapienza University; Department of information Engineering, Electronics and Telecommunications Sapienza University; Department of Electrical and Electronic Engineering, University of Cagliari, Cagliari, IT; Department of Electrical and Electronic Engineering, University of Cagliari, Cagliari, IT",2023 IEEE 23rd International Conference on Nanotechnology (NANO),"1 Sep 2023","2023","","","191","196","Recently, the use of electromagnetic (EM) fields in biomedical applications is gaining interest due to its potential for improving cancer and inflammatory diseases treatments, as well as diagnostics or monitoring. EM fields such as radiofrequency (RF) and microwave (MW) signals have been studied to remotely induce apoptosis or necrosis of cells, i.e., through hyperthermia. In this field, the advancement in nanotechnology innovation has a key role in enhancing EM-based techniques both for treatments and detection. Thanks to their versatility in terms of size, shape, and composition, nanosystems can be designed and developed to respond to EM fields. Moreover, nanoparticles could be engineered to target the lesions and to improve and localize, the EM fields effects on tissue, thus achieving an effective hyperthermia treatment, or an on-demand drug delivery using nanovectors carrying therapeutic compounds, such as magnetoliposomes. However, to date, there is a lack of an electromagnetic engineering perspective to rationalize and drive the design and application of nanomaterials as electromagnetic-responsive drug delivery platforms or as hyperthermia agents for cancer treatment. In this work, the most recent findings about the main EM-responsive nanomaterials will be provided, while the design, modelling, and application strategies will be analyzed and discussed. Finally, future perspectives will be provided for bridging the gap between nanomaterials science and electromagnetic engineering.","1944-9380","979-8-3503-3346-6","10.1109/NANO58406.2023.10231280","","https://ieeexplore.ieee.org/stamp/stamp.jsp?arnumber=10231280","","Radio frequency;Nanomaterials;Drug delivery;Temperature control;Hyperthermia;Electromagnetics;Cancer","","1","","49","IEEE","1 Sep 2023","2-5 July 2023","2-5 July 2023","IEEE","IEEE Conferences"
"Machine Learning Assisted Soft Error Variation Analysis of Radiation Hardened MRAM Circuit","A. K. Shukla; H. Nehete; P. Kaushik; S. Soni; B. K. Kaushik","Department of Electronics and Communication Engineering, Indian Institute of Technology Roorkee, Roorkee, Uttarakhand, India; Department of Electronics and Communication Engineering, Indian Institute of Technology Roorkee, Roorkee, Uttarakhand, India; Department of Computer Science and Engineering, Indian Institute of Technology Roorkee, Roorkee, Uttarakhand, India; Department of Electronics and Communication Engineering, Indian Institute of Technology Roorkee, Roorkee, Uttarakhand, India; Department of Electronics and Communication Engineering, Indian Institute of Technology Roorkee, Roorkee, Uttarakhand, India",2023 IEEE 23rd International Conference on Nanotechnology (NANO),"1 Sep 2023","2023","","","1","6","Radiation-induced soft errors are becoming more challenging to the reliability of conventional memories with the downscaling process technology and increasing miniaturization of transistors. Spintronic-based memory is a viable contender for addressing this challenge due to its non-volatility, high speed, and radiation tolerance. However, radiation induced charges can still affect hybrid spintronic/CMOS peripheral circuitry. Machine learning (ML) can be a powerful approach for accelerating the analysis of radiation-hardened circuits, especially in the context of magnetic random-access memory (MRAM) technology. This paper proposes a novel machine learning (ML)-assisted approach for investigating the variability of radiation induced charges on radiation hardened MRAM circuit to shorten the loop of technology pathfinding. Our approach is based on training ML based algorithms to predict the probability of soft errors occurring in the radiation hardened (RH)-MRAM circuit. ML algorithms are trained using a combination of simulated data, allowing it to accurately model the effects of radiation-induced disturbances on the circuit. Our ML assisted approach provided a more accurate and efficient analysis of soft errors in the MRAM circuit, with R2 scores of 0.99. Furthermore, significant improvement in prediction time is observed as compared to the SPICE simulation time.","1944-9380","979-8-3503-3346-6","10.1109/NANO58406.2023.10231161","","https://ieeexplore.ieee.org/stamp/stamp.jsp?arnumber=10231161","Machine learning (ML);radiation effects;radiation-hardened;single event upset (SEU);soft error","Training;Machine learning algorithms;Radiation hardening (electronics);Error analysis;Neural networks;Prediction algorithms;SPICE","","2","","24","IEEE","1 Sep 2023","2-5 July 2023","2-5 July 2023","IEEE","IEEE Conferences"
"Novel Radiation-Hardened Designs of Hybrid Spintronic/CMOS Circuit for Multi-Node Upset Tolerance","Z. Wang; Y. Wang; H. Cai","National ASIC System Engineering Center, Southeast University, Nanjing, China; College of Electronic Information and Engineering, Nanjing University of Aeronautics and Astronautics, Nanjing, China; National ASIC System Engineering Center, Southeast University, Nanjing, China",2023 IEEE 23rd International Conference on Nanotechnology (NANO),"1 Sep 2023","2023","","","203","208","Magnetic random access memory (MRAM) enables next-generation higher densities and radiation-hardened main working memory. However, its peripheral CMOS read/write circuits are susceptible to radiation effects. In this paper, we propose two radiation-hardened read circuits for spin transfer torque (STT) MRAM, one for high radiation intensity environments and another for low radiation intensity environments. On the basis of a CMOS 40 nm design kit and a physics-based STT-magnetic tunnel junction compact model, we complete function verification. The moderately-hardened sense amplifier can recover from all single-event upsets (SEUs) and partial double-node upsets (DNUs). The strongly-hardened sense amplifier can resist not only all SEUs and DNUs but also partial triple-node upsets (TNUs) and quadruple-node upsets (QNUs). Moreover, it achieves radiation tolerance up to 60pC.","1944-9380","979-8-3503-3346-6","10.1109/NANO58406.2023.10231252","National Natural Science Foundation of China(grant numbers:62274029,U19A2074); ","https://ieeexplore.ieee.org/stamp/stamp.jsp?arnumber=10231252","STT-MRAM;radiation hardened;single-event upset;multi-node upset","Semiconductor device modeling;Radiation effects;Torque;Random access memory;Resists;Junctions;Integrated circuit modeling","","2","","25","IEEE","1 Sep 2023","2-5 July 2023","2-5 July 2023","IEEE","IEEE Conferences"
"Skyrmionium-Based Leaky Integrate and Fire Neuron","S. Saini; N. Bindal; B. K. Kaushik","Department of Electronics and Communication Engineering, Indian Institute of Technology Roorkee, Roorkee, Uttarakhand, India; Department of Electronics and Communication Engineering, Indian Institute of Technology Roorkee, Roorkee, Uttarakhand, India; Department of Electronics and Communication Engineering, Indian Institute of Technology Roorkee, Roorkee, Uttarakhand, India",2023 IEEE 23rd International Conference on Nanotechnology (NANO),"1 Sep 2023","2023","","","209","214","Neuromorphic computing is an intriguing paradigm for the development of low-power devices. The incorporation of spintronic devices offers nonlinearity and short-term memory effects that are the crucial functions to facilitate the neuromorphic devices with enhanced energy efficiency. A skyrmionium can be considered as one of the promising spin textures for these applications, since it follows straight trajectory along the nanotrack owing to the zero net topological charge. This work proposes a neuron based on the skyrmionium and utilizes the gradient of perpendicular magnetic anisotropy (PMA) on the nanotrack to achieve the leaky-integrate-fire (LIF) functionality. This gradient generates the different energy states and is responsible for inducing the leaky behaviour in the device by moving the skyrmionium in a direction to minimize the energy. It is reported that the suggested device is 15.5% more energy-efficient than the AFM skyrmion-based LIF neuron, dissipating 3.74 fJ of energy per LIF operation. This proposed artificial neuron potentially enable the development of a power-efficient and dense spiking neuromorphic computing system with a straightforward single-device implementation.","1944-9380","979-8-3503-3346-6","10.1109/NANO58406.2023.10231255","","https://ieeexplore.ieee.org/stamp/stamp.jsp?arnumber=10231255","","Neuromorphic engineering;Neurons;Energy efficiency;Energy states;Natural language processing;Trajectory;Perpendicular magnetic anisotropy","","3","","31","IEEE","1 Sep 2023","2-5 July 2023","2-5 July 2023","IEEE","IEEE Conferences"
"Sensitivity analysis in subsurface scanning probe microscopy measurements through stiff capping layers","D. Mukherjee; H. Sadeghian; H. Nijmeijer","Department of Mechanical Engineering, Dynamics and Control Group, Eindhoven University of Technology, Eindhoven, The Netherlands; Nearfield Instruments B.V., Rotterdam, The Netherlands; Department of Mechanical Engineering, Dynamics and Control Group, Eindhoven University of Technology, Eindhoven, The Netherlands",2023 IEEE 23rd International Conference on Nanotechnology (NANO),"1 Sep 2023","2023","","","221","226","Subsurface Scanning Probe Microscopy (SSPM) compliments present optical and electron-beam based techniques (e.g. CD-SEM, x-ray scatterometry, etc.) of measuring through optically opaque layers(for e.g. metals like Ta, W, Ti) by being non-destructive with a greater depth sensitivity for a possible 3-D tomographic reconstruction. With the presence of a certain structure below the surface there is a resultant effective change in local stiffness and, thus, contact resonance. This change can be attributed as a possible reconstruction of what may lie underneath giving directly the local 3-D information. In this work, we investigate imaging of hard copper gratings buried under hard and opaque semiconductor layer of SiCN. The relative difference in stiffness between features is minute and it is hard to sensitively image structures at the scale reported in this work. This work proves that with SSPM, one can sensitively distinguish structures based on the relatively low stiffness difference. Consequently, it is proven as a capable technique that can mitigate the present depth sensitivity and optically opaque subsurface metrological challenges for semiconductor samples. We report a lateral reso-lution down to 20nm while distinguishing structural variations, edge roughness of the gratings, focusing/ de-focusing effect as a function of ultrasonic actuation frequency and depth sensitivity as a function of applied indentation force. As a result, this work emphasizes that SSPM is capable of revealing buried nanostructures and has a potential industrial application in subsurface precision measurement technologies.","1944-9380","979-8-3503-3346-6","10.1109/NANO58406.2023.10231235","","https://ieeexplore.ieee.org/stamp/stamp.jsp?arnumber=10231235","Subsurface;Sensitivity;Optically Opaque;Scanning Probe Microscopy","Semiconductor device measurement;Sensitivity;Ultrasonic variables measurement;Scanning probe microscopy;Optical variables measurement;Optical imaging;Acoustics","","3","","7","IEEE","1 Sep 2023","2-5 July 2023","2-5 July 2023","IEEE","IEEE Conferences"
"Correlation Model for Size Measurement of Nanoparticles by Inductively Coupled Plasma-Mass Spectrometry","J. Shim; Y. H. Park; Y. -H. Yim; S. M. Jang; H. B. Lim","Dept. of Chem., Dankook University, Cheonan, Korea; Dept. of Chem., Dankook University, Korea; Standard Material Team of Inorganic Analysis, KRISS, Daejon, Korea; Dept. of Chem., Dankook University, Cheonan, Korea; Dept. of Chem., Dankook University, Cheonan, Korea",2023 IEEE 23rd International Conference on Nanotechnology (NANO),"1 Sep 2023","2023","","","227","232","A data treatment model for fast and reliable particle size measurement by single particle ICP-MS was developed in this work. The proposed approach is based on the correlation between the known size of nanoparticle vs. the peak area obtained by time-resolved analysis. The designed model showed sufficient reliability and speed for industrial applications depending upon the credibility of correlation curve and the accuracy of particle size. For this, a window method was designed, where the data range is selected to identify ideal peaks in time-resolved spectrum and the average peak area of the particles is estimated from parameter, σ, of its Gauss fitting of the relationship. The regression coefficient (R2) of the correlation curve for commercial Au nanoparticles of <0.999 was obtained in 5 repeated measurements. The method was confirmed using NIST Au standard nanoparticles and the results showed excellent correlation with a R2 of 0.9998. The size of unknown particles determined using the proposed method matched well with that determined using TEM: the values matched within ±12% and the relative expanded uncertainty was 26% for 10 repeated measurements. Furthermore, the developed method was applied to iron oxide (Fe2O3) nanoparticles used in semiconductor manufacturing and the result showed a correlation coefficient of >0.998 as the background subtraction level was adjusted to the mean of blank signal plus 3σ (standard deviation). Overall, the developed method successfully demonstrated great potential for the determination of the size of nanoparticle with high accuracy and speed, especially for on-line monitoring of various chemicals used in the manufacturing of semiconductors.","1944-9380","979-8-3503-3346-6","10.1109/NANO58406.2023.10231313","Ministry of SMEs and Startups (MSS Korea); ","https://ieeexplore.ieee.org/stamp/stamp.jsp?arnumber=10231313","","Nanoparticles;Semiconductor device modeling;Gold;Semiconductor device measurement;Correlation;NIST;Size measurement","","","","24","IEEE","1 Sep 2023","2-5 July 2023","2-5 July 2023","IEEE","IEEE Conferences"
"Impact of Silver Nanoparticles Embedded in a Silica Layer on the Surface Morphology of the Structure: Evaluation by Atomic Force Microscopy","S. Nowa-Tatchun; C. Villeneuve-Faure; L. Boudou; K. Makasheva","LAPLACE (Laboratory on Plasma and Conversion of Energy), CNRS, UT3, INPT, Université de Toulouse, Toulouse, France; LAPLACE (Laboratory on Plasma and Conversion of Energy), CNRS, UT3, INPT, Université de Toulouse, Toulouse, France; LAPLACE (Laboratory on Plasma and Conversion of Energy), CNRS, UT3, INPT, Université de Toulouse, Toulouse, France; LAPLACE (Laboratory on Plasma and Conversion of Energy), CNRS, UT3, INPT, Université de Toulouse, Toulouse, France",2023 IEEE 23rd International Conference on Nanotechnology (NANO),"1 Sep 2023","2023","","","233","236","This work presents a study on the surface morphology of silica-based dielectric structures, homogeneous or nanocomposite, intended to be electrically connected with external circuitry i.e., to receive electrodes on their surface. The evaluation is performed with Atomic Force Microscopy (AFM) and specific attention is paid to the surface waviness, imposed by the presence of silver nanoparticles (AgNPs) embedded very close to the silica layer surface. Such departure from planarity may strongly modify the designed electric field through local enhancements of the applied field (by a factor of 20 or more) and thus, to alter the device performance.","1944-9380","979-8-3503-3346-6","10.1109/NANO58406.2023.10231207","","https://ieeexplore.ieee.org/stamp/stamp.jsp?arnumber=10231207","","Silicon compounds;Performance evaluation;Nanoparticles;Silver;Force;Surface morphology;Morphology","","1","","10","IEEE","1 Sep 2023","2-5 July 2023","2-5 July 2023","IEEE","IEEE Conferences"
"Insights Into a New Geometric Graphene Diode with Ultrahigh Asymmetry Ratio: A Computational Approach","E. Mohebbi; E. Pavoni; L. Pierantoni; P. Stipa; E. Laudadio; D. Mencarelli","Department of Materials, Environmental Sciences and Urban Planning, Marche Polytechnic University, Ancona, Marche, Italy; Department of Materials, Environmental Sciences and Urban Planning, Marche Polytechnic University, Ancona, Marche, Italy; Information Engineering Department, Marche Polytechnic University, Ancona, Italy; Department of Materials, Environmental Sciences and Urban Planning, Marche Polytechnic University, Ancona, Marche, Italy; Department of Materials, Environmental Sciences and Urban Planning, Marche Polytechnic University, Ancona, Marche, Italy; Information Engineering Department, Marche Polytechnic University, Ancona, Italy",2023 IEEE 23rd International Conference on Nanotechnology (NANO),"1 Sep 2023","2023","","","238","242","In this study, we introduce a novel concept of the transport properties of three proposed geometric graphene diodes based on self-consistent charge density functional tight-binding method. The calculations have been performed with bias voltages up to a few volts suitable for electronics applications. Geometrical graphene devices based ballistic region exhibited strong nonlinear I(V) characteristic curves as well as desirable current amounts. The results indicated that the graphene Device C with an edge width 5nm and angle of 47° showed an excellent current value of 213 µA at 1.5V, which was higher than other two devices A and B with edge widths 9 nm and 5nm and corresponding angle 61°. A maximum AR of 2.23 has been achieved at a current of 137 µA for Device C, which is among the highest values for a geometric graphene device reported to date. This study provides a pathway for optimizing the graphene diodes to be used as potential applications for energy harvesting devices.","1944-9380","979-8-3503-3346-6","10.1109/NANO58406.2023.10231305","","https://ieeexplore.ieee.org/stamp/stamp.jsp?arnumber=10231305","","Performance evaluation;Analytical models;Graphene devices;Computational modeling;Predictive models;Nanoscale devices;Energy harvesting","","2","","28","IEEE","1 Sep 2023","2-5 July 2023","2-5 July 2023","IEEE","IEEE Conferences"
"Observation of Spallation in an Isolated Aluminum Nanoparticles and 2D Molybdenum Oxide System by Rapid Plasmonic Heating","N. Zakiyyan; C. Boyle; C. J. Mathai; K. Gangopadhyay; J. McFarland; S. Gangopadhyay; M. R. Maschmann","Department of Electrical and Computer Engineering, University of Missouri, Columbia, USA; Department of Mechanical and Aerospace Engineering, University of Missouri, Columbia, USA; MU Materials Science & Engineering Institute, University of Missouri, Columbia, MO, United States; Department of Electrical and Computer Engineering, University of Missouri, Columbia, USA; J. Mike Walker Department of Mechanical Engineering, Texas A&M University, College Station, TX, USA; MU Materials Science & Engineering Institute, University of Missouri, Columbia, MO, United States; Department of Mechanical and Aerospace Engineering, University of Missouri, Columbia, USA",2023 IEEE 23rd International Conference on Nanotechnology (NANO),"1 Sep 2023","2023","","","243","248","Spallation of aluminum nanoparticles (Al NPs) in the presence of abundant oxidizing species, molybdenum trioxide (MoO3) 2D flakes, is initiated by rapid photothermal heating. Al NPs of various sizes, 50, 80, and 120 nm diameters, and alumina shell thicknesses from 2–4 nm were studied. Photothermal heating was accomplished by coupling of focused blue laser (446 nm wavelength) to an optical grating substrate and to the plasmonic resonance of the Al particles. The heating rate was estimated through COMSOL simulations to be 108 K/s, sufficient for the occurrence of the Melt Dispersion Mechanism (MDM). In some cases, additional heating was provided by the reaction of Al NPs and MoO3. Scanning electron Microscope (SEM) images provided observation of reaction products at reaction sites on the molybdenum oxide flake. Evidence of reactions was seen at both the original particle location and at the secondary sites where spalled particles were located. Product particles were observed with a wide range of sizes, implying that the reaction is a complex process resulting in spallation, and secondary reactions and sintering of spall particles. The inclusion of reaction heating enables spallation of Al NPs with less photothermal heating, and a greater spatial distribution of spalled particles, implying a more energetic reaction mechanism. This mechanism is important for mesoscale nanothermite reactions.","1944-9380","979-8-3503-3346-6","10.1109/NANO58406.2023.10231257","ARO(grant numbers:W911NF-15-1-0136); AFOSR(grant numbers:FA9550-16-1-0146); ","https://ieeexplore.ieee.org/stamp/stamp.jsp?arnumber=10231257","","Nanoparticles;Scanning electron microscopy;Aluminum;Aerospace electronics;Plasmons;Gratings;Fuels","","1","","22","IEEE","1 Sep 2023","2-5 July 2023","2-5 July 2023","IEEE","IEEE Conferences"
"Impact of Production Pathway on Nanoporosity of Carbonaceous Sorbents for CO2 Adsorption","M. Gorbounov; E. Diaz-Vasseur; R. Panek; S. M. Soltani","Department of Chemical Engineering, Brunel University London, Uxbridge, United Kingdom; Department of Chemical Engineering, Brunel University London, Uxbridge, United Kingdom; Department of Construction Materials Engineering and Geoengineering, Lublin University of Technology, Lublin, Poland; Department of Chemical Engineering, Brunel University London, Uxbridge, United Kingdom",2023 IEEE 23rd International Conference on Nanotechnology (NANO),"1 Sep 2023","2023","","","249","254","Climate change requires immediate action from humanity with Carbon Capture and Storage (CCS) standing out as one of the prominent mitigation techniques. Adsorption CCS using carbonaceous nanoporous sorbents has been shown to be a promising route for industrial decarbonization. Such sorbents are often derived from organic waste, with the production pathway consisting of different steps, namely, carbonization, pelletization (with various binders) and activation. The latter two steps, however, could vary in their order, i.e. activation of the pellet versus the pelletization of the activated powder. Herein, both of these approaches have been conducted and the impact of the production pathway (as well as the presence of the binder itself) on the nano-structure of the material has been examined and compared to the “baseline-case” of the non-activated carbon (both powder and pellet). The samples were analyzed via Proximate Analysis, Fourier-Transform Infrared Spectroscopy and Scanning Electron Microscopy. CO2adsorption was evaluated via Thermogravimetric Analysis (TGA). Further, the mechanical properties of the nanoporous pellets were studied.","1944-9380","979-8-3503-3346-6","10.1109/NANO58406.2023.10231299","Engineering and Physical Sciences Research Council (EPSRC); ","https://ieeexplore.ieee.org/stamp/stamp.jsp?arnumber=10231299","","Spectroscopy;Powders;Temperature;Adsorption;Production;Mechanical factors;Stability analysis;Climate change","","1","","36","IEEE","1 Sep 2023","2-5 July 2023","2-5 July 2023","IEEE","IEEE Conferences"
"Performance Comparison of Different Methyl Group Positioning on Salicylic acid Sensitizers for Photoelectrochromic Device","S. I. Lee; J. A. Okwako; S. Han Song; S. Park; T. T. Dao; H. Van Tran; B. O. Aduda; S. Waita; Y. -S. Hong; K. Kwak; S. Hong; C. -H. Han","Photovoltaics Laboratory, Korea Institute of Energy Research, Daejeon, Korea; Photovoltaics Laboratory, Korea Institute of Energy Research, Daejeon, Korea; Photovoltaics Laboratory, Korea Institute of Energy Research, Daejeon, Korea; Photovoltaics Laboratory, Korea Institute of Energy Research, Daejeon, Korea; Photovoltaics Laboratory, Korea Institute of Energy Research, Daejeon, Korea; Photovoltaics Laboratory, Korea Institute of Energy Research, Daejeon, Korea; Department of Physics, University of Nairobi, Nairobi, Kenya; Department of Physics, University of Nairobi, Nairobi, Kenya; Department of Science Education, Seoul National University of Education, Seoul, Korea; Department of Chemistry, Korea University, Seoul, Korea; Photovoltaics Laboratory, Korea Institute of Energy Research, Daejeon, Korea; Photovoltaics Laboratory, Korea Institute of Energy Research, Daejeon, Korea",2023 IEEE 23rd International Conference on Nanotechnology (NANO),"1 Sep 2023","2023","","","255","260","Photoelectrochromic device (PECD) has become an important prospect technology for the deployment as an energy saving smart window in commercial and residential building sector. In this study, the effects of the position of the methyl group in salicylic acid was investigated. Three different types of salicylic acid derivatives namely 3-methylsalicylic acid (3-MSA), 4-methylsalicylic acid (4-MSA) and 5-methylsalicylic acid (5- MSA) were used to sensitize TiO2 layer in PEC device. The experimental results confirmed that the device impregnated with 3-MSA had better coloration depth of 35.79% at 550nm achieved within 2min. The same device experienced fast bleaching speed with 97.25% of the initial transmittance recovered within 2.5hrs. Additionally, a theoretical simulation was performed for 3-MSA, 4-MSA and 5-MSA ligands. The properties of molecular structure and electronic excitation was computed using density functional theory/time dependent density functional theory (DFT/TDDFT) calculation. The obtained results confirmed that electronic excitation and the energy gap between highest occupied molecular orbital and lowest unoccupied molecular orbital (HOMO-LUMO) of the ligands contributes to the coloration and bleaching kinetics. The comprehensive discussion on the theoretical simulation and experimental results contributes to our understanding of the PECD smart window.","1944-9380","979-8-3503-3346-6","10.1109/NANO58406.2023.10231267","Korea Institute of Energy Research(grant numbers:C3-2413); ","https://ieeexplore.ieee.org/stamp/stamp.jsp?arnumber=10231267","Photoelectrochromic device (PECD);Smart window;ligand;methylsalicylic acid;DFT","Performance evaluation;Electric potential;Bleaching;Density functional theory;Orbits;Nanoscale devices;Windows","","3","","20","IEEE","1 Sep 2023","2-5 July 2023","2-5 July 2023","IEEE","IEEE Conferences"
"Quality Control and Cure Status Monitoring Sensor Based on Industrial Carbon Nanotube Masterbatch","B. Mahato; S. V. Lomov; S. G. Abaimov","Center for Petroleum Science and Engineering, Skolkovo Institute of Science and Technology, Moscow, Russia; Center for Petroleum Science and Engineering, Skolkovo Institute of Science and Technology, Moscow, Russia; Center for Petroleum Science and Engineering, Skolkovo Institute of Science and Technology, Moscow, Russia",2023 IEEE 23rd International Conference on Nanotechnology (NANO),"1 Sep 2023","2023","","","261","265","The curing cycles of thermoset polymers dictate the degree of cure and the subsequent material properties and their performance. So, monitoring the degree of cure is crucial. The curing cycles are often changed during the manufacturing process to ensure an acceptable degree of cure while balancing manufacturing time and energy expenses. The conventional methods to monitor curing are expensive, time consuming, require suspension of production process, destructive, limited to few locations, cannot be performed directly on the production line, and come at the cost of increased complexity or compromised mechanical property. Here, we present a novel in-situ nano-engineered, low-cost, easy to operate sensor and non-destructive methodology for determining and continuous monitoring of curing process in a production line without any compromise on mechanical property. The sensor is based on the industrial carbon nanotube masterbatch for thermoset polymer materials. Application of such sensor improves and advances the quality control and increases the productivity of composite manufacturing.","1944-9380","979-8-3503-3346-6","10.1109/NANO58406.2023.10231314","","https://ieeexplore.ieee.org/stamp/stamp.jsp?arnumber=10231314","","Productivity;Suspensions (mechanical systems);Nanocomposites;Quality control;Curing;Carbon nanotubes;Mechanical factors","","2","","14","IEEE","1 Sep 2023","2-5 July 2023","2-5 July 2023","IEEE","IEEE Conferences"
"Numerical Simulations of Silicon Nitride Etching in V-NAND Structures","S. Choi; P. Kim; S. Park; K. Kim; Y. Jung; J. Hong; S. -Y. Kang","Samsung Electronics Co., Ltd., Gyeonggi-do, Korea; Samsung Electronics Co., Ltd., Gyeonggi-do, Korea; Samsung Electronics Co., Ltd., Gyeonggi-do, Korea; Samsung Electronics Co., Ltd., Gyeonggi-do, Korea; Samsung Electronics Co., Ltd., Gyeonggi-do, Korea; Samsung Electronics Co., Ltd., Gyeonggi-do, Korea; Samsung Electronics Co., Ltd., Gyeonggi-do, Korea",2023 IEEE 23rd International Conference on Nanotechnology (NANO),"1 Sep 2023","2023","","","266","269","This work proposes the modeling for predicting the etching process of silicon nitride films in phosphoric acid. The model is established based on the Eley-Rideal surface reaction mechanism and validated by the comparisons against experimental data. The results indicate successful agreements between the computational data and the experimental measurements in the etching amount and Si(OH)4 concentration during the etching of Si3N4 using H3PO4 solution.","1944-9380","979-8-3503-3346-6","10.1109/NANO58406.2023.10231226","","https://ieeexplore.ieee.org/stamp/stamp.jsp?arnumber=10231226","","Computational modeling;Films;Silicon nitride;Predictive models;Numerical simulation;Etching;Data models","","2","","16","IEEE","1 Sep 2023","2-5 July 2023","2-5 July 2023","IEEE","IEEE Conferences"
"A Modern Formulation of Knudsen Diffusion with Applications to Nanofabrication","L. F. Aguinsky; A. Toifl; F. Rodrigues; A. Hössinger; J. Weinbub","Christian Doppler Laboratory for High Performance TCAD, Institute for Microelectronics, TU Wien, 1040 Wien, Austria; Christian Doppler Laboratory for High Performance TCAD, Institute for Microelectronics, TU Wien, 1040 Wien, Austria; Christian Doppler Laboratory for High Performance TCAD, Institute for Microelectronics, TU Wien, 1040 Wien, Austria; Silvaco Europe Ltd., Cambridge, United Kingdom; Christian Doppler Laboratory for High Performance TCAD, Institute for Microelectronics, TU Wien, 1040 Wien, Austria",2023 IEEE 23rd International Conference on Nanotechnology (NANO),"1 Sep 2023","2023","","","270","275","Knudsen diffusion is a transport process characterized by a diffusivity being derived from molecule-geometry interactions instead of molecule-molecule collisions. It is a well-established theory, having been introduced in the early 20th century. Nonetheless, in its earliest days, the development of the Knudsen diffusion theory was troubled with misconceptions regarding its application to geometries with arbitrary cross-sections which were gradually addressed over the subsequent decades. More recently, this theory has been applied to nanoscale processing techniques, most notably CVD and ALD. However, some of the aforementioned historical misconceptions were perpetuated in these recent works. Here, we present a modern formulation of Knudsen diffusion theory which addresses these issue by incorporating a dependence on the view factor. We recover the classical Knudsen diffusivity results for a long cylinder and, subsequently, we discuss the issues which arise when attempting to rigorously derive the commonly-used hydraulic diameter approximation for rectangular trenches. Finally, we apply the Knudsen diffusion theory to two different problems in nanofabrication. We investigate aspect ratio dependent reactive ion etching, highlighting the importance of controlling the interactions with the sidewall passivation layer. Through an innovative integration of Knudsen diffusion, direct visibility contributions, and crystallographic-orientation dependent growth rates within a commercial topography simulator, we are able to reproduce the heteroepitaxial growth of 3C-SiC on Si micro-pillars, showcasing a path for future process optimization.","1944-9380","979-8-3503-3346-6","10.1109/NANO58406.2023.10231251","Austrian Science Fund(grant numbers:J 4684-N); ","https://ieeexplore.ieee.org/stamp/stamp.jsp?arnumber=10231251","","Hydraulic diameter;Geometry;Nanofabrication;Surfaces;Ions;Silicon;Nanoscale devices","","","","25","IEEE","1 Sep 2023","2-5 July 2023","2-5 July 2023","IEEE","IEEE Conferences"
"An Electromechanical Compact Model for Radio Frequency Flexible Graphene Field-Effect Transistor","W. Zheng; Y. Wang; Y. Wu; Y. Xu","School of Electrical Science and Engineering, University of Electronic Science and Technology of China, Chengdu, P. R. China; School of Electrical Science and Engineering, University of Electronic Science and Technology of China, Chengdu, P. R. China; School of Electrical Science and Engineering, University of Electronic Science and Technology of China, Chengdu, P. R. China; School of Electrical Science and Engineering, University of Electronic Science and Technology of China, Chengdu, P. R. China",2023 IEEE 23rd International Conference on Nanotechnology (NANO),"1 Sep 2023","2023","","","276","279","Modeling of radio frequency (RF) flexible electronic device is still a challenge due to lack of accurate model. In this paper, a compact model for RF flexible graphene field effect transistor (FGFET) is presented. The model is established by introducing first-principle calculation and tight-binding approach to calculate quantum capacitance and channel charge. After that, the model is established by drift-diffusion equation based on density of states (DOS) calculation and the nonlinear capacitance is deduced. Based on the compact model of quantum capacitance, and nonlinear capacitance, the extrinsic cutoff frequency $(f_{\mathrm{T}})$ and extrinsic maximum oscillation frequency $(f_{\max})$ are simulated. The results are validated by scattering (S) parameters measured up to 40 GHz. Moreover, within a maximum uniaxial strain of 2%, the simulated data show good agreement with the measured data of $f_{\mathrm{r}}$ and $f_{\max}$. The results of this paper will pave the way for RF applications of flexible electronics.","1944-9380","979-8-3503-3346-6","10.1109/NANO58406.2023.10231202","","https://ieeexplore.ieee.org/stamp/stamp.jsp?arnumber=10231202","","Radio frequency;Solid modeling;Graphene;Cutoff frequency;Predictive models;Strain measurement;Mathematical models","","","","23","IEEE","1 Sep 2023","2-5 July 2023","2-5 July 2023","IEEE","IEEE Conferences"
"A Blueprint for Machine Learning Accelerators Using Silicon Dangling Bonds","S. S. H. Ng; H. N. Chiu; J. Retallick; K. Walus","Department of Electrical and Computer Engineering, University of British Columbia, Vancouver, Canada; Department of Electrical and Computer Engineering, University of British Columbia, Vancouver, Canada; Department of Electrical and Computer Engineering, University of British Columbia, Vancouver, Canada; Department of Electrical and Computer Engineering, University of British Columbia, Vancouver, Canada",2023 IEEE 23rd International Conference on Nanotechnology (NANO),"1 Sep 2023","2023","","","1","6","As we approach the limit of transistor scaling, an appealing alternative in the form of quantum dots made of silicon dangling bonds (SiDBs) has been experimentally demonstrated to be capable of realizing sub-30 nm2 logic gates. The introduction of SiQAD, a calibrated computer-aided design tool for the design and simulation of SiDBs, has further enabled the rapid exploration of this novel design space outside of experimental laboratories. Motivated by these advances and by identifying recent demands in machine learning acceleration, this paper proposes an architecture for an SiDB inference accelerator. Area and power estimates are made based on existing logic components and power models, the results are compared against Google's TPUv1. At the same clock rate, the proposed SiDB inference accelerator offers up to 10× improvement in area efficiency and orders of magnitude improvement in power efficiency, showing tremendous promise for further research into this novel platform technology.","1944-9380","979-8-3503-3346-6","10.1109/NANO58406.2023.10231158","","https://ieeexplore.ieee.org/stamp/stamp.jsp?arnumber=10231158","","Semiconductor device modeling;Design automation;Costs;Quantum dots;Machine learning;Computer architecture;Silicon","","2","","40","IEEE","1 Sep 2023","2-5 July 2023","2-5 July 2023","IEEE","IEEE Conferences"
"Percolation Nature of Threshold Switching: an Experimental Verification","S. Devkota; B. M. Kuzior; V. G. Karpov; D. G. Georgiev; F. Li; V. Borra","Electrical and Computer Engineering program, Youngstown State University, Youngstown OH, OH, USA; Electrical and Computer Engineering program, Youngstown State University, Youngstown OH, OH, USA; Department of Physics and Astronomy and Department of Electrical Engineering and Computer Science respectively, University of Toledo, Toledo, OH, USA; Department of Physics and Astronomy and Department of Electrical Engineering and Computer Science respectively, University of Toledo, Toledo, OH, USA; Electrical and Computer Engineering program, Youngstown State University, Youngstown OH, OH, USA; Electrical and Computer Engineering program, Youngstown State University, Youngstown OH, OH, USA",2023 IEEE 23rd International Conference on Nanotechnology (NANO),"1 Sep 2023","2023","","","1","5","This paper details a process used to create an interconnect in a conducting systems, such as amorphous or polycrystalline semiconductors. An experimental verification on the plasticity that supports the percolation conduction mechanism is provided. The plasticity observed in the sample could be harnessed in the development of new electronic devices that require flexibility and adaptability, such as wearable electronics and bendable screens. Overall, TEM characterization, in combination with SAED analysis, revealed a highly oriented crystalline structure in the sample. In addition, the results of this study have implications for the design of new memory devices that are based on a percolation conduction mechanism, which could potentially lead to the development of more efficient and reliable non-volatile storage technologies.","1944-9380","979-8-3503-3346-6","10.1109/NANO58406.2023.10231165","","https://ieeexplore.ieee.org/stamp/stamp.jsp?arnumber=10231165","","Nonvolatile memory;II-VI semiconductor materials;Wearable computers;Memory management;Switches;Chromium;Reliability engineering","","2","","22","IEEE","1 Sep 2023","2-5 July 2023","2-5 July 2023","IEEE","IEEE Conferences"
"QuChain: On the Security and Privacy of Peer-to-Peer System using Blind Quantum Computation","M. W. Hafiz; B. D. Deebak; A. Majeed; S. O. Hwang","Department of Computer Engineering, Gachon University, Seongnam, South Korea; Department of IT Convergence Engineering, Gachon University, Seongnam, South Korea; Department of Computer Engineering, Gachon University, Seongnam, South Korea; Department of Computer Engineering, Gachon University, Seongnam, South Korea",2023 IEEE 23rd International Conference on Nanotechnology (NANO),"1 Sep 2023","2023","","","1","6","Quantum threats to blockchain technology have become a pressing concern since the advent of quantum computing has the potential to undermine system security and trust. These advances might jeopardize the cryptographic techniques that are currently employed to protect and verify authenticity in blockchain systems. This article discusses the significance of quantum computing as a threat to blockchain systems, as well as the potential of adopting blind quantum computation to mitigate threats. The tremendous blind quantum computation approach for blockchain technology enables the classical processing of encrypted data to protect records in a quantum-resistant manner while disclosing no information about the data itself.","1944-9380","979-8-3503-3346-6","10.1109/NANO58406.2023.10231156","","https://ieeexplore.ieee.org/stamp/stamp.jsp?arnumber=10231156","","Resistance;Privacy;Quantum computing;Scalability;Pressing;Blockchains;Peer-to-peer computing","","1","","47","IEEE","1 Sep 2023","2-5 July 2023","2-5 July 2023","IEEE","IEEE Conferences"
"A Pseudo-Random Number Generator Circuit for Nanoscale Stochastic Computing (SC)","P. Junsangsri; F. Lombardi","The School of Engineering, Wentworth Institute of Technology, Boston, MA, USA; Electrical and Computer Engineering, Northeastern University, Boston, MA, USA",2023 IEEE 23rd International Conference on Nanotechnology (NANO),"1 Sep 2023","2023","","","299","304","In most nanoscale stochastic computing designs, the Stochastic Number Generator (SNG) circuit is of primary importance, but it may require considerable area due to its complexity. This paper proposes a new design for pseudo-random number generators (RNGs) to be used in SNGs. The proposed RNG design exploits the randomness between each bit of data to generate larger sets of random numbers by concatenating the modules of the proposed customized linear feedback shift registers (LFSRs). To efficiently generate random data, a plane of RNGs (consisting of multiple modules) is proposed; a so-called sliding window approach is utilized for reading data in both directions; so horizontal and vertical. Therefore, the sets of random numbers are generated by doubling the datasets and inverting the duplicated datasets. Flip-Flops (FFs) are then used to isolate the datasets and reduce the correlation among them. Compared to existing designs found in the technical literature, the proposed nanoscale RNG design offers many advantages such as small area per RNG, low power operation, generated large datasets and higher accuracy.","1944-9380","979-8-3503-3346-6","10.1109/NANO58406.2023.10231187","","https://ieeexplore.ieee.org/stamp/stamp.jsp?arnumber=10231187","pseudo-Random Number Generator (RNG);Stochastic Computing (SC);Stochastic Number Generator (SNG)","Multiplexing;Correlation;Linear feedback shift registers;Mean square error methods;Logic gates;Generators;Nanoscale devices","","2","","13","IEEE","1 Sep 2023","2-5 July 2023","2-5 July 2023","IEEE","IEEE Conferences"
"Assessing the Role of Dielectric Phase Defects in Doped Ferroelectric HfO2 Integrated in Negative Capacitance Field-Effect Transistors","M. Sritharan; H. Lee; Y. Yoon","The Department of Electrical and Computer Engineering, Waterloo Institute for Nanotechnology (WIN), University of Waterloo, Waterloo, Ontario, Canada; The Department of Electrical and Computer Engineering, Waterloo Institute for Nanotechnology (WIN), University of Waterloo, Waterloo, Ontario, Canada; The Department of Electrical and Computer Engineering, Waterloo Institute for Nanotechnology (WIN), University of Waterloo, Waterloo, Ontario, Canada",2023 IEEE 23rd International Conference on Nanotechnology (NANO),"1 Sep 2023","2023","","","305","310","The existence of cubic, tetragonal, and monoclinic phases and the resulting loss in ferroelectricity in doped ferro-electric (FE) HfO2 complicate the optimization and practical implementation of FE-HfO2-based negative capacitance (NC) field-effect transistors (FETs). We set out to understand the consequences of these dielectric phase defects in doped FE-HfO2 on steep-switching device performance through self-consistent quantum transport simulations. Our findings show that although DE defects worsen the subthreshold swing (SS) of the NC devices, it also favorably narrows the hysteretic window. Defects close to the middle of the potential barrier have the strongest influence on device performance by pushing the top of the barrier down while defects nearing the drain contribute the least to carrier transport and current. Through dimension scaling, we also demonstrate how the contributions from a fixed width of DE defect can be adopted to still generate favorable NC characteristics for logic devices.","1944-9380","979-8-3503-3346-6","10.1109/NANO58406.2023.10231224","Canada First Research Excellence Fund; ","https://ieeexplore.ieee.org/stamp/stamp.jsp?arnumber=10231224","","Performance evaluation;Iron;Dielectrics;Hafnium compounds;Quantum capacitance;Optimization;Nanotechnology","","1","","5","IEEE","1 Sep 2023","2-5 July 2023","2-5 July 2023","IEEE","IEEE Conferences"
"Simplified Closed-Loop Thermal Feedback System in Flexible form Factor for Prosthesis","W. Park; X. Yu","Department of Biomedical Engineering, City University of Hong Kong, Hong Kong; Department of Biomedical Engineering, City University of Hong Kong, Hong Kong",2023 IEEE 23rd International Conference on Nanotechnology (NANO),"1 Sep 2023","2023","","","311","316","The development of prosthetics has been benefiting amputees by regaining the functions of their lost body parts such as forearms, limbs, and fingers. Up to now, functional and cosmetic prosthetics that are fully functional and partially movable are widely applied to treat amputees. Those prosthetics are proven with their mechanical functionalities like supporting the body, gripping, pushing, and lifting a specific object. However, still, providing somatosensory sensations including tactile, hardness, and thermal feedback is limited. With the advancement of flexible electronics, a wide variety of sensational feedback systems in wearable and flexible form factors have been developed. Due to their bendable, twistable, and stretchable characteristics, it is highly suitable to be adopted in prosthetics with curved and movable surfaces. Herein, a simplified closed-loop thermal feedback system using a flexible printed circuit embedded with thermistors as thermal sensors and a flexible heater as a heating source that can be merged with prostheses is introduced. Each channel of the heat feedback system is composed of a target thermal sensor and a combination of a thermal sensor and heater for controlling the heater. By monitoring the temperature measured by the sensors, the heat can be reproduced on the epidermis side.","1944-9380","979-8-3503-3346-6","10.1109/NANO58406.2023.10231315","National Natural Science Foundation of China(grant numbers:62122002); Shenzhen Science and Technology Innovation Commission(grant numbers:JCYJ20200109110201713); ","https://ieeexplore.ieee.org/stamp/stamp.jsp?arnumber=10231315","","Heating systems;Temperature sensors;Temperature measurement;Somatosensory;Temperature;Thermistors;Sensor systems","","","","39","IEEE","1 Sep 2023","2-5 July 2023","2-5 July 2023","IEEE","IEEE Conferences"
"A Novel Wavy Channel Gate-All-Around FETs for Next-Generation CMOS Applications","R. Halder; U. K. Das; M. H. R. Ansari; N. El-Atab","Smart Advanced Memory Devices and Applications (SAMA) Labs, Electrical and Computer Engineering Program, Computer, Electrical and Mathematical Science and Engineering Division (CEMSE), King Abdullah University of Science and Technology (KAUST), Thuwal, Saudi Arabia; Smart Advanced Memory Devices and Applications (SAMA) Labs, Electrical and Computer Engineering Program, Computer, Electrical and Mathematical Science and Engineering Division (CEMSE), King Abdullah University of Science and Technology (KAUST), Thuwal, Saudi Arabia; Smart Advanced Memory Devices and Applications (SAMA) Labs, Electrical and Computer Engineering Program, Computer, Electrical and Mathematical Science and Engineering Division (CEMSE), King Abdullah University of Science and Technology (KAUST), Thuwal, Saudi Arabia; Smart Advanced Memory Devices and Applications (SAMA) Labs, Electrical and Computer Engineering Program, Computer, Electrical and Mathematical Science and Engineering Division (CEMSE), King Abdullah University of Science and Technology (KAUST), Thuwal, Saudi Arabia",2023 IEEE 23rd International Conference on Nanotechnology (NANO),"1 Sep 2023","2023","","","317","320","The work presents a novel wavy channel nanosheet field effect transistor (WCNSFET) and its circuit-level performance. In this work, a single nanosheet is transformed into a wave-like structure to enhance the physical device area, thus showing an improvement in device performance. The device and circuit level performances are analyzed using 3D TCAD simulation tools. Furthermore, the wavy channel nanosheet FETs are analyzed with different number of waves in a single sheet and compared with flat sheet-based transistors for different channel materials (Ge and GaAs). The results reveal the improvement in drive current, low propagation delay, a smooth voltage transfer characteristic, high noise margin, and low energy. The results achieved with this novel device make the device a promising candidate for next-generation low power CMOS applications.","1944-9380","979-8-3503-3346-6","10.1109/NANO58406.2023.10231237","King Abdullah University of Science and Technology Semiconductors Initiative; ","https://ieeexplore.ieee.org/stamp/stamp.jsp?arnumber=10231237","Gate All Around (GAA);wavy channel;logic application;simulation;Inverter","Performance evaluation;Three-dimensional displays;Field effect transistors;Voltage;Logic gates;Nanoscale devices;Next generation networking","","1","","23","IEEE","1 Sep 2023","2-5 July 2023","2-5 July 2023","IEEE","IEEE Conferences"
"MoSe2 Field-Effect Transistor-Based Biosensor for Hydrogen Sulphide Detection in Saliva","S. Sharma; D. Kar; P. D. Khanikar; A. Moudgil; P. Mishra; S. Das","Centre for Applied Research in Electronics IIT Delhi, Delhi, India; Department of Biochemical Engineering and Biotechnology, IIT Delhi, Delhi, India; Centre for Applied Research in Electronics IIT Delhi, Delhi, India; Centre for Applied Research in Electronics IIT Delhi, Delhi, India; Department of Biochemical Engineering and Biotechnology, IIT Delhi, Delhi, India; Centre for Applied Research in Electronics IIT Delhi, Delhi, India",2023 IEEE 23rd International Conference on Nanotechnology (NANO),"1 Sep 2023","2023","","","321","324","In this work, a field effect transistor (FET) based biosensing platform was developed to detect hydrogen sulphide in human saliva directly. A highly sensitive FET-based biosensor fabricated utilizing layered transition metal dichalcogenides (TMDs) MoSe2 as a channel layer. Hydrogen sulphide (H2S) has physiological and pathological relationships with human health; rapid and real-time detection of H2S in human body fluid is necessary. The present biosensing device is appropriate for point-of-care applications that require quick and real-time detection of H2S in saliva. The lowest detection limit for the fabricated sensor is 1 µM with the maximum sensitivity of 68% at the lowest concentration. The current results show linear changes in the concentration range of 1–100 µM. However, the fabricated sensor is suitable for all kinds of sulphide (H2S, HS-, S2-) detection in human biological fluids.","1944-9380","979-8-3503-3346-6","10.1109/NANO58406.2023.10231318","","https://ieeexplore.ieee.org/stamp/stamp.jsp?arnumber=10231318","","Sensitivity;Fluids;Hydrogen;Field effect transistors;Point of care;Real-time systems;Sensors","","","","24","IEEE","1 Sep 2023","2-5 July 2023","2-5 July 2023","IEEE","IEEE Conferences"
"Carbon Nanotubes Dispersion for Humidity Sensor Devices","Y. Abbas; F. A. Deader; H. Abunahla; M. Baker; M. Rezeq","Department of Physics and System on chip lab, Khalifa University, Abu Dhabi, UAE; Department of Physics and System on chip lab, Khalifa University, Abu Dhabi, UAE; Quantum and Computer Engineering Department, Delft University of Technology, Delft, Netherlands; Department of Electrical and Computer Engineering and System on Chip Lab, Khalifa University, Abu Dhabi, UAE; Department of Physics and System on chip lab, Khalifa University, Abu Dhabi, UAE",2023 IEEE 23rd International Conference on Nanotechnology (NANO),"1 Sep 2023","2023","","","325","328","Due to their stability, single-walled carbon nanotubes (SWCNTs) have been used for multiple applications in the semiconductor industry. Herein, we report the humidity sensing capability of SWCNTs by comparing the different densities of SWCNTs dispersed on the sensing area of the planner sensor device. Three different humidity sensors have been fabricated by preparing three different densities of CNTs diluted in deionized water and drop cast on the channel of 100 μm width between 2mm x 1mm gold electrodes. It is observed that for very low density and high density of SWCNTs sensing layer, the sensing behavior either lacks in the detection range and response time, respectively. However, we found the optimized density of SWCNTs in deionized water for a highly sensitive, fast, and high-range humidity sensor for the optimized density of SWCNTs in deionized water.","1944-9380","979-8-3503-3346-6","10.1109/NANO58406.2023.10231282","","https://ieeexplore.ieee.org/stamp/stamp.jsp?arnumber=10231282","","Electrodes;Gold;Electronics industry;Humidity;Carbon nanotubes;Sensors;Time factors","","1","","14","IEEE","1 Sep 2023","2-5 July 2023","2-5 July 2023","IEEE","IEEE Conferences"
"A Flexible and Ultra-Thin Ultrasonic Sensor for Continuous Carotid Pulse Wave Monitoring","Y. Xie; T. Cui; Y. Zhao; S. Yang; Y. Yang; T. -L. Ren","Shenzhen International Graduate School, Tsinghua University, Shenzhen, China; School of Integrated Circuit & Beijing National Research Center for Information Science and Technology (BNRist), University, Beijing, China; School of Integrated Circuit & Beijing National Research Center for Information Science and Technology (BNRist), University, Beijing, China; Shenzhen International Graduate School, Tsinghua University, Shenzhen, China; Shenzhen International Graduate School, Tsinghua University, Shenzhen, China; School of Integrated Circuit & Beijing National Research Center for Information Science and Technology (BNRist), University, Beijing, China",2023 IEEE 23rd International Conference on Nanotechnology (NANO),"1 Sep 2023","2023","","","329","332","Pulse wave signals can reflect the status of the human cardiovascular system, and continuous pulse wave monitoring can guide disease diagnosis. While current ultrasonic devices can perform reliable diameter measurements, their rigid ultrasonic probes rely on precise control by the operator, which inevitably compresses the blood vessels and leads to erroneous recording. In this paper, a flexible piezoelectric ultrasonic sensor was proposed to continuously measure pulse waves by tracking the motion of the vessel wall. The flexible sensor is light (0.9 g), ultra-thin (600 $\mu\mathrm{m})$, self-adhesive to the skin, and does not compress human tissue. On this basis, a measurement system was designed to monitor the carotid arteries of volunteers. The results showed that the flexible ultrasonic sensor could continuously measure the diameter pulse wave with high reliability.","1944-9380","979-8-3503-3346-6","10.1109/NANO58406.2023.10231191","","https://ieeexplore.ieee.org/stamp/stamp.jsp?arnumber=10231191","","Performance evaluation;Temperature measurement;Temperature sensors;Ultrasonic variables measurement;Pulse measurements;Acoustics;Reliability","","1","","16","IEEE","1 Sep 2023","2-5 July 2023","2-5 July 2023","IEEE","IEEE Conferences"
"Optimizing Silver Nanowires on-Skin Electrode Shape for Improved Electromyography Signal Quality in Detecting Adjacent Muscles","X. Zou; J. Xue; K. W. C. Lai","Department of Biomedical Engineering, Centre for Robotics and Automation, City University of Hong Kong, Hong Kong, China; Department of Biomedical Engineering, Centre for Robotics and Automation, City University of Hong Kong, Hong Kong, China; Department of Biomedical Engineering, Centre for Robotics and Automation, City University of Hong Kong, Hong Kong, China",2023 IEEE 23rd International Conference on Nanotechnology (NANO),"1 Sep 2023","2023","","","333","336","The monitoring of the electrophysiological signals of the human body has drawn a lot of interest in recent decades. The electromyography (EMG) signals, in particular, are frequently used in a variety of applications involving human-machine interfaces (HMI) because they can represent the activation of human muscles. Nevertheless, the commercial Ag/AgCl electrodes for monitoring EP signals have no stretchability with a large size.As a result, it is challenging to keep the conformal contact with skin under deformation for Ag/AgCl electrodes, and capture signals from dense muscles. Therefore, a soft and thin on-skin electrode was developed in this work, with a conductive layer fabricated by silver nanowires (AgNWs) and a polydimethylsiloxane (PDMS) substrate. The AgNW electrode has a high conductivity of ~0.48 Ω/sq with only 300 μm thickness. Besides, a differential strip AgNW electrode with a spacing of 10 mm was created and put perpendicular to the muscle fibers in order to further reduce the crosstalk from nearby muscles when detecting EMG signals from the human body part with densely distributed human muscles. The obtained EMG signals had a higher signal-to-noise ratio (SNR) than the round electrode under the same experimental circumstances. In addition, the ability of the strip AgNW electrode to reduce crosstalk in the acquisition of multichannel EMG signals under various gestures was demonstrated, which can help improve the gesture classification accuracy and employ the potential in human-machine intelligence (HMI) applications.","1944-9380","979-8-3503-3346-6","10.1109/NANO58406.2023.10231213","","https://ieeexplore.ieee.org/stamp/stamp.jsp?arnumber=10231213","","Electrodes;Strips;Silver;Shape;Crosstalk;Muscles;Electromyography","","1","","23","IEEE","1 Sep 2023","2-5 July 2023","2-5 July 2023","IEEE","IEEE Conferences"
"Two-Photon Polymerized Structural Color Microblocks with pH Response for Information Encryption","Y. Zhang; H. Yu; J. Zheng; J. Wang; L. Liu; W. J. Li","State Key Laboratory of Robotics, Shenyang Institute of Automation, Chinese Academy of Sciences, Shenyang, China; State Key Laboratory of Robotics, Shenyang Institute of Automation, Chinese Academy of Sciences, Shenyang, China; State Key Laboratory of Robotics, Shenyang Institute of Automation, Chinese Academy of Sciences, Shenyang, China; State Key Laboratory of Robotics, Shenyang Institute of Automation, Chinese Academy of Sciences, Shenyang, China; State Key Laboratory of Robotics, Shenyang Institute of Automation, Chinese Academy of Sciences, Shenyang, China; State Key Laboratory of Robotics, Shenyang Institute of Automation, Chinese Academy of Sciences, Shenyang, China",2023 IEEE 23rd International Conference on Nanotechnology (NANO),"1 Sep 2023","2023","","","337","342","“Structural coloring” is a stable and environmentally friendly way to present color and has a wide range of applications in areas such as information encryption, optical anti-counterfeiting measures, and sensors. In this study, we create color changeable microblocks with pH response by two-photon polymerization. We printed three-dimensional microblocks similar to woodpiles using layer-by-layer line processing and created microblocks containing different colors by varying the processing parameters. These microblocks are pH-responsive and can shrink and swell rapidly in response to changes in the acidity or alkalinity of the solution to which they are exposed. These changes allow the microblocks to undergo reversible color changes. Furthermore, the pH-responsive function enables the encryption of patterned information that is visible under acidic conditions but rapidly becomes invisible under alkaline conditions. The excellent responsiveness and reversibility of this micro-structured surface has potential applications in anti-counterfeit information hiding, environmental sensing, and tunable optical devices.","1944-9380","979-8-3503-3346-6","10.1109/NANO58406.2023.10231214","National Natural Science Foundation of China(grant numbers:61927085,61973298); ","https://ieeexplore.ieee.org/stamp/stamp.jsp?arnumber=10231214","","Power lasers;Color;Optical variables measurement;Optical saturation;Encryption;Optical sensors;Microstructure","","","","21","IEEE","1 Sep 2023","2-5 July 2023","2-5 July 2023","IEEE","IEEE Conferences"
"Investigation on Cell Orientation Induced by Various Femtosecond Laser Ablated Microstructures","Y. Qiu; H. Yu; X. Wang; Y. Zhang; J. Zheng; J. Wang; Q. Gan; L. Liu; W. J. Li","State Key Laboratory of Robotics (SKLR), Chinese Academy of Sciences (CAS), Shenyang Institute of Automation (SIA), Institutes for Robotics and Intelligent Manufacturing (IRIM), Shenyang, China; State Key Laboratory of Robotics, Chinese Academy of Sciences, Shenyang Institute of Automation, Shenyang, China; State Key Laboratory of Robotics, Chinese Academy of Sciences, Shenyang Institute of Automation, Shenyang, China; State Key Laboratory of Robotics (SKLR), Chinese Academy of Sciences (CAS), Shenyang Institute of Automation (SIA), Institutes for Robotics and Intelligent Manufacturing (IRIM), Shenyang, China; State Key Laboratory of Robotics (SKLR), Chinese Academy of Sciences (CAS), Shenyang Institute of Automation (SIA), Institutes for Robotics and Intelligent Manufacturing (IRIM), Shenyang, China; State Key Laboratory of Robotics (SKLR), Chinese Academy of Sciences (CAS), Shenyang Institute of Automation (SIA), Institutes for Robotics and Intelligent Manufacturing (IRIM), Shenyang, China; State Key Laboratory of Robotics (SKLR), Chinese Academy of Sciences (CAS), Shenyang Institute of Automation (SIA), Institutes for Robotics and Intelligent Manufacturing (IRIM), Shenyang, China; State Key Laboratory of Robotics, Chinese Academy of Sciences, Shenyang Institute of Automation, Shenyang, China; Department of Mechanical Engineering, City University of Hong Kong (CityU), Kowloon Tong, Hong Kong",2023 IEEE 23rd International Conference on Nanotechnology (NANO),"1 Sep 2023","2023","","","343","348","Femtosecond laser ablation technology has been widely used in the past decade for its high precision and flexible processing capabilities in 3D micro/nano machining. This study aims to explore the application of this technology to fabricate microstructures capable of inducing cell orientation in vitro. Three different microstructures were fabricated by varying the frequency of laser pulses and implementing a moving platform that controls the motion of substrates. The results demonstrate that the stripe array structures specifically showed excellent ability in inducing cell orientation and controlling cell growth along the striation structure. This proposed method exhibits major potential as a simple yet powerful tool for investigating cellular responses to external mechanical stimuli.","1944-9380","979-8-3503-3346-6","10.1109/NANO58406.2023.10231195","National Natural Science Foundation of China(grant numbers:61927085 and 61973298); ","https://ieeexplore.ieee.org/stamp/stamp.jsp?arnumber=10231195","","Three-dimensional displays;Lithium niobate;Surface emitting lasers;Machining;Laser ablation;Microstructure;Laser pulses","","","","29","IEEE","1 Sep 2023","2-5 July 2023","2-5 July 2023","IEEE","IEEE Conferences"
"Solution Processable Mos2 Based Memristive Synapse for Brain Inspired Computing","H. Li; D. Kumar; N. El-Atab","Smart Advanced Memory Devices and Applications (SAMA) labs, Electrical and Computer Engineering Program, Computer Electrical Mathematical Science and Engineering (CEMSE) Division, KAUST, Thuwal, Saudi Arabia; Smart Advanced Memory Devices and Applications (SAMA) labs, Electrical and Computer Engineering Program, Computer Electrical Mathematical Science and Engineering (CEMSE) Division, KAUST, Thuwal, Saudi Arabia; Smart Advanced Memory Devices and Applications (SAMA) labs, Electrical and Computer Engineering Program, Computer Electrical Mathematical Science and Engineering (CEMSE) Division, KAUST, Thuwal, Saudi Arabia",2023 IEEE 23rd International Conference on Nanotechnology (NANO),"1 Sep 2023","2023","","","349","352","As a novel 2D material, MoS2 has shown excellent electrical properties and resistive switching characteristics to work as a switching layer for non-volatile memory. In this work, we drop cast the MoS2 solution to prepare the thin film and deposit an interfacial layer of Al2O3. We demonstrate the proposed memristive device with Cu/Al2O3/MoS2/Pt structure to work as an artificial synapse. The device shows a steady resistive switching behavior with the SET and RESET voltages of 1.3 V and -0.5 V, respectively. We further demonstrate the synapse behavior via a Hopfield Neural Network (HNN) and achieve image recognition and reconstruction with a high accuracy of 96% after 15 training epochs.","1944-9380","979-8-3503-3346-6","10.1109/NANO58406.2023.10231292","King Abdullah University of Science and Technology, Saudi Arabia; ","https://ieeexplore.ieee.org/stamp/stamp.jsp?arnumber=10231292","memristor;LTD/LTP;artificial synapse;HNN","Training;Image recognition;Nonvolatile memory;Switches;Behavioral sciences;Sulfur;Molybdenum","","","","17","IEEE","1 Sep 2023","2-5 July 2023","2-5 July 2023","IEEE","IEEE Conferences"
"Micro-Nano Hierarchical Structures in Biocompatible Thermoplastics and its Application for Fabrication of Polymeric Membranes with Regular and Straight Open Through Holes","K. Li; K. Morton; T. Veres","National Research Council Canada, Boucherville, Quebec, Canada; National Research Council Canada, Boucherville, Quebec, Canada; National Research Council Canada, Boucherville, Quebec, Canada",2023 IEEE 23rd International Conference on Nanotechnology (NANO),"1 Sep 2023","2023","","","353","358","We fabricate Micro-Nano Hierarchical (MNH) structures comprising arrays of nanopillars superimposed on micropillars over large areas. Both circular and oval shape nanopillars were successfully fabricated on biocompatible thermoplastic materials including polymethyl methacrylate (PMMA), polylactic acid (PLA) and cyclo olefin polymers (ZF14-188) by using hot-embossing techniques with intermediate fluorinated polymer molds replicated from Si master molds. The as-fabricated polymeric substrates with MNH structures shows a static contact angle $\geq 140^{\circ}$. Superhydrophobic surfaces with a static contact angle as high as 162° were achieved on ZF14-188 substrates patterned with MNH structures even without post-fluorocarbon coating. The as-fabricated thermoplastic substrates with MNH structures were also used as very effective templates to create open through hole polymeric membranes with micro-nano hierarchical structures including an 840 nm thick membrane featuring an array of 250 nm diameter nanoholes suspended within 13.5 $\mu\mathrm{m}$ or 18.2 $\mu\mathrm{m}$ diameter microholes.","1944-9380","979-8-3503-3346-6","10.1109/NANO58406.2023.10231211","","https://ieeexplore.ieee.org/stamp/stamp.jsp?arnumber=10231211","","Fabrication;Shape;Programmable logic arrays;Biomembranes;Silicon;Polymers;Plastics","","","","17","Crown","1 Sep 2023","2-5 July 2023","2-5 July 2023","IEEE","IEEE Conferences"
"Analysis of Resistive Switching Mechanism in Hexagonal Boron Nitride 2D Material Based Memristive Device","H. Ranjan; C. P. Singh; V. P. Singh; S. K. Pandey","Department of Electrical Engineering, Indian Institute of Technology Patna; Department of Electrical Engineering, Indian Institute of Technology Patna; Department of Electrical Engineering, Indian Institute of Technology Patna; Department of Electrical Engineering, Indian Institute of Technology Patna",2023 IEEE 23rd International Conference on Nanotechnology (NANO),"1 Sep 2023","2023","","","359","362","This paper examines the forming-free bipolar resistive switching dynamics in chemically synthesised Hexagonal Boron-Nitride (hBN) 2D-material-based memristive devices. The fabricated MIM (Metal-Insulator-Metal) structure memristive device has Pt (platinum) as a bottom electrode (BE), Cu (copper) as a top electrode (TE), and hBN 2D material used as a resistive switching layer. The crystal structure and surface micro-structure of synthesised hBN have been characterised using X-Ray Diffractometer (XRD)and Field Emission Scanning Electron Microscope (FESEM). The fabricated device's electrical response has been observed using a 4200 Keithley parametric analyser with a low sweeping voltage (-1.5V /1.5V). The fabricated device has well-performed resistive switching dynamics with the typical set (~0. 75V) voltage and also shows a good switching window (~50) for continuous 2000 consecutive cycles.","1944-9380","979-8-3503-3346-6","10.1109/NANO58406.2023.10231194","Science and Engineering Research Board; ","https://ieeexplore.ieee.org/stamp/stamp.jsp?arnumber=10231194","Resistive switching;Forming Voltage;2D-material;Switching Window","Electrodes;Performance evaluation;Scanning electron microscopy;Platinum;Surface morphology;Switches;Voltage","","3","","21","IEEE","1 Sep 2023","2-5 July 2023","2-5 July 2023","IEEE","IEEE Conferences"
"Fabrication of high-capacity NMC cathodes using spray printing technique","R. Sliz; E. Hannila; I. S. Roy; J. Valikangas; P. Molaiyan; U. Lassi; T. Fabritius","Optoelectronics and Measurement Techniques Unit, University of Oulu, Oulu, Finland; Optoelectronics and Measurement Techniques Unit, University of Oulu, Oulu, Finland; Optoelectronics and Measurement Techniques Unit, University of Oulu, Oulu, Finland; Sustainable Chemistry Research Unit, University of Oulu, Oulu, Finland; Sustainable Chemistry Research Unit, University of Oulu, Oulu, Finland; Sustainable Chemistry Research Unit, University of Oulu, Oulu, Finland; Optoelectronics and Measurement Techniques Unit, University of Oulu, Oulu, Finland",2023 IEEE 23rd International Conference on Nanotechnology (NANO),"1 Sep 2023","2023","","","363","366","While current Li-ion liquid electrolyte batteries provide satisfactory performance, there is a growing need for more adaptable and sustainable fabrication methods. Among the available printing methods, spray coating stands out as exceptionally adjustable, enabling easy up- and down-scaling, high-resolution features (down to tens of $\mu\mathrm{m}$), 3D compatibility, and the use of a wide range of ink formulations, including those containing large particles $(> 5{\mu \mathrm{m}})$. Moreover, spray coating generates little waste, making it a fully sustainable fabrication process that is also suitable for solid-electrolyte deposition. In this study, spray coating was used to fabricate LiNi0.88Mn0 ${}_{03}\mathrm{C}_{00.09}\mathrm{O}_{2}$ (NMC88) cathodes using dimethylformamide (DMF) ink instead of the toxic N-methyl-2-pyrrolidone (NMP). The printed cathodes had a relatively low roughness (Rq 3.4 $\mu\mathrm{m}$ and $\mathrm{R}_{\mathrm{a}}2.7\mu \mathrm{m})$ prior to calendering, as revealed by morphological analysis. Coin cells and pouch cells were then prepared using the fabricated cathodes for electrochemical characterization. The pouch cells demonstrated very repeatable behavior and 15 % capacity fade after 1000 cycles.","1944-9380","979-8-3503-3346-6","10.1109/NANO58406.2023.10231244","","https://ieeexplore.ieee.org/stamp/stamp.jsp?arnumber=10231244","","Printing;Fabrication;Solvents;Three-dimensional displays;Shape;Ink;Batteries","","4","","8","IEEE","1 Sep 2023","2-5 July 2023","2-5 July 2023","IEEE","IEEE Conferences"
"Electrooxidation of Ethanol by NiCuGO Composite Prepared via Simple Electrosynthesis Route","M. Wala; M. Szewczyk; W. Simka",NA; NA; NA,2023 IEEE 23rd International Conference on Nanotechnology (NANO),"1 Sep 2023","2023","","","367","370","Due to the increasing climate crisis new electricity sources have to be developed. Among them direct ethanol fuel cells are an interesting option, but for their commercialization development of new anodic materials, that would be cheap, active, and stable is necessary. Presented research proposes a NiCuGO composite, prepared by a simple electrodeposition method. The proposed material shows good electrocatalytic activity towards ethanol oxidation, with peak current density of 8.01±1.06 mA cm−2, Material stability have been examined using chronoamperometry, where samples have shown stable current response.","1944-9380","979-8-3503-3346-6","10.1109/NANO58406.2023.10231174","Silesian University of Technology(grant numbers:BKM-XYZ/RCH1/2023); ","https://ieeexplore.ieee.org/stamp/stamp.jsp?arnumber=10231174","","Ethanol;Nanocomposites;Graphene;Fuel cells;Electrocatalysts;Oxidation;Stability analysis","","","","22","IEEE","1 Sep 2023","2-5 July 2023","2-5 July 2023","IEEE","IEEE Conferences"
"Adsorptive Removal of Norfloxacin Antibiotic from the Aqueous System Using Boron Nitride Nanosheets Incorporated PVDF Membranes","P. Awasthi; N. Sinha","Department of Mechanical Engineering, Indian Institute of Technology, Kanpur, India; Department of Mechanical Engineering, Indian Institute of Technology, Kanpur, India",2023 IEEE 23rd International Conference on Nanotechnology (NANO),"1 Sep 2023","2023","","","371","375","Although the antibiotics treat diseases well, a significant fraction of them are not consumed in metabolism that leads to contamination of surface, ground and drinking water. In this work, we have synthesized mixed matrix membranes by incorporating boron nitride nanosheets (BNNSs) in polyvinylidene fluoride (PVDF) for removal of norfloxacin (NOR) from contaminated water. The membranes have been characterized using Fourier transform infrared (FTIR) spectroscopy and field emission scanning electron microscopy (FESEM). The static adsorption experiments reveal that the incorporation of the BNNSs has led to an increase in the adsorption of PVDF polymeric membrane by approximately 39%. Further, monolayer adsorption has been followed by the antibiotic. This shows the successful application of the fabricated membrane for the adsorptive removal of the NOR from the aqueous system.","1944-9380","979-8-3503-3346-6","10.1109/NANO58406.2023.10231294","","https://ieeexplore.ieee.org/stamp/stamp.jsp?arnumber=10231294","Adsorption;Norfloxacin;BNNSs;PVDF;Membrane","Spectroscopy;Scanning electron microscopy;Boron;Adsorption;Antibiotics;Surface contamination;Water pollution","","","","17","IEEE","1 Sep 2023","2-5 July 2023","2-5 July 2023","IEEE","IEEE Conferences"
"Intravascular Sonothrombolysis with Nanobubbles: in-vitro Study","H. Wu; B. Kreager; M. Chen; B. Zhang; E. Abenojar; A. A. Exner; X. Jiang","Department of Mechanical and Aerospace Engineering, North Carolina State University, Raleigh, NC, USA; Department of Mechanical and Aerospace Engineering, North Carolina State University, Raleigh, NC, USA; Department of Mechanical and Aerospace Engineering, North Carolina State University, Raleigh, NC, USA; Department of Mechanical and Aerospace Engineering, North Carolina State University, Raleigh, NC, USA; Department of Radiology, Case Western Reserve University, Cleveland, OH, USA; Department of Radiology, Case Western Reserve University, Cleveland, OH, USA; Department of Mechanical and Aerospace Engineering, North Carolina State University, Raleigh, NC, USA",2023 IEEE 23rd International Conference on Nanotechnology (NANO),"1 Sep 2023","2023","","","376","379","Thrombosis-related morbidity and mortality pose a significant global health challenge. Existing approaches for thrombolysis, such as administering fibrinolytic agents or performing mechanical thrombectomy, come with prolonged treatment duration and risks of complications. Recent research proposes a more effective and safer alternative with contrast agents mediated ultrasound thrombolysis. Nonetheless, effectively treating retracted clots remains problematic due to their dense structure. To tackle this issue, we introduce an innovative method utilizing a stacked transducer for intravascular sonothrombolysis for higher lysis efficiency, employing a mixture of nanobubbles (NB) and microbubbles (MB). The inclusion of nanobubbles serves to enhance cavitation and improve the breakdown of clot structures. In our study, we employed a 470 kHz transducer with an aperture size of $1.4\times 1.4$ mm2 integrated in a 9-Fr catheter. Preliminary results indicate that NB- and MB/NB-mediated sonothrombolysis led to a 31% and 65% higher lysis rate, respectively, compared to MB-mediated sonothrombolysis in the case of retracted clots. These findings demonstrate the significant potential of nanobubbles in the field of sonothrombolysis applications.","1944-9380","979-8-3503-3346-6","10.1109/NANO58406.2023.10231295","NIH(grant numbers:R01HL141967); ","https://ieeexplore.ieee.org/stamp/stamp.jsp?arnumber=10231295","Micro/Nano-bubble mixture;Sonothrombolysis","Transducers;Ultrasonic imaging;Electric breakdown;Apertures;Nanotechnology;Catheters","","1","","15","IEEE","1 Sep 2023","2-5 July 2023","2-5 July 2023","IEEE","IEEE Conferences"
"Topological Valley Hall Edge State of Lamb Wave in Aluminum Scandium Nitride Thin Film","Z. Luo; S. Shao; C. Lee; T. Wu","School of Information Science and Technology, ShanghaiTech University, Shanghai, CHINA; School of Information Science and Technology, ShanghaiTech University, Shanghai, CHINA; Department of Electrical & Computer Engineering, National University of Singapore, SINGAPORE; School of Information Science and Technology, ShanghaiTech University, Shanghai, CHINA",2023 IEEE 23rd International Conference on Nanotechnology (NANO),"1 Sep 2023","2023","","","380","383","The lamb wave topological valley hall edge (VHE) state based on aluminum scandium nitride (Al0.7Sc0.3N) film is demonstrated. By designing miniaturized phononic crystals (PnCs) in AlScN film, we realize a valley hall edge transport for Lamb wave. The variation of the adjacent AlScN columns causes the topological transition of the band structure. The band edge state is topologically valley-locked, and obtained by gap Dirac point at K point to break inversion symmetry. Moreover, AlScN film is also utilized to efficiently generate acoustic wave by improving the piezoelectric constant. The topological PnCs with a broad bandwidth of 22.3 % is obtained utilizing fundamental symmetry (S0) Lamb wave. The proposed broad bandwidth topological PnCs and efficient guided Lamb wave in waveguide may promote future on-chip acoustic information transmission and processing.","1944-9380","979-8-3503-3346-6","10.1109/NANO58406.2023.10231268","Natural Science Foundation of Shanghai(grant numbers:23ZR1442400); ","https://ieeexplore.ieee.org/stamp/stamp.jsp?arnumber=10231268","","Band structures;Acoustic waveguides;Prototypes;Scandium;Bandwidth;Information processing;Crystals","","1","","24","IEEE","1 Sep 2023","2-5 July 2023","2-5 July 2023","IEEE","IEEE Conferences"
"Aluminum Nitride Thin Film Acousto-Optic Modulator based on Single-Phase Unidirectional Transducers","Y. Li; H. Ni; T. Wu","School of Information Science and Technology, ShanghaiTech University, Shanghai, China; School of Information Science and Technology, ShanghaiTech University, Shanghai, China; School of Information Science and Technology, ShanghaiTech University, Shanghai, China",2023 IEEE 23rd International Conference on Nanotechnology (NANO),"1 Sep 2023","2023","","","384","389","In this work, the design and analysis of high coupling-efficiency chip-scale acoustooptic modulators (AOMs) based on aluminum nitride (AlN) thin film enabled by single-phase unidirectional transducers (SPUDT) are present. Two types of SPUDT are compared and the modulation frequencies are swept by finite element analysis (FEA) in order to achieve the highest acousto-optic modulation efficiency ($g_{ao}$) and optical waveguide position are optimized by calculating $g_{ao}$ for TE00 and TE10 optical modes with different structure parameters. The result shows the optimal position of waveguides is in the middle of gap and the $g_{ao}$ of AOM based on Double SPUDT configuration is slightly higher than that of Bottom Floating SPUDT (BF SPUDT) configuration. These designs open new horizons towards integrating various types of SPUDT and optical devices together on released AlN thin film platform with high performance for numerous advanced chip-scale acoustooptic applications including optical isolator, nonreciprocal modulation.","1944-9380","979-8-3503-3346-6","10.1109/NANO58406.2023.10231212","Natural Science Foundation of Shanghai(grant numbers:23ZR1442400); ","https://ieeexplore.ieee.org/stamp/stamp.jsp?arnumber=10231212","","Performance evaluation;Frequency modulation;Transducers;Optical design;Optical modulation;Optical films;III-V semiconductor materials","","","","27","IEEE","1 Sep 2023","2-5 July 2023","2-5 July 2023","IEEE","IEEE Conferences"
"Measuring the Effect of Excitation Signal Parameters on the Acoustic Intensity of Ultrahigh Frequency Ultrasound","J. Wu; J. Shi; P. Yu; T. Yang; Y. Yang; H. Shi; L. Liu","State Key Laboratory of Robotics, Chinese Academy of Sciences, Shenyang Institute of Automation, Shenyang, China; State Key Laboratory of Robotics, Chinese Academy of Sciences, Shenyang Institute of Automation, Shenyang, China; State Key Laboratory of Robotics, Chinese Academy of Sciences, Shenyang Institute of Automation, Shenyang, China; State Key Laboratory of Robotics, Chinese Academy of Sciences, Shenyang Institute of Automation, Shenyang, China; State Key Laboratory of Robotics, Chinese Academy of Sciences, Shenyang Institute of Automation, Shenyang, China; State Key Laboratory of Robotics, Chinese Academy of Sciences, Shenyang Institute of Automation, Shenyang, China; State Key Laboratory of Robotics, Chinese Academy of Sciences, Shenyang Institute of Automation, Shenyang, China",2023 IEEE 23rd International Conference on Nanotechnology (NANO),"1 Sep 2023","2023","","","390","393","Ultrahigh frequency ultrasound (>60MHz) has been widely used to micromanipulation. However, no technology can measure the acoustic intensity field over 60MHz, resulting in no clear conclusion on the effect of the excitation signal on the acoustic intensity. We used an atomic force microscope microcantilever as a mechanical sensor to measure the acoustic radiation force (ARF) of the ultrahigh frequency ultrasound, and then obtained the effect of the changes of excitation signal on the intensity of the acoustic intensity field. We revealed that the voltage has a quadratic correlation with the acoustic intensity, the duty factor has a positive correlation with the acoustic intensity within a certain range. The relationship between the frequency of the carrier wave and the intensity is not clear. The method we proposed holds promise to be the prototype of the technology for measuring the acoustic intensity field of ultrahigh frequency ultrasound.","1944-9380","979-8-3503-3346-6","10.1109/NANO58406.2023.10231178","National Natural Science Foundation of China(grant numbers:62127811,61925307,62273334); Youth Innovation Promotion Association of Chinese Academy of Sciences(grant numbers:2021197); ","https://ieeexplore.ieee.org/stamp/stamp.jsp?arnumber=10231178","","Atomic measurements;Ultrasonic imaging;Correlation;Ultrasonic variables measurement;Force;Prototypes;UHF measurements","","","","7","IEEE","1 Sep 2023","2-5 July 2023","2-5 July 2023","IEEE","IEEE Conferences"
"Electrochromic Smart Windows with High Near-Infrared Transparency Based on Passivated Silver Nanowire Electrodes","J. Atkinson; M. Abd-Ellah; I. A. Goldthorpe","Department of Electrical & Computer Engineering, University of Waterloo, Waterloo, Canada; Department of Chemistry, Khalifa University, Abu Dhabi, UAE; Department of Electrical & Computer Engineering, University of Waterloo, Waterloo, Canada",2023 IEEE 23rd International Conference on Nanotechnology (NANO),"1 Sep 2023","2023","","","394","399","Silver nanowire (AgNW) networks have been widely touted as a promising material for transparent electrodes to replace indium tin oxide (ITO). Here we integrate polyurethane (PU) passivated AgNW electrodes into WO3/NiO electrochromic smart windows, placing particular focus on their NIR transparency. Experiments and modelling show that devices with NW electrodes permit more NIR radiation to transmit across the window compared to devices based on ITO. This is then shown to lead to a higher solar heat gain coefficient and lower U-factor, which is highly desirable in colder climates.","1944-9380","979-8-3503-3346-6","10.1109/NANO58406.2023.10231172","","https://ieeexplore.ieee.org/stamp/stamp.jsp?arnumber=10231172","Near-infrared;transparent electrode;silver;nanowire;electrochromic materials;smart windows","Electrodes;Silver;Indium tin oxide;Solids;Stability analysis;Surface roughness;Nanoscale devices","","","","16","IEEE","1 Sep 2023","2-5 July 2023","2-5 July 2023","IEEE","IEEE Conferences"
"Surface Characterization of Sodium Cholate Treated CVD Graphene","E. Addo-Mensah; J. Obaemo; K. Welch; Y. Tian; S. Dolatabadi; H. Churchill; U. Wejinya","Materials Science and Engineering Graduate Program, University of Arkansas; Materials Science and Engineering Graduate Program, University of Arkansas; Materials Science and Engineering Graduate Program, University of Arkansas; Microelectronics and Photonics Program, University of Arkansas; Department of Physics, University of Arkansas, Fayetteville, Arkansas; Department of Physics, University of Arkansas, Fayetteville, Arkansas; Department of Mechanical Engineering, University of Arkansas, Fayetteville, Arkansas",2023 IEEE 23rd International Conference on Nanotechnology (NANO),"1 Sep 2023","2023","","","400","403","The advancement of graphene has created a need in exploring its properties for different applications. One way to explore its properties is by reducing its hydrophobicity. To overcome hydrophobicity of graphene, surfactants have been used in functionalization, hence improving the surface properties of the graphene monolayer. Therefore, investigating surfactant treatment for CVD graphene becomes useful in understanding the surface property effects on graphene. This study utilizes CVD graphene on silicon substrates. Its treatment was done with varying concentrations of Sodium Cholate (SC) for different treatment times. These samples were then characterized using Atomic Force Microscopy (AFM) to investigate the surface properties of the samples before and after treatment. To be optimized, the graphene must remain attached to the silicon substrate. The result shows that the integrity of the graphene, which is basically the Sp2 structure, is preserved as there was no delamination from the substrate even after treatment for as long as 2 hours in 1% weight/volume concentration of the SC solution.","1944-9380","979-8-3503-3346-6","10.1109/NANO58406.2023.10231236","","https://ieeexplore.ieee.org/stamp/stamp.jsp?arnumber=10231236","","Atomic force microscopy;Sodium;Atomic layer deposition;Graphene;Force;Silicon;Surfactants","","3","","10","IEEE","1 Sep 2023","2-5 July 2023","2-5 July 2023","IEEE","IEEE Conferences"
"TiO2 Nanospikes Micro-Areas on Rutile Single Crystal Surfaces Determine Arrangements of Rat Aortic Vascular Smooth Muscle Cells","J. V. Perez-Giron; R. Palacios–Ramirez; D. Horrillo; M. Jaafar; A. Asenjo; M. Hernández–Vélez; J. Jensen; R. Sanz","Department of Biochemistry, Physiology and Molecular Genetics, University Rey Juan Carlos, Alcorcón, Spain; Unidad de Excelencia, Institute of Molecular Biology and Genetics (IBGM), University of Valladolid and National Research Council (CSIC), Valladolid, Spain; Department of Biochemistry, Physiology and Molecular Genetics, University Rey Juan Carlos, Alcorcón, Spain; Condensed Matter Physics and Condensed Matter Physics Center (IFIMAC), University Autónoma de, Madrid, Spain; Material Science Institute of Madrid, National Research Council (CSIC), Madrid, Spain; Manager of Innovation Projects in the Vice - Rectorate at UAM, Universidad Autónoma de Madrid, Madrid, Spain; Department of Radiation Protection, Swedish Radiation Safety Authority, Stockholm, Sweden; Payloads and Space Science Department, National Institute for Aerospace Technology, Torrejón de Ardoz, Spain",2023 IEEE 23rd International Conference on Nanotechnology (NANO),"1 Sep 2023","2023","","","404","409","We have created a well-defined nanotopography contrast, i.e. nanospikes vs flat on micron sized squares on rutile TiO2 single crystal surfaces. The applied lithography method bases on energetic (MeV) heavy ions irradiation through masks and acid etching. This method generates a permanent and chemical robust nanostructure. These patterned substrates have been employed as a support for inmunofluorescence assays of rat aortic vascular smooth muscle cells. The obtained results confirmed the cell viability on these substrates after 24 hours from seeding and, a clear selective arrangement of the cells around the nanopatterned zones. The arrangement evidences the higher affinity of the rat aortic vascular smooth muscle cells for the non-nanostructured zones.","1944-9380","979-8-3503-3346-6","10.1109/NANO58406.2023.10231291","","https://ieeexplore.ieee.org/stamp/stamp.jsp?arnumber=10231291","","Nanotopography;Micrometers;Radiation effects;Lithography;Crystals;Muscles;Surface roughness","","1","","40","IEEE","1 Sep 2023","2-5 July 2023","2-5 July 2023","IEEE","IEEE Conferences"
"Carbon Nanotube Growth on the Polysilicon Layers of CMOS","A. Roy; K. E. Aasmundtveit","Department of Microsystems, University of South-Eastern Norway, Borre, Norway; Department of Microsystems, University of South-Eastern Norway, Borre, Norway",2023 IEEE 23rd International Conference on Nanotechnology (NANO),"1 Sep 2023","2023","","","411","414","Direct synthesis of CNTs in an established IC technology such as CMOS can effectively utilize CNT properties in smart sensing applications. With that vision, we designed and fabricated polysilicon microheaters in CMOS chips to grow CNTs by thermal chemical vapor deposition (CVD). CNTs were synthesized in high density on two identical Poly1 and Poly2 heaters with an effective joule heating area of 24μm x 50 μm. The applied electrical power for the heaters ranged from 1250 mW (Poly1) to 1600 mW (Poly2) during the CNT growth process. Diameter of the synthesized CNTs were mostly in the range of ~20 nm for the Poly1 substrate and ~10 nm for the Poly2 substrate. A stacked Poly1-Poly2 heater has also been used for growing CNTs with various diameters.","1944-9380","979-8-3503-3346-6","10.1109/NANO58406.2023.10231182","","https://ieeexplore.ieee.org/stamp/stamp.jsp?arnumber=10231182","","Heating systems;Integrated circuits;Power demand;CMOS technology;Sensors;Chemical vapor deposition;Substrates","","","","14","IEEE","1 Sep 2023","2-5 July 2023","2-5 July 2023","IEEE","IEEE Conferences"
"Mycosynthesis of Silver Nanoparticles from Ganoderma Lucidum: Optimization, Antioxidant Activity, and Identification of Capping Agents","K. R. A. Javier; A. K. C. Laserna; D. H. Camacho","Department of Chemistry, Central Instrumentation Facility, De La Salle University, Taft Avenue, Manila, Philippines; Department of Chemistry, Central Instrumentation Facility, De La Salle University, Taft Avenue, Manila, Philippines; Department of Chemistry, Central Instrumentation Facility, De La Salle University, Taft Avenue, Manila, Philippines",2023 IEEE 23rd International Conference on Nanotechnology (NANO),"1 Sep 2023","2023","","","415","420","Silver nanoparticles (AgNPs) attracted great interest due to their advantages with respect to their physicochemical properties. Employing the green approach, this work explored the synthesis of AgNPs using Ganoderma lucidum, investigated the metabolites that act as capping agents, and studied their antioxidant properties. To obtain the synthesis optimal condition, Central Composite Design (CCD) was utilized. The optimal conditions identified were pH=10, Temp (°C)=65, Time (min)=120, Volextract (mL)=3.5, and VolAgNO3 (mL)=20. Surface plasmon resonance (SPR) was observed using UV-vis spectroscopy at 420 nm. SEM and TEM analysis showed that G. lucidum-AgNPs are generally shaped spherically with 21.66±4.22 nm diameters. FT-IR established the existence of organic compounds (C-H, O-H, N-H, C-O, and C-N). EDS analysis confirmed the presence Ag, C, N, and O atoms. LC-MS/MS analysis tentatively identified capping molecules (Epicatechin-6- glucoside, ergothioneine, and (Z)-9- Octadecenamide, etc.). G. lucidum-AgNPs were relatively stable in solution with a zeta potential of -14.7 mV and its %Inhibition in anti-oxidation assay was higher than its aqueous extract and chemically synthesized AgNPs indicative of synergistic action in radical scavenging.","1944-9380","979-8-3503-3346-6","10.1109/NANO58406.2023.10231219","National Research Council of the Philippines (DOST-NRCP); ","https://ieeexplore.ieee.org/stamp/stamp.jsp?arnumber=10231219","","Nanoparticles;Silver;Spectroscopy;Protocols;Shape;Nuclear magnetic resonance;Surface plasmons","","1","","24","IEEE","1 Sep 2023","2-5 July 2023","2-5 July 2023","IEEE","IEEE Conferences"
"Fatty-Acid Stabilized Magnetic Nanoparticles as Tags for Biodetection: Unravelling the Role of the Surfactant","M. Salvador; J. L. Marqués-Fernández; J. C. Martínez-García; D. Fiorani; F. Balanean; V. Socoliuc; L. Vekas; D. Peddis; M. Rivas","Department of Physics & IUTA, University of Oviedo, Asturias, Spain; Department of Physics & IUTA, University of Oviedo, Asturias, Spain; Department of Physics & IUTA, University of Oviedo, Asturias, Spain; Institute of Structure of Matter-National Research Council (CNR), Rome, Italy; Laboratory for Magnetic Fluids, Romanian Academy-Timisoara Branch, Center for Fundamental and Advanced Technical Research, Timisoara, Romania; Laboratory for Magnetic Fluids, Romanian Academy-Timisoara Branch, Center for Fundamental and Advanced Technical Research, Timisoara, Romania; Laboratory for Magnetic Fluids, Romanian Academy-Timisoara Branch, Center for Fundamental and Advanced Technical Research, Timisoara, Romania; Department of Chemistry and Industrial Chemistry, Università degli Studi di Genova, Genova, Italy; Department of Physics & IUTA, University of Oviedo, Asturias, Spain",2023 IEEE 23rd International Conference on Nanotechnology (NANO),"1 Sep 2023","2023","","","421","425","Magnetic nanoparticles can act as reporters in rapid diagnostics test when the quantification of the analyte is needed. In this work, we studied three different iron-based nanoparticles synthesized by coprecipitation as potential tags for inductive biosensing. We proved that an efficient covering of the polymer is needed to avoid uncontrolled agglomeration during the bioconjugation process to allow for a reliable quantification.","1944-9380","979-8-3503-3346-6","10.1109/NANO58406.2023.10231254","","https://ieeexplore.ieee.org/stamp/stamp.jsp?arnumber=10231254","","Proteins;Strips;Magnetic nanoparticles;Materials reliability;Stability analysis;Surfactants;Polymers","","1","","26","IEEE","1 Sep 2023","2-5 July 2023","2-5 July 2023","IEEE","IEEE Conferences"
"Single-Molecule Detection on Nanoparticles-on-Nanoposts","S. Dobroiu; F. C. M. J. M. van Delft; R. Wilson; A. S. Perumal; D. V. Nicolau","Department of Electrical Engineering & Electronics, University of Liverpool, Liverpool, UK; MiPlaza, Philips Research Europe, Eindhoven, Liverpool, UK; Department of Electrical Engineering & Electronics, University of Liverpool, Liverpool, UK; Department of Bioengineering, McGill University, Canada; Department of Bioengineering, McGill University, Montreal, Quebec, Canada",2023 IEEE 23rd International Conference on Nanotechnology (NANO),"1 Sep 2023","2023","","","426","430","Advancements in nanotechnology and biology have led to the development of planar surfaces for biosensing and diagnostics, with gold nanoparticles being the adsorption support material of choice. However, controlling the number of biomolecules on the surface of gold nanoparticles and the fast assembly of biomolecules on the surface is challenging. To address this, a kelp root system-inspired 7-ARM PEG-holdfast was developed for the precise mounting of biomolecules onto the gold nanoparticles. These smartly designed holdfasts have a single post for the covalent attachment of biomolecules and are tunable providing control of a defined number of biomolecules per nanoparticle and efficient fluorescence detection on the nanoparticle surface. This study demonstrated fluorescence readout enhancement on the surface of the gold nanoparticle at a mounting resolution of one holdfast per nanoparticle. As a proof of concept, a single avidin-bound holdfast mounted on the gold nanoparticle was recognized by fluorescently labelled biotin molecules. This approach has potential applications in biosensors, tissue engineering scaffolds, and microfluidic devices operated at single molecule scales.","1944-9380","979-8-3503-3346-6","10.1109/NANO58406.2023.10231260","European Union Seventh Framework Programme(grant numbers:FP7/2007-2013); ","https://ieeexplore.ieee.org/stamp/stamp.jsp?arnumber=10231260","","Nanoparticles;Proteins;Gold;Self-assembly;Tissue engineering;Molecular biophysics;Fluorescence","","1","","38","IEEE","1 Sep 2023","2-5 July 2023","2-5 July 2023","IEEE","IEEE Conferences"
"Optimal Graphene Heat Pipe Parameters for Enhanced Battery Thermal Management through Global Optimization","G. -J. Wu; Y. -C. Ho; E. -L. Hu; T. -L. Wu; C. -Y. Shen","Department of Computer Science, National Tsing Hua University, Taiwan; Mechanical and Mechatronics Systems Research Labs, Industrial Technology Research Institute (ITRI), Taiwan; Mechanical and Mechatronics Systems Research Labs, Industrial Technology Research Institute (ITRI), Taiwan; Mechanical and Mechatronics Systems Research Labs, Industrial Technology Research Institute (ITRI), Taiwan; Department of Computer Science, National Tsing Hua University, Taiwan",2023 IEEE 23rd International Conference on Nanotechnology (NANO),"1 Sep 2023","2023","","","431","436","Achieving zero carbon emissions has led to a surge of interest in electric vehicles globally. For electric vehicle batteries, thermal management systems are critical due to tem-perature's impact on charging and discharging performance. This paper proposes an AI-based approach to determine the optimal configuration for heat dissipation in graphene heat pipes. By employing the right parameters, graphene heat pipes outperform traditional cooling systems. However, identifying the optimal configuration can be time-consuming and expensive. We formulate this as a global optimization problem and utilize surrogate models to address this challenge. Our experimental results show significant performance improvements in graphene heat pipes.","1944-9380","979-8-3503-3346-6","10.1109/NANO58406.2023.10231239","","https://ieeexplore.ieee.org/stamp/stamp.jsp?arnumber=10231239","Surrogate modeling;Regression;Thermal management;Graphene heat pipe","Temperature;Graphene;Heat pipes;Thermal management;Electric vehicles;Sampling methods;Batteries","","4","","26","IEEE","1 Sep 2023","2-5 July 2023","2-5 July 2023","IEEE","IEEE Conferences"
"Instance Segmentation of Dislocations in TEM Images","K. Ruzaeva; K. Govind; M. Legros; S. Sandfeld","Materials Data Science and Informatics (IAS-9), Forschungszentrum Jülich GmbH, Jülich, Germany; Materials Data Science and Informatics (IAS-9), Forschungszentrum Jülich GmbH, Jülich, Germany; CEMES-CNRS, Toulouse, France; Materials Data Science and Informatics (IAS-9), Forschungszentrum Jülich GmbH, Jülich, Germany",2023 IEEE 23rd International Conference on Nanotechnology (NANO),"1 Sep 2023","2023","","","1","6","Quantitative Transmission Electron Microscopy (TEM) during in-situ straining experiment is able to reveal the motion of dislocations - linear defects in the crystal lattice of metals. In the domain of materials science, the knowledge about the location and movement of dislocations is important for creating novel materials with superior properties. A longstanding problem, however, is to identify the position and extract the shape of dislocations, which would ultimately help to create a digital twin of such materials. In this work, we quantitatively compare state-of-the-art instance segmentation methods, including Mask R-CNN and YOLOv8. The dislocation masks as the results of the instance segmentation are converted to mathematical lines, enabling quantitative analysis of dislocation length and geometry - important information for the domain scientist, which we then propose to include as a novel length-aware quality metric for estimating the network performance. Our segmentation pipeline shows a high accuracy suitable for all domain-specific, further post-processing. Additionally, our physics-based metric turns out to perform much more consistently than typically used pixel-wise metrics.","1944-9380","979-8-3503-3346-6","10.1109/NANO58406.2023.10231169","European Research Council(grant numbers:759419); ","https://ieeexplore.ieee.org/stamp/stamp.jsp?arnumber=10231169","","Measurement;Image segmentation;Materials science and technology;Transmission electron microscopy;Statistical analysis;Shape;Source coding","","4","","24","IEEE","1 Sep 2023","2-5 July 2023","2-5 July 2023","IEEE","IEEE Conferences"
"Peak Detection Assisted Classification of VOCs Using Temperature Modulated SnO2-ZnO Sensor","V. K. Gupta; S. K. Lalwani; S. Prakash; Sunny",NA; NA; NA; NA,2023 IEEE 23rd International Conference on Nanotechnology (NANO),"1 Sep 2023","2023","","","443","446","In the present work, a novel peak detection-based model has been proposed to extract the prominent features from the raw data acquired from the temperature modulated sensor's response. The raw data has been acquired from single composite SnO2-ZnO based sensor modulated at different temperatures ranging from 120°C to 250 °C. The supervised learning models have been employed on the pre-processed data for classification of target analytes. The pre-processing of the data has been done to convert the time series data into static data using proposed peak detection method. The results obtained from the classification using supervised learning algorithms have shown high accuracy up to 100 %.","1944-9380","979-8-3503-3346-6","10.1109/NANO58406.2023.10231227","","https://ieeexplore.ieee.org/stamp/stamp.jsp?arnumber=10231227","","Temperature sensors;Temperature distribution;Supervised learning;Time series analysis;Feature extraction;Data models;Classification algorithms","","","","12","IEEE","1 Sep 2023","2-5 July 2023","2-5 July 2023","IEEE","IEEE Conferences"
"AFM Imaging Defect Detection and Classification with Artificial Intelligence and Deep Learning","J. Zhang; J. Ren; S. Hu","Department of Mechanical Engineering, Iowa State University, Ames, IA, USA; Department of Mechanical Engineering, Iowa State University, Ames, IA, USA; Bruker Nano Inc.",2023 IEEE 23rd International Conference on Nanotechnology (NANO),"1 Sep 2023","2023","","","447","452","Atomic force microscopy (AFM) is a powerful tool for investigating the topographical and mechanical properties of a wide range of samples. However, the process of data acquisition and analysis using AFM is time-consuming and labor-intensive, and can be prone to error. Mistaken imaging of the wrong sample, damage to the sample, and tip wear are just a few examples of potential sources of error. Currently, the integration of artificial intelligence (AI) with AFM operations for identifying and classifying sample images is still under investigation. In this paper, we propose a novel deep learning (DL) framework for the classification of AFM images. The key component of the proposed AI framework is a DL neural network model that is trained using the AFM images with various types of blemishes labeled by experts. Then the trained network will be used to analyze future AFM images of the same type of samples. Specifically, the proposed DL model consists of a defect detection layer and a feature extraction and classification layer to ensure the classification accuracy. The Performance of the proposed AI framework was demonstrated in terms of defect detection and classification accuracies in both training and validation. The proposed AI approach will greatly reduce the time and labor cost in AFM quality analysis, and can be potentially extended to other applications, such as manufacturing, material engineering, and biomedical engineering.","1944-9380","979-8-3503-3346-6","10.1109/NANO58406.2023.10231258","National Science Foundation(grant numbers:CMMI- 1751503); Iowa State University; ","https://ieeexplore.ieee.org/stamp/stamp.jsp?arnumber=10231258","AFM;deep learning;image analysis;identification;classification","Deep learning;Training;Costs;Biological system modeling;Transfer learning;Neural networks;Data models","","4","","19","IEEE","1 Sep 2023","2-5 July 2023","2-5 July 2023","IEEE","IEEE Conferences"
"Numerical Study to Improve the Performance Parameters of Quantum Dot Perovskite Solar Cell","S. Kumari; S. K. Pandey","Department of Electrical Engineering, Sensors and Optoelectronics Research Group (SORG), Indian Institute of Technology Patna, India, Patna, India; Department of Electrical Engineering, Sensors and Optoelectronics Research Group (SORG), Indian Institute of Technology Patna, India, Patna, India",2023 IEEE 23rd International Conference on Nanotechnology (NANO),"1 Sep 2023","2023","","","465","470","Quantum Dot Solar Cells are becoming a distinctly predominant option for conventional solar cells, transmuting the field of solar cells in recent years and promoting the device's performance. A novel architecture involving PbS-tetra-butyl ammonium iodide (PbS-TBAI) quantum dot (QD) in hybrid with perovskite layer is proposed in this work. The designed QD solar cell has an architecture of FTO/tin(IV)oxide(SnO2)/Tungsten di-sulphide (WS2)/PbS-TBAI/Methyl-ammonium lead iodide (CH3NH3PBI3)/Tin(II) Sulphide (SnS)/gold (Au) contacts with an efficiency of 21.09 percent and is simulated and analyzed. CH3NH3PBI3 is utilized as the absorber layer, PbS-tetra-butyl ammonium iodide (PbS-TBAI) is used as a quantum dot layer, SnO2 as the electron transport layer (ETL), WS2 is used as the buffer layer, and SnS as the hole transport layer (HTL). The effects of absorbing layer thickness, buffer layer thickness, operating temperature, defect density of absorber, and quantum dot layer, doping density of active layer were investigated. The cell's quantum efficiency indicates that the PbS-QD solar cell can collect a larger variety of incident light wavelengths across the solar spectrum, and adding a buffer layer of WS2 significantly increases the efficiency. This research effort can serve as a valuable guide in the future fabrication of highly efficient quantum dot perovskite solar cells.","1944-9380","979-8-3503-3346-6","10.1109/NANO58406.2023.10231301","","https://ieeexplore.ieee.org/stamp/stamp.jsp?arnumber=10231301","quantum dot;perovskite;solar cell;WS2;defects","Buffer layers;Performance evaluation;Iodine compounds;Photovoltaic cells;Microprocessors;Quantum dots;Computer architecture","","","","11","IEEE","1 Sep 2023","2-5 July 2023","2-5 July 2023","IEEE","IEEE Conferences"
"Microwave Performance Analysis of MgZnO/CdZnO HEMT","S. Chaudhary; P. Kumar; B. Mahapatra; C. Patel; M. Dubey; S. Mukherjee","Department of Electrical Engineering, Hybrid Nanodevice Research Group (HNRG), Indian Institute of Technology Indore, Indore, India; Department of Electrical Engineering, Hybrid Nanodevice Research Group (HNRG), Indian Institute of Technology Indore, Indore, India; Department of Electrical Engineering, Hybrid Nanodevice Research Group (HNRG), Indian Institute of Technology Indore, Indore, India; Department of Electrical Engineering, Hybrid Nanodevice Research Group (HNRG), Indian Institute of Technology Indore, Indore, India; Department of Electrical Engineering, Hybrid Nanodevice Research Group (HNRG), Indian Institute of Technology Indore, Indore, India; Centre for Advance Electronics (CAE), Indian Institute of Technology Indore, Indore, India",2023 IEEE 23rd International Conference on Nanotechnology (NANO),"1 Sep 2023","2023","","","471","475","This article analyzes the direct current and small-signal parameters of MgZnO/CdZnO (MCO) HEMT for microwave application. Further, the effect of the gate length on microwave performance parameters such as transconductance $(g_{\mathrm{m}})$, cut-off frequency $(f_{\mathrm{T}})$, maximum oscillation frequency (fMAX) of MCO HEMT has been analyzed. The two-dimensional electron gas (2DEG) value for MCO HEMT is 7.2 × 1013cm−2, gm is 103 mS/mm. The $f_{\mathrm{T}}$ and fMAX of MCO HEMT are 7.2 GHz, and 13.2 GHz, respectively. The $f_{\mathrm{T}}$ and fMAX increases with decrease in the gate length. Maximum $f_{\mathrm{T}}$ and fMAX of MCO HEMT are 13.87 GHz, and 21.5 GHz, respectively for a gate length of 500 nm. This work is significant for the development of cost-effective HEMT for microwave application.","1944-9380","979-8-3503-3346-6","10.1109/NANO58406.2023.10231273","","https://ieeexplore.ieee.org/stamp/stamp.jsp?arnumber=10231273","","Wireless communication;Navigation;Cutoff frequency;HEMTs;Logic gates;Microwave communication;Microwave oscillators","","2","","30","IEEE","1 Sep 2023","2-5 July 2023","2-5 July 2023","IEEE","IEEE Conferences"
"Novel Ferro-Oxide-Nitride-Oxide-Semiconductor (FONOS) FDSOI FET Towards Memory and Synaptic Applications","R. R. Shaik; K. P. Pradhan","Department of ECE, IIITDM Kancheepuram, Chennai, India; Department of ECE, IIITDM Kancheepuram, Chennai, India",2023 IEEE 23rd International Conference on Nanotechnology (NANO),"1 Sep 2023","2023","","","476","480","In this work, a charge trapping nitride (CTN) assisted memory window (MW) boosting by a novel ferroelectric-oxide-nitride-oxide-semiconductor (FONOS) based memory FET is investigated. The proposed architecture is obtained by a calibrated state-of-art Si: HfO2 FDSOI FeFET TCAD numerical simulations. The calibrated FeFET is further added with charge-trapping-memory and tunnelling models to incorporate the effect of adding a charge-trapping-nitride layer between ferro-electric and silicon layer to form the proposed FONOS FET. The FONOS device has predicted low program/erase (PGM/ERS) biases of + 4.5 V and −5.0 V, which is predicted to be enhanced by Fe layer. The physical insights into this phenomenon are thoroughly predicted in the positive and negative hysteresis loops of Fe layer that traps/de-traps the electrons and hole in the Si3N4 layer. A brief schematic and array structure to use the proposed FONOS device is provided to further extend the work towards applications on neuromorphic computing.","1944-9380","979-8-3503-3346-6","10.1109/NANO58406.2023.10231215","","https://ieeexplore.ieee.org/stamp/stamp.jsp?arnumber=10231215","charge-trapping-nitride;FeFET;ferroelectric;FDSOI;HSO;memory-window;neuromorphic;synapse","Electron traps;Silicon-on-insulator;Computer architecture;Tunneling;Numerical simulation;Throughput;Iron","","2","","23","IEEE","1 Sep 2023","2-5 July 2023","2-5 July 2023","IEEE","IEEE Conferences"
"Poly(ε-Caprolactone) Nanospheres Coated on Dental Implants by Integrated Layer-by-Layer Coating Technique","N. Patiyananuwat; T. Chartpitak; S. Tancharoen; N. Nasongkla","Department of Biomedical Engineering, Mahidol University, Nakhon Pathom, Thailand; Faculty of Engineering, Mahidol University, Nakhon Pathom, Thailand; Department of Pharmacology, Faculty of Dentistry, Mahidol University, Bangkok, Thailand; Department of Biomedical Engineering, Mahidol University, Nakhon Pathom, Thailand",2023 IEEE 23rd International Conference on Nanotechnology (NANO),"1 Sep 2023","2023","","","484","489","Dental implant infections are a leading cause of implant failure, causing inflammation and bone loss. To combat such infections, a potential solution is the application of a nano-coating technique that utilizes nanotechnology and a drug delivery system to coat the implant surface. This study aimed to coat dental implants with poly(ε-caprolactone) nanospheres (PCL-NPs) loaded with minocycline (MC), an antibacterial agent, using the Layer-by-Layer (LbL) coating technique involving dipping and spraying. The dental implants were coated for 30, 60, 90, and 120 cycles, respectively. The MC/PCL- NPs achieved drug-loading contents of 0.16 ± 0.03, 3.03 ± 0.99, 5.87 ± 0.69, and 6.48 ± 1.68 mg, respectively. The antibacterial study revealed that the release profile of minocycline from the coated dental implants effectively inhibited bacteria growth for a duration of three days. Keywords: Dental implant, nano-coating, nanospheres, poly(ε-caprolactone), minocycline, drug delivery system","1944-9380","979-8-3503-3346-6","10.1109/NANO58406.2023.10231250","","https://ieeexplore.ieee.org/stamp/stamp.jsp?arnumber=10231250","Dental implant;nano-coating;nanospheres;poly(ε-caprolactone);minocycline;drug delivery system","Coating techniques;Microwave integrated circuits;Microorganisms;Spraying;Implants;Antibacterial activity;Drug delivery","","1","","20","IEEE","1 Sep 2023","2-5 July 2023","2-5 July 2023","IEEE","IEEE Conferences"
"Role of Carrier Gas and its Flow Rate to Produce Uniform, Large-Sized MoS2 Monolayer via CVD","C. Patel; M. Dubey; S. Chaudhary; V. Kumar; S. Mukherjee","Department of Electrical Engineering, Indian Institute of Technology Indore, Simrol, Madhya Pradesh, India; Department of Electrical Engineering, Indian Institute of Technology Indore, Simrol, Madhya Pradesh, India; Department of Electrical Engineering, Indian Institute of Technology Indore, Simrol, Madhya Pradesh, India; Department of Electrical Engineering, Indian Institute of Technology Indore, Simrol, Madhya Pradesh, India; Department of Electrical Engineering, Indian Institute of Technology Indore, Simrol, Madhya Pradesh, India",2023 IEEE 23rd International Conference on Nanotechnology (NANO),"1 Sep 2023","2023","","","490","493","Recently unprecedented interest has been immersed towards the synthesis of two-dimensional (2D) transition metal dichalcogenides via chemical vapor deposition (CVD) system. Synthesis of uniform and large-sized monolayer $\text{MoS}_{2}$ atomic thin film via CVD is still a major bottleneck owing to strong dependence on diverse associated growth parameters. In this work, we have investigated the effect of individual carrier gas during $\text{MoS}_{2}$ growth and its flow rate. Selection of Ar carrier gas with flow rate 150 sccm is the optimum amount to obtain the largest triangular $\text{MoS}_{2}$. While $\mathrm{N}_{2}$ as a carrier gas with 150 sccm is help to deposit dendrite $\text{MoS}_{2}$ flakes. In addition, mixture of Ar and $\mathrm{N}_{2}$ gases in 2:1 ratio during $\text{MoS}_{2}$ growth is suitable to deposit large and uniform monolayer of $\text{MoS}_{2}$.","1944-9380","979-8-3503-3346-6","10.1109/NANO58406.2023.10231184","","https://ieeexplore.ieee.org/stamp/stamp.jsp?arnumber=10231184","MoS2;carrier gas;Chemical vapor deposition","Gases;Two dimensional displays;Fluid flow;Crystals;Dendrites (neurons);Transition metal dichalcogenides;Sulfur","","1","","17","IEEE","1 Sep 2023","2-5 July 2023","2-5 July 2023","IEEE","IEEE Conferences"
"Low-Cost Solution-Processed Facile h-MoO3/n-Si Heterojunction Diode","S. Kumar; K. Rudra; A. K. Singh; S. Singh; P. Kumar","Department of Electronics and Communications, Indian Institute of Information Technology-Allahabad, Prayagraj, India; Department of Electrical Engineering and Computer Science, University of Michigan, Ann Arbor, Michigan, U.S; Department of Electronics Engineering, Rajiv Gandhi Institute of Petroleum Technology, Amethi, India; Department of Electronics and Communications, Indian Institute of Information Technology-Allahabad, Prayagraj, India; Department of Applied Sciences, Spintronic and Magnetic Materials Laboratory, Indian Institute of Information Technology-Allahabad, Prayagraj, India",2023 IEEE 23rd International Conference on Nanotechnology (NANO),"1 Sep 2023","2023","","","494","498","In beginning of 21st century, it started witnessing the growth and widespread of 1D nanorod transition metal oxides for solid states & optoelectronic devices. These transition metal oxides with doped silicon offer an excellent heterojunction property with peculiar electrical and optical properties. Owing to such peculiarities, this article investigated the electrical behavior of n-Si and chemically synthesized h-MoO3 nanorods followed by solution processed. The synthesis of h-MoO3 nanorods has been carried out in cost effective manner. The characterization results of Field Emission Electron Microscopy (FESEM) and X-ray diffraction (XRD) results have shown the morphology, phase, and crystallinity of h-MoO3 nanorods. The optical properties were examined using UV-Visible and Raman spectra analysis. Subsequently, we have further investigated the h-MoO3/n-Si heterojunction diode and studied their electrical properties. The current-voltage (I-V) measurements of the heterojunction were carried out at room temperature which shows a rectifying behavior with a rectification ratio of ≈13. This facile fabrication process paves the way for various low-cost applications, especially in the field of sensing and photonics.","1944-9380","979-8-3503-3346-6","10.1109/NANO58406.2023.10231289","DST; ","https://ieeexplore.ieee.org/stamp/stamp.jsp?arnumber=10231289","","Temperature measurement;Optical diffraction;X-ray scattering;Stimulated emission;Optical device fabrication;Metals;Heterojunctions","","","","20","IEEE","1 Sep 2023","2-5 July 2023","2-5 July 2023","IEEE","IEEE Conferences"
"On-chip Helical Array Antenna Based on Metal Driving Self-Assembled Membrane Nanotechnology","L. Li; A. Gong; Z. Hu; W. He; T. Yuan; L. Sang; W. Huang","Department of Electronic Science, Hefei University of Technology, Hefei, China; Department of Electronic Science, Hefei University of Technology, Hefei, China; Department of Electronic Science, Hefei University of Technology, Hefei, China; Department of Electronic Science, Hefei University of Technology, Hefei, China; Kunshan Innowave Communication Technology Co., Ltd, Kunshan, China; Department of Electronic Science, Hefei University of Technology, Hefei, China; Department of Electronic Science, Hefei University of Technology, Hefei, China",2023 IEEE 23rd International Conference on Nanotechnology (NANO),"1 Sep 2023","2023","","","500","503","This paper presents the design of helical array antenna based on metal driving self-assembled membrane (SAM) nanotechnology. Pure metal membrane was used as the antenna radiation body, and also for providing self-assembling driving force to avoid using any strained dielectric membrane. Due to the large residue strain within the metal membrane, lower ohmic loss can be achieved by depositing thicker metal without cracking, which also help on rolling larger helical inner diameter for lower frequency band operation. The single helical antenna structure and electrical performance can be simulated by using quasi-static mechanical and electromagnetic full wave finite element method (FEM). Simulation results show that a three-turn helical antenna with 1040 μm inner diameter and 840 μ m pitch could achieve antenna gain of 10.52 dB@124 GHz, and 26.08 dB@124 GHz if 6 units linear helical array antenna is designed.","1944-9380","979-8-3503-3346-6","10.1109/NANO58406.2023.10231306","National Natural Science Foundation of China(grant numbers:61974038); ","https://ieeexplore.ieee.org/stamp/stamp.jsp?arnumber=10231306","","Helical antennas;Self-assembly;Simulation;Electromagnetic scattering;Metals;Finite element analysis;Linear antenna arrays","","","","11","IEEE","1 Sep 2023","2-5 July 2023","2-5 July 2023","IEEE","IEEE Conferences"
"Nano Bio-Edible Fruit Coating by Using Carica Papaya Leaf Extracts","A. Patel; S. Shah",NA; NA,2023 IEEE 23rd International Conference on Nanotechnology (NANO),"1 Sep 2023","2023","","","508","513","Nanotechnology is the branch of science that is broadly divides to entire world. Zinc is among the needy nutrition in human bodies. It has a diverse physiological factor in human bodies. Zinc interacts with too many enzymes and proteins to perform important structural, functional, and controller roles. Hence, it is important to use zinc as deficiency will cause many physiological issues. Zinc can be uses naturally, especially from animal-bases food such as beef, chicken, and pork. Plant-bases foods are not a best source of zinc, as it is generally not much absorbing in the human body. Synthesis of ZnONPs is easy and quick process which characterises by colour change UV-visible spectroscopy, FTIR zeta potential, particle size analyser, SEM-EDX etc. In this study, we used Carica papaya leaf extract for production of Zinc Nano Particles. Carica papaya has several medical properties so it acts as antimicrobial agent. Zinc Acetate was mixed with Carica papaya leaf extract for production of (ZnONPs) Zinc nanoparticles. It is characterized by colour UV-visible Spectroscopy, at range between 300-400nm. FTIR shows different peak due to bond stretching of bio molecules present in sample. In further synthesized ZnONPs shows much antimicrobial, antioxidant, antidiabetic, anticancer property. From initial time Carica papaya used as medicine because of their medicinal properties. From above mentioned characteristic properties, we can interpret the product to be Zinc Nanoparticles of carica papaya. Its components have been reported to be possess antimicrobial property which showed on coated strawberry as compare to non-coated strawberry. And it gives different zone of inhibition when treated with different micro-organisms, antioxidant activity showed the rate of free radicals produced by nanoparticles which can reduce to amount of oxidation which is taking place in our body due to ROS (Relative Oxygen Species).","1944-9380","979-8-3503-3346-6","10.1109/NANO58406.2023.10231279","","https://ieeexplore.ieee.org/stamp/stamp.jsp?arnumber=10231279","","Nanoparticles;Spectroscopy;Oxygen;Production;Color;Zinc oxide;Physiology","","1","","13","IEEE","1 Sep 2023","2-5 July 2023","2-5 July 2023","IEEE","IEEE Conferences"
"Paper-Based Wearable Strain Sensor for Body Joint's Movement Detection","A. Javaid; M. H. Zulfiqar; M. A. Khan; M. Q. Mehmood; Y. Massoud","Electrical Engineering Department, Micro Nano Lab, Information Technology University (ITU) of the Punjab, Lahore, Pakistan; Department of Biomedical Engineering, University of Engineering and Technology, Lahore, Pakistan; Innovative Technologies Laboratories (ITL), King Abdullah University of Science and Technology (KAUST), Saudi Arabia; Electrical Engineering Department, Micro Nano Lab, Information Technology University (ITU) of the Punjab, Lahore, Pakistan; Innovative Technologies Laboratories (ITL), King Abdullah University of Science and Technology (KAUST), Saudi Arabia",2023 IEEE 23rd International Conference on Nanotechnology (NANO),"1 Sep 2023","2023","","","514","518","Advancements in technology are creating demands for flexibility and bio-degradability. Herein we present a very economical and easily fabricated wearable strain sensor. The anticipated flexible strain sensor is a non-toxic, eco-friendly, and bio-degradable invention. A very easy approach and commercially available materials i.e., copper tape and printing paper are used to fabricate the proposed strain sensor. The anticipated work offers a quick response time of 0.59 sec along with defined tolerance to differentiate between the flat and bent states. For off-body and on-body analysis tolerances achieved are 20 pF and 30 pF, respectively. The intended strain sensor is quite sensitive as it can detect 0.18% of strain very efficiently. It exhibits a sensitivity factor (GF) value of approximately 683. The sensor undergoes real-time monitoring of joint movement. The proposed strain sensor having features of flexibility and Eco friendliness proves itself a apt candidate for diversified wearable applications.","1944-9380","979-8-3503-3346-6","10.1109/NANO58406.2023.10231286","","https://ieeexplore.ieee.org/stamp/stamp.jsp?arnumber=10231286","Wearable;flexible;strain sensor;paper-based;joint movement","Wrist;Printing;Technological innovation;Sensitivity;Capacitive sensors;Real-time systems;Time factors","","4","","31","IEEE","1 Sep 2023","2-5 July 2023","2-5 July 2023","IEEE","IEEE Conferences"
"Open-RIMC: Open-Source RRAM-based IMC Co-Processor with Reconfigurable Logic Mapping","V. Parmar; A. Ray; C. Moorthii; R. Mishra; D. Verma; D. Pandey; M. Suri","Department of Electrical Engineering, Indian Institute of Technology Delhi, New Delhi, India; Department of Electrical Engineering, Indian Institute of Technology Delhi, New Delhi, India; Department of Electrical Engineering, Indian Institute of Technology Delhi, New Delhi, India; Department of Electrical Engineering, Indian Institute of Technology Delhi, New Delhi, India; Department of Electrical Engineering, Indian Institute of Technology Delhi, New Delhi, India; Department of Electrical Engineering, Indian Institute of Technology Delhi, New Delhi, India; Department of Electrical Engineering, Indian Institute of Technology Delhi, New Delhi, India",2023 IEEE 23rd International Conference on Nanotechnology (NANO),"1 Sep 2023","2023","","","519","523","In this study we present Open-RIMC, an open-source RRAM-based IMC (In-memory computing) co-processor that enables energy-efficient mapping of MAC (multiply and accumulate) operations while providing reconfigurable logic-mapping. The proposed RRAM-IMC IP is implemented using the open-source Skywater-130 nm PDK and a fully open-source EDA tool-chain. Our IMC block acts as a co-processor to the RISC-V based Caravel co-processor. We demonstrate BNN (Binary Neural Network) as a potential application along with analysis on impact of variability on inference performance of the IMC-macro. We further analyze trade-offs due to logic-mapping. The design is open-sourced and available online at https://gitlab.com/NVM_IITD_Research/RRAM_IMC_IITD. The proposed design can be used for realizing efficient edge AI (artificial intelligence) quantized neural networks (QNN).","1944-9380","979-8-3503-3346-6","10.1109/NANO58406.2023.10231247","","https://ieeexplore.ieee.org/stamp/stamp.jsp?arnumber=10231247","","Reconfigurable logic;Artificial neural networks;In-memory computing;Energy efficiency;IP networks;Artificial intelligence;Nanotechnology","","1","","20","IEEE","1 Sep 2023","2-5 July 2023","2-5 July 2023","IEEE","IEEE Conferences"
"Design and Analysis of Approximate Multiplier of Majority-Based Imprecise 4–2 Compressor for Image Processing","Y. Zhang; X. Chen; P. Guo; G. Xie","School of Microelectronics, Hefei University of Technology, Hefei, China; School of Microelectronics, Hefei University of Technology, Hefei, China; School of Microelectronics, Hefei University of Technology, Hefei, China; School of Microelectronics, Hefei University of Technology, Hefei, China",2023 IEEE 23rd International Conference on Nanotechnology (NANO),"1 Sep 2023","2023","","","1","5","Approximate computing is an efficient way to lower energy consumption and design complexity. An approximate 4–2 compressor using majority gates is proposed by adding errors to the truth table of the exact compressor. It achieves a considerable improvement in terms of power-delay-product (PDP) and energy-delay-product (EDP). Then an $8\times 8$ Dadda multiplier using the proposed inexact compressor is designed and gives great optimization in compressing partial products stage. Compared to the exact and previous multipliers, synthesis and simulation results indicate that the proposed multiplier realizes a 12% reduction in error rate (ER) together with reductions in PDP and EDP by up to 30% and 35%, respectively. Furthermore, image multiplication and image filtering algorithm are implemented to test the practicability of the proposed multiplier in fault-tolerant applications. The evaluation indicators also show that the designed multiplier obtains better-quality images.","1944-9380","979-8-3503-3346-6","10.1109/NANO58406.2023.10231167","","https://ieeexplore.ieee.org/stamp/stamp.jsp?arnumber=10231167","Approximate computing;4–2 compressor;majority gate;multiplier;image processing","Fault tolerance;Energy consumption;Image coding;Error analysis;Simulation;Fault tolerant systems;Logic gates","","6","","15","IEEE","1 Sep 2023","2-5 July 2023","2-5 July 2023","IEEE","IEEE Conferences"
"Design and Analysis of Imprecise 4-2 Compressor with Error Recovery Module for Approximate Multipliers","F. Bai; G. Xie; P. Guo; Y. Zhang","School of Microelectronics, Hefei University of Technology, Hefei, China; School of Microelectronics, Hefei University of Technology, Hefei, China; School of Microelectronics, Hefei University of Technology, Hefei, China; School of Microelectronics, Hefei University of Technology, Hefei, China",2023 IEEE 23rd International Conference on Nanotechnology (NANO),"1 Sep 2023","2023","","","1","5","As an effective method to improve chip energy efficiency, approximate computing has been widely concerned and studied by industry and academia. In this paper, we present a novel approximate 4-2 compressor. In addition, we also made a comprehensive comparison of the approximate 4-2 compressors proposed in the literature. The investigated circuits are employed to design an 8×8 Dadda multiplier. The experimental results show that compared with the exact multiplier and other advanced multipliers, the proposed multiplier has improved the area, power consumption, and delay by 12%, 15%, and 14% respectively, and has significantly improved the ER and NMED by 21% and 58% respectively. The application of image multiplication is also introduced to evaluate the practicability of the multiplier through peak signal-to-noise ratio (PSNR) and mean structural similarity index metric (MSSIM). The experimental results show that the PSNR and MSSIM of this design are better than other designs.","1944-9380","979-8-3503-3346-6","10.1109/NANO58406.2023.10231162","","https://ieeexplore.ieee.org/stamp/stamp.jsp?arnumber=10231162","Approximate computing;approximate compressor;approximate multiplier;image multiplication","Measurement;Industries;Power demand;PSNR;Image coding;Hardware;Delays","","2","","13","IEEE","1 Sep 2023","2-5 July 2023","2-5 July 2023","IEEE","IEEE Conferences"
"Quantum-inspired Computing: Entanglement-enhanced Technique for Short Portfolio in Global Markets","Y. -C. Jiang; Y. -T. Lai; P. -C. Chen; Y. -Y. Chang; K. -M. Wu; S. -Y. Kuo; Y. -H. Chou; S. -Y. Kuo",NA; NA; NA; NA; NA; NA; NA; NA,2023 IEEE 23rd International Conference on Nanotechnology (NANO),"1 Sep 2023","2023","","","534","538","Portfolio optimization is an essential aspect of the development of quantum computing. The quantum-inspired op-timization (QIO) algorithm facilitates an efficient search for the optimal solution by simulating quantum mechanics on a classical computer, thus bridging quantum theory and the actual implementation of quantum computing. This study proposes an entanglement-based QIO to optimize the short-selling portfolio in a group of seven (G7) industrialized nations, which are the world's largest markets and significantly impact global economies. To diversify investment options in response to the ever-changing markets, short-selling is a worthy topic for dis-cussion. The innovative trend ratio can precisely determine the performance of a short-selling portfolio during a stable downward trend. Implementing the short-selling trend ratio model in the significant G7 markets broadens its applicability.","1944-9380","979-8-3503-3346-6","10.1109/NANO58406.2023.10231234","","https://ieeexplore.ieee.org/stamp/stamp.jsp?arnumber=10231234","","Quantum computing;Quantum entanglement;Computational modeling;Globalization;Market research;Quantum annealing;Portfolios","","5","","25","IEEE","1 Sep 2023","2-5 July 2023","2-5 July 2023","IEEE","IEEE Conferences"
"Randomness Enhancement in a Quantum Dot-Based Quantum Random Number Generator by Correctors","A. Khare; C. A. Jothishwaran; Y. Tiwari; S. Gangopadhyay; V. S. Poonia","The Department of Computer Science and Engineering, Indian Institute of Technology, Roorkee, Uttarakhand, India; Prime Minister's Research Fellowship (PMRF), Ministry of Education, Government of India; The Department of Electronics and Communication Engineering, Indian Institute of Technology, Roorkee, Uttarakhand, India; The Department of Computer Science and Engineering, Indian Institute of Technology, Roorkee, Uttarakhand, India; The Department of Electronics and Communication Engineering, Indian Institute of Technology, Roorkee, Uttarakhand, India",2023 IEEE 23rd International Conference on Nanotechnology (NANO),"1 Sep 2023","2023","","","539","544","In this work, we analyze the randomness of a bit stream generated by a quantum dot-based quantum random number generator (QRNG) implemented by a noisy Hadamard gate. We observe that the decoherence of the physical system affects the randomness of the bit stream. Further, to enhance the randomness, we employ various linear corrector functions, which (in theory) act on an input string of bits to give an output string of bits with improved randomness. We use certain tests recommended by NIST to characterize the randomness of the generated and the corrected bit strings. A comparison of these test results shows that linear correctors with high $t$ values (around 16) can enhance the randomness of the bit strings generated by a noisy quantum random number generator (QRNG). Therefore, even a noisy QRNG, when combined with an appropriate corrector, will make such devices feasible for true random number generators. This randomness enhancement comes at the cost of reduced bit rates and potential computation time overheads for the QRNG.","1944-9380","979-8-3503-3346-6","10.1109/NANO58406.2023.10231225","Science and Engineering Research Board; ","https://ieeexplore.ieee.org/stamp/stamp.jsp?arnumber=10231225","","Costs;Quantum dots;Qubit;Logic gates;NIST;Generators;Energy efficiency","","","","15","IEEE","1 Sep 2023","2-5 July 2023","2-5 July 2023","IEEE","IEEE Conferences"
"Energy-Efficient Differential Spin Hall Effect Ternary Content Addressable Memory","S. Dhull; S. Soni; A. Nisar; B. K. Kaushik","The Indian Institute of Technology, Roorkee, India; The Indian Institute of Technology, Roorkee, India; The Indian Institute of Technology, Roorkee, India; The Indian Institute of Technology, Roorkee, India",2023 IEEE 23rd International Conference on Nanotechnology (NANO),"1 Sep 2023","2023","","","545","549","In this paper, a ternary content addressable memory (TCAM) design based on the differential spin Hall effect (DSHE)-magnetoresistive random access memory (MRAM) is proposed. The proposed TCAM comprises 3 transistors and 2 magnetic tunnel junctions (3T-2MTJs) structure and utilizes DSHE technique that enables high-density memory with reduced power consumption and latency. DSHE technique is an energy efficient method as it stores complementary bits in MTJs placed on both sides of a heavy metal layer by passing a single spin orbit torque (SOT) current through it. The findings demonstrate that the efficiency in terms of energy and the latency for the search operation of the proposed DSHE-TCAM is improved by 30% and 13.9%, respectively, when compared to SOT-MRAM-based TCAM. Also, the write energy efficiency of the proposed TCAM is enhanced by 47.5% and area is reduced by 42.1% in comparison to SOT-MRAM based TCAM. Furthermore, the proposed TCAM shows better performance in comparison to other counterparts that are based on different memory technologies such as static RAM (SRAM), ferroelectric field-effect transistor (FeFET), and spin transfer torque-MRAM (STT-MRAM). Hence, DSHE-MRAM-based TCAM are potential candidature for high-speed and energy-efficient search operations in future computing systems.","1944-9380","979-8-3503-3346-6","10.1109/NANO58406.2023.10231186","","https://ieeexplore.ieee.org/stamp/stamp.jsp?arnumber=10231186","Magnetic random-access memory;differential spin hall effect;ternary content addressable memory","Associative memory;Electric potential;Torque;Power demand;Random access memory;Energy efficiency;Hall effect","","2","","19","IEEE","1 Sep 2023","2-5 July 2023","2-5 July 2023","IEEE","IEEE Conferences"
"High Sensing Margin Sensing Amplifier with Improved Reliability for STT-MRAM","J. Fu; L. Sun; X. Tong; B. Liu; H. Cai","National ASIC System Engineering Center, Southeast University, Nanjing, China; National ASIC System Engineering Center, Southeast University, Nanjing, China; National ASIC System Engineering Center, Southeast University, Nanjing, China; National ASIC System Engineering Center, Southeast University, Nanjing, China; National ASIC System Engineering Center, Southeast University, Nanjing, China",2023 IEEE 23rd International Conference on Nanotechnology (NANO),"1 Sep 2023","2023","","","550","555","spin-transfer-torque magnetoresistive random access memory (STT-MRAM) is considered to be one of the leading candidates for next general memory due to its high access speed, unlimited endurance, excellent integration density, radiation hardness and outstanding compatibility with CMOS process. STT-MRAM has been extensively studied for last-level cache and energy efficient applications. Sensing operation remains reliability issue owing to the inevitable process variations, voltage and temperature fluctuations. This paper proposes a novel reliability enhanced high sensing margin sensing amplifier (HSM-SA) for STT-MRAM. Simulation is executed based on 40-nm CMOS design kit and 40-nm MTJ model taking account into temperature behaviors. Simulation results show that proposed HSM-SA achieves more than 4× sensing margin of conventional sensing circuit and the highest sensing yield compared to previous work over a wide temperature range (-55°C~125°C).","1944-9380","979-8-3503-3346-6","10.1109/NANO58406.2023.10231317","National Natural Science Foundation of China(grant numbers:62274029,U19A2074); ","https://ieeexplore.ieee.org/stamp/stamp.jsp?arnumber=10231317","","Temperature sensors;Semiconductor device modeling;Temperature distribution;Voltage fluctuations;Simulation;Random access memory;Sensors","","2","","17","IEEE","1 Sep 2023","2-5 July 2023","2-5 July 2023","IEEE","IEEE Conferences"
"Power Efficient Image Processing with TMR Tunable Hybrid Approximate Adders","G. Gulafshan; R. Kumar; D. Khan; S. Amara; Y. Massoud","Innovative Technologies Laboratories (ITL), King Abdullah University of Science and Technology (KAUST), Thuwal, Saudi Arabia; Innovative Technologies Laboratories (ITL), King Abdullah University of Science and Technology (KAUST), Thuwal, Saudi Arabia; Innovative Technologies Laboratories (ITL), King Abdullah University of Science and Technology (KAUST), Thuwal, Saudi Arabia; Innovative Technologies Laboratories (ITL), King Abdullah University of Science and Technology (KAUST), Thuwal, Saudi Arabia; Innovative Technologies Laboratories (ITL), King Abdullah University of Science and Technology (KAUST), Thuwal, Saudi Arabia",2023 IEEE 23rd International Conference on Nanotechnology (NANO),"1 Sep 2023","2023","","","556","561","An emerging spintronic device, magnetic tunnel junction (MTJ) mitigates the challenges like leakage power, high dynamic power as well as static power, faced by present CMOS technology. The non-volatility offers extra power saving during idle state by completely shut-down a MTJ based circuits without losing any data or extra hardware. Further, an approximate computing is a reliable technique for improving significant performance in trade of accuracy. In this paper, two fully non-volatile, 1-bit approximate adders are proposed with error distance in sum is two, extended to 12-bit hybrid adder in which a mix of approximate adders are placed on lower significant bits (LSB) and exact adder (EXA3) is placed on higher significant bits, and these hybrid adders are employed in image processing (implementing Gaussian filter) for removing noise. It is observed that the proposed adder (AXMFA1) is 23 % power efficient and reduces delay by 21 % by slightly compromising the accuracy (maximum error distance is 5) that implies the degradation in image quality: reduction of PSNR and SSIM by 0.13% and 0.28%.","1944-9380","979-8-3503-3346-6","10.1109/NANO58406.2023.10231223","","https://ieeexplore.ieee.org/stamp/stamp.jsp?arnumber=10231223","","Image quality;Nonvolatile memory;Image processing;Memory management;Hardware;Junctions;Adders","","3","","24","IEEE","1 Sep 2023","2-5 July 2023","2-5 July 2023","IEEE","IEEE Conferences"
"A TCAD Model for Silicon Nitride Based Memristive Devices","E. Stavroulakis; N. Vasileiadis; A. Mavropoulis; I. K. Chatzipaschalis; E. Tsipas; K. Rallis; I. Vourkas; P. Dimitrakis; G. C. Sirakoulis","Department of Electrical and Computer Engineering, Democritus University of Thrace, Xanthi, Greece; Department of Electrical and Computer Engineering, Democritus University of Thrace, Xanthi, Greece; Institute of Nanoscience and Nanotechnology, NCSR “Demokritos”, Athens, Greece; Department of Electrical and Computer Engineering, Democritus University of Thrace, Xanthi, Greece; Department of Electrical and Computer Engineering, Democritus University of Thrace, Xanthi, Greece; Department of Electrical and Computer Engineering, Democritus University of Thrace, Xanthi, Greece; Dept. of Electronic Engineering, Universidad Técnica Federico Santa María, Valparaíso, Chile; Institute of Nanoscience and Nanotechnology, NCSR “Demokritos”, Athens, Greece; Department of Electrical and Computer Engineering, Democritus University of Thrace, Xanthi, Greece",2023 IEEE 23rd International Conference on Nanotechnology (NANO),"1 Sep 2023","2023","","","571","575","Si3N4-based ReRAM devices showcase intriguing performance characteristics of low switching threshold, high endurance and retention that lay the foundations for the development of the next-generation low-power artificial synaptic devices. In this work, an approach to accurately simulate resistive-switching of Si3N4 memristors by employing the Kinetic Monte Carlo simulation method is outlined. The Kinetic Monte Carlo (KMC) method is used to simulate the temporal dynamics of the conductive filament (CF) formation and recession during voltage sweeps on the devices under simulation. The CF is modeled as nitrogen vacancies which act as electron transfer sites, consistent with experimental data showing conductivity in Si3N4 films having high nitrogen vacancy concentrations. This simulation approach allows for direct visualization of the CF electrostatics as well as the incorporation of a non-local, trap-assisted tunneling model to approximate current-voltage characteristics during the switching event.","1944-9380","979-8-3503-3346-6","10.1109/NANO58406.2023.10231233","","https://ieeexplore.ieee.org/stamp/stamp.jsp?arnumber=10231233","memristor;nanoelectronics;neuromorphic;sil-icon nitride;ReRAM;Kinetic Monte Carlo","Resistance;Solid modeling;Monte Carlo methods;Memristors;Switches;Silicon nitride;Tunneling","","2","","29","IEEE","1 Sep 2023","2-5 July 2023","2-5 July 2023","IEEE","IEEE Conferences"
"VNWFET-Based Technology: From Device Modelling to Standard Cell Library","S. Mannaa; C. Marchand; D. Deleruyelle; B. Deveautour; I. O'Connor; A. Bosio","Univ Lyon, ECL, INSA Lyon, CNRS, UCBL, CPE Lyon, INL, UMR5270, Ecully, France; Univ Lyon, ECL, INSA Lyon, CNRS, UCBL, CPE Lyon, INL, UMR5270, Ecully, France; Univ Lyon, ECL, INSA Lyon, CNRS, UCBL, CPE Lyon, INL, UMR5270, Ecully, France; Univ Lyon, ECL, INSA Lyon, CNRS, UCBL, CPE Lyon, INL, UMR5270, Ecully, France; Univ Lyon, ECL, INSA Lyon, CNRS, UCBL, CPE Lyon, INL, UMR5270, Ecully, France; Univ Lyon, ECL, INSA Lyon, CNRS, UCBL, CPE Lyon, INL, UMR5270, Ecully, France",2023 IEEE 23rd International Conference on Nanotechnology (NANO),"1 Sep 2023","2023","","","576","581","Vertical Nanowire Field Effect Transistors (VN-WFETs) are an emerging technology with significant potential to reduce footprint and consequently interconnect capacitance, thereby achieving improved energy-efficiency and being naturally compatible with advanced 3D integration approaches. However, while initial estimations have focused on projections and estimations, no work has so far used a detailed compact model to attempt accurate transistor-level simulations for standard cell library characterization thus enabling logic synthesis. In this paper, we propose a design flow to make the link from an existing (laboratory-scale) VNWFET technology and the associated compact model, to standard static logic cell design and characterization, and ultimately logic synthesis. To the best of our knowledge, this is the first work to prove the possibility of such a realistic design flow tailored to VNWFET technologies.","1944-9380","979-8-3503-3346-6","10.1109/NANO58406.2023.10231288","","https://ieeexplore.ieee.org/stamp/stamp.jsp?arnumber=10231288","Vertical Nanowires;Emerging Technology;Device Modelling;Standard Cell Library;Electrical Simulations;Logic Synthesis","Field effect transistors;Estimation;Capacitance;Nanoscale devices;Libraries;Energy efficiency;Standards","","3","","10","IEEE","1 Sep 2023","2-5 July 2023","2-5 July 2023","IEEE","IEEE Conferences"
"On the Dependable Operation of Bidirectional Encoder Representations from Transformers (BERT) in the Presence of Soft Errors","Z. Gao; J. Wang; R. Su; P. Reviriego; S. Liu; L. Fabrizio","School of Information and Engineering, Tianjin University, Tianjin, China; School of Information and Engineering, Tianjin University, Tianjin, China; School of Information and Engineering, Tianjin University, Tianjin, China; Departamento de Ingenieria de Sistemas Telematicos, Universidad Politecnica de Madrid, Madrid; Klipsch School of Electrical and Computer Engineering, New Mexico State University, Las Cruces, NM, USA; Department of Electrical and Computer Engineering, Northeastern University, Boston, MA, USA",2023 IEEE 23rd International Conference on Nanotechnology (NANO),"1 Sep 2023","2023","","","582","586","Transformers are widely used in Natural Language Processing (NLP) and computer vision; the Bidirectional Encoder Representations from Transformers (BERT) is one of the most popular pre-trained models for NLP applications. This paper considers the dependable operations of transformers using BERT and studies the impact of soft errors; as a case study, single-precision floating point weights are considered for emotion classification in text. Simulation by error injection is conducted to assess the impact of errors on different parts of the BERT model as well as the bits of the weights. The analysis of the results leads to the following findings: 1) there is a Critical Bit (CB) on which errors significantly affect the performance of the model; 2) errors that degrade the performance in many cases lead to a single class being output, so that BERT appears to generate a predetermined result regardless of the input. The analysis of the impact of errors is also performed on a layer, type, and head basis to evaluate the sensitivity as well as initial studies on error propagation and multiple bit flips.","1944-9380","979-8-3503-3346-6","10.1109/NANO58406.2023.10231204","","https://ieeexplore.ieee.org/stamp/stamp.jsp?arnumber=10231204","","Computer vision;Sensitivity;Memory management;Force;Bidirectional control;Transformers;Encoding","","6","","25","IEEE","1 Sep 2023","2-5 July 2023","2-5 July 2023","IEEE","IEEE Conferences"
"Floating-Point Formats and Arithmetic for Highly Accurate Multi-Layer Perceptrons","F. Niknia; Z. Wang; S. Liu; P. Reviriego; A. Louri; F. Lombardi","Department of Electrical and Computer Engineering, Northeastern University, Boston, MA, USA; Department of Electrical and Computer Engineering, Northeastern University, Boston, MA, USA; Klipsch School of Electrical and Computer Engineering, New Mexico State University, Las Cruces, NM, USA; Departamento de Ingeniería de Sistemas Telemáticos, Universidad Politécnica de Madrid, Madrid, Spain; Department of Electrical and Computer Engineering, The George Washington University, Washington, DC, USA; Department of Electrical and Computer Engineering, Northeastern University, Boston, MA, USA",2023 IEEE 23rd International Conference on Nanotechnology (NANO),"1 Sep 2023","2023","","","587","591","The data precision can significantly affect the accuracy and overhead metrics of hardware accelerators for different applications such as artificial neural networks (ANNs). This paper evaluates the inference and training of multi-layer perceptrons (MLPs), in which initially IEEE standard floating-point (FP) precisions (half, single and double) are utilized separately and then compared with mixed-precision FP formats. The mixed-precision calculations are investigated for three critical propagation modules (activation functions, weight updates, and accumulation units). Compared with applying a simple low-precision format, the mixed-precision format prevents an accuracy loss and the occurrence of overflow/underflow in the MLPs while potentially incurring in less hardware overhead in terms of area/power. As the multiply-accumulation is the most dominant operation in trending ANNs, a fully pipelined hardware implementation for the fused multiply-add units is proposed for different IEEE FP formats to achieve a very high operating frequency.","1944-9380","979-8-3503-3346-6","10.1109/NANO58406.2023.10231201","","https://ieeexplore.ieee.org/stamp/stamp.jsp?arnumber=10231201","","Training;Measurement;Simulation;Artificial neural networks;IEEE Standards;Hardware;Nanotechnology","","","","19","IEEE","1 Sep 2023","2-5 July 2023","2-5 July 2023","IEEE","IEEE Conferences"
"Energy Efficient Object Detection for Automotive Applications with YOLOv3 and Approximate Hardware","J. Fornt; P. Fontova-Musté; M. Caro; J. Abella; F. Moll; J. Altet; A. Rubio",NA; NA; NA; NA; NA; NA; NA,2023 IEEE 23rd International Conference on Nanotechnology (NANO),"1 Sep 2023","2023","","","592","595","Deep neural networks are the dominant models for perception tasks in the automotive domain, but their high computational complexity makes it difficult to execute them in real time with an acceptable power consumption on general-purpose devices. For this reason, the design of custom ASIC devices for real-time energy-efficient neural network deployment is a hot topic in academia and industry. Low-precision integer arithmetic and approximate computing are two popular optimizations often contemplated for saving hardware resources and power consumption. In this work, we evaluate two approximate computing circuits using different integer precisions in order to study the trade-offs that these techniques offer in terms of energy efficiency and degradation of the neural network outputs. In particular, we apply the approximations to the YOLOv3 object detection network, a popular model for critical applications in the automotive domain. By combining approximate arithmetic circuits with low precision we are able to reduce the power consumption of a MAD unit by over 50% compared to using only quantization.","1944-9380","979-8-3503-3346-6","10.1109/NANO58406.2023.10231293","","https://ieeexplore.ieee.org/stamp/stamp.jsp?arnumber=10231293","Approximate computing;object detection;low-precision;quantization;energy-efficient DNN acceleration","Degradation;Power demand;Quantization (signal);Computational modeling;Automotive applications;Object detection;Hardware","","1","","20","IEEE","1 Sep 2023","2-5 July 2023","2-5 July 2023","IEEE","IEEE Conferences"
"Synaptic MIS Silicon Nitride Resistance Switching Memory Cells on SOI Substrate","A. E. Mavropoulis; N. Vasileiadis; P. Normand; V. Ioannou-Sougleridis; K. Tsakalos; G. C. Sirakoulis; P. Dimitrakis","Institute of Nanoscience and Nanotechnology, NCSR “Demokritos”, Aghia Paraskevi, Greece; Department of Electrical and Computer Engineering, Democritus University of Thrace, Xanthi, Greece; Institute of Nanoscience and Nanotechnology, NCSR “Demokritos”, Aghia Paraskevi, Greece; Institute of Nanoscience and Nanotechnology, NCSR “Demokritos”, Aghia Paraskevi, Greece; Department of Electrical and Computer Engineering, Democritus University of Thrace, Xanthi, Greece; Department of Electrical and Computer Engineering, Democritus University of Thrace, Xanthi, Greece; Department of Electrical and Computer Engineering, Democritus University of Thrace, Xanthi, Greece",2023 IEEE 23rd International Conference on Nanotechnology (NANO),"1 Sep 2023","2023","","","596","599","In this work, the comparison of resistive memory MIS single-cells without selector (1R), having silicon nitride as switching dielectric, fabricated on SOI and bulk Si wafers is demonstrated. Comprehensive experimental investigations reveal the advantage of SOI substrate over bulk Si in terms of cycling endurance, cell-to-cell variability, retention and data loss rate.","1944-9380","979-8-3503-3346-6","10.1109/NANO58406.2023.10231297","","https://ieeexplore.ieee.org/stamp/stamp.jsp?arnumber=10231297","","Resistance;Silicon-on-insulator;Switches;Silicon nitride;Insulators;Silicon;Dielectrics","","","","31","IEEE","1 Sep 2023","2-5 July 2023","2-5 July 2023","IEEE","IEEE Conferences"
"Bio-inspired microstructures for enhancement of surface photothermal absorption based on TPP","J. Zheng; H. Yu; Y. Zhang; J. Wang; X. Wang; Y. Qiu; L. Liu; W. J. Li","State Key Laboratory of Robotics, Shenyang Institute of Automation, Chinese Academy of Sciences, and the Institutes for Robotics and Intelligent Manufacturing, Chinese Academy of Science, Shenyang, China; Department of Mechanical Engineering, City University of Hong Kong (CityU), Kowloon Tong, Hong Kong; State Key Laboratory of Robotics, Shenyang Institute of Automation, Chinese Academy of Sciences, and the Institutes for Robotics and Intelligent Manufacturing, Chinese Academy of Science, Shenyang, China; State Key Laboratory of Robotics, Shenyang Institute of Automation, Chinese Academy of Sciences, and the Institutes for Robotics and Intelligent Manufacturing, Chinese Academy of Science, Shenyang, China; Department of Mechanical Engineering, City University of Hong Kong (CityU), Kowloon Tong, Hong Kong; State Key Laboratory of Robotics, Shenyang Institute of Automation, Chinese Academy of Sciences, and the Institutes for Robotics and Intelligent Manufacturing, Chinese Academy of Science, Shenyang, China; State Key Laboratory of Robotics, Shenyang Institute of Automation, Chinese Academy of Sciences, and the Institutes for Robotics and Intelligent Manufacturing, Chinese Academy of Science, Shenyang, China; Department of Mechanical Engineering, City University of Hong Kong (CityU), Kowloon Tong, Hong Kong",2023 IEEE 23rd International Conference on Nanotechnology (NANO),"1 Sep 2023","2023","","","611","616","The microstructures on the wing scales of some butterflies demonstrate excellent optical properties in response to environmental changes. The preparation of nature-inspired photothermal conversion structures on material surfaces has now been successfully applied to microelectronics. However, conventional methods are limited by processing accuracy, which makes it difficult to truly replicate the bionic microstructures perfectly, and few studies have been conducted to prepare bionic structures on transparent materials to obtain enhanced photothermal conversion properties. In this paper, we prepared bionic microstructures on the surface of hydrogels by two-photon polymerization technique. The original recipes of temperature-sensitive hydrogels were also enhanced in terms of performance. The structure of the scale surface for enhanced photothermal conversion was analyzed by morphological and spectral characterization of different regions of Papilio maackii scales. Moreover, a microstructure was simplified and designed, and the absorption properties of the structure for 800 nm laser were demonstrated by fdtd simulation. Further, we utilize this bionic microstructure prepared on the surface of the microblock to achieve more rapid and efficient driven deformation of the bilayer film heterostructure through two-photon aggregation absorption for photothermal conversion. Our proposed method provides a novel approach for the design of a new generation of flexible electronic, micro-drives.","1944-9380","979-8-3503-3346-6","10.1109/NANO58406.2023.10231312","National Natural Science Foundation of China(grant numbers:61927085,61973298); ","https://ieeexplore.ieee.org/stamp/stamp.jsp?arnumber=10231312","","Analytical models;Temperature distribution;Absorption;Deformation;Hydrogels;Biological system modeling;Surface morphology","","","","21","IEEE","1 Sep 2023","2-5 July 2023","2-5 July 2023","IEEE","IEEE Conferences"
"Ultra-Low Drift Atomic Force Microscopy in Static Temperature Field","Y. Liu; G. Lu; Y. Zhong; G. Chen","Sino-German College of Intelligent Manufacuring, Shenzhen Technology University, Shenzhen, Guangdong, China; Sino-German College of Intelligent Manufacuring, Shenzhen Technology University, Shenzhen, Guangdong, China; Sino-German College of Intelligent Manufacuring, Shenzhen Technology University, Shenzhen, Guangdong, China; Sino-German College of Intelligent Manufacuring, Shenzhen Technology University, Shenzhen, Guangdong, China",2023 IEEE 23rd International Conference on Nanotechnology (NANO),"1 Sep 2023","2023","","","617","621","In the composition of Atomic Force Microscopy (AFM), the actuator composed of piezoelectric materials determines the imaging quality and level of the AFM to a considerable extent. The heat in the actuator affects the linear relationship between a given voltage and the displacement of the piezoelectric scanner, which in turn has a significant impact on AFM imaging. In this paper, the effect of the AFM scanner at different temperatures was explored, and the constant temperature field control was realized by constant wind flow. Therefore, the thermal drift is reduced to around 5 nm in 15 minutes by the designed thermostat system.","1944-9380","979-8-3503-3346-6","10.1109/NANO58406.2023.10231256","","https://ieeexplore.ieee.org/stamp/stamp.jsp?arnumber=10231256","AFM;Inverse Piezoelectric Effect;Constant Temperature Control;Thermal Drift","Temperature measurement;Atomic measurements;Atomic force microscopy;Actuators;Temperature distribution;Scanning probe microscopy;Force","","1","","15","IEEE","1 Sep 2023","2-5 July 2023","2-5 July 2023","IEEE","IEEE Conferences"
"Probabilistic Bitstream Generator based on Superparamagnetic Tunnel Junctions","K. Danouchi; G. Prenat; L. Anghel","Univ. Grenoble Alpes, CEA, CNRS, Grenoble INP, and IRIG-Spintec, Grenoble, France; Univ. Grenoble Alpes, CEA, CNRS, Grenoble INP, and IRIG-Spintec, Grenoble, France; Univ. Grenoble Alpes, CEA, CNRS, Grenoble INP, and IRIG-Spintec, Grenoble, France",2023 IEEE 23rd International Conference on Nanotechnology (NANO),"1 Sep 2023","2023","","","638","642","Stochastic computing (SC) is an appealing approach to overcome the well-known limitations of traditional computing methods due to its smaller resource requirements and superior ability to handle noise. Ultimate CMOS-based stochastic circuits require considerable additional overheads and power consumption to generate and control the probabilistic bitstream. In this paper, we propose an innovative stochastic circuit that relies on superparamagnetic Tunnel Junctions, enabling concurrent sensing of the device as well as the tuning of the generated stochastic bitstreams. The proposed circuit is power efficient and shows robustness against process variations. The results demonstrate an improvement in the energy efficiency of up to x2 when compared to the related works.","1944-9380","979-8-3503-3346-6","10.1109/NANO58406.2023.10231253","","https://ieeexplore.ieee.org/stamp/stamp.jsp?arnumber=10231253","Stochastic Computing;Magnetic Tunnel Junction;Spin Transfer Torque","Energy consumption;Torque;Power demand;Computer architecture;Probabilistic logic;Robustness;Sensors","","2","","27","IEEE","1 Sep 2023","2-5 July 2023","2-5 July 2023","IEEE","IEEE Conferences"
"Modeling and Benchmarking 5nm Ferroelectric FinFET from Room Temperature down to Cryogenic Temperatures","S. S. Parihar; S. Chatterjee; G. Pahwa; Y. S. Chauhan; H. Amrouch","Semiconductor Test and Reliability (STAR), University of Stuttgart, Germany; Semiconductor Test and Reliability (STAR), University of Stuttgart, Germany; Department of Electrical Engineering & Computer Sciences, University of California, Berkeley, USA; Department of Electrical Engineering, Indian Institute of Technology Kanpur, India; Semiconductor Test and Reliability (STAR), University of Stuttgart, Germany",2023 IEEE 23rd International Conference on Nanotechnology (NANO),"1 Sep 2023","2023","","","643","648","The rise in quantum-computing systems, space electronics, and superconducting processors requires compatible cryogenic memories. The stringent operating conditions for these applications put additional constraints on the endurance and reliable operation of such memories. Ferroelectric-Field Effect Transistors (FeFETs) based on ferroelectric properties of the Hafnium Zirconium Oxide (HZO) can be an excellent choice for these systems. This requires a thorough characterization of FeFET at deep cryogenic temperatures. Also, the scalability of the FeFET to lower technology nodes implies a lower area and reduced leakage. In this work, we, therefore, fully characterize the 5 nm node Fe-FinFET from 10 K to 400 K. To this end, the underlying 5 nm node FinFET transistor is calibrated with experimental data from cryogenic temperatures to above-room temperatures. The material parameters of the Ferroelectric layer are also calibrated with reported measurement data. We propose that the reported endurance improvement of the HZO layer at cryogenic temperatures can improve the reliability of the Fe-FinFET. The observed wake-up and fatigue at higher temperatures are also nonexistent at cryogenic temperatures. Although the memory window is reduced at cryogenic temperature compared to room temperature, we can still hold multiple states. This is also verified through our simulations. Lastly, we demonstrate the variability in high and low threshold voltage (VTH) states due to extrinsic variation sources of the underlying transistor and ferroelectric material parameters. We observe a relatively lower variation at cryogenic temperature.","1944-9380","979-8-3503-3346-6","10.1109/NANO58406.2023.10231310","","https://ieeexplore.ieee.org/stamp/stamp.jsp?arnumber=10231310","FeFET;Cryogenic;Quantum computing","Temperature distribution;Zirconium;Scalability;Cryogenics;FinFETs;Fatigue;Threshold voltage","","","","22","IEEE","1 Sep 2023","2-5 July 2023","2-5 July 2023","IEEE","IEEE Conferences"
"Low-Power Adiabatic/MTJ LIM-Based XNOR/XOR Synapse and Neuron for Binarized Neural Networks","M. T. Nasab; H. Thapliyal","Department of Electrical Engineering and Computer Science, University of Tennessee Knoxville, Knoxville, TN, USA; Department of Electrical Engineering and Computer Science, University of Tennessee Knoxville, Knoxville, TN, USA",2023 IEEE 23rd International Conference on Nanotechnology (NANO),"1 Sep 2023","2023","","","649","654","Using binarized neural network (BNN) as an alternative to the conventional convolutional neural network is a promising candidate to answer the demand of using human brain-inspired in applications with limited hardware and power resources, such as biomedical devices, IoT edge sensors, and other battery-operated devices. Using nonvolatile memory elements like MTJ devices in a LiM-based architecture can eliminate the need to access and use external memory which can significantly reduce the power consumption and area overhead. In addition, by using adiabatic-based designs, a significant part of the consumed power can be recovered to the power source which leads to a huge reduction in power consumption which is vital in applications with limited power and hardware resources. In this paper by using nonvolatile MTJ devices in a LiM architecture and using adiabatic-based circuits, an XNOR/XOR synapse and neuron is proposed. The proposed design offers 97% improvement in comparison with its state-of-the-art counterparts in case of power consumption. Also, it achieves at least 7% lower area compared to other counterparts which makes the proposed design a promising candidate for hardware implementation of BNNs.","1944-9380","979-8-3503-3346-6","10.1109/NANO58406.2023.10231249","National Science Foundation CAREER(grant numbers:1845448); ","https://ieeexplore.ieee.org/stamp/stamp.jsp?arnumber=10231249","","Power demand;Nonvolatile memory;Neurons;Memory management;Hardware;Sensors;Biosensors","","7","","17","IEEE","1 Sep 2023","2-5 July 2023","2-5 July 2023","IEEE","IEEE Conferences"
"RAP-CIM: Reliable Time Accumulation and Efficient Pipeline Computing in Memory with Spintronics for Neural Networks","B. Zhang; J. Wang; Z. Gu; D. Zhang; L. Zeng; W. Zhao; Y. Zhang","MIIT Key Laboratory of Spintronics, Fert Beijing Institute, School of Integrated Circuit Science and Engineering, Beihang University, Beijing, China; Fert Beijing Institute and School of Integrated Circuit Science and Engineering, Beihang University, Beijing, China; MIIT Key Laboratory of Spintronics, Fert Beijing Institute, School of Integrated Circuit Science and Engineering, Beihang University, Beijing, China; MIIT Key Laboratory of Spintronics, Fert Beijing Institute, School of Integrated Circuit Science and Engineering, Beihang University, Beijing, China; MIIT Key Laboratory of Spintronics, Fert Beijing Institute, School of Integrated Circuit Science and Engineering, Beihang University, Beijing, China; MIIT Key Laboratory of Spintronics, Fert Beijing Institute, School of Integrated Circuit Science and Engineering, Beihang University, Beijing, China; Fert Beijing Institute and School of Integrated Circuit Science and Engineering, Beihang University, Beijing, China",2023 IEEE 23rd International Conference on Nanotechnology (NANO),"1 Sep 2023","2023","","","655","660","Spintronic memories are considered one of the most promising memories to implement computing in memory (CIM) because of their inherent advantages of computing capability, non-volatility, high speed and endurance. However, they are less energy efficient to perform multiply-and- accumulate (MAC) operations due to their low tunnel magnetoresistance ratio (TMR) and complex logic scheduling operations. In this work, we propose a reliable time accumulation and efficient pipeline CIM (RAP-CIM) using spintronic memory to support MAC operation in neural networks. First, we propose a time accumulation structure based on time-domain converter and segmented bit-line technology to implement MAC operation by reading 1-bit from each bit-cell group on a column. Second, a pipeline computation structure for multicycle MAC operation is proposed to reduce computing delay. Finally, we construct a 2 Kb RAP-CIM architecture and evaluate its advantages for performing neural networks. Simulation results show the proposed RAP-CIM architecture realizes 119.7 TOPS/W and 31.5 TOPS/W for 4-bit and 8-bit MAC operations, respectively, while achieving high reliability.","1944-9380","979-8-3503-3346-6","10.1109/NANO58406.2023.10231261","National Natural Science Foundation of China(grant numbers:61971024,62122008,51901008); ","https://ieeexplore.ieee.org/stamp/stamp.jsp?arnumber=10231261","Computing in memory (CIM);time accumulation;pipeline computation;multiply-and-accumulate (MAC);spintronic memory","Simulation;Pipelines;Neural networks;Memory management;Energy efficiency;Delays;Tunneling magnetoresistance","","","","17","IEEE","1 Sep 2023","2-5 July 2023","2-5 July 2023","IEEE","IEEE Conferences"
"A Novel Non-Voltatile Magnetic Majority Gate with Voltage-Gated Spin-Orbit Torque Magnetic Tunnel Junction Cascaded in Series for Low Power and High Reliability","Y. Xia; K. Zhang; L. Zeng; Y. Zhang; W. Zhao; D. Zhang","MIIT Key Laboratory of Spintronics, School of Integrated Circuit Science and Engineering, Fert Beijing Institute, Beihang University, Beijing, China; MIIT Key Laboratory of Spintronics, School of Integrated Circuit Science and Engineering, Fert Beijing Institute, Beihang University, Beijing, China; MIIT Key Laboratory of Spintronics, School of Integrated Circuit Science and Engineering, Fert Beijing Institute, Beihang University, Beijing, China; MIIT Key Laboratory of Spintronics, School of Integrated Circuit Science and Engineering, Fert Beijing Institute, Beihang University, Beijing, China; MIIT Key Laboratory of Spintronics, School of Integrated Circuit Science and Engineering, Fert Beijing Institute, Beihang University, Beijing, China; MIIT Key Laboratory of Spintronics, School of Integrated Circuit Science and Engineering, Fert Beijing Institute, Beihang University, Beijing, China",2023 IEEE 23rd International Conference on Nanotechnology (NANO),"1 Sep 2023","2023","","","661","665","This paper proposes a novel non-volatile magnetic majority gate (NVMMG), which employs the advanced emerging voltage-gated spin-orbit torque magnetic tunnel junction (VGSOT-MTJ) to store its input logic operands. To achieve high reliability, one differential memory cell is proposed, which is mainly composed of five access transistors and two VGSOT-MTJs in a complementary state to store a 1-bit input logic operand, called 5T-2MTJ cell. To achieve low power, the proposed NVMMG is designed by cascading multiple 5T-2MTJ cells in series. In this way, the output of the proposed NVMMG can be characterized by the resistance sum of these cascaded VGSOT-MTJs with no access transistor, thereby further im-proving its reliability. By using a physic-based VGSOT-MTJ compact model and a commercial CMOS 40 nm design kit, we have demonstrated the functionality of the proposed NVMMG and evaluated its performance. Simulation results show that for its logic operation with three inputs, it can achieve a fast speed of $\sim 1.11$ ns and low energy dissipation of $\sim 4.07\text{fJ}$. For its write operation, it can achieve a fast write speed of $\sim 1$ ns and low energy dissipation of $\sim 10.66\text{fJ}$. Monte-Carlo simulation results show that the proposed NVMMG can achieve no error rate when the TMR exceeds 240%.","1944-9380","979-8-3503-3346-6","10.1109/NANO58406.2023.10231242","Beijing Natural Science Foundation(grant numbers:4232069); National Science Foundation of China(grant numbers:61901017,62171009,62101018); ","https://ieeexplore.ieee.org/stamp/stamp.jsp?arnumber=10231242","Magnetic Tunnel Junction (MTJ);Voltage-Gated Spin-Orbit Torque (VGSOT);Non-Voltatile Magnetic Majority Gate (NVMMG)","Torque;Monte Carlo methods;Nonvolatile memory;Simulation;Energy dissipation;Logic gates;Tunneling magnetoresistance","","1","","16","IEEE","1 Sep 2023","2-5 July 2023","2-5 July 2023","IEEE","IEEE Conferences"
"STT-MRAM Based Highly Orthogonal Hypervector Generator for Hyperdimensional Computing","Y. Wang; Y. Xu; Y. Gong; K. Chen; W. Liu",NA; NA; NA; NA; NA,2023 IEEE 23rd International Conference on Nanotechnology (NANO),"1 Sep 2023","2023","","","666","670","As an emerging computing paradigm, hyperdimensional computing (HDC) features low computational cost, fast learning speed, low hardware overhead, high robustness, high independence of data volume and excellent model interpretability. In order to use HDC in learning and classification, the dataset of all symbols need to be randomly mapped into a space of hypervectors firstly. The precision of mapping is mainly determined by the randomness, which will finally affect the efficiency of learning and classification. This paper proposes a highly orthogonal hypervector generator by utilizing the stochastic switching behavior of spin transfer torque magnetic random access memory (STT-MRAM). With true randomness in the switching process, the generation of hypervectors is more efficient. In addition, the design method of co-optimization is used to explore the design space.","1944-9380","979-8-3503-3346-6","10.1109/NANO58406.2023.10231281","National Natural Science Foundation of China(grant numbers:62022041,62101252); Fundamental Research Funds for the Central Universities(grant numbers:NP2022103,1004-YAH22060); ","https://ieeexplore.ieee.org/stamp/stamp.jsp?arnumber=10231281","Hyperdimensional computing;orthogonal;hypervector;TRNG;STT-MRAM","Torque;Design methodology;Stochastic processes;Symbols;Switches;Generators;Hardware","","","","15","IEEE","1 Sep 2023","2-5 July 2023","2-5 July 2023","IEEE","IEEE Conferences"
"Conformation-based Molecular Memories for Nanoscale MemComputing","Y. Ardesi; F. Mo; C. E. Spano; G. Ardia; G. Piccinini; M. Graziano","Department of Electronics and Telecommunications, Politecnico di Torino, Torino, Italy; Department of Electronics and Telecommunications, Politecnico di Torino, Torino, Italy; Department of Electronics and Telecommunications, Politecnico di Torino, Torino, Italy; Department of Electronics and Telecommunications, Politecnico di Torino, Torino, Italy; Department of Applied Science and Technology and Telecommunications, Politecnico di Torino, Torino, Italy; Department of Applied Science and Technology and Telecommunications, Politecnico di Torino, Torino, Italy",2023 IEEE 23rd International Conference on Nanotechnology (NANO),"1 Sep 2023","2023","","","694","697","We investigate the use of endohedral fullerenes and 6-(Ferrocenyl)hexanethiol cation as molecular non-volatile memory devices. We demonstrate stable encoding of the information in the geometry and dipole moment of these molecules. The write operation can be performed with external programming electric fields that drive the switching of the molecule conformation. The read operation can be performed by reading the dipole moment through the generated electric fields. Moreover, the dipole moment encoding enables the integration of proposed memories with molecular Field-Coupled Nanocomputing logic. The capability to realize compatible and purely molecular memory and logic devices paves the way for molecular MemComputing, with new possibilities for nanoscale computing paradigms.","1944-9380","979-8-3503-3346-6","10.1109/NANO58406.2023.10231199","","https://ieeexplore.ieee.org/stamp/stamp.jsp?arnumber=10231199","","Geometry;Performance evaluation;Nonvolatile memory;Switches;Fullerenes;Programming;Encoding","","3","","33","IEEE","1 Sep 2023","2-5 July 2023","2-5 July 2023","IEEE","IEEE Conferences"
"A Comparison of Energy Minimization Algorithms for Solving Max-Sat Problem with Probabilistic Ising Machines","A. Grimaldi; E. Raimondo; A. Giordano; K. Y. Çamsarı; G. Finocchio","Department of Mathematical and Computer Sciences, Physical Sciences and Earth Sciences, University of Messina, Messina, Italy; Department of Mathematical and Computer Sciences, Physical Sciences and Earth Sciences, University of Messina, Messina, Italy; Department of Mathematical and Computer Sciences, Physical Sciences and Earth Sciences, University of Messina, Messina, Italy; Department of Electrical & Computer Engineering, University of California, Santa Barbara, Santa Barbara, USA; Department of Mathematical and Computer Sciences, Physical Sciences and Earth Sciences, University of Messina, Messina, Italy",2023 IEEE 23rd International Conference on Nanotechnology (NANO),"1 Sep 2023","2023","","","698","702","Ising machines are one of the most promising unconventional computing paradigms in the field of combinatorial optimization. Several ways of employing the Ising model were devised in the latest years and, among them, probabilistic computing with p-bits stands out for its high hardware compatibility and remarkable performance. One of the key elements of the solving process of a given instance of a problem is the energy minimization algorithm used. In this work, classical annealing (CA), parallel tempering (PT), and simulated quantum annealing (SQA) are compared over the same instance of a maximum satisfiability problem. The results show that, for a high number of replicas, SQA performs better than the other two algorithms. Conversely, with contained number of replicas, CA and PT are comparable in performance between each other and both are superior to SQA. Those results call for the development of platforms/protocols where to compare and potentially combine those annealing approaches.","1944-9380","979-8-3503-3346-6","10.1109/NANO58406.2023.10231311","","https://ieeexplore.ieee.org/stamp/stamp.jsp?arnumber=10231311","","Computational modeling;Simulated annealing;Minimization;Quantum annealing;Probabilistic logic;Hardware;Topology","","3","","18","IEEE","1 Sep 2023","2-5 July 2023","2-5 July 2023","IEEE","IEEE Conferences"
"Case Study of a Differential Single-Pole Double-Throw RF Switch Using Memristors","E. Tsipas; E. Stavroulakis; I. K. Chatzipaschalis; K. Rallis; N. Vasileiadis; P. Dimitrakis; A. Kostopoulos; G. Konstantinidis; G. C. Sirakoulis","Department of Electrical & Computer Engineering, Democritus University of Thrace, Xanthi, Greece; Department of Electrical & Computer Engineering, Democritus University of Thrace, Xanthi, Greece; Department of Electrical & Computer Engineering, Democritus University of Thrace, Xanthi, Greece; Department of Electrical & Computer Engineering, Democritus University of Thrace, Xanthi, Greece; Department of Electrical & Computer Engineering, Democritus University of Thrace, Xanthi, Greece; National Center for Scientific Research “Demokritos”, Athens, Greece; Microelectronics Research Group (MRG), Institute of Electronic Structure & Laser (IESL), Foundation for Research & Technology Hellas (FORTH), Heraklion, Greece; Microelectronics Research Group (MRG), Institute of Electronic Structure & Laser (IESL), Foundation for Research & Technology Hellas (FORTH), Heraklion, Greece; Department of Electrical & Computer Engineering, Democritus University of Thrace, Xanthi, Greece",2023 IEEE 23rd International Conference on Nanotechnology (NANO),"1 Sep 2023","2023","","","703","707","Nanotechnology-enabled novel RF switches have emerged as a promising alternative to MEMS, owing to current technological limitations of the latter. Additionally, recent research endeavors in the telecommunications sector have aimed on the gradual replacement of MEMS with memristive switches harnessing the unique properties of memristors. Such switches have been recently fabricated and characterized, providing optimal behavior under high-frequency stimuli. In this study, a novel double-pole double-throw (DPDT) memristor-based switch is proposed, that can be also utilized as a differential single-pole double-throw (SPDT) switch for use in RF applications. Memristor elements are incorporated into the circuit design, providing a more area-, power-, and cost-efficient approach. The designed circuits utilize a widely employed memristor model and are properly matched for 50Ω loads. The performance of the three circuit variants is evaluated using various key figures of merit, and the selected topology is further assessed under noisy input stimuli. Through this work, we aim to contribute to the ongoing discussion on the application of memristor-based switches in RF circuits, highlighting their potential advantages and addressing the need for more efficient and reliable alternatives.","1944-9380","979-8-3503-3346-6","10.1109/NANO58406.2023.10231177","","https://ieeexplore.ieee.org/stamp/stamp.jsp?arnumber=10231177","Analog Circuits;Differential Signaling;DPDT;Memristor;Novel Electronics;RF Switches;S-Parameters;SPDT;Transceivers","Radio frequency;Micromechanical devices;System-in-package;Memristors;Switches;Topology;Telecommunications","","3","","13","IEEE","1 Sep 2023","2-5 July 2023","2-5 July 2023","IEEE","IEEE Conferences"
"Novel Circuit Design Methodology with Graphene Nanoribbon Based Devices","K. Rallis; G. Dimitrakopoulos; P. Dimitrakis; A. Rubio; S. Cotofana; I. Karafyllidis; G. C. Sirakoulis",Democritus University of Thrace; Democritus University of Thrace; NCSR Demokritos; Universitat Politècnica De Catalunya; Delft University of Technology; Democritus University of Thrace; Democritus University of Thrace,2023 IEEE 23rd International Conference on Nanotechnology (NANO),"1 Sep 2023","2023","","","708","712","Graphene has attracted a high amount of interest in recent years in many research fields, including the field of electronics. Due to its spectacular properties, it is investigated as a candidate material for the realization of nanodevices that will constitute conventional or even unconventional computing circuits. In this work, we explore the ability of Graphene Nanoribbon based topologies to create a universal computing set. We propose the design of an AND, OR and NOT gate, as well as the design of a Buffer, for the first time in a configuration similar to the Pass Transistor Logic (PTL) configuration. The valid operation of the proposed topologies is verified through accurate SPICE simulations, providing the ability to design combinational logic using Graphene, based on PTL methodology.","1944-9380","979-8-3503-3346-6","10.1109/NANO58406.2023.10231221","","https://ieeexplore.ieee.org/stamp/stamp.jsp?arnumber=10231221","Graphene;Nanoribbon;Nanoelectronic Circuits;Pass Transistor Logic;Simulation;NEGF","Performance evaluation;Graphene;Switches;Logic gates;SPICE;Nanoscale devices;Topology","","2","","28","IEEE","1 Sep 2023","2-5 July 2023","2-5 July 2023","IEEE","IEEE Conferences"
"Quantized Simulated Bifurcation for the Ising Model","T. Zhang; J. Han","Department of Electrical and Computer Engineering, University of Alberta, Edmonton, AB, Canada; Department of Electrical and Computer Engineering, University of Alberta, Edmonton, AB, Canada",2023 IEEE 23rd International Conference on Nanotechnology (NANO),"1 Sep 2023","2023","","","715","720","Developed from the Ising model, Ising machines are promising to be efficient domain-specific accelerators for solving combinatorial optimization problems (COPs). A simulated bifurcation (SB) algorithm enables an Ising machine to achieve massive parallelism in the simulation of Hamiltonian dynamics. Although SB significantly accelerates the search, more resources are required due to the use of continuous variables for the position of oscillators to obtain discrete spin states, compared to conventional simulated annealing. This article proposes ternary and multiple-value quantized SB (qSB) algorithms by discretizing the position variables used for the hardware-consuming multiply-accumulate (MAC) operations in SB. These quantization schemes do not only reduce the computational complexity, but also improve the solution quality for COPs. Specifically, the ternary qSB with dynamic threshold settings converts the MAC into addition and subtraction. To improve the precision in number representation when solving large-scale COPs, a uniform quantization scheme is applied to provide multiple-valued quantization. Alternatively, a logarithmic qSB leverages the evolution characteristics of position variables and implements multiplication by using simple shift operations. We demonstrate that using the proposed qSB improves the solution quality in a long search and accelerates energy convergence in a short search for solving COPs tackled by up to 2000 fully connected spins.","1944-9380","979-8-3503-3346-6","10.1109/NANO58406.2023.10231308","Natural Sciences and Engineering Research Council (NSERC) of Canada(grant numbers:RES0048688,RES0051374,RES0054326); ","https://ieeexplore.ieee.org/stamp/stamp.jsp?arnumber=10231308","","Quantization (signal);Heuristic algorithms;Simulated annealing;Bifurcation;Parallel processing;Computational complexity;Optimization","","4","","16","IEEE","1 Sep 2023","2-5 July 2023","2-5 July 2023","IEEE","IEEE Conferences"
"Impact of Yttria Spacer on the Performance of MgZnO/CdZnO Heterostructure","P. Kumar; S. Chaudhary; B. Mahapatra; S. Mukherjee","Department of Electrical Enginnering, Indian Institute of Technology, Delhi, India; Department of Electrical Engineering, HNRG, Indian Institute of Technology Indore, Indore, Madhya Pradesh, India; Department of Electrical Engineering, HNRG, Indian Institute of Technology Indore, Indore, Madhya Pradesh, India; Department of Electrical Engineering, HNRG, Centre for Advance Electronics (CAE), Indian Institute of Technology Indore, Indore, Madhya Pradesh, India",2023 IEEE 23rd International Conference on Nanotechnology (NANO),"1 Sep 2023","2023","","","722","725","In the current study, we show the effects of the Y2O3 spacer layer on the mobility $(\mu)$, sheet carrier density $(n_{\mathrm{s}})$, and conductance $(n_{\mathrm{s}}\times\mu)$ of a MgZnO/CdZnO (MCO) heterostructure made by dual ion beam sputtering (DIBS). When compared to MCO heterostructures without a spacer layer, Hall measurements reveal that the addition of a 100-nm Y2O3 spacer layer increases mobility by almost four times. The impact of Cd content on the functionality of heterostructure should also be empirically investigated. The outcomes have important implications for the design of a large-area, low-cost heterostructure field-effect transistor (HFET) for sensors, microwaves, and power devices.","1944-9380","979-8-3503-3346-6","10.1109/NANO58406.2023.10231284","DST(grant numbers:CRG/2021/000037); SERB; ","https://ieeexplore.ieee.org/stamp/stamp.jsp?arnumber=10231284","Heterostructure;DIBS;Y2O3;MgZnO/CdZnO;mobility;2DEG carrier concentration","Performance evaluation;Microwave measurement;Modulation;Switches;HEMTs;Sensors;Microwave transistors","","","","8","IEEE","1 Sep 2023","2-5 July 2023","2-5 July 2023","IEEE","IEEE Conferences"
"The non-Landauer Bound for the Dissipation of Bit Writing Operation","L. Van Brandt; J. -C. Delvenne","ICTEAM, UCLouvain, Belgium; ICTEAM, UCLouvain, Belgium",2023 IEEE 23rd International Conference on Nanotechnology (NANO),"1 Sep 2023","2023","","","726","731","We propose a novel bound on the min-imum dissipation required in any circumstances to transfer a certain amount of charge through any re-sistive device. We illustrate it on the task of writing a logical 1 (encoded as a prescribed voltage) into a capacitance, through various linear or nonlinear devices. We show that, even though the celebrated Landauer bound (which only applies to bit erasure) does not apply here, one can still formulate a “non-Landauer” lower bound on dissipation, that crucially depends on the time budget to perform the operation, as well as the average conductance of the driving device. We compare our bound with empirical results reported in the literature and realistic simulations of CMOS pass and transmission gates in decananometer technology. Our non-Landauer bound turns out to be a quantitative benchmark to assess the (non-)optimality of a writing operation.","1944-9380","979-8-3503-3346-6","10.1109/NANO58406.2023.10231222","","https://ieeexplore.ieee.org/stamp/stamp.jsp?arnumber=10231222","","Semiconductor device modeling;Performance evaluation;Voltage;Writing;Logic gates;Benchmark testing;Capacitance","","","","12","IEEE","1 Sep 2023","2-5 July 2023","2-5 July 2023","IEEE","IEEE Conferences"
"Robustness of the In-Plane Data Crossing for Molecular Field-Coupled Nanocomputing","G. Beretta; Y. Ardesi; G. Piccinini; M. Graziano","Department of Electronics and Telecommunications, Politecnico di Torino, Torino, Italy; Department of Electronics and Telecommunications, Politecnico di Torino, Torino, Italy; Department of Electronics and Telecommunications, Politecnico di Torino, Torino, Italy; Department of Applied Science and Technology, Politecnico di Torino, Torino, Italy",2023 IEEE 23rd International Conference on Nanotechnology (NANO),"1 Sep 2023","2023","","","732","736","Molecular Field-Coupled Nanocomputing (molFCN) offers several advantages compared to other beyond-CMOS technologies, such as the cut of the power dissipation, thanks to the absence of charge transport, and the possibility to work at room temperature. Several circuits have been investigated for molFCN, primarily analyzed from a behavioral standpoint. Also, researchers proposed a few solutions to cross two signals and analyzed them from a logical and ideal perspective. Crossing information is an essential and delicate operation since molFCN is an in-plane technology. Besides, previous works demonstrated the need to consider molecule physics to predict the behavior of a molFCN circuit. This work examines different implementations of the in-plane information crossing interconnection, considering the punctual molecule physics to predict the interconnection functioning. We tune the electrostatic feature of the involved molecules to determine the robustness of the cross-wire against static electrostatic variations, thus providing valuable information for the synthesis of ad-hoc molecules for molFCN.","1944-9380","979-8-3503-3346-6","10.1109/NANO58406.2023.10231304","","https://ieeexplore.ieee.org/stamp/stamp.jsp?arnumber=10231304","","Wires;Reverse engineering;Integrated circuit interconnections;Robustness;Nanoscale devices;Behavioral sciences;Power dissipation","","5","","24","IEEE","1 Sep 2023","2-5 July 2023","2-5 July 2023","IEEE","IEEE Conferences"
"Graphene-Silicon Hybrid Drift Device","M. Ali; M. A. Anwar; M. Malik; S. C. Bodepudi; Y. Dong; Y. Xu","ZJU-Hangzhou Global Scientific and Technological, Innovation Center, State Key Laboratory of Silicon Materials, School of Micro-Nano Electronics, ZJU-UIUC Joint Institute, Zhejiang University, Hangzhou, China; ZJU-Hangzhou Global Scientific and Technological, Innovation Center, State Key Laboratory of Silicon Materials, School of Micro-Nano Electronics, ZJU-UIUC Joint Institute, Zhejiang University, Hangzhou, China; ZJU-Hangzhou Global Scientific and Technological, Innovation Center, State Key Laboratory of Silicon Materials, School of Micro-Nano Electronics, ZJU-UIUC Joint Institute, Zhejiang University, Hangzhou, China; ZJU-Hangzhou Global Scientific and Technological, Innovation Center, State Key Laboratory of Silicon Materials, School of Micro-Nano Electronics, ZJU-UIUC Joint Institute, Zhejiang University, Hangzhou, China; ZJU-Hangzhou Global Scientific and Technological, Innovation Center, State Key Laboratory of Silicon Materials, School of Micro-Nano Electronics, ZJU-UIUC Joint Institute, Zhejiang University, Hangzhou, China; ZJU-Hangzhou Global Scientific and Technological, Innovation Center, State Key Laboratory of Silicon Materials, School of Micro-Nano Electronics, ZJU-UIUC Joint Institute, Zhejiang University, Hangzhou, China",2023 IEEE 23rd International Conference on Nanotechnology (NANO),"1 Sep 2023","2023","","","737","742","This work reports the photo-charge transport and multiplication in a hybrid heterostructure, combining MOS and the Schottky junctions based on graphene and silicon. We observed that the deep depletion state in the graphene-oxide-semiconductor (GOS) region induces internal gating on the graphene/silicon (Gr/Si) Schottky junction. A strong surface potential in the deep depletion region of GOS creates a carrier multiplication path in an out-of-plane direction to the Si/SiO2 interface. The inversion region formed near Si/SiO2 interface provides a low resistance path for the in-plane charge transport. At appropriate bias differences between GOS and Schottky regions, carriers experience an additional avalanche effect at the transition region in the in-plane geometry. As a result of these two carrier multiplication effects in the charge transport paths of the hybrid device, we observed a large external quantum efficiency (1042%). The dynamic photoresponse of the hybrid device shows a linearity of 99.85%, with the slope directly reflecting the generation rate and electric field strength in the internal gating region. This hybrid Gr-Si heterostructure operates in the same fashion as the continuous drift version of the discrete silicon drift device, with potential applications in position-sensing and weak light detection.","1944-9380","979-8-3503-3346-6","10.1109/NANO58406.2023.10231248","NSFC(grant numbers:92164106); Fundamental Research Funds for the Central Universities; ","https://ieeexplore.ieee.org/stamp/stamp.jsp?arnumber=10231248","Carrier Multiplication;Hybrid Gr-Si Heterostructure;Internal Gating;Silicon Drift Device","Two dimensional hole gas;Schottky diodes;Surface resistance;Graphene;Radiative recombination;Space charge;Silicon","","","","34","IEEE","1 Sep 2023","2-5 July 2023","2-5 July 2023","IEEE","IEEE Conferences"
"Development of an Optical Biosensor Based on Gold Nanoparticles","A. Anatasya; Y. -J. Choi; T. Sakae; G. Gumilar; N. L. Wulan Septiani; G. Kawamura; K. Sawada; B. Yuliarto","Faculty of Industrial Technology, Master's Program in Engineering Physics, Institut Teknologi Bandung, Bandung, Indonesia; Department of Electrical and Electronic Information Engineering, Toyohashi University of Technology, Aichi, Japan; Department of Electrical and Electronic Information Engineering, Toyohashi University of Technology, Aichi, Japan; Engineering Physics Department, Advanced Functional Materials (AFM) Laboratory, Institut Teknologi Bandung, Bandung, Indonesia; Engineering Physics Department, Advanced Functional Materials (AFM) Laboratory, Institut Teknologi Bandung, Bandung, Indonesia; Department of Electrical and Electronic Information Engineering, Toyohashi University of Technology, Aichi, Japan; Department of Electrical and Electronic Information Engineering, Toyohashi University of Technology, Aichi, Japan; Engineering Physics Department, Advanced Functional Materials (AFM) Laboratory, Institut Teknologi Bandung, Bandung, Indonesia",2023 IEEE 23rd International Conference on Nanotechnology (NANO),"1 Sep 2023","2023","","","743","747","This paper describes an experimental study of SARS-CoV-2 detection using plasmonic gold nanoparticles, which overcomes the limitations of traditional detection techniques known for their time-consuming and a tendency to produce high false negative results. The transmission spectrum of gold nanoparticles (AuNPs) was recently estimated to be in filter-free wavelength sensors as a miniaturization detection system. Additionally, we demonstrate that wide-ranging absorption will manifest within the visible spectrum when the virus is partially coated with gold nanoparticles at a particular percentage of coverage. This extensive absorption can be harnessed to direct the advancement of a reliable and precise colorimetric plasmon sensor for the detection of COVID-19. The transmission value resulting from the gold nano seed is around 507–540 nm. In addition, plasmonic gold nanoparticles can detect SARS-CoV-2 well from the range of 100-1,000 ng/ml. We expect a miniaturization biosensor system with qualitative diagnosis to be realized by the development method.","1944-9380","979-8-3503-3346-6","10.1109/NANO58406.2023.10231262","","https://ieeexplore.ieee.org/stamp/stamp.jsp?arnumber=10231262","","Nanoparticles;Optical filters;Gold;Absorption;Plasmons;Sensor systems;Biosensors","","","","13","IEEE","1 Sep 2023","2-5 July 2023","2-5 July 2023","IEEE","IEEE Conferences"
"Ternary AgInS2 Quantum Dots: Synthesis and DNA Grafting for Biosensing Applications","N. Daveau; M. Moreau; A. Delices; Y. Hou; C. Rivaux; W. -L. Ling; P. Reiss; K. Kheng; D. Gasparutto","PHELIQS, Université Grenoble Alpes, CEA, CNRS, IRIG, Grenoble, France; PHELIQS, Université Grenoble Alpes, CEA, CNRS, IRIG, Grenoble, France; SyMMES, Université Grenoble Alpes, CEA, CNRS, IRIG, UMR 5819, Grenoble, France; SyMMES, Université Grenoble Alpes, CEA, CNRS, IRIG, UMR 5819, Grenoble, France; SyMMES, Université Grenoble Alpes, CEA, CNRS, IRIG, UMR 5819, Grenoble, France; IBS, Université Grenoble Alpes, CEA, CNRS, Grenoble, France; SyMMES, Université Grenoble Alpes, CEA, CNRS, IRIG, UMR 5819, Grenoble, France; PHELIQS, Université Grenoble Alpes, CEA, CNRS, IRIG, Grenoble, France; PHELIQS, Université Grenoble Alpes, CEA, CNRS, IRIG, Grenoble, France",2023 IEEE 23rd International Conference on Nanotechnology (NANO),"1 Sep 2023","2023","","","748","753","Due to their unparalleled optical properties, quantum dots (QD) are considered to be the next generation of emitting material for numerous applications. For biomedical use, an especial interest is growing on low toxicity QD such as ternary AgInS2 chalcopyrite-type. Their synthesis has been realized through multiple processes, but their functionalization and use as a biosensor is yet to be demonstrated. Here we report the synthesis and characterization of such QD and their functionalization with single-strand DNA. Multiple grafting strategies have been developed to ensure the conservation of the DNA recognition capacity, and the ratio of DNA per QD has been quantified and improved. In our on-going study, we are further exhibiting these biological properties by building a QD-fluorophore nanohybrid and study the resultant Föster Resonance Energy Transfer processes.","1944-9380","979-8-3503-3346-6","10.1109/NANO58406.2023.10231192","","https://ieeexplore.ieee.org/stamp/stamp.jsp?arnumber=10231192","","Zinc compounds;Biomedical optical imaging;Toxicology;Stimulated emission;Quantum dots;DNA;Optical materials","","1","","19","IEEE","1 Sep 2023","2-5 July 2023","2-5 July 2023","IEEE","IEEE Conferences"
"Multiphoton Luminescence in Resonant Silicon Nanoparticles for Physically Unclonable Anticounterfeiting Labels","E. Petrova; P. Kustov; M. Sandomirskii; Y. Sun; D. Zuev","Faculty of Physics, School of Physics and Engineering, ITMO University, St. Petersburg, Russia; Faculty of Physics, School of Physics and Engineering, ITMO University, St. Petersburg, Russia; Faculty of Physics, School of Physics and Engineering, ITMO University, St. Petersburg, Russia; Faculty of Physics, School of Physics and Engineering, ITMO University, St. Petersburg, Russia; Faculty of Physics, School of Physics and Engineering, ITMO University, St. Petersburg, Russia",2023 IEEE 23rd International Conference on Nanotechnology (NANO),"1 Sep 2023","2023","","","754","757","Anti-counterfeiting labels based on nanoobjects with stochastically varied parameters are of immense interests in the last decade. In addition to an object size and its coordinate, the inherent properties of nanoobjects play an important role in the label encoding. Recently, we have demonstrated physically unclonable security label with multilevel authentication based on resonant silicon nanoparticles. The label was printed using laser induced forward transfer, providing unique spatial/color coordinates and nanoparticles radius distribution. In this paper we propose additional encoding level through utilization of multiphoton-induced silicon photoluminescence.","1944-9380","979-8-3503-3346-6","10.1109/NANO58406.2023.10231179","Russian Science Foundation(grant numbers:22-72-10035); ","https://ieeexplore.ieee.org/stamp/stamp.jsp?arnumber=10231179","","Nanoparticles;Protocols;Authentication;Refractive index;Photoluminescence;Silicon;Encoding","","","","12","IEEE","1 Sep 2023","2-5 July 2023","2-5 July 2023","IEEE","IEEE Conferences"
"High Performance CVD Grown Nanolayered PtSe2/SOI Heterostructure for Broadband Photodetection","P. D. Khanikar; A. Moudgil; H. K. Sandhu; S. Dewan; S. Sharma; S. -C. Lo; E. B. Namdas; S. Das","Centre for Applied Research in Electronics.; Centre for Applied Research in Electronics.; Centre for Applied Research in Electronics.; School of Interdisciplinary Research, Indian Institute of Technology Delhi, India; Centre for Applied Research in Electronics.; Centre for Organic Photonics & Electronics, School of Chemistry and Molecular Biosciences, The University of Queensland, Brisbane, Australia; School of Mathematics and Physics, and Centre for Organic Photonics & Electronics, The University of Queensland, Australia; Centre for Applied Research in Electronics IIT Delhi, India",2023 IEEE 23rd International Conference on Nanotechnology (NANO),"1 Sep 2023","2023","","","1","5","Transition metal dichalcogenides based on the Group-10 transition metals are emerging as a subset of layered 2D materials which offer tunable semimetallic to semiconductor properties and exceptionally high charge carrier mobilities. Here we report PtSe2/SOI heterojunction photodetectors based on direct growth of PtSe2 on a silicon-on-insulator (SOI) substrate through a low-temperature chemical vapor deposition (CVD) technique. The heterojunction device exhibits high responsivity of 918 A/W at 785 nm light wavelength and a fast photo-response of 110/98 µs. The device also has broadband detection capability from 340 nm to 1350 nm beyond the absorption cut-off of Si owing to the strong near-infrared (NIR) absorption by PtSe2. The feasibility of large-scale selenization of Pt into PtSe2 by CVD process and the low-temperature growth technique makes it a promising candidate for developing future IR photodetectors.","1944-9380","979-8-3503-3346-6","10.1109/NANO58406.2023.10231181","","https://ieeexplore.ieee.org/stamp/stamp.jsp?arnumber=10231181","","Absorption;Silicon-on-insulator;Detectors;Heterojunctions;Photodetectors;Silicon;Broadband communication","","","","28","IEEE","1 Sep 2023","2-5 July 2023","2-5 July 2023","IEEE","IEEE Conferences"
"Performance Analysis of Hetero-Structure Nanoresonator Assisted Enhanced Photonic Spin Hall Effect","D. Divyanshu; A. K. Goyal; Y. Massoud","Innovative Technologies Laboratories (ITL), King Abdullah University of Science and Technology (KAUST), Thuwal, Saudi Arabia; Innovative Technologies Laboratories (ITL), King Abdullah University of Science and Technology (KAUST), Thuwal, Saudi Arabia; Innovative Technologies Laboratories (ITL), King Abdullah University of Science and Technology (KAUST), Thuwal, Saudi Arabia",2023 IEEE 23rd International Conference on Nanotechnology (NANO),"1 Sep 2023","2023","","","763","766","This work investigates the generation and enhancement of the photonic spin hall effect (PSHE) in a hetero-structure-based nanophotonic resonator structure. A bi-layer nanophotonic structure having a center defect layer is considered for the analysis. The impact of incidence angle and defect layer thickness on PSHE generation is thoroughly investigated. The PSHE-induced spin splitting exhibits a strong dependency on the defect layer's optical thickness. The analytical results demonstrate a maximum PSHE transverse displacement of around 5.57 times the incident wavelength, which is around 39.25% higher than the recently reported values. Additionally, the structure shows a defect layer thickness tolerance of around 15.6 nm to obtain an enhanced PSHE.","1944-9380","979-8-3503-3346-6","10.1109/NANO58406.2023.10231245","","https://ieeexplore.ieee.org/stamp/stamp.jsp?arnumber=10231245","","Optical resonators;Photonic crystals;Hall effect;Reflection;Nanostructures;Performance analysis;Optical reflection","","","","25","IEEE","1 Sep 2023","2-5 July 2023","2-5 July 2023","IEEE","IEEE Conferences"
"Plasmonic Grating Based Biosensors for Multiplexed Detection","J. Hasan; S. Bok","The Department of Electrical and Computer Engineering, University of Denver, Denver, CO, USA; The Department of Electrical and Computer Engineering, University of Denver, Denver, CO, USA",2023 IEEE 23rd International Conference on Nanotechnology (NANO),"1 Sep 2023","2023","","","767","771","Multiplexed disease detection has the potential to revolutionize the field of diagnostic medicine by enabling more efficient, accurate, and comprehensive detection and diagnosis of illnesses. Here, we introduce highly sensitive plasmonic sensing platforms with low limit of detection with three different antibodies for three different targets in a single sensing platform. Both monoplexed and multiplexed immunofluorescence bioassays are performed and compared with signal antibodies labeled with Rhodamine Red X, Alexa Fluor 488, and Alexa Fluor 647 based on the well-established enzyme-linked immunosorbent assay. In our study, we evaluated the performance of monoplexed and multiplexed bioassays and our findings indicate that the multiplexed bioassays exhibited comparable trends to the monoplexed assays. This verifies that simultaneous detection of biomarkers is a feasible approach, which promises significant advantages in terms of cost, time, and resource efficiency. Furthermore, this approach has the potential to enhance the accuracy and sensitivity of biomarker detection which holds great promise for facilitating early disease diagnosis and effective disease management. Overall, our findings indicate that simultaneous detection of multiple biomarkers on a single platform could be a practical and valuable tool for both clinical and research purposes.","1944-9380","979-8-3503-3346-6","10.1109/NANO58406.2023.10231232","National Science Foundation(grant numbers:2047894); ","https://ieeexplore.ieee.org/stamp/stamp.jsp?arnumber=10231232","","Multiplexing;Sensitivity;Virtual assistants;Biomarkers;Antibodies;Plasmons;Sensors","","","","17","IEEE","1 Sep 2023","2-5 July 2023","2-5 July 2023","IEEE","IEEE Conferences"
"Aptasensor Made of Carbon-Based Nanostructures for Detecting Spermine","H. Tang; H. Pouri; W. Chen; C. Lu; J. Zhang","The School of Biomedical Engineering, University of Western Ontario, London, Canada; The Department of Chemical and Biochemical Engineering, University of Western Ontario, London, Canada; The Department of Chemical and Biochemical Engineering, University of Western Ontario, London, Canada; The Department of Chemical and Biochemical Engineering, University of Western Ontario, London, Canada; The School of Biomedical Engineering, University of Western Ontario, London, Canada",2023 IEEE 23rd International Conference on Nanotechnology (NANO),"1 Sep 2023","2023","","","772","776","Spermine, a type of polyamine, plays an important role in regulating ion channels, inhibits fat formation, and promotes skeletal development and intestinal maturation. Recently, spermine has been considered as a biomarker for diagnosis of pancreatic cancer. In this paper, an aptasensor made of carbon nanostructures has been developed to quickly and quantitatively detect spermine in aqueous media by using the Förster resonance energy transfer (FRET) quenching technique. Carbon quantum dots (CDs), acting as the FRET donor, have an average diameter of 5.0±2.5 nm and show the maximum emission intensity (Imax) at 510 nm when the excitation (λex) is at 400 nm. The spermine DNA aptamer has been bioconjugated onto the surface of CDs. The Imax of CDs conjugated with the aptamer is decreased significantly after interacting with graphene oxide nanosheets (GO), the FRET quencher, because of the short distance between CDs and GO through coupling with the DNA aptamer. Due to the strong affinity between the DNA aptamer and spermine, the fluorescence intensity of the CDs-based DNA sensor is restored in the presence of spermine. The spermine detection range, 0.2-250 nM, of this DNA sensor made of carbon-based nanostructures, has been analyzed. This study can provide a cost-effective and user-friendly sensing system to quickly detect spermine, a biomarker associated with pancreatic cancer.","1944-9380","979-8-3503-3346-6","10.1109/NANO58406.2023.10231200","","https://ieeexplore.ieee.org/stamp/stamp.jsp?arnumber=10231200","","Sensitivity;Quantum dots;DNA;Pancreatic cancer;Photoluminescence;Carbon dioxide;Fluorescence","","","","23","IEEE","1 Sep 2023","2-5 July 2023","2-5 July 2023","IEEE","IEEE Conferences"
"A Valveless Piezoelectric Micropump with Flexure Connection Structure","J. Ni; W. Xuan; Y. Li; X. Huang; W. Li; H. Jin; S. Dong; J. Luo","Ministry of Education Key Lab. of RF Circuits and Systems, Zhejiang Key Laboratory of Large-Scale Integrated Circuit Design, College of Electron. & Info., Hangzhou Dianzi University, Hangzhou; Ministry of Education Key Lab. of RF Circuits and Systems, Zhejiang Key Laboratory of Large-Scale Integrated Circuit Design, College of Electron. & Info., Hangzhou Dianzi University, Hangzhou; Ministry of Education Key Lab. of RF Circuits and Systems, Zhejiang Key Laboratory of Large-Scale Integrated Circuit Design, College of Electron. & Info., Hangzhou Dianzi University, Hangzhou; Ministry of Education Key Lab. of RF Circuits and Systems, Zhejiang Key Laboratory of Large-Scale Integrated Circuit Design, College of Electron. & Info., Hangzhou Dianzi University, Hangzhou; Ministry of Education Key Lab. of RF Circuits and Systems, Zhejiang Key Laboratory of Large-Scale Integrated Circuit Design, College of Electron. & Info., Hangzhou Dianzi University, Hangzhou; Key Lab. of Adv. Micro/Nano Electron. Dev. & Smart Sys. of Zhejiang, College of Info. Sci. & Electronic Eng. Hangzhou, University and International Joint Innovation Center Haining, Zhejiang; Key Lab. of Adv. Micro/Nano Electron. Dev. & Smart Sys. of Zhejiang, College of Info. Sci. & Electronic Eng. Hangzhou, University and International Joint Innovation Center Haining, Zhejiang; Key Lab. of Adv. Micro/Nano Electron. Dev. & Smart Sys. of Zhejiang, College of Info. Sci. & Electronic Eng. Hangzhou, University and International Joint Innovation Center Haining, Zhejiang",2023 IEEE 23rd International Conference on Nanotechnology (NANO),"1 Sep 2023","2023","","","777","780","This work reports a valveless piezoelectric micropump with high pressure load and high flowrate. The experimental results showed that the maximum displacement of the actuator and the output flowrate of the micropump could reach 18.4 μm and 308 mL/min under zero pressure load, respectively, which was highly consistent with the numerical analysis. The maximum output pressure reached 47 kPa, and the pump was extremely stable under various temperatures from room temperature to 80°C, with frequency variations of only −150 Hz. The micropump demonstrated its great potential for wearable/portable application, especially for blood pressure monitoring.","1944-9380","979-8-3503-3346-6","10.1109/NANO58406.2023.10231265","National Natural Science Foundation of China(grant numbers:61827086,61974037); ","https://ieeexplore.ieee.org/stamp/stamp.jsp?arnumber=10231265","","Fabrication;Actuators;Resonant frequency;Displacement measurement;Micropumps;Frequency measurement;Pressure measurement","","","","13","IEEE","1 Sep 2023","2-5 July 2023","2-5 July 2023","IEEE","IEEE Conferences"
"Biomimetic Nanofiber Membrane for a Polymer Lung-on-chip Device Modeled using Computational Fluid Dynamics","Z. Bekezhankyzy; B. Dauletkanov; D. Azhibek; P. Kanabekova; K. Kostas; A. Martin; G. Kulsharova","Nazarbayev University, Astana, Kazakhstan; Nazarbayev University, Astana, Kazakhstan; Nazarbayev University, Astana, Kazakhstan; Nazarbayev University, Astana, Kazakhstan; Nazarbayev University, Astana, Kazakhstan; Nazarbayev University, Astana, Kazakhstan; Nazarbayev University, Astana, Kazakhstan",2023 IEEE 23rd International Conference on Nanotechnology (NANO),"1 Sep 2023","2023","","","782","786","In this paper, we propose a new biocompatible PCL-collagen nanofiber membrane that could be integrated into a microfluidic lung-on-a-chip device prototype. Membrane structure and properties were investigated using Scanning Electron Microscope (SEM), Fourier Transform Infrared (FTIR) spectroscopy, Mechanical tests, and Contact angle measurements. Biocompatibility and cytotoxicity of the PCL-collagen membrane were investigated on the A549 adenocarcinoma human alveolar basal epithelial cell line using Presto Blue and Live/Dead assay. Additionally, a sample microfluidic device has been fabricated and was investigated using computational fluid dynamics technique. Preliminary results demonstrated biocompatibility and the possibility of integrating PCL-collagen membrane into a sample organ-on-a-chip device. This work paves the way for the development of a physiologically relevant membrane to be used for lung-on-a-chip devices. The membrane can be used to recreate the lung's air-blood barrier for emulation of important functions of the basement membrane such as metabolic exchange, cell maintenance, and cell communication more accurately in laboratory conditions.","1944-9380","979-8-3503-3346-6","10.1109/NANO58406.2023.10231205","","https://ieeexplore.ieee.org/stamp/stamp.jsp?arnumber=10231205","","Scanning electron microscopy;Toxicology;Computational fluid dynamics;Computational modeling;Prototypes;Lung;Mechanical variables measurement","","3","","11","IEEE","1 Sep 2023","2-5 July 2023","2-5 July 2023","IEEE","IEEE Conferences"
"Bilirubin and Glycol Chitosan Conjugate Nanoparticle Loaded with Manganese Oxide and Chlorin e6 for Radiodynamic Therapy","R. G. Thomas; R. Nagareddy; S. Kim; K. H. Choi; Y. Y. Jeong","Department of Neurology, Hwasun Hospital, Chonnam National University; Department of Radiology, Hwasun Hospital, Chonnam National University, South Korea; DR.Cure, South Korea; Department of Neurology, Hwasun Hospital, Chonnam National University; Department of Radiology, Hwasun Hospital, Chonnam National University, South Korea",2023 IEEE 23rd International Conference on Nanotechnology (NANO),"1 Sep 2023","2023","","","788","792","Tumor hypoxia can negatively impact the effectiveness of radiation therapy. One approach is to use manganese oxide nanoparticle (MGN) to increase the oxygenation of the tumor prior to radiation and photodynamic (PDT) therapy. In this study, we synthesized of bilirubin conjugated to chitosan (ChiBil) loaded with Chlorin e-6 (Ce-6) and MGN to analyze the therapeutic potential in CT-26 colon cancer model. ChiBil-MGN-Ce6 in vitro analysis for hypoxia reduction showed significant difference in hypoxia in CT-26 cancer cells compared to control. In CT-26 subcutaneous tumor mice model ChiBil-MGN-Ce6 was injected at 10mg/kg [MGN] concentration and PDT/radiotherapy was performed to get a significant tumor growth inhibition. T1 contrast effect of MGN was also observed in nanoparticle injected mice. According to these findings, ChiBil-MGN-Ce6 may increase the efficacy of PDT/radiotherapy by reducing hypoxia in colon cancer..","1944-9380","979-8-3503-3346-6","10.1109/NANO58406.2023.10231270","","https://ieeexplore.ieee.org/stamp/stamp.jsp?arnumber=10231270","tumor;hypoxia;radiation therapy;photodynamic therapy;polymeric nanoparticle","Toxicology;Medical treatment;Mice;Colon;Radiation therapy;Respiratory system;Tumors","","","","11","IEEE","1 Sep 2023","2-5 July 2023","2-5 July 2023","IEEE","IEEE Conferences"
"Variability Analysis of Multilevel Spin-Orbit Torque MRAMs using Machine Learning","A. Sehgal; K. K. Das; S. Dhull; S. Roy; B. K. Kaushik","Indian Institute of Technology, Roorkee, India; Indian Institute of Technology, Roorkee, India; Indian Institute of Technology, Roorkee, India; Indian Institute of Technology, Roorkee, India; Indian Institute of Technology, Roorkee, India",2023 IEEE 23rd International Conference on Nanotechnology (NANO),"1 Sep 2023","2023","","","793","797","In this paper, an artificial neural network (ANN) based surrogate modeling is performed to estimate the variability in multilevel spin-orbit torque magnetic random-access memory (SOT-MRAM). ANN is utilized to predict the impact of variations in device parameters such as oxide thickness, free layer thickness, tunnel magneto-resistance (TMR), and temperature on the resistance and write energy (Ewrite). The results demonstrate that the ANN approach is suited for fast computation when compared with Monte-Carlo framework offering a thousand orders of speedup in magnitude with 99.5%, 98.98%, 98.59%, and 97.99% accuracy respectively for different resistance values (R00, R01, R10, R11).","1944-9380","979-8-3503-3346-6","10.1109/NANO58406.2023.10231285","","https://ieeexplore.ieee.org/stamp/stamp.jsp?arnumber=10231285","Artificial neural network;multilevel SOT MRAM;statistical analysis","Resistance;Performance evaluation;Torque;Monte Carlo methods;Artificial neural networks;Machine learning;Nanoscale devices","","2","","16","IEEE","1 Sep 2023","2-5 July 2023","2-5 July 2023","IEEE","IEEE Conferences"
"MRAM-Based In-Memory Computing for Efficient Acceleration of Generative Adversarial Networks","P. Kaushik; A. Gupta; B. K. Kaushik; H. Nehete","Department of Computer Science and Engineering, Indian Institute of Technology Roorkee, Roorkee, Uttarakhand, India; Department of Mathematics, Indian Institute of Technology Roorkee, Roorkee, Uttarakhand, India; Department of Electronics and Communication Engineering, Indian Institute of Technology Roorkee, Roorkee, Uttarakhand, India; Department of Electronics and Communication Engineering, Indian Institute of Technology Roorkee, Roorkee, Uttarakhand, India",2023 IEEE 23rd International Conference on Nanotechnology (NANO),"1 Sep 2023","2023","","","1","5","Generative Adversarial Networks (GANs) have displayed favorable outcomes in generating high-quality samples for various applications. Nevertheless, the computational complexity associated with GANs poses a significant challenge to their practical implementation. To resolve this issue, this work proposes an implementation for GAN acceleration employing Processing-in-Memory (PIM) architecture. Magnetic Random Access Memory (MRAM) is a non-volatile memory technology that enhances the potential of PIM architecture due to its low-power consumption, highdensity, and fast access times. The proposed work introduces an MRAM-based PIM architecture to accelerate matrix multiplication operations in GANs. The study aims to assess and compare the effectiveness of the MRAMs for Processing-in-Memory (PIM) based architecture for implementing GAN models by analyzing their performance. The computationally intensive GAN models such as WGAN demonstrate a competitive edge in generating images with high correlation to ground truth images compared to simpler architectures such as VanillaGAN. PIM architecture with Spin-Orbit Torque (SOT) MRAM has demonstrated substantial improvements in the order of $10\mathrm{x}, 200\mathrm{x}, 1.4\mathrm{x}$ as compared to previously proposed architectures using Resistive Random Access Memory (RRAM) crossbars in terms of energy, power, and latency, respectively, in implementing WGANs inference operations.","1944-9380","979-8-3503-3346-6","10.1109/NANO58406.2023.10231159","","https://ieeexplore.ieee.org/stamp/stamp.jsp?arnumber=10231159","Processing-in-memory;GAN accelerator;SOT crossbar","Torque;Nonvolatile memory;Computational modeling;Magnetic resonance imaging;Superresolution;Resistive RAM;Computer architecture","","","","15","IEEE","1 Sep 2023","2-5 July 2023","2-5 July 2023","IEEE","IEEE Conferences"
"Magnetic Tunnel Junction Injection as a Hardware Trojan in an Inverter Chain","R. Kumar; D. Divyanshu; D. Khan; S. Amara; Y. Massoud","Innovative Technologies Laboratories (ITL), King Abdullah University of Science and Technology (KAUST), Thuwal, Saudi Arabia; Innovative Technologies Laboratories (ITL), King Abdullah University of Science and Technology (KAUST), Thuwal, Saudi Arabia; Innovative Technologies Laboratories (ITL), King Abdullah University of Science and Technology (KAUST), Thuwal, Saudi Arabia; Innovative Technologies Laboratories (ITL), King Abdullah University of Science and Technology (KAUST), Thuwal, Saudi Arabia; Innovative Technologies Laboratories (ITL), King Abdullah University of Science and Technology (KAUST), Thuwal, Saudi Arabia",2023 IEEE 23rd International Conference on Nanotechnology (NANO),"1 Sep 2023","2023","","","803","806","The use of embedded hardware devices and Internet of Things devices is increasing rapidly in the current decade. Due to increased demand, many IC design and manufacturing companies rely on third-party vendors. Malicious hardware modifications like hardware Trojan attacks on integrated circuit hardware pose major security concerns in the semiconductor industry. This work introduces a magnetic tunnel junction (MTJ) into an inverter chain as a hardware Trojan. The proposed Trojan works on an externally triggered activation mechanism and can degrade the IC performance or change functionality whenever the desired external magnetic field/temperature is applied. The MTJ is inserted between two inverters to evaluate its behavior as a Trojan, and its operation under particular conditions is validated. The designed hardware Trojan is sneaky to reduce the chances of detection in the testing and verification phase. It has good thermal stability in a specific range of temperatures and sufficient tolerance to the stray magnetic field for better-hidden operation.","1944-9380","979-8-3503-3346-6","10.1109/NANO58406.2023.10231208","","https://ieeexplore.ieee.org/stamp/stamp.jsp?arnumber=10231208","","Integrated circuits;Temperature distribution;Hardware;Inverters;Circuit stability;Trojan horses;Magnetic fields","","","","24","IEEE","1 Sep 2023","2-5 July 2023","2-5 July 2023","IEEE","IEEE Conferences"
"A Preliminary Propagation Study on Magnetic Scaffolds for Microwave Theranostics","M. B. Lodi","Department of Electrical and Electronic Engineering, University of Cagliari, Cagliari, IT",2023 IEEE 23rd International Conference on Nanotechnology (NANO),"1 Sep 2023","2023","","","807","812","Microwave hyperthermia is a promising therapeutic modality in oncology against deep-seated tumors such as bone cancers. However, antennas and radiating sources fails in providing the therapeutic heat without affecting the healthy tissues. Magnetic nanocomposite biomaterials, called magnetic scaffolds, can be implanted to be used as hyperthermia agents. The possibility of using magneto-dielectric biocompatible implant for performing microwave hyperthermia has been poorly investigated. Furthermore, the possibility of using magnetic scaffolds as microwave-responsive theranostic agents has never been explored. In other words, if and how the change of magnetic properties during the hyperthermia treatment could be detected by using microwave signal has been not investigated so far. In this work, a simplified mono-dimensional electromagnetic propagation model in a multilayer structure by means of the wave-amplitude transmission method has been proposed. The properties of the bolus-matching medium, a suitable set of working frequency for performing the hyperthermia treatment and the monitoring with microwaves has been found. The temperature increase in the tumor and scaffold have been simulated. Then, through the differential analysis of the variation of the transmission coefficient during the treatment it has been preliminarily determined that magnetic scaffolds could be used as microwave theranostic agents.","1944-9380","979-8-3503-3346-6","10.1109/NANO58406.2023.10231176","","https://ieeexplore.ieee.org/stamp/stamp.jsp?arnumber=10231176","","Electromagnetic heating;Magnetic multilayers;Implants;Microwave theory and techniques;Magnetic analysis;Hyperthermia;Monitoring","","1","","13","IEEE","1 Sep 2023","2-5 July 2023","2-5 July 2023","IEEE","IEEE Conferences"
"Impact of Donor Ionization on 2DEG Charge Density in δ-Doped β-(AlxGa1-x)2O3/Ga2O3 HFET: An Analytical Study","A. Patnaik; N. K. Jaiswal; P. Sharma","Department of Electronics and Communication, Advanced Semiconductor Materials and Nanoelectronics Research Group, PDPM Indian Institute of Information Technology, Design and Manufacturing (IIITDM), Jabalpur, India; Department of Natural Science, PDPM Indian Institute of Information Technology, Design and Manufacturing (lIITDM), Jabalpur, India; Department of Electronics and Communication, Advanced Semiconductor Materials and Nanoelectronics Research Group, PDPM Indian Institute of Information Technology, Design and Manufacturing (IIITDM), Jabalpur, India",2023 IEEE 23rd International Conference on Nanotechnology (NANO),"1 Sep 2023","2023","","","813","816","An analytical model for 2-dimensional electron gas (2D$E$G) charge density $(\mathrm{n}_{\mathrm{s}})$ in $\beta-(\mathrm{A}1_{\mathrm{x}}\text{Ga}1-\mathrm{x})_{2}\mathrm{O}_{3}/\text{Ga}2\mathrm{O}_{3}$ Heterostructure Field Effect Transistor. The presented model takes into account the incomplete donor ionization. The model is solved region-wise owing to the complex $\mathrm{n}_{\mathrm{s}}$ variation with Fermi level. The presented model agrees well with numerical solution and experimental data. The model is then used to study the effect of donor ionization energy and donor density on 2DEG charge density.","1944-9380","979-8-3503-3346-6","10.1109/NANO58406.2023.10231243","DST Science & Engineering Research Board (SERB); ","https://ieeexplore.ieee.org/stamp/stamp.jsp?arnumber=10231243","","Analytical models;Fermi level;Ionization;HEMTs;Data models;Numerical models;Semiconductor process modeling","","1","","15","IEEE","1 Sep 2023","2-5 July 2023","2-5 July 2023","IEEE","IEEE Conferences"
"QuickSim: Efficient and Accurate Physical Simulation of Silicon Dangling Bond Logic","J. Drewniok; M. Walter; S. S. Hang Ng; K. Walus; R. Wille","Chair for Design Automation, Technical University of Munich, Germany; Chair for Design Automation, Technical University of Munich, Germany; Department of Electrical and Computer Engineering, University of British Columbia, Vancouver, Canada; Department of Electrical and Computer Engineering, University of British Columbia, Vancouver, Canada; Chair for Design Automation, Technical University of Munich, Germany",2023 IEEE 23rd International Conference on Nanotechnology (NANO),"1 Sep 2023","2023","","","817","822","Silicon Dangling Bonds have established themselves as a promising competitor in the field of beyond-CMOS technologies. Their integration density and potential for energy dissipation advantages of several orders of magnitude over conventional circuit technologies sparked the interest of academia and industry alike. While fabrication capabilities advance rapidly and first design automation methodologies have been proposed, physical simulation effectiveness has yet to keep pace. Established algorithms in this domain suffer either from exponential runtime behavior or subpar accuracy levels. In this work, we propose a novel algorithm for the physical simulation of Silicon Dangling Bond systems based on statistical methods that offers both a time-to-solution and an accuracy advantage over the state of the art by more than one order of magnitude and a factor of more than three, respectively, as demonstrated by an exhaustive experimental evaluation.","1944-9380","979-8-3503-3346-6","10.1109/NANO58406.2023.10231266","","https://ieeexplore.ieee.org/stamp/stamp.jsp?arnumber=10231266","","Fabrication;Industries;Machine learning algorithms;Design automation;Runtime;Statistical analysis;Layout","","21","","33","IEEE","1 Sep 2023","2-5 July 2023","2-5 July 2023","IEEE","IEEE Conferences"
"Design And Analysis Of A Broadband Graphene Metasurface Based Tunable Linear To Circular Polarization Converter In Terahertz Band","A. Chaudhuri; P. Pal","Tata Consultancy Services - Research, Bangalore, India; Tata Consultancy Services - Research, Bangalore, India",2023 IEEE 23rd International Conference on Nanotechnology (NANO),"1 Sep 2023","2023","","","823","827","Metasurface based polarization converters with tunable frequency response in terahertz (THz) band are expected to be a key component in future wireless systems. In this work, we present the design of a novel and tunable broadband linear-to-circular polarization converter operating in the THz band using a graphene based metasurface. Our proposed structure is composed of a SiO2 substrate sandwiched between a slotted top graphene and a bottom gold layer. It has a compact unit-cell $(\lambda/7)$, thin configuration $(\lambda/10)$ and a tunable operating bandwidth which can be increased up to 850 GHz by tuning the chemical potential, $\mu$ of graphene. Moreover, it gives stable broadband performance for up to 40° incident angle of the input wave. The proposed structure is simulated using finite element method and its response is validated using an equivalent circuit model approach.","1944-9380","979-8-3503-3346-6","10.1109/NANO58406.2023.10231302","","https://ieeexplore.ieee.org/stamp/stamp.jsp?arnumber=10231302","Graphene;Metasurface;Circular polarization converter;Terahertz","Polarization;Gold;Graphene;Bandwidth;Metasurfaces;Broadband communication;Finite element analysis","","2","","24","IEEE","1 Sep 2023","2-5 July 2023","2-5 July 2023","IEEE","IEEE Conferences"
"Endurance and Data Retention Characteristics of 0.15 μm EEPROM cells","Y. Yang; Y. Zhang; A. Shen; B. Li; C. Zhou","School of Microelectronics, South China University of Technology, Guangzhou, China; CanSemi Technology Inc., Guangzhou, China; CanSemi Technology Inc., Guangzhou, China; School of Microelectronics, South China University of Technology, Guangzhou, China; School of Microelectronics, South China University of Technology, Guangzhou, China",2023 IEEE 23rd International Conference on Nanotechnology (NANO),"1 Sep 2023","2023","","","828","832","Electrically erasable programmable read-only memory (EEPROM) has wide applications in consumer electronics, automotive electronics, and other electronic systems. In this work, we construct an accurate model to simulate the process and electrical properties of the memory cell, and the results fit well with the measured results. We propose a simple model to reveal the effects of the floating gate area, the tunnel oxide layer area, and the width of the active region on the memory window in the EEPROM cell structure. Various cell structures with different sizes are designed and fabricated to verify the proposed model. The model has high accuracy in predicting the performance of the device. Furthermore, we investigate the reliability of the memory cell by measuring the variations in the threshold voltage. Endurance and data retention are important indicators of EEPROM cell reliability. The program/erase cycling experiment was conducted to test the endurance of the memory cell, and the high-temperature baking experiment was used to test its data retention characteristics. Based on the experimental data, the durability life model and the degradation model of data retention characteristics are established, and the influence of cycle times and baking time on threshold voltage degradation is studied.","1944-9380","979-8-3503-3346-6","10.1109/NANO58406.2023.10231246","","https://ieeexplore.ieee.org/stamp/stamp.jsp?arnumber=10231246","","Degradation;Performance evaluation;Temperature distribution;Voltage measurement;EPROM;Predictive models;Data models","","2","","16","IEEE","1 Sep 2023","2-5 July 2023","2-5 July 2023","IEEE","IEEE Conferences"
"Mechanical and Thermal Characterization of Additively Manufactured CNT/PLA Nanocomposites","B. M. Bharti; N. Sinha","Department of Mechanical Engineering, Indian Institute of Technology, Kanpur, India; Department of Mechanical Engineering, Indian Institute of Technology, Kanpur, India",2023 IEEE 23rd International Conference on Nanotechnology (NANO),"1 Sep 2023","2023","","","833","838","In this study, polylactic acid ((PLA) and multi-walled carbon nanotubes (MWCNTs) were combined using a solvent casting method to create a homogeneous mixture of polymer nanocomposites. CNT with 1, 3 and 5 weight% were added to the PLA matrix. Afterwards, these mixtures were used to extrude filament of 1.75 mm diameter. The chemical characteristic, thermal stability, compressive strength, yield strength, modulus, and compressive strength at 30% of deformation of the printed 3D part using an extrusion-based 3D printer were investigated. MWCNT/PLA nanocomposites and PLA have comparable crystallinities. Melting and crystallization temperatures of PLA nanocomposites are increased with the addition of MWCNT content. Peak stress, yield strength, and modulus are all shown to increase in the prints up to 3% MWCNT before declining. These results reveal the potential of these nanocomposites for applications needing high mechanical strength and good thermal properties.","1944-9380","979-8-3503-3346-6","10.1109/NANO58406.2023.10231209","","https://ieeexplore.ieee.org/stamp/stamp.jsp?arnumber=10231209","Additive manufacturing;Polylactic acid;Carbon nanotube;Mechanical properties;Thermal properties","Solvents;Three-dimensional displays;Temperature;Nanocomposites;Programmable logic arrays;Printers;Polymers","","1","","21","IEEE","1 Sep 2023","2-5 July 2023","2-5 July 2023","IEEE","IEEE Conferences"
"Visualization Experiment on the Pulsating Heat Pipe with Graphene Nanofluids","Y. -C. Ho; C. -Y. Fu; E. -L. Hu; L. -J. Chang; D. -J. Yao","Department of Power Mechanical Engineering, Mechatronics Systems Research Labs., National Tsing Hua University (NTHU) and Mechanical, Industrial Technology Research Institute (ITRI); Department of Power Mechanical Engineering, Mechatronics Systems Research Labs., National Tsing Hua University (NTHU) and Mechanical, Industrial Technology Research Institute (ITRI); Department of Power Mechanical Engineering, Mechatronics Systems Research Labs., National Tsing Hua University (NTHU) and Mechanical, Industrial Technology Research Institute (ITRI); Department of Power Mechanical Engineering, Mechatronics Systems Research Labs., National Tsing Hua University (NTHU) and Mechanical, Industrial Technology Research Institute (ITRI); Department of Power Mechanical Engineering, Mechatronics Systems Research Labs., National Tsing Hua University (NTHU) and Mechanical, Industrial Technology Research Institute (ITRI)",2023 IEEE 23rd International Conference on Nanotechnology (NANO),"1 Sep 2023","2023","","","1","4","This paper reports a graphene nanofluids-added pulsating heat pipe visualization study. Compared with the existing technology, graphene nanofluid can increase the bubble generation speed and the gas column push speed. Using visual experimental tests and high-speed cameras to observe the flow of air bubbles and air columns, it is found that the speed is 3–5 times higher than that of pure water, which improves heat exchange.","1944-9380","979-8-3503-3346-6","10.1109/NANO58406.2023.10231163","Industrial Technology Research Institute(grant numbers:N301ARH100); ","https://ieeexplore.ieee.org/stamp/stamp.jsp?arnumber=10231163","","Viscosity;Visualization;Graphene;Heat pipes;Water heating;Cameras;Nanotechnology","","4","","11","IEEE","1 Sep 2023","2-5 July 2023","2-5 July 2023","IEEE","IEEE Conferences"
"Reduction of Schottky Barrier Height for Au-WS2 Interface with Iodine Doping - A Physical Insight","S. C. A; D. S. Devi; N. R. Mohapatra","The Department of Electrical Engineering, Indian Institute of Technology, Gandhinagar, Gujarat, India; The Department of Electrical Engineering, Indian Institute of Technology, Gandhinagar, Gujarat, India; The Department of Electrical Engineering, Indian Institute of Technology, Gandhinagar, Gujarat, India",2023 IEEE 23rd International Conference on Nanotechnology (NANO),"1 Sep 2023","2023","","","855","860","In this work, using Density functional theory (DFT) simulations, we have shown the reduction of Schottky Barrier Height (SBH) for Au-WS2 interface with Iodine doping. The detailed physics behind this observation is also discussed. The Iodine (I) dopant is found to be an ideal donor than Chlorine (Cl) and Bromine (Br) because of its less electronegativity and larger atomic size. This fact is verified and supported by Mulliken analysis. Also, the I-doped structure is more stable, which can be observed from the interfacial distance and work of separation calculation. We have also validated this molecular doping at the contact part of the electrode region in a two-terminal device using Non-Equilibrium Greens Function (NEGF) formalism. In this work, all monolayer, interface, and device analyses show that Iodine is a better n-type dopant compared to Cl.","1944-9380","979-8-3503-3346-6","10.1109/NANO58406.2023.10231183","","https://ieeexplore.ieee.org/stamp/stamp.jsp?arnumber=10231183","","Atomic layer deposition;Schottky barriers;Chlorine;Doping;Nanoscale devices;Semiconductor process modeling;Green's function methods","","1","","17","IEEE","1 Sep 2023","2-5 July 2023","2-5 July 2023","IEEE","IEEE Conferences"
"Highly Sensitive Plasmonic Terahertz Detector with Integrated Sub-Wavelength Aperture Based on Asymmetric FET in 65-nm CMOS Technology","M. J. Kim; S. H. Ahn; Y. B. Song; M. W. Ryu; K. R. Kim","Department of Electrical Engineering, Ulsan National Institute of Science and Technology (UNIST), Ulsan, South Korea; Department of Electrical Engineering, Ulsan National Institute of Science and Technology (UNIST), Ulsan, South Korea; Department of Electrical Engineering, Ulsan National Institute of Science and Technology (UNIST), Ulsan, South Korea; Department of Electrical Engineering, Ulsan National Institute of Science and Technology (UNIST), Ulsan, South Korea; Department of Electrical Engineering, Ulsan National Institute of Science and Technology (UNIST), Ulsan, South Korea",2023 IEEE 23rd International Conference on Nanotechnology (NANO),"1 Sep 2023","2023","","","861","865","We have analyzed the effect of structural asymmetry and aperture position for field-effect transistor (FET)-based plasmonic terahertz (THz) detector with integrated aperture by using 65-nm CMOS process. By applying structural asymmetry between the source and drain in FET, we obtained 9.3 mV (7-fold) photoresponse $(\Delta u)$ in comparison to symmetric FET for aperture positioned at gate. In addition, by asymmetry in feeding the incoming THz wave with aperture positioned at drain, we have experimentally demonstrated highly enhanced detection performance followed by 18.5 mV (2-fold) $\Delta u$ in comparison to aperture positioned at gate.","1944-9380","979-8-3503-3346-6","10.1109/NANO58406.2023.10231290","National Research Foundation of Korea (NRF); IC Design Education Center (IDEC), Korea; ","https://ieeexplore.ieee.org/stamp/stamp.jsp?arnumber=10231290","","Image resolution;Shape;Field effect transistors;Detectors;Apertures;Logic gates;Plasmons","","","","29","IEEE","1 Sep 2023","2-5 July 2023","2-5 July 2023","IEEE","IEEE Conferences"
"ZnO Nanorods Morphology Control in Hydrothermal Method and their Humidity Sensing Enhancement on AlN SAW Device","C. -H. Liao; T. -C. Huang; Z. -H. Yen; C. -S. Huang; W. Water; S. -H. Lin","Department of Electronic Engineering, National Yunlin University of Science and Technology, Douliu City, Yunlin County, Taiwan; Department of Electronic Engineering, National Yunlin University of Science and Technology, Douliu City, Yunlin County, Taiwan; Department of Electronic Engineering, National Yunlin University of Science and Technology, Douliu City, Yunlin County, Taiwan; Department of Electronic Engineering, National Yunlin University of Science and Technology, Douliu City, Yunlin County, Taiwan; Department of Electronic Engineering, National Formosa University, Huwei Township, Yunlin County, Taiwan; Department of Electronic Engineering, National Yunlin University of Science and Technology, Douliu City, Yunlin County, Taiwan",2023 IEEE 23rd International Conference on Nanotechnology (NANO),"1 Sep 2023","2023","","","866","871","A surface acoustic wave (SAW) humidity sensor which utilizes ZnO nanorods on top of AlN/c-plane sapphire aims to achieve high sensitivity. The nanorod's morphology, aspect ratio (L/W), and vertical directivity could be controlled by adjusting the concentration of solutions during the hydrothermal process. With a concentration of 0.003 moles, the ZnO nanorods exhibited relatively low rod density and uniform rod-height with highly vertical-alignment. By incorporating such ZnO nanorods on AlN SAW, the sensitivity of the humidity sensor reaches 3.77 kHz/RH% at a relative humidity level of 90 %RH. The ZnO nanorods structure provides a 2.43 times improvement in sensitivity. Additionally, with the ZnO nanorods, the AlN SAW humidity sensor exhibits a fast recovery, which recovery time reduced to 46% of the one without nanorods.","1944-9380","979-8-3503-3346-6","10.1109/NANO58406.2023.10231276","","https://ieeexplore.ieee.org/stamp/stamp.jsp?arnumber=10231276","","Sensitivity;II-VI semiconductor materials;Surface acoustic waves;Morphology;Humidity;Zinc oxide;Sensors","","1","","14","IEEE","1 Sep 2023","2-5 July 2023","2-5 July 2023","IEEE","IEEE Conferences"
"Scalable Physical Design for Silicon Dangling Bond Logic: How a 45° Turn Prevents the Reinvention of the Wheel","S. Hofmann; M. Walter; R. Wille","Chair for Design Automation, Technical University of Munich, Germany; Chair for Design Automation, Technical University of Munich, Germany; Chair for Design Automation, Technical University of Munich, Germany",2023 IEEE 23rd International Conference on Nanotechnology (NANO),"1 Sep 2023","2023","","","872","877","With the ever-increasing demands of computing, post-CMOS technologies are sought after. Field-coupled Nanocomputing (FCN), which relies on physical field repulsion, is a class of technologies for energy-efficient computing. While the physical design for Quantum-dot Cellular Automata (QCA) has been researched for more than 20 years, the method-ologies for its promising successor, namely Silicon Dangling Bonds (SiDBs), have yet to catch up. To prevent reinventing the wheel and utilizing the 20 years of development in QCA, this paper presents a methodology to create SiDB designs based on existing QCA design approaches by a 45° rotation, implemented as a remapping algorithm. The presented approach enables the direct translation of QCA layouts to SiDB ones with minimal overhead and allows to tap knowledge from decades of research.","1944-9380","979-8-3503-3346-6","10.1109/NANO58406.2023.10231278","","https://ieeexplore.ieee.org/stamp/stamp.jsp?arnumber=10231278","","Geometry;Layout;Quantum dots;Wheels;Automata;Logic gates;Logic functions","","18","","36","IEEE","1 Sep 2023","2-5 July 2023","2-5 July 2023","IEEE","IEEE Conferences"
"Dielectric Material-Assisted Optical Tamm Mode Localization for Enhanced Photonic Spin Hall Effect","A. K. Goyal; D. Divyanshu; Y. Massoud","Innovative Technologies Laboratories (ITL), King Abdullah University of Science and Technology (KAUST), Thuwal, Saudi Arabia; Innovative Technologies Laboratories (ITL), King Abdullah University of Science and Technology (KAUST), Thuwal, Saudi Arabia; Innovative Technologies Laboratories (ITL), King Abdullah University of Science and Technology (KAUST), Thuwal, Saudi Arabia",2023 IEEE 23rd International Conference on Nanotechnology (NANO),"1 Sep 2023","2023","","","878","881","A dielectric material-aided excitation technique is presented in this research to confine optical Tamm mode (OTM) for enhanced photonic spin hall effect (PSHE) generation. The design comprises a bilayer photonic crystal (PhC) structure having a top defect layer. The structural dispersion analysis is carried out to validate the localization of the OTM and the generation of corresponding PSHE. Further, the impact of incidence angle and operating wavelength is also investigated towards enhancing PSHE. With an optimized defect layer thickness of 220 nm, the proposed structure exhibits substantial OTM confinement. Finally, a maximum transverse displacement of ≈ λ/2 at an incidence angle of 46.944° is reported.","1944-9380","979-8-3503-3346-6","10.1109/NANO58406.2023.10231271","","https://ieeexplore.ieee.org/stamp/stamp.jsp?arnumber=10231271","","Location awareness;Surface waves;Photonic crystals;Optical materials;Hall effect;Dielectrics;Optimization","","","","19","IEEE","1 Sep 2023","2-5 July 2023","2-5 July 2023","IEEE","IEEE Conferences"
"An Experimental Platform for Molecular Communication Based on Light Absorption","W. Wang; W. Yu; H. Yan; L. Lin","College of Electronics and Information Engineering, Tongji University, Shanghai, China; College of Electronics and Information Engineering, Tongji University, Shanghai, China; School of Electronic, Information and Electrical Engineering, Shanghai Jiao Tong University, China; College of Electronics and Information Engineering, Tongji University, Shanghai, China",2023 IEEE 23rd International Conference on Nanotechnology (NANO),"1 Sep 2023","2023","","","882","887","Molecular communication (MC) is a communication paradigm that uses molecules as information carriers. Flow-assisted MC has recently gained significant attention due to the similarity of its transport mode to the way blood vessels transport substances. Although many theoretical studies on MC with drift have been conducted, there are still relatively few related experimental platform studies. With this in mind, this paper proposes an experimental platform for MC based on light absorption. We conducted experiments to verify the reliability of information transmission and investigate the impact of different parameters on system performance. The experimental results show that the platform can enable the sending and receiving of information, and its performance improves at higher flow rates. Data transmission based on light absorption is non-invasive, making it a promising approach for information transmission through the human body.","1944-9380","979-8-3503-3346-6","10.1109/NANO58406.2023.10231298","National Natural Science Foundation(grant numbers:61971314,62071297); Fundamental Research Funds for the Central Universities(grant numbers:22120220629); Tongji University; ","https://ieeexplore.ieee.org/stamp/stamp.jsp?arnumber=10231298","molecular communication;light absorption;experimental platform","Absorption;System performance;Molecular communication;Symbols;Information processing;Reliability theory;Blood vessels","","4","","21","IEEE","1 Sep 2023","2-5 July 2023","2-5 July 2023","IEEE","IEEE Conferences"
"Nanothorn Photoanodes: A New Approach for Efficiency Enhancement in Dye-Sensitized Solar Cells","N. N. Ishak; N. Nayan; M. M. Ikhsan Megat Hasnan; M. Nafea; Y. M. Yunos; M. S. Mohamed Ali","Faculty of Electrical Engineering, Universiti Teknologi Malaysia (UTM), Johor Bahru, Malaysia; Microelectronics & Nanotechnology-Shamsuddin Research Centre (MiNT-SRC), Universiti Tun Hussein Onn Malaysia, Batu Pahat, Johor, Malaysia; Faculty Engineering Electric and Electronic, Universiti Malaysia Sabah, Kota Kinabalu, Sabah, Malaysia; Department of Electrical and Electronic Engineering, University of Nottingham Malaysia Jln Broga, Semenyih, Selangor; Faculty of Electrical Engineering, Universiti Teknologi Malaysia (UTM), Johor Bahru, Malaysia; Faculty of Electrical Engineering, Universiti Teknologi Malaysia (UTM), Johor Bahru, Malaysia",2023 IEEE 23rd International Conference on Nanotechnology (NANO),"1 Sep 2023","2023","","","893","898","Dye-sensitized solar cells (DSSCs) are a promising alternative to conventional silicon-based solar cells due to their low cost, lightweight, and flexible nature. A proficient photoanode is vital layer for obtaining high efficiency in DSSCs. Achieving this proficiency can be accomplished by selecting suitable materials and optimizing the device architecture. In this works, a preliminary result of novel nanothorn photoanode layer was obtained for the first time by a combination layer of rutile TiO2 nanoflower (rT-NF) synthesized by hydrothermal method and coated with Cu2o (rTCu2O-NF) by RF Magnetron sputtering method with 30 mins and 60 mins time deposition at high RF power source. The field emission scanning electron micrograph, X-ray diffraction, UV-Vis spectroscopy and current density to voltage characteristics, were used to investigate the morphology, structural, optical and electrical properties of rT-NF and rTCu2O-NF layer. The evaluation revealed that the optical bandgap energy decreased from 3.0 eV to 2.63 eV with increasing deposition time of Cu2o. The study observed a distinctive nanothorn morphology in the rTCu2O-NF photoanode layer after a prolonged sputtering process at high RF power for 60 minutes, which resulted in the highest power conversion efficiency of 8.34% among the tested samples. This finding suggests that modifying the nanoflower structure into a nanothorn structure by extending the sputtering time at high RF power during the photoanode deposition process can considerably enhance the efficiency of dye-sensitized solar cells.","1944-9380","979-8-3503-3346-6","10.1109/NANO58406.2023.10231264","","https://ieeexplore.ieee.org/stamp/stamp.jsp?arnumber=10231264","DSSC;nanothorn;rutile TiO2;Cu2O;photoanode","Radio frequency;Optical diffraction;Stimulated emission;Photovoltaic cells;Morphology;Surface morphology;Nanostructures","","1","","24","IEEE","1 Sep 2023","2-5 July 2023","2-5 July 2023","IEEE","IEEE Conferences"
"Damage-Free Cleaning of 2D van der Waals Heterostructures with Nano-Spherical AFM Probes","X. Ding; B. Qiao; H. Chen; P. C. Uzoma; Y. Xu; H. Hu","International Campus, ZJUI Institute, Zhejiang University, Haining, China; International Campus, ZJUI Institute, Zhejiang University, Haining, China; School of Micro-Nano Electronics, Zhejiang University, Hangzhou, China; International Campus, ZJUI Institute, Zhejiang University, Haining, China; International Campus, ZJUI Institute, Zhejiang University, Haining, China; International Campus, ZJUI Institute, Zhejiang University, Haining, China",2023 IEEE 23rd International Conference on Nanotechnology (NANO),"1 Sep 2023","2023","","","899","903","Two-dimensional materials have exceptional properties and gained significant attention from researchers. However, the fabricating process can introduce impurities that impact devices performance. Mechanical removal of interlayer impurities with AFM probe contact mode is a promising solution that avoids chemical impurities. However, sharp pyramidal probes used in this process can scratch fragile 2D material surfaces. To address this issue, our research team used nano-spherical probes to remove interlayer bubbles and contaminants in MoS2 heterostructures and improve surface quality. Results showed that nano-spherical probes were more effective than pyramid probes. In addition, nano-spherical probes also can improve material quality and surface consistency. Therefore, nano-spherical probes has promising potential to address the problem of cleaning interlayer bubbles and trapped contaminants and enhance the performance of heterostructure devices.","1944-9380","979-8-3503-3346-6","10.1109/NANO58406.2023.10231217","National Natural Science Foundation of China(grant numbers:61974128,U22A2076,92164106); ","https://ieeexplore.ieee.org/stamp/stamp.jsp?arnumber=10231217","","Performance evaluation;Surface contamination;Impurities;Cleaning;Surface roughness;Rough surfaces;Sulfur","","4","","17","IEEE","1 Sep 2023","2-5 July 2023","2-5 July 2023","IEEE","IEEE Conferences"
"Fabrication of Zn-Ni Alloy Columns with Low Hydrogen Evolution Overpotential as Efficient Electrocatalyst for H2 Production","Y. -T. Tseng; R. Clemente; J. -C. Lin","Institute of Materials Science and Engineering, National Central University, Taoyuan, Taiwan; International Master Program in Applied Materials Science, National Central University, Taoyuan, Taiwan; Institute of Materials Science and Engineering, National Central University, Taoyuan, Taiwan",2023 IEEE 23rd International Conference on Nanotechnology (NANO),"1 Sep 2023","2023","","","904","908","In this study, steric Zn-Ni alloy columns were fabricated via microanode-guided electroplating (MAGE), which had a very small electrode gap (90 µm) and a very high deposition rate (> 2 µm/min). These microcolumns were used to produce hydrogen by the electrocatalytic decomposition of water in alkaline aqueous solutions of 1 M KOH. The surface morphology study was acquired via the SEM, and after numerous electrocatalytic reactions, the porous structure of the Zn-Ni alloy progressively developed on the surface. The amount of zinc present in the alloy fell from 91 at. % to 52 at. %, which resulted in the column diameter of Zn-Ni increasing from 248 to 300 µm. After conducting an XRD investigation, the primary structure of the Zn-Ni alloy microcolumn was determined to be that of an intermetallic compound belonging to the Zn-Ni series. The phases shifted from Ni3Zn22 to Ni2Zn11 and NiZn3 when the percentage of zinc in the alloy decreased from 91 to 52 at. %. The results of the linear sweep voltammetry showed that the Zn-Ni alloy microcolumns exhibited good hydrogen production efficiency at 13–24 at.% Ni, the lowest Tafel slope of 45 mV/dec, and only 36 mV overpotential when operating at 10 mA/cm2 current density. Because of the enormous number of nano-networked nickel hydroxide on the surface that was investigated by TEM, the excellent efficiency with which hydrogen was produced can be attributed to the fact that this resulted in a significant increase in the amount of electrochemical surface area available.","1944-9380","979-8-3503-3346-6","10.1109/NANO58406.2023.10231210","","https://ieeexplore.ieee.org/stamp/stamp.jsp?arnumber=10231210","","Electrochemical deposition;X-ray scattering;Water splitting;Hydrogen;Surface morphology;Production;Nickel","","","","16","IEEE","1 Sep 2023","2-5 July 2023","2-5 July 2023","IEEE","IEEE Conferences"
"Electrodeposited Ni-W-Zn Alloys as Promising Electrocatalysts for Hydrogen Production by Micro-Anode Guided Electroplating","J. -C. Lin; Y. -T. Tseng; C. Huang","Department of Mechanical Engineering, Institute of Materials Science and Engineering, National Central University, Taoyuan, Taiwan; Institute of Materials Science and Engineering, National Central University, Taoyuan, Taiwan; Department of Mechanical Engineering, National Central University, Taoyuan, Taiwan",2023 IEEE 23rd International Conference on Nanotechnology (NANO),"1 Sep 2023","2023","","","909","912","The aim of this study is to identify effective, durable, and affordable electrocatalysts that can replace Pt-group metals during the hydrogen evolution reaction (HER) in alkaline water electrolysis. To achieve this, a range of Ni-W-Zn alloys were prepared using the micro-anode guided electroplating (MAGE) process. The bath ratio of [Ni2+] / [WO42-] / [Zn2+] was systematically varied during the experiment. To characterize the micropillars, three-dimensional micropillars composed of Ni-based material were fabricated and analyzed using scanning electron microscopy (SEM), energy-dispersive X-ray spectroscopy (EDX), and X-ray diffraction (XRD). The results showed that the micropillars had a smooth morphology and were composed of an amorphous phase with a composition range of 54–61 at. % Wand 3–9 at. % Zn. The electrocatalytic activity of the micropillars was assessed in a solution of 1.0 M KOH using various electrochemical techniques, such as Tafel polarization, linear scanning voltammetry (LSV), and cyclic voltammetry (CV). The micropillars' morphology and composition were found to have a significant impact on their catalytic efficacy. The Ni50W41Zn9 composition yielded the most effective catalytic performance, as reflected by the highest exchange current density of 2 mA/cm2, the lowest Tafel slope of 73 mV/dec, and the maximum current density of 742.61 ma/cm2 at the 650th cycle as determined by CV. The superior catalytic reactivity of the 3D Ni-W-Zn alloy compared to the unmodified Ni electrode can be attributed to two factors: the activation of the hydrogen adsorption-desorption process (facilitated by the presence of W on the Ni-W surface), and the enlargement of the surface area resulting from the formation of pores due to dezincification in the alkaline environment.","1944-9380","979-8-3503-3346-6","10.1109/NANO58406.2023.10231238","","https://ieeexplore.ieee.org/stamp/stamp.jsp?arnumber=10231238","","Electrochemical deposition;Scanning electron microscopy;Hydrogen;Metals;Surface morphology;Morphology;Electrocatalysts","","","","11","IEEE","1 Sep 2023","2-5 July 2023","2-5 July 2023","IEEE","IEEE Conferences"
"Characteristics Fluctuation of Sub-3-nm Bulk FinFET Devices Induced by Random Interface Traps","S. R. Kola; M. -H. Chuang; Y. Li","Parallel and Scientific Computing Laboratory, Electrical Engineering and Computer Science International Graduate Program, National Yang Ming Chiao Tung University, Hsinchu, Taiwan; Parallel and Scientific Computing Laboratory, Electrical Engineering and Computer Science International Graduate Program, National Yang Ming Chiao Tung University, Hsinchu, Taiwan; Parallel and Scientific Computing Laboratory, Electrical Engineering and Computer Science International Graduate Program, National Yang Ming Chiao Tung University, Hsinchu, Taiwan",2023 IEEE 23rd International Conference on Nanotechnology (NANO),"1 Sep 2023","2023","","","917","922","Three-dimensional (3D) bulk fin-typed field effect transistors (FinFETs) have emerged as key devices that can scale down the technology node beyond 22-nm. However, the scaled devices have created new sources of fluctuation inherent in 3D geometry. The interface trap is one such fluctuation that is caused by the trapping and de-trapping of charge carriers and has an adverse effect on device characteristics and variability. In this work, we study impacts of random interface traps (RITs) on electrical characteristic of bulk FinFETs by using a 3D quantum-mechanically corrected device simulation. RIT position effects on short channel effects (SCEs) are examined with physical governed influence to show the major fluctuations. More than 50% reductions of the RITs-induced characteristic fluctuation of the germanium (Ge) devices are observed, compared with Si devices. The Ge ones can reduce SCE variations and exhibit high immunity to RITs.","1944-9380","979-8-3503-3346-6","10.1109/NANO58406.2023.10231216","","https://ieeexplore.ieee.org/stamp/stamp.jsp?arnumber=10231216","","Performance evaluation;Fluctuations;Three-dimensional displays;Field effect transistors;Logic gates;Electric variables;FinFETs","","2","","30","IEEE","1 Sep 2023","2-5 July 2023","2-5 July 2023","IEEE","IEEE Conferences"
"Temperature Behavior of Silicon Dangling Bond Logic","J. Drewniok; M. Walter; R. Wille","Chair for Design Automation, Technical University of Munich, Germany; Chair for Design Automation, Technical University of Munich, Germany; Chair for Design Automation, Technical University of Munich, Germany",2023 IEEE 23rd International Conference on Nanotechnology (NANO),"1 Sep 2023","2023","","","925","930","Silicon Dangling Bonds (SiDBs) on the hydrogen-passivated silicon surface have emerged as a promising competitor in the realm of beyond-CMOS computational technologies. They have attracted the attention of academia and industry due to their greatly increased integration density and energy efficiency compared to contemporary fabrication nodes. Since information propagation and computation in the SiDB domain are based on electrostatic field coupling, SiDBs are considered as a room temperature-enabled technology. However, the effect of temperature on SiDB-based gates and their operation has not yet been considered. Consequently, established design automation flows and gate library proposals are temperature-agnostic without any guarantee of their operability in real-world scenarios. In this paper, we investigate for the first time the effect of temperature on the operation of SiDB-based gates. To this end, we utilize a newly developed temperature-aware simulator and exhaustively evaluate previously fabricated gates and theoretically proposed standard libraries. The results reveal significant temperature-sensitivity of many gates, highlighting the crucial role of considering temperature behavior in the realization of SiDB-based gates. Therefore, it is imperative to minimize the use of such temperature-sensitive components in future designs and to develop more robust standard gates. This research serves as the foundation for subsequent studies and is vital for the acceleration of the development of this promising green nanotechnology.","1944-9380","979-8-3503-3346-6","10.1109/NANO58406.2023.10231259","","https://ieeexplore.ieee.org/stamp/stamp.jsp?arnumber=10231259","","Industries;Design automation;Logic gates;Silicon;Libraries;Behavioral sciences;Proposals","","14","","38","IEEE","1 Sep 2023","2-5 July 2023","2-5 July 2023","IEEE","IEEE Conferences"
"Nano Detection of Trace Thiabendazole on Produce Using Surface Enhanced Raman Spectroscopy","C. Song; A. McClelland; T. H. Zeng","Class of 2025, Boston Latin School, Boston, MA, USA; Center for Nanoscale System, Harvard University, Cambridge, MA, USA; Academy for Advanced Research and Developtment One Broadway, Cambridge, MA, USA",2023 IEEE 23rd International Conference on Nanotechnology (NANO),"1 Sep 2023","2023","","","947","952","Pesticide poisoning affects millions around the world. Thiabendazole is a widely used pesticide for controlling fruit and vegetable diseases caused by fungi. Although thiabendazole is legal for commercial use, it is carcinogenic at high doses. In addition, it has a disastrous effect on fish and aquatic life. A key step in mitigating this problem is accurate, precise detection of these contaminants. To ensure that analytical methods can be practically used, a fundamental development study needs to be performed in regards to cost effectiveness, rapidness, and portability. Using silver nanoparticles and a Horiba Raman Spectrometer, this project was able to detect different thiabendazole concentrations and observed its surface enhanced Raman spectroscopy (SERS) effect. Based on the enhanced spectra, thiabendazole's characteristic peaks were identified and trace molecule detection was recognized. This was then used to determine the concentration of thiabendazole under different conditions. The lowest concentration detected was 4,268 ng/ML and a calibration curve was established. This nano detection method was further examined in our primary research. Examples of nano detection were applied to study thiabendazole by using the surface of an apple and the thiabendazole residual concentrations within the layers of a mushroom. We discovered that the concentration of thiabendazole on an apple after a five second rinse decreases about 98.5% of its original concentration, using the established calibration curve. The residue of the pesticide on the apple's surface was confirmed even after washing the apple for a period of time. In addition, we found that thiabendazole penetrates about 2 mm in from the surface of the mushroom. All of our new findings indicate a significant reminder for our society on how to maintain public health through the security of our food supply chains. Additionally, nano detection with Ag nanoparticles, achieving a plasmonic effect, is a highly sensitive and fast new form of nanotechnology for pesticide detection in the food industry.","1944-9380","979-8-3503-3346-6","10.1109/NANO58406.2023.10231316","National Science Foundation under NSF(grant numbers:ECCS-2025158); ","https://ieeexplore.ieee.org/stamp/stamp.jsp?arnumber=10231316","SERS;Silver Nanoparticles;Pesticide;Thiabendazole;Nano Detection;Food Supply Chains","Nanoparticles;Silver;Surface contamination;Supply chains;Raman scattering;Pesticides;Calibration","","","","18","IEEE","1 Sep 2023","2-5 July 2023","2-5 July 2023","IEEE","IEEE Conferences"
"Effects of Atomic Oxygen Irradiation on the Structural and Thermal Properties of ABPBI/MWCNT Composites","L. Square; L. F. Fourie; E. Ellis; M. Msimanga","Centre for Space Research, North West University, Potchefstroom, South Africa; Centre for Space Research, North West University, Potchefstroom, South Africa; Centre for Space Research, North West University, Potchefstroom, South Africa; Centre for Space Research, North West University, Potchefstroom, South Africa",2023 IEEE 23rd International Conference on Nanotechnology (NANO),"1 Sep 2023","2023","","","963","966","ABPBI/MWCNT composites were irradiated with atomic oxygen (AO) in a ground-based accelerator facility to understand the effects of AO irradiation on the structural and thermal properties of the composites. The structural changes were characterized by X-ray diffraction, X-ray photoelectron spectroscopy, and Fourier-transform infrared spectroscopy, whereas the thermal changes were characterized by thermogravimetric analysis. The AO exposure induced small decreases in the polymer and the ABPBI/MWCNT composite's characteristic XRD and FTIR peak intensities, which supports that the integrity of the materials holds after 1 and 3-hour beam exposure. The structural analysis unpacked the mechanisms by which the AO interacted with the samples, and in all instances, the samples enhanced with MWCNT performed better. ABPBI has good, high thermal stability. The thermal analysis results showed that the benefits of adding the MWCNTs become most significant as the exposure time increases.","1944-9380","979-8-3503-3346-6","10.1109/NANO58406.2023.10231300","National Research Foundation(grant numbers:UID 138417); ","https://ieeexplore.ieee.org/stamp/stamp.jsp?arnumber=10231300","","Resistance;Radiation effects;Spectroscopy;X-ray scattering;X-ray diffraction;Stability analysis;Thermal analysis","","1","","14","IEEE","1 Sep 2023","2-5 July 2023","2-5 July 2023","IEEE","IEEE Conferences"
"A Potential Nanosensing Method for Early Diagnosis of Endometrial Cancer with Sialic Acid Biomarker","E. Xu; A. McClelland; T. H. Zeng","Class of 2024 Belmont High School, Belmont, MA, U.S. A.; Center for Nanoscale Systems Harvard University 11 Oxford Street, Cambridge, MA, USA; Academy for Advanced Research And Development One Broadway, Cambridge, MA, USA",2023 IEEE 23rd International Conference on Nanotechnology (NANO),"1 Sep 2023","2023","","","967","971","Studies have shown that sialic acid is a potential biomarker that is related to diseases and cancers, including gynecological cancers. Gynecological cancers (GCs) are difficult to diagnose because of its complicated diagnosis process and the many different forms. This is a major threat to women's health. Endometrial cancer (EC) is a type of GCs with the third highest mortality rate among women. It is important to diagnose it at its early stage, so as to allow the patients to be completely treated. Our primary research was to use silver nanoparticles to demonstrate Surface Enhanced Raman Spectroscopy (SERS) as a nano-sensing method of measuring sialic acid concentration in biological fluids. Our experiments created its concentration calibration curve, and established a threshold of 0.47mg/mL for the possible early diagnosis of the EC. The SERS nano-sensing method is extremely sensitive. In our experiments it shows enhancement even at the lowest concentration of 0.015 mg/ml for the sialic acid. This study plays a significant role in the development of early diagnostic methods for EC, so as to save women's lives in the world.","1944-9380","979-8-3503-3346-6","10.1109/NANO58406.2023.10231272","","https://ieeexplore.ieee.org/stamp/stamp.jsp?arnumber=10231272","Endometrial Cancer;Silver Nanoparticles;Surface Enhanced Raman Spectroscopy;Sialic Acid;nano-sensing;early diagnosis","Nanoparticles;Silver;Fluids;Raman scattering;Collaboration;Calibration;Nanobioscience","","1","","12","IEEE","1 Sep 2023","2-5 July 2023","2-5 July 2023","IEEE","IEEE Conferences"
"Gold-Titanium Dioxide Developed Structures for Sensing and Photocatalysis","E. Ponkratova; S. Khubezhov; O. Il'in; D. Zuev","School of Physics and Engineering, ITMO University, St. Petersburg, Russia; School of Physics and Engineering, ITMO University, St. Petersburg, Russia; Research Laboratory of Functional Nanomaterials Technology, Southern Federal University, Taganrog, Russia; School of Physics and Engineering, ITMO University, St. Petersburg, Russia",2023 IEEE 23rd International Conference on Nanotechnology (NANO),"1 Sep 2023","2023","","","972","975","In this work we demonstrate a rapid and facile method for creation of developed Au/TiO2 nanostructures. Characterization by combination of SEM and Raman scattering measurements show, that produced structures consist of chaotically oriented developed TiO2 component covered by densely arranged Au nanoislands. Measurements of surface-enhanced Raman scattering signal show the ability to easily detect methylene blue analyte at concentration of 10−6 M while minimal detectable concentration on pure TiO2 structures is 10−4 M. In addition to sensing performance we noticed that our metal-dielectric structures are able to be used as photocatalyst with 2.3-fold enhancement in the reaction rate constant compared to pure dielectric ones. We believe, that proposed Au/TiO2 nanostructures could be used for creation of dual functional devices for registering products formed during a photocatalytic reaction.","1944-9380","979-8-3503-3346-6","10.1109/NANO58406.2023.10231180","Russian Science Foundation(grant numbers:21-72-30018); ","https://ieeexplore.ieee.org/stamp/stamp.jsp?arnumber=10231180","","Performance evaluation;Gold;Raman scattering;Photocatalysis;Oxidation;Nanostructures;Sensors","","","","25","IEEE","1 Sep 2023","2-5 July 2023","2-5 July 2023","IEEE","IEEE Conferences"
"Voltage Gated Domain Wall Magnetic Tunnel Junction for Neuromorphic Computing Applications","A. H. Lone; H. Li; N. El-Atab; G. Setti; H. Fariborzi","Computer, Electrical and Mathematical Sciences and Engineering Division, King Abdullah University of Science and Technology; Computer, Electrical and Mathematical Sciences and Engineering Division, King Abdullah University of Science and Technology; Computer, Electrical and Mathematical Sciences and Engineering Division, King Abdullah University of Science and Technology; Computer, Electrical and Mathematical Sciences and Engineering Division, King Abdullah University of Science and Technology; Computer, Electrical and Mathematical Sciences and Engineering Division, King Abdullah University of Science and Technology",2023 IEEE 23rd International Conference on Nanotechnology (NANO),"1 Sep 2023","2023","","","976","981","We propose a novel spin-orbit torque (SOT) driven and voltage-gated domain wall motion (DWM)-based MTJ device and its application in neuromorphic computing. We show that by utilizing the voltage-controlled gating effect on the DWM, the access transistor can be eliminated. The device provides more control over individual synapse writing and shows highly linear synaptic behavior. The voltage-controlled DW- gating performance of the device in the crossbar array is quantified. The device long-term potentiation/depression (LTP/LTD) linearity dependence on material parameters such as DMI, at different temperatures, is evaluated for real-environment performance analysis. Furthermore, adopting the ideal and skyrmion leaky integrate and fire neuron models, we implement the spiking convolutional neural network for pattern recognition applications The DW-MTJ conductance was mapped to the weights of the SNN. When trained and tested on the CIFAR-10 data set, the architecture based on DW-MTJ synapse achieved accuracy of around 85%.","1944-9380","979-8-3503-3346-6","10.1109/NANO58406.2023.10231303","","https://ieeexplore.ieee.org/stamp/stamp.jsp?arnumber=10231303","Spintronics;MTJ;Domain wall devices;VCMA;Synapses;Skyrmions;Neuromorphic computing;SNN","Performance evaluation;Temperature dependence;Neuromorphic engineering;Neurons;Linearity;Writing;Logic gates","","3","","39","IEEE","1 Sep 2023","2-5 July 2023","2-5 July 2023","IEEE","IEEE Conferences"
"Silicon Nitride based Meta-mirror for Optical Communications","I. H. Syed; M. A. Khan; S. Ijaz; I. Javed; M. Q. Mehmood; Y. Massoud","Department of Electrical Engineering, Micro Nano Lab, Information Technology University (ITU) of the Punjab, FerozepurRoad, Lahore, Pakistan; Innovative Technologies Laboratories (ITL), King Abdullah University of Science and Technology (KAUST), Saudi Arabia; Department of Electrical Engineering, Micro Nano Lab, Information Technology University (ITU) of the Punjab, FerozepurRoad, Lahore, Pakistan; Department of Electrical Engineering, Micro Nano Lab, Information Technology University (ITU) of the Punjab, FerozepurRoad, Lahore, Pakistan; Department of Electrical Engineering, Micro Nano Lab, Information Technology University (ITU) of the Punjab, FerozepurRoad, Lahore, Pakistan; Innovative Technologies Laboratories (ITL), King Abdullah University of Science and Technology (KAUST), Saudi Arabia",2023 IEEE 23rd International Conference on Nanotechnology (NANO),"1 Sep 2023","2023","","","983","987","Silicon nitride-based mirror have emerged as a promising platform for near-infrared (NIR) optics due to precise ability to steer, intensity, and phase of light paving the way for numerous interesting applications such as NIR sensors, NIR spectroscopy, high-resolution imaging. The limitations of optical communication, including attenuation loss, limited distance, and low data rates, are primarily caused by factors such as scattering, absorption, imperfections (impurity), and a reduction in the intensity of light. These issues can significantly hamper the performance of optical communication systems and hinder their widespread adoption. Moreover, their utilization is greatly restricted by the polarization sensitivity and bandwidth trade-off. Here in this article, we have proposed the silicon nitride-based broadband meta-mirror which overcome the aforementioned challenges. The proposed meta-mirror offer ultra-compact and polarization-insensitive response for broad window of NIR (1300nm-1700nm) using single nano-element. The control of phase and amplitude is attained by tailoring the period and shape of the nanostructures forming the meta-mirror. Such optical meta-mirror are the potential candidate for single mode fiber communication.","1944-9380","979-8-3503-3346-6","10.1109/NANO58406.2023.10231229","","https://ieeexplore.ieee.org/stamp/stamp.jsp?arnumber=10231229","Metamirror;Reflector;Optical communication;Polarization homogeneity;Photonics devices","Optical fiber sensors;Spectroscopy;Sensitivity;Ultraviolet sources;Bandwidth;Optical fiber communication;Silicon","","4","","20","IEEE","1 Sep 2023","2-5 July 2023","2-5 July 2023","IEEE","IEEE Conferences"
"High Spectral Selectivity of Tantalum Cross-Shaped Unit Elements for STPV Systems","A. S. Rana; M. A. Khan; S. Ijaz; M. Q. Mehmood; Y. Massoud","Department of Electrical and Computer Engineering, Air University, Islamabad, Pakistan; Innovative Technologies Laboratories (ITL), King Abdullah University of Science and Technology (KAUST), Thuwal, Saudi Arabia; Department of Electrical Engineering, Micro Nano Lab, Information Technology University (ITU) of the Punjab, Lahore, Pakistan; Department of Electrical Engineering, Micro Nano Lab, Information Technology University (ITU) of the Punjab, Lahore, Pakistan; Innovative Technologies Laboratories (ITL), King Abdullah University of Science and Technology (KAUST), Thuwal, Saudi Arabia",2023 IEEE 23rd International Conference on Nanotechnology (NANO),"1 Sep 2023","2023","","","988","992","The efficiency of single-junction PhotoVoltaic (PV) cells is restricted by the Shockley-Queisser (SQ) limit. This work presents a simulation based design of metasurface absorber and emitter for Solar ThermoPhotoVoltaics (STPV) system that overcomes the SQ limit by employing Tantalum resonators which exhibits high spectral selectivity. The STPV system introduces an intermediate structure consisting of a broadband optical absorber and a selective emitter before solar radiations reach PV cell. The operating temperature of the system being very high, a refractory metal Tantalum (Ta) with a melting point of 3017 °C provides high thermal stability. Metasurface broadband Ta-based absorber design is a supercell consisting of four cross resonators with total thickness of 290 nm. The absorber design gives broadband absorptance for 200–2000 nm region, which efficiently covers ultraviolet, optical, and infrared regimes. The absorber has an efficiency of is 91.5%, and 91.9% for BBR, and for the air mass (AM) 1.5 spectrum, respectively. On the contrary, emitter employs a unit element in the shape of a cross with a total thickness of 272 nm. The emitter of proposed intermediate design achieves high spectral selectivity for targeted quaternary PV cell InGaAsSb having a bandgap of 0.55 eV through narrowband emittance. The maximum simulated STPV efficiency attained by design is 39.1% considering polarization and angle-insensitivity of the design.","1944-9380","979-8-3503-3346-6","10.1109/NANO58406.2023.10231197","","https://ieeexplore.ieee.org/stamp/stamp.jsp?arnumber=10231197","","Tantalum;Optical polarization;Stimulated emission;Optical resonators;Metasurfaces;Oxidation;Broadband communication","","1","","21","IEEE","1 Sep 2023","2-5 July 2023","2-5 July 2023","IEEE","IEEE Conferences"
"Non-Woven Paper-Based Facile Ultra-Fast Response Capacitive Sensor for Respiration Monitoring","A. Ullah; M. H. Zulfiqar; M. A. Khan; M. Q. Mehmood; Y. Massoud","Electrical Engineering Department, Micro Nano Lab, Information Technology University (ITU) of the Punjab, Lahore, Pakistan; Department of Biomedical Engineering, University of Engineering and Technology, Lahore, Pakistan; Innovative Technologies Laboratories (ITL), King Abdullah University of Science and Technology (KAUST), Saudi Arabia; Electrical Engineering Department, Micro Nano Lab, Information Technology University (ITU) of the Punjab, Lahore, Pakistan; Innovative Technologies Laboratories (ITL), King Abdullah University of Science and Technology (KAUST), Saudi Arabia",2023 IEEE 23rd International Conference on Nanotechnology (NANO),"1 Sep 2023","2023","","","01","05","The demand of flexible sensor for humidity and respiration monitoring is increasing day by day because of its low-cost and portability. Herein, we presented a facile fabricated, ultra-sensitive and fast responsive parallel plate (PP) capacitive-based humidity sensor for respiration monitoring. The material used for sensor fabrication are copper tape as electrode, Polyethylene terephthalate (PET) as the flexible substrate, and. Nonwoven-paper as a sensing layer. The sensor shows a rapid absorption and desorption behavior due to the use of sensing layer as a nonwoven-paper. The sensor response was examined for percentage relative humidity from 40%-100% RH and a response is observed as 68-1110pF. The sensor is highly sensitive and it's shows a fast response/recovery time of 1s/1.5s. The sensor was also analyzed for different respiration forms with slow, fast, normal, and deep breathing; also, a different response is observed for mouth and nasal breathing. Due to its low cost, stability, sensitivity, repeatability, and eco-friendly behaviors the sensor is found to be the most promising candidate for respiration monitoring in medical fields.","1944-9380","979-8-3503-3346-6","10.1109/NANO58406.2023.10231277","","https://ieeexplore.ieee.org/stamp/stamp.jsp?arnumber=10231277","respiration monitoring;flexible sensors;facile;capacitive sensors;relative humidity;paper-based","Sensitivity;Absorption;Nose;Mouth;Humidity;Sensors;Behavioral sciences","","1","","32","IEEE","1 Sep 2023","2-5 July 2023","2-5 July 2023","IEEE","IEEE Conferences"
"Chirped-Disordered Topological Nanophotonic Resonator for Improved Electric Field Confinement","A. K. Goyal; D. Dash; J. Saini; Y. Massoud","Innovative Technologies Laboratories (ITL), King Abdullah University of Science and Technology (KAUST), Thuwal, Saudi Arabia; EEE Department, Galgotia College of Engineering and Technology, Greater Noida, India; Department of Electronics and Communication Engineering, Jaypee Institute of Information Technology, Noida, India; Innovative Technologies Laboratories (ITL), King Abdullah University of Science and Technology (KAUST), Thuwal, Saudi Arabia",2023 IEEE 23rd International Conference on Nanotechnology (NANO),"1 Sep 2023","2023","","","998","1001","In this manuscript, a disordered topological nanophotonic resonator structure has been proposed for improved electric field confinement. The topological effect is realized by connecting two photonic crystal (PhC) structures having overlapping bandgaps and opposite Zak phase. Further, an exponential graded refractive index profile is used to modify the dispersion characteristic of the device. This results in the confinement of a topological edge state at 1546nm wavelength. The structural performance is compared with the conventional step-index resonator and step-index topological resonator. The topological structure shows a 136% higher electric field intensity of confined resonating mode. The proposed graded topological structure results in a 135% higher average sensitivity than the conventional FP-cavity structure and 24% higher than the step-index topological structure.","1944-9380","979-8-3503-3346-6","10.1109/NANO58406.2023.10231296","","https://ieeexplore.ieee.org/stamp/stamp.jsp?arnumber=10231296","","Performance evaluation;Sensitivity;Photonic band gap;Refractive index;Nanoscale devices;Nanostructures;Structural engineering","","","","24","IEEE","1 Sep 2023","2-5 July 2023","2-5 July 2023","IEEE","IEEE Conferences"
"Enhanced Photovoltaic Assessment of Pb-Free Cs2NaGaBr6 n-i-p Solar Cell by ETL Optimizations","A. Kumar; M. S. Thomas; N. Gupta; A. K. Goyal; Y. Massoud","Department of Electronics and Communication Engineering, Jaypee Institute of Information Technology, Noida, India; Department of Electronics and Communication Engineering, Jaypee Institute of Information Technology, Noida, India; Department of Applied Science and Humanity, Dronacharya Group of Institutions, Greater Noida, U.P., India; Innovative Technologies Laboratories (ITL), King Abdullah University of Science and Technology (KAUST), Thuwal, Saudi Arabia; Department of Applied Science and Humanity, Dronacharya Group of Institutions, Greater Noida, U.P., India",2023 IEEE 23rd International Conference on Nanotechnology (NANO),"1 Sep 2023","2023","","","1002","1005","In this work, the enhanced photovoltaic performance of lead-free double halide perovskite Cs2naGaBr6 n-i-p solar cell has been analyzed by ETL optimization techniques. All the simulations have been performed using a powerful solar cell simulation tool SCAPS-1D. A double perovskite material $\mathrm{M}_2{ }^{1+} \mathrm{N}^{2+} \mathrm{N}^{3+} \mathrm{X}_6{ }^{1-}$ is used in the proposed photovoltaic architecture, where $\mathrm{M}_2{ }^{1+}=\text{Cs}, \mathrm{N}^{2+}=\text{Na}, \mathrm{N}^{3+}=\text{Ga}$, and $\mathrm{X}_6{ }^{1-}=\text{Br}$. Cs2naGaBr6 is a direct band gap halide double perovskite material having a bandgap of 1.762 eV which is very similar to organic-inorganic perovskite material. The proposed solar cell achieved higher efficiency of 25.86% with optimized doping concentration $\left(1 \times 10^{18} \text{cm}^{-3}-1 \times 10^{22} \text{cm}^{-3}\right)$ of the electron transport layer (ETL). The improved results are obtained in terms of energy band profile, electric field, current density, and quantum efficiency. Moreover, the photovoltaic performance parameters have also been evaluated as Jsc, Voc, FF, and PCE $(\eta)$. Thus, the proposed device may use to develop efficient Pb-free perovskite for photovoltaic applications.","1944-9380","979-8-3503-3346-6","10.1109/NANO58406.2023.10231198","","https://ieeexplore.ieee.org/stamp/stamp.jsp?arnumber=10231198","","Photovoltaic systems;Performance evaluation;Photonic band gap;Photovoltaic cells;Doping;Computer architecture;Lead","","2","","16","IEEE","1 Sep 2023","2-5 July 2023","2-5 July 2023","IEEE","IEEE Conferences"
"Theoretical Analysis of Topological Hybrid Resonance Mode Excitation","A. Kumar Goyal; Y. Massoud","Innovative Technologies Laboratories (ITL), King Abdullah University of Science and Technology (KAUST), Thuwal, Saudi Arabia; Innovative Technologies Laboratories (ITL), King Abdullah University of Science and Technology (KAUST), Thuwal, Saudi Arabia",2023 IEEE 23rd International Conference on Nanotechnology (NANO),"1 Sep 2023","2023","","","1006","1009","In this paper, an interaction of bound topological states and topological resonance continuum states is presented to excite the topological hybrid resonance modes. The performance analysis is carried out using both the transfer matrix approach (TMM) and the finite element method (FEM). The topological effect is realized by connecting two photonic crystal (PhC) structures having overlapping bandgaps and opposite Zak phases. Further, a topological resonator structure is optimized to excite a topological resonance continuum state. The analytical results demonstrate the excitation of symmetric (low energy) and antisymmetric (higher energy) hybrid resonance modes for the proposed combined structure.","1944-9380","979-8-3503-3346-6","10.1109/NANO58406.2023.10231274","","https://ieeexplore.ieee.org/stamp/stamp.jsp?arnumber=10231274","","Fabrication;Symmetric matrices;Photonic band gap;Nanoscale devices;Hybrid power systems;Finite element analysis;Performance analysis","","","","31","IEEE","1 Sep 2023","2-5 July 2023","2-5 July 2023","IEEE","IEEE Conferences"
"Evaluation Antibacterial and Bactericidal Properties of Si Nanopillars Array Against Antimicrobial Resistant (AMR) Bacteria","Y. Yanagisawa; G. Yamamoto; S. Hamaguchi; T. Shimizu; S. Shingubara; S. Kutsuna; T. Ito",NA; NA; NA; NA; NA; NA; NA,2023 IEEE 23rd International Conference on Nanotechnology (NANO),"1 Sep 2023","2023","","","1","4","We fabricated Si nanopillars array mimicking the cicada wing surface. We evaluated its antibacterial and bactericidal properties against antimicrobial resistant (AMR) bacteria and its WT bacteria by comparison with flat Si substrates. The results show that Si nanopillars array has superior antibacterial property for AMR and WT E. coli.","1944-9380","979-8-3503-3346-6","10.1109/NANO58406.2023.10231155","","https://ieeexplore.ieee.org/stamp/stamp.jsp?arnumber=10231155","","Drugs;Microorganisms;Antibacterial activity;Silicon;Substrates;Nanotechnology;Immune system","","","","6","IEEE","1 Sep 2023","2-5 July 2023","2-5 July 2023","IEEE","IEEE Conferences"
"Synthetic Antiferromagnetic Skyrmion based Oscillator as Leaky Integrate and Fire Neuron Device","R. S. Verma; R. K. Raj; N. Bindal; B. K. Kaushik","Electronics and Communication Engineering department, Indian Institute of Technology Roorkee, Roorkee, Uttarakhand, India; Electronics and Communication Engineering department, Indian Institute of Technology Roorkee, Roorkee, Uttarakhand, India; Electronics and Communication Engineering department, Indian Institute of Technology Roorkee, Roorkee, Uttarakhand, India; Electronics and Communication Engineering department, Indian Institute of Technology Roorkee, Roorkee, Uttarakhand, India",2023 IEEE 23rd International Conference on Nanotechnology (NANO),"1 Sep 2023","2023","","","1","6","Spintronics is an emerging technology for data storage and neuromorphic commutating. In this field, magnetic skyrmion based devices are attractive due to their small size and low energy consumption. The synthetic antiferromagnetic (SAF) skyrmion is favorable alternative over the ferromagnetic (FM) skyrmion due to its inherent properties such as insensitivity towards external magnetic fields, negligible net demagnetizing fields, and no skyrmion Hall effect. It follows the straight path that prevents them from being annihilated at the boundaries nano-disk. In this work, a novel leaky-integrate-and-fire (LIF) neuron model that incorporates SAF skyrmion based spin torque nano oscillator is introduced for the first time. Furthermore, this proposed device has been analyzed at room temperature (RT) with thermal fluctuation for practical applications. This neuron model is a promising candidate to be utilized in developing energy efficient and high performance neuromorphic computing systems.","1944-9380","979-8-3503-3346-6","10.1109/NANO58406.2023.10231164","","https://ieeexplore.ieee.org/stamp/stamp.jsp?arnumber=10231164","","Performance evaluation;Torque;Neuromorphic engineering;Neurons;Thermal analysis;Micromagnetics;Oscillators","","3","","39","IEEE","1 Sep 2023","2-5 July 2023","2-5 July 2023","IEEE","IEEE Conferences"
"Quantum Circuits for Simulation of Optical and Photonic Devices","G. P. Temporão; G. C. Amaral; T. B. Guerreiro","Department of Electrical Engineering, Pontifical Catholic University of Rio de Janeiro (PUC-Rio), Rio de Janeiro, RJ, Brazil; QuTech, TNO, The Netherlands; Department of Physics, Pontifical Catholic University of Rio de Janeiro (PUC-Rio), Rio de Janeiro, RJ, Brazil",2023 IEEE 23rd International Conference on Nanotechnology (NANO),"1 Sep 2023","2023","","","1031","1036","We provide and discuss examples of quantum circuits for simulating the behavior of optical and photonic devices, especially those present in quantum communication setups. Examples include decoherence effects in optical fibers, two-photon (Hong-Ou-Mandel) interference in a beamsplitter - including the case where multiple degrees of freedom are involved - and representation of weak coherent states. Moreover, we discuss the modelling of practical non-ideal characteristics of threshold single-photon detectors, namely, the quantum efficiency and the dark count rate.","1944-9380","979-8-3503-3346-6","10.1109/NANO58406.2023.10231228","CNPq; FAPERJ; FAPESP; Instituto Serrapilheira; ","https://ieeexplore.ieee.org/stamp/stamp.jsp?arnumber=10231228","","Optical fibers;Qubit;Detectors;Interference;Optical detectors;Photodetectors;Quantum circuit","","","","23","IEEE","1 Sep 2023","2-5 July 2023","2-5 July 2023","IEEE","IEEE Conferences"
"Simulated Oscillator-Based Ising Machine for two Million Nodes Max-Cut Problems","L. Mazza; E. Raimondo; A. Grimaldi; V. Puliafito","Department of Electrical and Information Engineering, Politecnico di Bari, Bari, Italy; Department of Engineering, Università degli Studi di Messina, Messina, Italy; Department of Engineering, Università degli Studi di Messina, Messina, Italy; Department of Electrical and Information Engineering, Politecnico di Bari, Bari, Italy",2023 IEEE 23rd International Conference on Nanotechnology (NANO),"1 Sep 2023","2023","","","1037","1041","The search for new, unconventional approaches for the solution of combinatorial optimization problems (COPs) is a research topic of great interest in the current post-Moore era. Oscillator-based Ising machines (OIMs) are a promising paradigm, highly compatible with many COPs, that uses coupled oscillators to search for the ground state of an Ising model. In this work, we simulate an OIM by integrating the Kuramoto model. Our implementation performs remarkably well when scaling to very large instances (>1e6 nodes) of maximum cut problems. The performance is analyzed as a function of the graph size and the connection density and compared with well-known conventional algorithms. The software can handle a cubic problem with two million nodes, which is the largest attempted so far in literature.","1944-9380","979-8-3503-3346-6","10.1109/NANO58406.2023.10231307","","https://ieeexplore.ieee.org/stamp/stamp.jsp?arnumber=10231307","","Schedules;Annealing;Systematics;Statistical analysis;Scalability;Software algorithms;Stationary state","","2","","39","IEEE","1 Sep 2023","2-5 July 2023","2-5 July 2023","IEEE","IEEE Conferences"
"Recent Advances and Challenges of 2D Fourier Transform Computational Accelerator Using GHz Ultrasonics","D. S. -H. Chen; Y. S. Teo; Y. X. Yeo; S. Trivedi; X. H. M. Tan; Z. Yang; E. L. C. Wai; Y. -S. Wang; J. Sharma; V. P. Bui; C. E. Png; A. Lal; Y. Zhu; K. T. C. Chai","The Institute of Microelectronics (IME), Agency for Science, Technology, and Research (A *STAR), Singapore, Republic of Singapore; The Institute of Microelectronics (IME), Agency for Science, Technology, and Research (A *STAR), Singapore, Republic of Singapore; The Institute of Microelectronics (IME), Agency for Science, Technology, and Research (A *STAR), Singapore, Republic of Singapore; The Institute of Microelectronics (IME), Agency for Science, Technology, and Research (A *STAR), Singapore, Republic of Singapore; The Institute of High Performance Computing (IHPC), Agency for Science, Technology, and Research (A*STAR), Singapore, Republic of Singapore; The Institute of High Performance Computing (IHPC), Agency for Science, Technology, and Research (A*STAR), Singapore, Republic of Singapore; The Institute of Microelectronics (IME), Agency for Science, Technology, and Research (A *STAR), Singapore, Republic of Singapore; The Institute of Microelectronics (IME), Agency for Science, Technology, and Research (A *STAR), Singapore, Republic of Singapore; The Institute of Microelectronics (IME), Agency for Science, Technology, and Research (A *STAR), Singapore, Republic of Singapore; The Institute of High Performance Computing (IHPC), Agency for Science, Technology, and Research (A*STAR), Singapore, Republic of Singapore; The Institute of High Performance Computing (IHPC), Agency for Science, Technology, and Research (A*STAR), Singapore, Republic of Singapore; The School of Electrical and Computer Engineering, Cornell University, Ithaca, NY, USA; The Institute of Microelectronics (IME), Agency for Science, Technology, and Research (A *STAR), Singapore, Republic of Singapore; The Institute of Microelectronics (IME), Agency for Science, Technology, and Research (A *STAR), Singapore, Republic of Singapore",2023 IEEE 23rd International Conference on Nanotechnology (NANO),"1 Sep 2023","2023","","","1042","1047","This paper reports on the latest advances and challenges of a 2D Fourier Transform Computational Accelerator using GHz Ultrasonics. Firstly, the accelerator architecture is presented in four parts: (1) a brief overview of the system architecture and the principles of Fourier Transform using ultrasonic waves; (2) CMOS circuit architecture of the transmitter and receiver IC; (3) MEMS transducer pixel design and post-CMOS integration; and (4) GHz acoustic meta-lens design. The following section discusses the latest advances in the sonic DAC and front-end receiver CMOS circuit testing, CMOS-MEMS integration, fabrication of GHz flat acoustic meta-lens, and studies of a novel low-temperature heterogeneous integration process suitable for GHz acoustic transmission.","1944-9380","979-8-3503-3346-6","10.1109/NANO58406.2023.10231241","","https://ieeexplore.ieee.org/stamp/stamp.jsp?arnumber=10231241","2D Fourier Transform;Bulk Acoustic Waves;Eutectic Bonding;GHz Ultrasonics;Heterogeneous Integration;Hybrid Computing Accelerator;Ultrasonic Transducers","Micromechanical devices;Integrated circuits;Fourier transforms;Transducers;Transmitters;Multichip modules;Systems architecture","","1","","15","IEEE","1 Sep 2023","2-5 July 2023","2-5 July 2023","IEEE","IEEE Conferences"
"Developing Nanosensors with Silicon Nanowires*","B. Kim; M. Aleem; S. Kundu; J. Park","Department of Electrical Engineering, City University of New York, New York, USA; City University of New York, New York, USA; Department of Electrical Engineering, City University of New York, New York, USA; Korea Research Institute of Ships & Ocean Engineering in Republic of Korea",2023 IEEE 23rd International Conference on Nanotechnology (NANO),"1 Sep 2023","2023","","","1066","1069","This paper discusses reliable fabrication techniques, contamination elimination, and photolithography for silicon nanowire-based sensors. The selection of solvents for contamination removal is discussed. The challenges of integrating SiNWs (silicon nanowires) with honeycomb sensor arrays are also addressed. The successful integration of SiNWs with a sensor array was confirmed through FESEM and IV analysis.","1944-9380","979-8-3503-3346-6","10.1109/NANO58406.2023.10231275","Ministry of Oceans and Fisheries; ","https://ieeexplore.ieee.org/stamp/stamp.jsp?arnumber=10231275","","Fabrication;Solvents;Nanosensors;Lithography;Silicon;Nanowires;Reliability","","3","","6","IEEE","1 Sep 2023","2-5 July 2023","2-5 July 2023","IEEE","IEEE Conferences"
"Broad-Band Microfluidic Terahertz Detector Based on Hydrogenated $\mathbf{TiO}_{2}$ Nanoparticles","R. Zhou; J. Wang; Z. Xie; G. Lu; Y. Yuan; J. T. W. Yeow","Department of Engineering, University of Waterloo, Waterloo, ON, CAN; Department of Engineering, University of Waterloo, Waterloo, ON, CAN; Department of Engineering, University of Waterloo, Waterloo, ON, CAN; Department of Engineering, University of Waterloo, Waterloo, ON, CAN; Department of Engineering, University of Waterloo, Waterloo, ON, CAN; Department of Engineering, University of Waterloo, Waterloo, ON, CAN",2023 IEEE 23rd International Conference on Nanotechnology (NANO),"1 Sep 2023","2023","","","1074","1077","With its unique characteristics, Terahertz (THz) technology has received considerable scholarly attention in re-cent years. However, the narrow-band absorption and operating temperature have limited practical THz detectors' development. In order to improve detecting efficiency at room and even high temperature and increase the sensitivity of the sensor, we propose this broadband THz detector. The resonant unit of this detector adopts a distinctive microfluidic structure that can work well with the absorption layer made of hydrogenated titanium dioxide $(\mathbf{TiO}_{2})$ nanoparticles. The experimental simulation results reveal that this detector has excellent absorption and superb stability in a broad THz radiation band. This THz detector has therefore displayed significant potential in many practical applications.","1944-9380","979-8-3503-3346-6","10.1109/NANO58406.2023.10231175","","https://ieeexplore.ieee.org/stamp/stamp.jsp?arnumber=10231175","","Nanoparticles;Temperature sensors;Terahertz wave imaging;Absorption;Detectors;Terahertz materials;Broadband communication","","","","7","IEEE","1 Sep 2023","2-5 July 2023","2-5 July 2023","IEEE","IEEE Conferences"
"Development of Surface-Enhanced Raman-scattering Chips Using Highly Oriented Gold Nanoislands Fabricated on MgO(001) Substrates by Pulsed Laser Deposition","S. Kurumi; Y. Shimura; N. Takeda; K. Sugawa; T. Sagara; B. L. Ong; A. Rusydi; K. -i. Matsuda; K. Suzuki","College of Science and Technology, Nihon University, Tokyo, Japan; Graduate School of Science and Technology, Nihon University, Tokyo, Japan; Graduate School of Science and Technology, Nihon University, Tokyo, Japan; College of Science and Technology, Nihon University, Tokyo, Japan; Tokyo Metropolitan College of Industrial Technology, Tokyo, Japan; National University of Singapore, Singapore, Singapore; National University of Singapore, Singapore, Singapore; College of Science and Technology, Nihon University, Tokyo, Japan; College of Science and Technology, Nihon University, Tokyo, Japan",2023 IEEE 23rd International Conference on Nanotechnology (NANO),"1 Sep 2023","2023","","","1084","1089","We fabricated highly oriented gold nanoislands (HOG-NIs) on a MgO(001) substrate by pulsed laser deposition using an ultra-violet laser (wavelength: 355 nm) to apply them to surface-enhanced Raman scattering (SERS) chips. Gold deposition in argon atmosphere exhibited an Au(111) orientation, while in oxygen atmosphere exhibited an Au(200) orientation. Surface observation of the deposited gold with Au(111) orientation showed that disordered NIs were assembled, while the deposited gold with Au(200) orientation showed that square-shaped NIs formed periodically. To reveal SERS activation properties of the HOG-NIs on MgO(001) substrate, 4-mercaptobenzoic acid (4-MBA) was used as a model analyte. By excitation laser beam (wavelength: 785 nm) irradiation to the 4-MBA-coated SERS chips, SERS signals were observed. From these signals, the enhancement factor was estimated to be over 107.","1944-9380","979-8-3503-3346-6","10.1109/NANO58406.2023.10231220","","https://ieeexplore.ieee.org/stamp/stamp.jsp?arnumber=10231220","","Gold;Radiation effects;Surface waves;Surface emitting lasers;Surface morphology;Nickel;Argon","","","","21","IEEE","1 Sep 2023","2-5 July 2023","2-5 July 2023","IEEE","IEEE Conferences"
"Femtosecond Direct Laser Writing on Bi-Layer Gold-Silicon Films for Hidden Data Storage and Random Key Generation","M. Sandomirskii; E. Ponkratova; E. Petrova; P. Kustov; A. Larin; E. Ageev; D. Zuev","School of Physics and Engineering, ITMO University, St. Petersburg, Russia; School of Physics and Engineering, ITMO University, St. Petersburg, Russia; School of Physics and Engineering, ITMO University, St. Petersburg, Russia; School of Physics and Engineering, ITMO University, St. Petersburg, Russia; School of Physics and Engineering, ITMO University, St. Petersburg, Russia; School of Physics and Engineering, ITMO University, St. Petersburg, Russia; School of Physics and Engineering, ITMO University, St. Petersburg, Russia",2023 IEEE 23rd International Conference on Nanotechnology (NANO),"1 Sep 2023","2023","","","1090","1094","To keep up with the growing needs for data storage, new-generation nanophotonic devices are being actively developed, as they have a high potential to meet all the essential industrial requirements. In addition to the high stability and capacity of such systems, it is highly desirable to provide them with additional security features that would protect data from unauthorized reading. However, this usually leads to inevitable and critical complications of existing recording techniques. This work presents a novel and facile technology for hidden data storage, based on femtosecond laser processing of bi-layer gold-silicon films at low energy densities. It is shown that the recorded data can be successfully extracted using photoluminescence signal mapping, while remaining completely invisible in an optical microscope. Furthemore, the use of the investigated procedure for the optical random key generation is also demonstrated. The proposed technology stands out for its simplicity and reliability and, thus, has the potential to be an excellent choice for industrial use in the upcoming era of secure optical communication.","1944-9380","979-8-3503-3346-6","10.1109/NANO58406.2023.10231269","","https://ieeexplore.ieee.org/stamp/stamp.jsp?arnumber=10231269","","Laser theory;Optical microscopy;Optical recording;Microscopy;Memory;Writing;Optical fiber communication","","1","","25","IEEE","1 Sep 2023","2-5 July 2023","2-5 July 2023","IEEE","IEEE Conferences"
"Radius-Controlled Rolled Structure Based on the Graphene Oxide/Polypyrrole Composites with Polyvinyl Acetate Thin Film","G. Lu; J. Wang; Z. Xie; R. Zhou; J. Yeow","Department of Engineering, University of Waterloo, Waterloo, ON, CAN; Department of Engineering, University of Waterloo, Waterloo, ON, CAN; Department of Engineering, University of Waterloo, Waterloo, ON, CAN; Department of Engineering, University of Waterloo, Waterloo, ON, CAN; Department of Engineering, University of Waterloo, Waterloo, ON, CAN",2023 IEEE 23rd International Conference on Nanotechnology (NANO),"1 Sep 2023","2023","","","1101","1104","The increasing popularity of flexible displays and wearable devices has promoted the development of flexible thin film substrates. These substrates offer many advantages over their rigid counterparts, including flexibility, light weight, and conformability. This study presents a novel approach to preparing a rolled polymer-based structure by rolling a thin film of polyvinyl acetate (PVA) to a specific radius. To enhance the electrical conductivity of the substrate, a layer of graphene oxide (GO)/ polypyrrole (PPY) composites were dropped cast onto the surface. The resistance of several rolled structures, each with a different weight ratio of GO/PPY composites, was examined and compared. Overall, these findings provide important insights into the development of flexible thin film substrates for use in various applications.","1944-9380","979-8-3503-3346-6","10.1109/NANO58406.2023.10231206","","https://ieeexplore.ieee.org/stamp/stamp.jsp?arnumber=10231206","","Electrodes;Wearable computers;Surface resistance;Graphene;Supercapacitors;Electrical resistance measurement;Polymers","","","","7","IEEE","1 Sep 2023","2-5 July 2023","2-5 July 2023","IEEE","IEEE Conferences"
"Ultra-Thin, Soft, Radiative Cooling Interfaces for Advanced Thermal Management in Skin Electronics","J. Li; X. Yu","Department of Biomedical Engineering, City University of Hong Kong, China; Department of Biomedical Engineering, City University of Hong Kong, China",2023 IEEE 23rd International Conference on Nanotechnology (NANO),"1 Sep 2023","2023","","","1106","1111","In this paper, we report a generic thermal management strategy by using an ultrathin, soft, radiative-cooling interface (USRI) to cool down the temperature in wearable electronics through both radiative and non-radiative cooling strategy, achieving temperature reduction greater than 56°C. Meanwhile, the intrinsically soft nature of the USRI makes it possible to use as a conformable encapsulation layer and thus can be easily integrated with skin electronics based on current microfabrication process. Demonstrations include passive heat transfer of Joule heat for flexible electronics, improving working efficiency for epidermal device and stabling performance outputs for skin-interfaced wireless photoplethysmography sensors. These results offer an alternative strategy towards achieving effective thermal management in advanced skin interfaced electronics for high-power consumption, multifunctionally and wirelessly operated healthcare monitoring.","1944-9380","979-8-3503-3346-6","10.1109/NANO58406.2023.10231185","","https://ieeexplore.ieee.org/stamp/stamp.jsp?arnumber=10231185","","Thermal management of electronics;Wireless communication;Performance evaluation;Wireless sensor networks;Cooling;Wearable computers;Skin","","","","39","IEEE","1 Sep 2023","2-5 July 2023","2-5 July 2023","IEEE","IEEE Conferences"
