"Document Title",Authors,"Author Affiliations","Publication Title",Date Added To Xplore,"Publication Year","Volume","Issue","Start Page","End Page","Abstract","ISSN",ISBNs,"DOI",Funding Information,PDF Link,"Author Keywords","IEEE Terms","Mesh_Terms",Article Citation Count,Patent Citation Count,"Reference Count","License",Online Date,Issue Date,"Meeting Date","Publisher",Document Identifier
"Table of Contents","",,2025 IEEE 25th International Conference on Nanotechnology (NANO),"12 Aug 2025","2025","","","1","61","","1944-9380","979-8-3315-1271-2","10.1109/NANO63165.2025.11113509","","https://ieeexplore.ieee.org/stamp/stamp.jsp?arnumber=11113509","","","","","","","IEEE","12 Aug 2025","13-16 July 2025","13-16 July 2025","IEEE","IEEE Conferences"
"Early Diagnostic of Parkinson's Disease by Nano Detection of the Biomarker Alpha-Synuclein","C. Liu; A. McClelland; T. H. Zeng","Lexington High School, Lexington, MA, U.S.A.; Center for Nanoscale Systems, Harvard University, Cambridge, MA, USA; Innobridge Institute, Cambridge, MA, USA",2025 IEEE 25th International Conference on Nanotechnology (NANO),"12 Aug 2025","2025","","","2","6","In recent years, Parkinson's Disease (PD) has become a more global issue, impacting over 10 million people worldwide, and is expected to rise continually due to an increase in the aging population. As slowing down the disease progression is its only treatment, diagnosing the disease as early as possible is critical for an effective intervention. Thus, finding a biomarker that accurately and consistently reflects the early stages of PD is necessary. In recent studies, researchers have analyzed many biomarkers and identified several that allow for an accurate and early diagnosis of the disease. In particular, alpha-synuclein ($\alpha$-syn) and its oligomers ($\alpha$-syn olig) showed potential for a widespread screening and an early noninvasive diagnosis. This study aims to detect salivary $\alpha$-syn and $\alpha$-syn olig at low concentrations, utilizing surface-enhanced Raman scattering (SERS) spectroscopy. By enabling the analysis of biomarker concentration in different fluids combined with silver nanoparticles (Ag np), this method would develop a diagnostic procedure for the early stages of the disease. This study employed various experimental techniques to analyze the biomarker under different circumstances by demonstrating the functioning of silver nanoparticles on $\alpha$-syn, finding a concentration-signal intensity curve, and simulating in artificial salivary samples. The outcomes of this study may enhance future research in Parkinson's Disease and other biomarker-based diagnostics, improving the quality of life of many people.","1944-9380","979-8-3315-1271-2","10.1109/NANO63165.2025.11113764","","https://ieeexplore.ieee.org/stamp/stamp.jsp?arnumber=11113764","","Nanoparticles;Silver;Spectroscopy;Fluids;Accuracy;Parkinson's disease;Raman scattering;Aging;Noninvasive treatment;Nanotechnology","","","","13","IEEE","12 Aug 2025","13-16 July 2025","13-16 July 2025","IEEE","IEEE Conferences"
"Analysis of Surface Orientation and Channel Direction in GAA Nanosheet FETs for CMOS Logic Performance","H. Raju; A. K. S. Chauhan; I. A. Khan; B. Fatima; S. K. Manhas","Electronics and Communication Engineering Department, IIT Roorkee, Roorkee, Uttarakhand, India; Electronics and Communication Engineering Department, IIT Roorkee, Roorkee, Uttarakhand, India; Electronics and Communication Engineering Department, IIT Roorkee, Roorkee, Uttarakhand, India; Electronics and Communication Engineering Department, IIT Roorkee, Roorkee, Uttarakhand, India; Electronics and Communication Engineering Department, IIT Roorkee, Roorkee, Uttarakhand, India",2025 IEEE 25th International Conference on Nanotechnology (NANO),"12 Aug 2025","2025","","","7","12","This study examines the impact of different surface orientation and channel direction combinations on the electrical performance of Gate-All-Around Nanosheet (GAANS) FETs, to optimize the logic operation. The surface orientations (100) and (110) are considered, and for each surface orientation, two channel directions, $< 100 {>}$ and $< 110 {>}$, are investigated. When the surface orientation for $< 110 {>}$ channel direction is changed from (100) to (110), the p-type GAA-NS FET experiences a 25.3 % increase in drain current. In contrast, the n-type GAA-NS FET exhibits a 12.9 % reduction in drain current. Despite this, the overall performance of the CMOS inverter is enhanced. This work is based on precise device models and well calibrated TCAD simulations with experimental data. The (100)/ surface orientation/channel direction combination yields the best performance for n-type GAA-NS FET, while the (110)/ combination is optimal for p-type GAA-NS FET. Additionally, a hetero-oriented CMOS inverter, utilizing the (100)/ ntype GAA-NS and (110)/ p-type GAA-NS configurations, demonstrates the shortest rise and fall times, indicating superior dynamic performance.","1944-9380","979-8-3315-1271-2","10.1109/NANO63165.2025.11113817","","https://ieeexplore.ieee.org/stamp/stamp.jsp?arnumber=11113817","","Semiconductor device modeling;Performance evaluation;Power demand;Field effect transistors;Gallium arsenide;Logic gates;Inverters;Data models;Logic;Nanotechnology","","1","","14","IEEE","12 Aug 2025","13-16 July 2025","13-16 July 2025","IEEE","IEEE Conferences"
"Dielectric Engineering to Enhance the Breakdown Voltage of $\boldsymbol{\beta}-\mathbf{G a}_{2} \mathbf{O}_{3}$ MOSFET","A. Patnaik; M. Gupta; P. Sharma","Department of Electronics and Communication, Advanced Semiconductor Materials and Nanoelectronics Research Group, PDPM Indian Institute of Information Technology, Design and Manufacturing (IIITDM), Jabalpur, India; Department of Atomic Energy, Consortium for Scientific Research, University Grants Commission, Indore, India; Department of Electronics and Communication, Advanced Semiconductor Materials and Nanoelectronics Research Group, PDPM Indian Institute of Information Technology, Design and Manufacturing (IIITDM), Jabalpur, India",2025 IEEE 25th International Conference on Nanotechnology (NANO),"12 Aug 2025","2025","","","22","25","The proposed work investigates the impact of high-$\kappa$ dielectric $\text{TiO}_{2}$ on the breakdown characteristics of $\beta-\text{Ga}_{2} \mathrm{O}_{3}$ MOSFETs. $\text{TiO}_{2}$ helps reduce the electric field peak at the gate edge towards the drain side, owing to it's high dielectric constant, thereby increasing the breakdown voltage up to 1141 V. However, standalone $\text{TiO}_{2}$ as gate dielectric introduces significant interface states and traps due to lattice mismatch with $\beta-\text{Ga}_{2} \mathrm{O}_{3}$. To mitigate this, a $\text{TiO}_{2} / \text{Al}_{2} \mathrm{O}_{3}$ bilayer gate dielectric is proposed, with $\text{TiO}_{2}$ dielectric is grown over $\text{Al}_{2} \mathrm{O}_{3}$ layer which lies on the $\beta-\text{Ga}_{2} \mathrm{O}_{3}$ channel. The thicknesses of $\text{TiO}_{2}$ and $\text{Al}_{2} \mathrm{O}_{3}$ are optimized to achieve maximum breakdown voltage upto 1136 V. Subsequently, the study examines the role of different dielectric thickness combinations on the drain current and the device threshold voltage. Thus, this study will be instrumental in developing high breakdown voltage $\beta-\text{Ga}_{2} \mathrm{O}_{3}$ MOSFETs by employing high- $\kappa$ dielectric with optimized thickness.","1944-9380","979-8-3315-1271-2","10.1109/NANO63165.2025.11113738","","https://ieeexplore.ieee.org/stamp/stamp.jsp?arnumber=11113738","$\beta-\text{Ga}_{2} \mathrm{O}_{3}$;$\text{TiO}_{2}$;high-к dielectric;breakdown voltage;critical electric field;passivation","Performance evaluation;Lattices;Switches;Logic gates;Threshold voltage;Dielectrics;Interface states;Electric fields;Nanotechnology;Passivation","","","","13","IEEE","12 Aug 2025","13-16 July 2025","13-16 July 2025","IEEE","IEEE Conferences"
"The Operational Domain Explorer: A Comprehensive Framework to Unveil the Thermal Landscape of Silicon Dangling Bond Logic Beyond Conventional Operability","M. Walter; J. Drewniok; R. Wille","Chair for Design Automation, Technical University of Munich, Munich, Germany; Chair for Design Automation, Technical University of Munich, Munich, Germany; Chair for Design Automation, Technical University of Munich, Munich, Germany",2025 IEEE 25th International Conference on Nanotechnology (NANO),"12 Aug 2025","2025","","","28","33","As Silicon Dangling Bond (SiDB) logic emerges as a promising beyond-CMOS computing paradigm, evaluating its robustness against fabrication imperfections and thermal noise becomes crucial. The Operational Domain framework provides a foundation for such assessments but overlooks key Figures of Merit (FoMs) such as temperature robustness, alternative input paradigms, and I/O integrity validation. This paper introduces new methodologies that extend operational domains to incorporate these factors, enabling a more comprehensive analysis of SiDB gate stability. Implemented in the open-source Operational Domain Explorer, these methods provide high-resolution robustness evaluations. Our results reveal that critical temperature domains exhibit highly uneven structures, previously thermally unstable gates can function at room temperature under specific material parameters, and enforcing I/O integrity significantly reduces temperature stability. By addressing these overlooked aspects, this work refines SiDB robustness evaluation and provides new insights into optimizing both simulation methodologies and fabrication strategies for more reliable SiDB-based computing architectures.","1944-9380","979-8-3315-1271-2","10.1109/NANO63165.2025.11113672","","https://ieeexplore.ieee.org/stamp/stamp.jsp?arnumber=11113672","","Fabrication;Temperature;Logic gates;Robustness;Stability analysis;Silicon;Thermal noise;Thermal analysis;Pins;Thermal stability","","","","19","IEEE","12 Aug 2025","13-16 July 2025","13-16 July 2025","IEEE","IEEE Conferences"
"Temperature Dependence of Electrically Switchable Phosphonic Acid-Based Self-Assembled Monolayer Junctions","C. Pfeiffer; S. Weber; J. Rojas; P. Kirsch; M. Tornow","Technical University of Munich, Garching, Germany; Technical University of Munich, Garching, Germany; Technical University of Munich, Garching, Germany; Technical University of Darmstadt, Darmstadt, Germany; Fraunhofer Institute for Electronic Microsystems and Solid State Technologies (EMFT), Munich, Germany",2025 IEEE 25th International Conference on Nanotechnology (NANO),"12 Aug 2025","2025","","","34","39","Using organic compounds for memristive devices has garnered increased scientific interest over the past years. Recently, we have introduced a conductance-switching device based on a self-assembled monolayer (SAM) from a phosphonic acid derivative; the device's resistance exhibited a prominent hysteretic change caused by molecular dipole reorientation in the applied electric field. Here, we report on preliminary measurements of the temperature dependence of the device's electrical characteristics. Atomic force microscopy, water contact angle measurements, and Fourier-transform-infrared spectroscopy verified the quality of the SAMs. For electrical characterization, the monolayer was grown on microstructured electrodes (50 nm thick TiN bottom contact), while the top contact was achieved via electron-beam evaporation of Pb (20 $\text{nm}) / \text{Au}(100 \text{nm})$ through a shadow mask. The hysteresis curves were analyzed for temperatures ranging from $\sim 20 \mathrm{K}$ up to 293 K. These first results indicate that below 50 K, the current densities show almost no temperature dependence, while they appear weakly activated above this threshold. The hysteretic memristive switching, which is well observed at room temperature, freezes below about 200 K - supporting the important role of intermolecular, steric interactions. For both temperature dependencies, phenomenological activation energies in the range $30-70 \text{meV}$ are estimated.","1944-9380","979-8-3315-1271-2","10.1109/NANO63165.2025.11113815","","https://ieeexplore.ieee.org/stamp/stamp.jsp?arnumber=11113815","","Temperature measurement;Atomic measurements;Temperature dependence;Temperature distribution;Spectroscopy;Self-assembly;Contacts;Switches;Tin;Electrical resistance measurement","","","","27","IEEE","12 Aug 2025","13-16 July 2025","13-16 July 2025","IEEE","IEEE Conferences"
"MNT Designer: A Comprehensive Design Tool for Field-Coupled Nanocomputing","S. Hofmann; J. Drewniok; M. Walter; R. Wille","Chair for Design Automation, Technical University of Munich, Munich, Germany; Chair for Design Automation, Technical University of Munich, Munich, Germany; Chair for Design Automation, Technical University of Munich, Munich, Germany; Chair for Design Automation, Technical University of Munich, Munich, Germany",2025 IEEE 25th International Conference on Nanotechnology (NANO),"12 Aug 2025","2025","","","40","45","Field-coupled Nanocomputing (FCN) is a class of post-CMOS technologies that operate at the nanoscale without relying on electrical current. Its potential was recently demonstrated by the fabrication of a fully functional OR gate occupying less than $30 \text{nm}^{2}$, using Silicon Dangling Bonds (SiDBs). A key step toward commercializing FCN is the development of software tools capable of automatically generating fabrication-ready, cell-level layouts. In this work, we present a novel, GUI-based tool that spans the complete design flow-from Verilog to atoms-including physical design algorithms, post-layout optimization, verification, and gate design. The tool is released as open-source at https://github.com/cda-tum/mnt-designer and is also available as a pip package.","1944-9380","979-8-3315-1271-2","10.1109/NANO63165.2025.11113823","","https://ieeexplore.ieee.org/stamp/stamp.jsp?arnumber=11113823","","Fabrication;Layout;Circuits;Logic gates;Nanoscale devices;Design tools;Software tools;Optimization;Physical design;Testing","","","","51","IEEE","12 Aug 2025","13-16 July 2025","13-16 July 2025","IEEE","IEEE Conferences"
"View of Charge Carrier Mobility in Lateral Gates Junction-Less Transistor","F. Larki; A. Dehzangi","Laye Rooyan Part, Isfahan Science and Technology Town, Isfahan, Iran; Department of Electrical and Computer Engineering, University of Texas at Dallas, Richardson, Texas, USA",2025 IEEE 25th International Conference on Nanotechnology (NANO),"12 Aug 2025","2025","","","46","51","We study the charge carrier mobility of a p-type lateral gates junction-less silicon transistor through experimental and simulation results. The device features a specific structure that lacks a gate oxide layer, no junction with a low doping profile for the channel, aiming to suppress impurity scattering, phonon scattering and surface roughness scattering to enhance the mobility of the carries. The device was simulated by 3D-TCAD Sentaurus and simulation results were compared with experimental for transconductance and drain conductance. The fabricated device exhibits an on-off current ratio of 106 between 0 to +2 V. Moreover, the effect of channel width and the gate gap on the velocity and mobility variation of the majority carriers have also been investigated. Based on the simulation data, by decreasing the gate gap into a few nanometers, the quantum confinement in the lateral direction becomes stronger. This alters the valence band structure, increasing the effective mass of the holes and confines holes more strongly in the lateral direction.","1944-9380","979-8-3315-1271-2","10.1109/NANO63165.2025.11113741","","https://ieeexplore.ieee.org/stamp/stamp.jsp?arnumber=11113741","Junctionless transistor;lateral gate;hole mobility;hole velocity;effective mass","Simulation;Impurities;Scattering;Potential well;Voltage;Phonons;Logic gates;Surface roughness;Rough surfaces;Transistors","","","","49","IEEE","12 Aug 2025","13-16 July 2025","13-16 July 2025","IEEE","IEEE Conferences"
"Area-Efficient Realization of Three-Input Logic Functions Using Hybrid SET-MOS Transistors","C. Chen","Department of Electrical and Computer Engineering, University of Windsor, Windsor, Ontario, Canada",2025 IEEE 25th International Conference on Nanotechnology (NANO),"12 Aug 2025","2025","","","52","56","Logic synthesis is a crucial step in the electronic design automation (EDA). While two-input logic gates can be easily implemented with MOS transistors, realization of multiple-input (or three-input, in particular) functions remains to be less area-efficient at transistor level. This paper presents an area-efficient realization for any three-input logic functions by using single-electron transistors (SETs) combined with MOS transistors. Results show that with their unique oscillation characteristics, SETs can provide significant improvement for logic synthesis in terms of transistor count over pure CMOS counterparts. This could potentially change traditional design paradigms in the EDA.","1944-9380","979-8-3315-1271-2","10.1109/NANO63165.2025.11113779","","https://ieeexplore.ieee.org/stamp/stamp.jsp?arnumber=11113779","Logic design and implementation;single-electron transistor;Coulomb oscillation;hybrid SET-MOS;area savings","MOSFET;Logic gates;Logic functions;CMOS technology;Logic design;Transistors;Logic;Oscillators;Nanotechnology;Single electron transistors","","","","13","IEEE","12 Aug 2025","13-16 July 2025","13-16 July 2025","IEEE","IEEE Conferences"
"Improvement of Comb-Shaped Single-Electron Slime Mold Circuit for Solving Traveling Salesman Problem","R. Takemoto; T. Oya","Graduate School of Engineering Science, Yokohama National University, Yokohama, Japan; Graduate School of Engineering Science, Yokohama National University, Yokohama, Japan",2025 IEEE 25th International Conference on Nanotechnology (NANO),"12 Aug 2025","2025","","","57","61","We propose a single-electron (SE) circuit that solves a traveling salesman problem (TSP), mimicking the information-processing-like behavior of slime molds. Some problems remained in the SE slime mold circuits proposed in the past, which we have solved in this study. This circuit uses an element called a single-electron oscillator. When multiple of these elements are prepared and connected in a twodimensional array, they have the characteristic of propagating voltage changes in a two-dimensional plane like a wave, corresponding to the behavior of slime mold stretching its body. The circuit is controlled by a bias voltage so that the operating area is comb-shaped. With this modification, relatively good solutions were derived for the TSPs up to 12 cities. In addition, through modifications in the external system, an optimal solution has been found for a previously unsolvable problem.","1944-9380","979-8-3315-1271-2","10.1109/NANO63165.2025.11113718","","https://ieeexplore.ieee.org/stamp/stamp.jsp?arnumber=11113718","single-electron circuit;single-electron oscillator;slime mold;traveling salesman problem;nonlinear problem","Urban areas;Voltage;Traveling salesman problems;Voltage control;Oscillators;Nanotechnology","","","","12","IEEE","12 Aug 2025","13-16 July 2025","13-16 July 2025","IEEE","IEEE Conferences"
"Rotaxane-Based Single Molecule Junctions for Memory Applications","R. Listo; F. Mo; F. Ravera; A. Vezzoli; M. Vacca; G. Piccinini; M. Graziano; Y. Ardesi","Department of Electronics and Telecommunications, Politecnico di Torino, Torino, Italy; Department of Electronics and Telecommunications, Politecnico di Torino, Torino, Italy; Department of Electronics and Telecommunications, Politecnico di Torino, Torino, Italy; Department of Chemistry, University of Liverpool, Liverpool, U.K.; Department of Electronics and Telecommunications, Politecnico di Torino, Torino, Italy; Department of Electronics and Telecommunications, Politecnico di Torino, Torino, Italy; Department of Applied Science and Technology, Politecnico di Torino, Torino, Italy; Department of Electronics and Telecommunications, Politecnico di Torino, Torino, Italy",2025 IEEE 25th International Conference on Nanotechnology (NANO),"12 Aug 2025","2025","","","75","79","As electronic components approach their fundamental physical limits, molecular electronics offer a promising alternative for next-generation computing and memory technologies. This simulative study explores the potential of rotaxane-based Single Molecule Junctions (SMJs) for memory applications. Through a combination of Molecular Dynamics (MD) simulations and Metadynamics (MetaD) analysis, we identify two distinct molecular states capable of encoding binary information. The energetic barriers to state transitions are evaluated, revealing the mechanisms for data encoding. Furthermore, electrical transport calculation demonstrates a significant current difference between the two configurations, supporting the feasibility of a current-driven readout for conformational-based memory. Our findings highlight the potential of rotaxane-based SMJs for non-volatile, high-density, low-power memory storage, positioning them as strong candidates for future molecular memories in nanocomputing applications.","1944-9380","979-8-3315-1271-2","10.1109/NANO63165.2025.11113739","","https://ieeexplore.ieee.org/stamp/stamp.jsp?arnumber=11113739","","Electric potential;Analytical models;Molecular electronics;Nonvolatile memory;Computational modeling;Electronic components;Encoding;Junctions;Next generation networking","","","","24","IEEE","12 Aug 2025","13-16 July 2025","13-16 July 2025","IEEE","IEEE Conferences"
"Chemical and Electrochemical Control of Open-Shell States in Single-Molecule Electronics","C. Liu; A. Sil; L. Hou; A. Vezzoli","Department of Chemistry, University of Liverpool, Liverpool, United Kingdom; Department of Chemistry, University of Liverpool, Liverpool, United Kingdom; Department of Chemistry, University of Liverpool, Liverpool, United Kingdom; Department of Chemistry, University of Liverpool, Liverpool, United Kingdom",2025 IEEE 25th International Conference on Nanotechnology (NANO),"12 Aug 2025","2025","","","81","85","Open-shell materials have attracted significant attention in the past few years due to their unique electronic structure containing unpaired electrons, which gives these compounds unusual properties. In single-molecule electronics, they have been shown to have enhanced transport efficiency and nonlinear current-voltage behaviour, both highly sought-after for future technological applications. In this contribution, we show that the behaviour of open-shell species - specifically, a diradicaloid molecular wire - is exquisitely sensitive to an electrochemical environment. Applying an electrochemical potential to the junction results in strong gating effects, up to oxidation to a poorly conductive close-shell species. Variable bias measurements, on the other hand, result in hysteretic behaviour consistent with Coulomb blockade effects and, again, oxidation to a close-shell species.","1944-9380","979-8-3315-1271-2","10.1109/NANO63165.2025.11113662","UKRI(grant numbers:EP/Y02513X/1); ","https://ieeexplore.ieee.org/stamp/stamp.jsp?arnumber=11113662","Nanoelectronics;Nanomaterials;Spintronics","Hands;Electric potential;Logic gates;Nanomaterials;Oxidation;Wire;Junctions;Spintronics;Nanoelectronics;Electrons","","","","38","IEEE","12 Aug 2025","13-16 July 2025","13-16 July 2025","IEEE","IEEE Conferences"
"Micro–Nano Hybrid Architectures for Sub–Nanogram Detection of Avian Influenza H5N1","M. A. Kachouei; L. Jacobs; D. S. Ha; M. A. Ali","School of Animal Sciences, Virginia Tech, Blacksburg, United States; School of Animal Sciences, Virginia Tech, Blacksburg, United States; Electrical and Computer Engineering, Virginia Tech, Blacksburg, United States; School of Animal Sciences, Virginia Tech, Blacksburg, United States",2025 IEEE 25th International Conference on Nanotechnology (NANO),"12 Aug 2025","2025","","","93","96","The ongoing spread of the highly pathogenic avian influenza H5N1 virus has caused severe disruptions in the poultry industry, leading to economic losses and raising concerns about cross-species transmission. Recent outbreaks in mammals increase the risk of zoonotic spillover, making rapid and sensitive virus detection crucial for effective containment and management. We report here a low-cost, lithography-free biosensor incorporating graphene oxide, silver nanowires, and self-assembled monolayer as micro-nano hybrid transducers for the detection of H5N1 hemagglutinin. The sensor achieved a detection limit of 40 picograms per mL. We have also manufactured a fully 3D-printed micropillar array–based sensor and evaluated its performance as a viral sensor against traditional 2D planar electrodes. These printed sensors will be useful for on-farm poultry testing, providing a practical solution for early virus detection and control.","1944-9380","979-8-3315-1271-2","10.1109/NANO63165.2025.11113765","","https://ieeexplore.ieee.org/stamp/stamp.jsp?arnumber=11113765","","Industries;Silver;Transducers;Self-assembly;Graphene;Influenza;Propagation losses;Nanowires;Testing;Sensor arrays","","","","10","IEEE","12 Aug 2025","13-16 July 2025","13-16 July 2025","IEEE","IEEE Conferences"
"Effect of Copper in ZnO Nanoparticles on their Bactericidal Properties Against E. Coli and B. Subtilis","F. Jacinto; M. Guzman; Y. Hernandez; B. C. Galarreta","Sciences Department-Chemistry Section, Pontifical Catholic University of Peru, Lima, Peru; Engineering Department-Mining Engineering Section, Pontifical Catholic University of Peru, Lima, Peru; Sciences Department-Chemistry Section, Pontifical Catholic University of Peru, Lima, Peru; Sciences Department-Chemistry Section, Pontifical Catholic University of Peru, Lima, Peru",2025 IEEE 25th International Conference on Nanotechnology (NANO),"12 Aug 2025","2025","","","97","102","In this article, we present the chemical precipitation synthesis and characterization of undoped/copper-doped ZnO nanoparticles. According to X-ray diffraction (XRD) analysis, the samples present a crystallographic hexagonal arrangement (type wurtzite), and the lattice parameters prove that $\text{Cu}$ ions enter the crystal lattice without affecting the ZnO structure. Undoped or copper-doped ZnO nanoparticles exhibit spherical morphologies with average diameters of 19.56 nm to 30.91 nm. Finally, the antibacterial behavior against B. Subtilis and E. Coli strains was evaluated. The copper-doped nanoparticles with a concentration of $1.5 \text{mg} / \text{mL}$ showed higher inhibitory activity (37%) against $E$. Coli. The results suggest that it is possible to use the nanoparticles synthetized as a bactericidal agent.","1944-9380","979-8-3315-1271-2","10.1109/NANO63165.2025.11113721","","https://ieeexplore.ieee.org/stamp/stamp.jsp?arnumber=11113721","antibacterial activity;B. Subtilis;copper-doped nanoparticles;E. Coli;nanoparticles;zinc oxide","Nanoparticles;X-ray scattering;II-VI semiconductor materials;Escherichia coli;Lattices;Crystals;X-ray diffraction;Zinc oxide;Antibacterial activity;Strain","","","","55","IEEE","12 Aug 2025","13-16 July 2025","13-16 July 2025","IEEE","IEEE Conferences"
"Radiation Dose Enhancement: An Inter-Comparison of Nano-Carbons","S. Ashmeg; M. Bedewy","Radiation Oncology Dept. at St. Clair Hospital, UPMC Hillman Cancer Center / UPitt School of Medicine, Pittsburgh, PA, USA; Dept. of Mechanical Engineering and Materials Science, University of Pittsburgh, Pittsburgh, PA, USA",2025 IEEE 25th International Conference on Nanotechnology (NANO),"12 Aug 2025","2025","","","103","107","We have found that “low-Z” carbon nanotubes can enhance the radiation dose when added to water. We hypothesize that the increased measured dose is due to the physical structure of the nanotubes, credited to the high aspect ratio and curvature, rather than the chemical properties. In this work, we study the radiation dose enhancement for carbon nanotubes, fullerene and laser-induced nano-carbons. The radiation dose was measured using ionization chambers and radiochromic films, in water and solid water phantoms, for multiple x-ray energies. The dose enhancement ratio is defined as the ratio of the measured dose to water (+ nano-carbons) to the measured dose to water (only). This work studies an effect that has not been widely investigated at the time of this publication. Radiation dose enhancement is a useful technique in the field of radiation therapy, especially when dealing with radioresistant cells. Ideally, it increases the dose to the desired site with no additional damage to organs at risk.","1944-9380","979-8-3315-1271-2","10.1109/NANO63165.2025.11113750","","https://ieeexplore.ieee.org/stamp/stamp.jsp?arnumber=11113750","Nano-carbons;Radiotherapy;Radiation Dose Enhancement;MWCNT;x-rays;DER;Laser-induced carbon nanomaterials;Nanomaterial-based radiosensitizers","Measurement by laser beam;Energy measurement;Graphite;X-ray lasers;Carbon nanotubes;Time measurement;Radiation therapy;Polymers;Laser beams;Electrons","","","","7","IEEE","12 Aug 2025","13-16 July 2025","13-16 July 2025","IEEE","IEEE Conferences"
"Synthesis of Novel Rhodamine-Derived Carbon Quantum Dots to Create Natural Fluorescent Silk Fibroin","D. Wu","Department of Science, Avenues New York, New York, United States of America",2025 IEEE 25th International Conference on Nanotechnology (NANO),"12 Aug 2025","2025","","","108","113","Fluorescent silk fibroin, produced by modifying the diet of Bombyx mori, has recently emerged as a promising material for a wide range of applications, including smart textiles, optoelectronics, environmental sensing, and biomedical technologies. However, a key challenge remains in developing nontoxic fluorescent materials to produce fluorescent silk. In this study, three nontoxic carbon quantum dots (CQDs) were synthesized from Rhodamine B using a hydrothermal method. Transmission Electron Microscopy (TEM) confirmed successful synthesis, revealing CQDs with diameters of $\text{2 - 3 ~ n m}$ that exhibited strong fluorescence under UV light. Photoluminescence spectroscopy showed strong emission peaks at approximately $470 ~\text{nm}, 550 ~\text{nm}$, and 600 nm for B-CQDs, G-CQDs, and O-CQDs under excitation wavelengths of $370 ~\text{nm}, 370 ~\text{nm}$, and 400 nm, respectively. To evaluate the performance of CQDs in comparison with traditional Rhodamine-based approaches, six fluorescent materials were used in this study: O-CQD, G-CQD, B-CQD, Rhodamine B (RhB), Rhodamine 101 (Rh101), and Rhodamine 110 (Rh110). These materials were incorporated into silkworm chow at a concentration of $0.1 \text{wt} \%$ and fed to silkworms to produce fluorescent silk with enhanced mechanical and optical properties. From Scanning Electron Microscopy (SEM) imaging, it was found that CQDs produced silk that was $\sim 3.48 ~\text{nm}$ thicker than Rhodamine derivatives. The CQDs were shown to be $\sim 130 \%$ mechanically stronger compared to control group silk (silk from silkworms fed a non-fluorescent diet), whereas silk derived from Rhodamine-fed silkworms demonstrated only $\sim 62.9 \%$ of the control group's strength. In addition, the fluorescent silk was processed into a silk fibroin solution, which was subsequently fabricated into various forms tailored for biomedical applications.","1944-9380","979-8-3315-1271-2","10.1109/NANO63165.2025.11113769","","https://ieeexplore.ieee.org/stamp/stamp.jsp?arnumber=11113769","carbon quantum dots;nanomaterials;silkworms;fluorescence;fluorescent silk fibroin;biomedical","Smart textiles;Scanning electron microscopy;Spectroscopy;Transmission electron microscopy;Quantum dots;Production;Fluorescence;Wounds;Carbon;Spectral analysis","","","","9","IEEE","12 Aug 2025","13-16 July 2025","13-16 July 2025","IEEE","IEEE Conferences"
"Thickness-Dependent and Scalability Study of Cadmium Trithiphosphate at Cryogenic Temperature for Advanced Electronic Applications","J. Obaemo; E. Dong; M. Mastalish; H. Churchill; U. Wejinya","Department of Material Science and Engineering, University of Arkansas, Fayetteville; Department of Mechanical Engineering, University of California, Davis; Department of Physics, University of Arkansas, Fayetteville; Department of Physics, University of Arkansas, Fayetteville; Department of Material Science and Engineering, University of Arkansas, Fayetteville",2025 IEEE 25th International Conference on Nanotechnology (NANO),"12 Aug 2025","2025","","","115","119","Cadmium trithiophosphate $\left(\text{CdPS}_{3}\right)$ is a layered transition metal dichalcogenide (LTMD) with notable ferroelectric and magnetic properties, making it ideal for multifunctional device applications. This study examines the dielectric properties of $\text{CdPS}_{3}$ in a Metal-Insulator-Metal (MIM) structure, focusing on capacitance as a function of thickness and frequency. Capacitance and breakdown voltage were measured using LCR meters and Cryocore systems, with frequencies ranging from 50 to 150 $\mathbf{k H z}$. Results revealed dielectric constants averaging $\mathbf{9. 8}$ for $40-44 \text{nm}$ thickness and 8.5 for $115-119 \text{nm}$, with consistent performance. The breakdown voltage was evaluated up to 200 V, and the current-voltage (IV) characteristics were analyzed. These findings underscore $\text{CdPS}_{3}$ 's potential as a high-к dielectric material for sensors, energy storage, quantum devices, etc.","1944-9380","979-8-3315-1271-2","10.1109/NANO63165.2025.11113691","","https://ieeexplore.ieee.org/stamp/stamp.jsp?arnumber=11113691","Quantum Computing;High-к Dielectric;Quantum Decoherence;Dielectric;Metal-Insulator-Metal","Temperature sensors;Performance evaluation;Electric potential;Quantum computing;Films;Scalability;Stability analysis;Dielectrics;Frequency measurement;Thermal stability","","","","12","IEEE","12 Aug 2025","13-16 July 2025","13-16 July 2025","IEEE","IEEE Conferences"
"Impact of Thickness Inhomogeneity on Transport Properties in CVD Grown MoS2","E. Dimaggio; R. Sargeni; F. Pieri; F. Fabbri; G. Fiori","Dip. di Ingegneria dell'Informazione, University of Pisa, Pisa, Italy; Dip. di Ingegneria dell'Informazione, University of Pisa, Pisa, Italy; Dip. di Ingegneria dell'Informazione, University of Pisa, Pisa, Italy; NEST Laboratory, Istituto Nanoscienze-CNR and Scuola Normale Superiore, Pisa, Italy; Dip. di Ingegneria dell'Informazione, University of Pisa, Pisa, Italy",2025 IEEE 25th International Conference on Nanotechnology (NANO),"12 Aug 2025","2025","","","120","123","The reliable integration of many electronic devices based on 2D materials is an open issue that faces the challenges related to the thickness inhomogeneity of the CVD grown material on large scale. We report on our experimental study of the correlation between the field-effect mobility of transistors based on semiconductive MoS2 and the material thickness inhomogeneity resulting from a standard chemical vapor deposition process. This opens a new perspective in different class of 2D materials based devices, where the monolayer thickness is a limitation to the device performance, such as catalytic cells and optoelectronic detectors.","1944-9380","979-8-3315-1271-2","10.1109/NANO63165.2025.11113703","","https://ieeexplore.ieee.org/stamp/stamp.jsp?arnumber=11113703","2D material-based electronics;CVD growth;electric transport properties","Performance evaluation;Nonuniform electric fields;Materials reliability;Nonhomogeneous media;Sulfur;Transistors;Molybdenum;Nanostructured materials;Integrated circuit reliability;Standards","","1","","21","IEEE","12 Aug 2025","13-16 July 2025","13-16 July 2025","IEEE","IEEE Conferences"
"Flexible Infrared Photothermoelectric Detectors Based on Graphene/Metallic Junctions with Lowcost Substrates","G. Lu; J. Wang; W. Gao; J. T. W. Yeow","Department of Systems Design Engineering, University of Waterloo, Waterloo, Ontario, Canada; Department of Systems Design Engineering, University of Waterloo, Waterloo, Ontario, Canada; Department of Systems Design Engineering, University of Waterloo, Waterloo, Ontario, Canada; Department of Systems Design Engineering, University of Waterloo, Waterloo, Ontario, Canada",2025 IEEE 25th International Conference on Nanotechnology (NANO),"12 Aug 2025","2025","","","124","127","Junction structures, formed at material interfaces, are essential in controlling charge carrier flow and optimizing device performance. They enhance electrical and optical properties and enable efficient signal collection. Herein, we have successfully designed and fabricated graphene/ Poly(3,4ethylenedioxythiophene) polystyrene sulfonate (PEDOT: PSS) composites-based metallic junction detectors, with the polyethylene terephthalate (PET) substrate improving adhesion and flexibility. Furthermore, final devices are characterized and evaluated under the blackbody source radiation. Finally, the performance of the detectors related to the number of junctions have been compared and evaluated. This research provides insights for future optoelectronic detection designs.","1944-9380","979-8-3315-1271-2","10.1109/NANO63165.2025.11113664","","https://ieeexplore.ieee.org/stamp/stamp.jsp?arnumber=11113664","Junction;Graphene composites;Optoelectronic detection","Performance evaluation;Polyethylene;Semiconductor counters;Optical device fabrication;Detectors;Optical detectors;Time factors;Junctions;Substrates;Nanotechnology","","","","4","IEEE","12 Aug 2025","13-16 July 2025","13-16 July 2025","IEEE","IEEE Conferences"
"RF to THz Frequency Conversion Using Nanoscale Plasmonic Crystals","M. Shur; G. Aizin","Rensselaer Polytechnic Institute, Troy, New York, USA; line Kingsborough College, The City University of New York, Brooklyn, New York",2025 IEEE 25th International Conference on Nanotechnology (NANO),"12 Aug 2025","2025","","","128","131","Resonant plasmonic crystals implemented using graphene, InGaAs, III-N, and p-diamond grating gate field effect transistor (FET) structures could operate even at room temperature. Recent experimental data and theoretical analysis showed that mode anticrossings in such structures lead to parabolic dispersion at the anticrossings point. We show that this enables a strong nonlinear parametric resonance that supports radio frequency (RF) to terahertz (THz) frequency conversion.","1944-9380","979-8-3315-1271-2","10.1109/NANO63165.2025.11113688","","https://ieeexplore.ieee.org/stamp/stamp.jsp?arnumber=11113688","plasmonic crystals;grating gate;RF to THz conversion;terahertz;parametric resonance","Radio frequency;Field effect transistors;Crystals;Logic gates;Plasmons;Frequency conversion;Resonance;Nanoscale devices;Gratings;Nanotechnology","","","","27","IEEE","12 Aug 2025","13-16 July 2025","13-16 July 2025","IEEE","IEEE Conferences"
"Detecting Triclosan in Environmental Waters Using Surface Enhanced Raman Spectroscopy (SERS)","A. Wu; A. McClelland; T. H. Zeng","Acton Boxborough Regional High School, Acton, MA, USA; The Center for Nanoscale Systems at Harvard University, Cambridge, MA, USA; InnoBridge Institute. One Broadway, Cambridge, MA, USA",2025 IEEE 25th International Conference on Nanotechnology (NANO),"12 Aug 2025","2025","","","132","135","Triclosan (TCS), 5-chloro-2-(2,4-dichlorophenoxy)-phenol is a Polychloro phenoxy phenol, an endocrine disruptor to many aquatic organisms. This compound has been found in rivers, streams, and wastewater samples around the world. Current detection methods for Triclosan are time consuming and insensitive which have inhibited the discovery of triclosan's true impact on the ecosystem. This paper explores using Surface Enhanced Raman Spectroscopy (SERS) as a new method for trace Triclosan detection. First, the ideal silver nanoparticle (Ag NP) size was determined to be 20 nm. Then 20 nm Ag NPs was mixed with varying concentrations of triclosan to construct two Concentration vs Intensity least squares regression at 1056 cm-1 and 1290 cm-1, These are two Raman peaks that identify the vibrations of two bonds in triclosan. This allows us to roughly estimate the concentration of triclosan in an unknown sample. SERS was shown to be an effective method for triclosan detection, taking less than 30 seconds to yield results.","1944-9380","979-8-3315-1271-2","10.1109/NANO63165.2025.11113702","","https://ieeexplore.ieee.org/stamp/stamp.jsp?arnumber=11113702","","Vibrations;Silver;Raman scattering;Ecosystems;Surface roughness;Organisms;Rough surfaces;Rivers;Wastewater;Nanotechnology","","","","18","IEEE","12 Aug 2025","13-16 July 2025","13-16 July 2025","IEEE","IEEE Conferences"
"Early Diagnosis of Pancreatic Cancer Using CA 19-9 and LRG-1 Proteins Through Surface Enhanced Raman Spectroscopy","T. Chan; A. McClelland; T. H. Zeng","San Marino High School, San Marino, CA, USA; Center for Nanoscale Systems at Harvard University, Cambridge, MA, USA; InnoBridge Institute, Cambridge, MA, USA",2025 IEEE 25th International Conference on Nanotechnology (NANO),"12 Aug 2025","2025","","","136","141","Pancreatic ductal adenocarcinoma (PDAC), or more commonly known as pancreatic cancer, is currently the $4^{\text {th }}$ leading cause of cancer deaths in the United States mainly due to late diagnosis. The most common methods of detection include CT abdomen, MRI abdomen, endoscopic ultrasound, and fine needle biopsy; however, these procedures have a very low success rate for detecting pancreatic cancer in its early stages. This research project demonstrates a new, reliable, and accurate diagnostic technique that involves utilizing nanotechnology for precision biosensing. Surface-Enhanced Raman Spectroscopy (SERS) is a nano sensing procedure that detects certain chemicals through a plasmonic effect from the surface interaction of molecules on metal nanoparticles. This research uses Carbohydrate antigen 19-9 (CA-19-9) and Leucine rich alpha 2 glycoprotein 1 (LRG-1) as pancreatic cancer biomarkers. This is because CA-19-9 is the only FDA-approved biomarker for pancreatic cancer, while other studies suggest LRG-1 has an Area Under the Curve (AUC) of 0.936, a value that is excellent for distinguishing between patients with PDAC and normal controls. A $\mathrm{p}$-value of $< {0.001}$ indicates that the AUC is highly statistically significant. For the highest possible optimization of SERS, CA-19-9 and LRG-1 concentrations are mixed with different sized silver nanoparticles to determine the nanoparticle size that best reacts with the protein solutions, including a concentration and synthetic blood demonstration to ensure experiments closely mimic real-life operations. This innovative application of SERS emphasizes a potentially highly accurate and non-invasive technique that can detect pancreatic cancer in its early stages.","1944-9380","979-8-3315-1271-2","10.1109/NANO63165.2025.11113733","","https://ieeexplore.ieee.org/stamp/stamp.jsp?arnumber=11113733","","Nanoparticles;Proteins;Silver;Accuracy;Raman scattering;Pancreatic cancer;Biomarkers;Sensors;Nanotechnology;Blood","","","","13","IEEE","12 Aug 2025","13-16 July 2025","13-16 July 2025","IEEE","IEEE Conferences"
"Trace Diclofenac Detection in Water Samples Using Surface-Enhanced Raman Spectroscopy (SERS)","J. Zhong; A. McClelland; T. H. Zeng","Stevenson School, Pebble Beach, CA, USA; Center for Nanoscale Systems at Harvard University, Cambridge, MA, USA; Innobridge Institute, Cambridge, MA, USA",2025 IEEE 25th International Conference on Nanotechnology (NANO),"12 Aug 2025","2025","","","142","145","Diclofenac (DCF), a commonly used antiinflammatory drug and a typical pharmaceutical and personal care product (PPCP), is frequently detected in freshwater and coastal water samples. Diclofenac in ecosystems adversely affects the health of living organisms, even in trace quantities. With current detection methods for DCF at trace levels often being inadequate in sensitivity and accessibility, advancement of PPCP research and effective environmental policymaking is limited. This project focused on developing a more sensitive and efficient method for trace DCF detection in water samples using surfaceenhanced Raman spectroscopy (SERS). By employing 20 nm silver nanoparticles (AgNPs), this SERS method successfully detected DCF concentrations as low as 6.25 ng/L within 10 seconds. This approach represents the potential of SERS in DCF and PPCP detection by offering a faster, more sensitive, and easily accessible solution for environmental monitoring and research.","1944-9380","979-8-3315-1271-2","10.1109/NANO63165.2025.11113795","Center for Nanoscale Systems at Harvard University; National Science Foundation(grant numbers:ECCS-2025158); ","https://ieeexplore.ieee.org/stamp/stamp.jsp?arnumber=11113795","","Nanoparticles;Silver;Sensitivity;Raman scattering;Sea measurements;Organisms;Reliability;Environmental monitoring;Freshwater;Nanotechnology","","","","13","IEEE","12 Aug 2025","13-16 July 2025","13-16 July 2025","IEEE","IEEE Conferences"
"Gold Nanoparticles for Microwave Hyperthermia: State of the Art and Preliminary Numerical Analysis","E. Orrù; M. B. Lodi; A. Rainer; A. Fanti","Department of Electrical and Electronic Engineering, University of Cagliari, Cagliari, Italy; Department of Electrical and Electronic Engineering, University of Cagliari, Cagliari, Italy; Department of Engineering, Università Campus Bio-Medico di Roma, Rome, Italy; Department of Electrical and Electronic Engineering, University of Cagliari, Cagliari, Italy",2025 IEEE 25th International Conference on Nanotechnology (NANO),"12 Aug 2025","2025","","","150","155","Microwave hyperthermia is an adjuvant oncologic thermal therapy that increases the effectiveness of radiotherapy and chemotherapy. Even though it is applied successfully to several tumors, the limited penetration depth for some neoplasms, such as liver cancers hamper its clinical use. Gold nanoparticles are useful and powerful tools in biomedical applications. So far, few studies dealt with a comprehensive and thorough study of using gold nanoparticles as hyperthermia agents for liver cancers. In this study, a critical analysis of the state of the art is performed to identify knowledge gaps and then a numerical framework for investigating the microwave propagation and the treatment planning is proposed. The findings suggest the possibility of transmitting significant levels of microwave power at 434 MHz and show that the fraction of gold nanoparticles in the tumor volume strongly affects the dielectric response and power deposition. From the numerical multiphysics simulations, assuming plane wave exposure, heating in the tumor can be increased due to the increased electrical conductivity of the gold nanoparticles, reaching an average value of 40. 5° C after 60 min of treatment.","1944-9380","979-8-3315-1271-2","10.1109/NANO63165.2025.11113785","","https://ieeexplore.ieee.org/stamp/stamp.jsp?arnumber=11113785","","Nanoparticles;Gold;Electromagnetic heating;Liver cancer;Radiation therapy;Planning;Hyperthermia;Tumors;Microwave propagation;Resistance heating","","","","23","IEEE","12 Aug 2025","13-16 July 2025","13-16 July 2025","IEEE","IEEE Conferences"
"Empirical Tight Binding Modeling of InAs/InAs1-xSbx Ternary-Based Strain-Balanced Superlattices","A. Dehzangi; J. Li","Department of Electrical and Computer Engineering, University of Texas at Dallas, Richardson, Texas, USA; Applied Optoelectronics Inc, Sugar Land, Texas, USA",2025 IEEE 25th International Conference on Nanotechnology (NANO),"12 Aug 2025","2025","","","156","161","We report quantum mechanical based band structure modeling of ternary- strain-balanced superlattice. A modified sp3s* empirical tight binding method along with virtual crystal approximation were used to model the ternary InAs/InAs1-xSbx strain-balanced superlattice and generate fitting parameters for the empirical tight-binding method. The simulation results show agreement with bandgaps extracted from experimental results for the ternary-based strain-balanced superlattices. Superlattice design and simulated band structure around the Γ-point was extracted to confirm the flexibility of material system and the efficiency of empirical tight binding method.","1944-9380","979-8-3315-1271-2","10.1109/NANO63165.2025.11113673","","https://ieeexplore.ieee.org/stamp/stamp.jsp?arnumber=11113673","Strained layer superlattice;Empirical tight binding method;virtual crystal approximation;atomic orbital;Hamiltonian","Band structures;Photonic band gap;Simulation;Atomic layer deposition;Fitting;Superlattices;Quantum mechanics;Crystals;Orbits;Nanotechnology","","","","33","IEEE","12 Aug 2025","13-16 July 2025","13-16 July 2025","IEEE","IEEE Conferences"
"Advanced Nanosensors for the Detection of Narcotics","T. Selvarathinam; J. W. Park; B. Kim","Grove School of Engineering, The City University of New York, New York, USA; Korea Research Institute of Ships and Ocean, Daejeon, Republic of Korea; Grove School of Engineering, The City University of New York, New York, USA",2025 IEEE 25th International Conference on Nanotechnology (NANO),"12 Aug 2025","2025","","","163","168","This paper explores the design and development of silicon nanowire (SiNW)-based nanosensors for sensitive and rapid narcotics detection. A SiNW-based nanosensor array was designed and fabricated using UV photolithography in combination with electron-beam thermal evaporation. The SiNW was synthesized through chemical vapor deposition. The SiNW was functionalized with (3-aminopropyl)triethoxysilane (APTES) via a self-assembly process to form a stable covalent Si-O-Si bond. Subsequently, an anti-THC antibody was conjugated to the APTES-functionalized SiNW through covalent interactions. The detection compound, cannabis (THC) extract, was isolated from marijuana flowers using photochemical analysis and used in interaction studies. The sensing performance of the SiNW-based nanosensor array was evaluated using current-voltage (I-V) analysis, measuring the electrical response to THC interactions. Furthermore, various spectroscopic and microscopic analyses assessed the functionalization and detection characteristics. The results demonstrated that the SiNW-based nanosensor array could effectively detect narcotics.","1944-9380","979-8-3315-1271-2","10.1109/NANO63165.2025.11113788","Ministry of Ocean and Fisheries, Korea(grant numbers:1525013872); ","https://ieeexplore.ieee.org/stamp/stamp.jsp?arnumber=11113788","","Temperature sensors;Self-assembly;Nanosensors;Shape;Current measurement;Antibodies;Silicon;Evaporation;Time factors;Sensor arrays","","","","16","IEEE","12 Aug 2025","13-16 July 2025","13-16 July 2025","IEEE","IEEE Conferences"
"Functionalizing Graphene Field-Effect Transistors for Sensor Applications","E. Addo-Mensah; A. P. John; H. Churchill; L. Pierce; U. Wejinya","Department of Materials Science and Engineering, University of Arkansas, Fayetteville; Department of Physics, University of Arkansas, Fayetteville; Department of Physics, University of Arkansas, Fayetteville; Department of Mechanical Engineering, University of Arkansas, Fayetteville; Department of Materials Science and Engineering, University of Arkansas, Fayetteville",2025 IEEE 25th International Conference on Nanotechnology (NANO),"12 Aug 2025","2025","","","169","172","Graphene's unique electrical properties make it a strong candidate for field-effect transistors (FETs) used in sensing applications. However, such as charge inhomogeneity and accidental doping can affect performance, especially in chemical vapor deposition (CVD) graphene. This work investigates how sodium octyl sulfate (SOS), a surfactant, functionalization impacts graphene-based FETs. After functionalization, a shift in the charge neutrality point (CNP) toward lower gates was observed, suggesting reduced doping effects. The narrowing of the resistivity peak indicated improved charge uniformity, while both hole and electron mobilities increased significantly, reaching $2934 \text{cm}^{2} / \text{Vs}$ and $3499 \text{cm}^{2} / \text{Vs}$, respectively. These improvements are likely due to the surfactant neutralizing charge puddles and removing residual contaminants. Our findings show that SOS functionalization enhances graphene's electronic properties, making it more effective for sensing applications.","1944-9380","979-8-3315-1271-2","10.1109/NANO63165.2025.11113694","","https://ieeexplore.ieee.org/stamp/stamp.jsp?arnumber=11113694","Field-effect transistor;functionalization;ambipolarity;homogeneity;charge neutrality point;CVD graphene","Graphene;Field effect transistors;Scattering;Doping;Electron mobility;Logic gates;Conductivity;Nonhomogeneous media;Sensors;Surfactants","","","","16","IEEE","12 Aug 2025","13-16 July 2025","13-16 July 2025","IEEE","IEEE Conferences"
"Nanoparticle-Enhanced Color Conversion Efficiency of Hybrid Materials for Ultrahigh-Resolution Micro-Led Displays","T. -Y. Yang; H. -S. Chiu; C. -Y. Tsai; C. -F. Lin","The Department of Electrical Engineering, Graduate Institute of Photonics and Optoelectronics, National Taiwan University, Taipei, Taiwan; The Department of Electrical, Graduate Institute of Photonics and Optoelectronics, Engineering National Taiwan University, Taipei, Taiwan; The Department of Electrical Engineering, Graduate Institute of Photonics and Optoelectronics, National Taiwan University, Taipei, Taiwan; The Department of Electrical Engineering, Graduate Institute of Photonics and Optoelectronics, National Taiwan University, Taipei, Taiwan",2025 IEEE 25th International Conference on Nanotechnology (NANO),"12 Aug 2025","2025","","","179","182","Micro-LEDs represent a crucial advancement in next-generation display technology. However, their development still faces challenges such as achieving high-quality mass transfer and addressing the instability of quantum dotbased color conversion materials in harsh environments. This study presents an innovative solution by developing a non-toxic, environmentally stable organic-inorganic hybrid material, combined with semiconductor-processing techniques to achieve high-performance color conversion, replacing conventional mass transfer processes. Furthermore, the Micro-LED array pixel size has been reduced from $4 \mu \mathrm{m}$ to $1.4 \mu \mathrm{m}$, with the color conversion layer thickness optimized to match the pixel size, minimizing color crosstalk. The incorporation of nanoparticles further enhances color conversion efficiency. As a result, we successfully fabricated ultra-high-resolution color conversion microarrays, achieving a monochrome resolution of 11,548 PPI and a full-color resolution of 5,774 PPI. The pixel size is as small as $1.4 \times 1.4 \mu \mathrm{m}$, with a conversion layer thickness of only $1.5 \mu \mathrm{m}$. The green and red conversion efficiencies reach 77.9 % and 63.3 %, respectively, while the overall color gamut coverage (DCI-P3 standard) is as high as 97.34 %. Compared to conventional mass transfer techniques, the proposed color conversion approach offers significantly lower production costs and higher manufacturing efficiency, providing a groundbreaking direction for the advancement of Micro-LED display technology.","1944-9380","979-8-3315-1271-2","10.1109/NANO63165.2025.11113701","","https://ieeexplore.ieee.org/stamp/stamp.jsp?arnumber=11113701","Color conversion array;Photolithography;MicroLED;Ultrahigh-resolution;Color crosstalk;Thin-film","Costs;Green products;Lithography;Crosstalk;Production;Color gamut;Indexes;Standards;Substrates;Hyperspectral imaging","","","","6","IEEE","12 Aug 2025","13-16 July 2025","13-16 July 2025","IEEE","IEEE Conferences"
"Single $\text{WS}_{2}$ Nanotube-Based Field Effect Transistor: Ambipolar Conduction and Self-Powered Photodetection","L. Viscardi; A. Pelella; F. Giubileo; L. Camilli; K. Intonti; M. Passacantando; Y. Guo; A. Zak; A. Di Bartolomeo","Department of Physics, University of Salerno, Fisciano, SA, Italy; Department of Physics, University of Roma Tor Vergata, Roma, Italy; CNR-SPIN, Fisciano, SA, Italy; Department of Physics, University of Roma Tor Vergata, Roma, Italy; Department of Physics, University of Salerno, Fisciano, SA, Italy; Department of Physical and Chemical Sciences, University of L'Aquila, Coppito, AQ, Italy; Beijing Institute of Technology, Haidian, Beijing, China; Faculty of Sciences, Holon Institute of Technology, Holon, Israel; Department of Physics, University of Salerno, Fisciano, SA, Italy",2025 IEEE 25th International Conference on Nanotechnology (NANO),"12 Aug 2025","2025","","","184","189","Semiconductive nanotubes offer the potential for miniaturized transistors with enhanced gate control through various configurations. In this work, we fabricated and electrically characterized a single $\text{W S}_{\text{2}}$ nanotube-based field-effect transistor under both dark and white light illumination at ambient pressure and temperature. At drain voltages higher than 1 V, the device exhibits ambipolar conduction, with a hole mobility of $0.2 ~\text{cm}^{2} ~\mathrm{V}^{-1} ~\mathrm{s}^{-1}$ and an electron mobility of $0.13 ~\text{cm}^{2} \mathrm{V}^{-1} ~\mathrm{s}^{-1}$ at $\mathrm{V}_{\text{ds}}=2 ~\mathrm{V}$. The gate modulation has been extensively investigated, applying gate voltages up to 100 V. Furthermore, the $\text{W S}_{\text{2}}$ nanotube-based device was evaluated as a photodetector, demonstrating light-induced modulation of the channel current via both gate and drain control. The single $\text{W S}_{\text{2}}$ nanotube-based transistor also operates in self-powered mode, achieving a short-circuit current of $\text{2. 6 ~ p A}$ and an open-circuit voltage of approximately 3 mV. The electrical properties of this device show potential for complementary metal-oxide semiconductor (CMOS) applications, and contribute to the development of optoelectronic devices, including self-powered photodetectors.","1944-9380","979-8-3315-1271-2","10.1109/NANO63165.2025.11113756","","https://ieeexplore.ieee.org/stamp/stamp.jsp?arnumber=11113756","nanotube;ambipolar conduction;photodetectors;self-powered;transistor","Electric potential;Short-circuit currents;Field effect transistors;Modulation;Lighting;Nanotubes;Logic gates;Electron mobility;Photodetectors;Nanoscale devices","","","","25","IEEE","12 Aug 2025","13-16 July 2025","13-16 July 2025","IEEE","IEEE Conferences"
"Design, Simulation, Fabrication, and Characterization of Low-Frequency CMARs Relying on Flexible and Bio-Compatible Electronics for Cis","Y. Yuan; J. Wang; J. T. W. Yeow","Department of Systems Design Engineering, University of Waterloo, Waterloo, Canada; Department of Systems Design Engineering, University of Waterloo, Waterloo, Canada; Department of Systems Design Engineering, University of Waterloo, Waterloo, Canada",2025 IEEE 25th International Conference on Nanotechnology (NANO),"12 Aug 2025","2025","","","196","200","The requirements for cochlear implants (CIs) vary over time and go beyond present device performance. In this work, capacitive micromachined acoustic receivers (CMARs) are adopted to promote low-frequency acoustic transducer development. Nowadays, half-implantable CIs are based on piezoelectric materials and face problems of large volume and low biocompatibility. CMARs can take advantage of electronic integration with bio-compatible materials to overcome obstructions, address issues of the self-heating effects, and fill narrow bandwidths from piezoelectric materials, which gives CMARs the potential to fulfill full-implantable CIs. CMARs are the improved product based on capacitive micromachined ultrasonic transducers (CMUTs). The commonplace micromachined materials for CMUTs limit the receivers' eigen frequencies of the first bulking mode shape in megahertz (MHz). Herein, flexible electronics with low Young's moduli, particularly, are regarded as film candidates for CMARs. Finite element modeling (FEM) is applied to demonstrate that CMARs with the polydimethylsiloxane (PDMS) film can achieve the human hearing range 12.44 kHz, which has been verified by characterization of fabricated CMARs, 13.11 kHz. These matched and profound results indicate that low-frequency CMARs may lead to the development of full-implantable CIs in medical and scientific research fields.","1944-9380","979-8-3315-1271-2","10.1109/NANO63165.2025.11113687","","https://ieeexplore.ieee.org/stamp/stamp.jsp?arnumber=11113687","CMAR;CMUT;cochlear implants;low frequency;MEMS;polymer;PDMS","Ultrasonic transducers;Cochlear implants;Piezoelectric materials;Simulation;Resonant frequency;Receivers;Biocompatibility;Frequency measurement;Finite element analysis;Polymers","","","","25","IEEE","12 Aug 2025","13-16 July 2025","13-16 July 2025","IEEE","IEEE Conferences"
"Domain Switching Dynamics in [001]- and [111]-Poled Rhombohedral PMN-PT Single Crystals Through X-Ray Photon Correlation Spectroscopy","J. -W. Sun; S. -G. Lee; W. Jo; X. Jiang; J. E. Ryu","Department of Materials Science and Engineering, Ulsan National Institute of Science and Technology, Republic of Korea; iBULe Photonics, Inc., Incheon, Republic of Korea; Department of Materials Science and Engineering, Ulsan National Institute of Science and Technology, Republic of Korea; Department of Mechanical and Aerospace Engineering, North Carolina State University, Raleigh, NC, USA; Department of Mechanical and Aerospace Engineering, North Carolina State University, Raleigh, NC, USA",2025 IEEE 25th International Conference on Nanotechnology (NANO),"12 Aug 2025","2025","","","201","206","Relaxor-$\text{PbTiO}_{3}$ single crystals are distinguished by remarkable electromechanical properties, making them valuable for applications in ultrasound transducers. Although many studies have explained the high performance of these materials, real-time observation of dynamics remains challenging. In this study, we investigate correlation dynamics in $\text{Pb}\left(\text{Mg}_{1 / 3} \text{Nb}_{2 / 3}\right) \mathrm{O}_{3}-\text{PbTiO}_{3}(\text{PMN}-\text{PT})$ rhombohedral single crystals using X-ray photon correlation spectroscopy (XPCS). Two crystal orientations, [111] and [001], are examined under bipolar electric field to understand their polarization switching behavior. The correlation decay patterns are analyzed using the Kohlrausch-Williams-Watts (KWW) model, providing quantitative insights into the rate of nucleation and growth. XPCS measurements reveal significantly shorter relaxation times in the [001]-poled sample compared to the [111]-poled counterpart. This enhanced dynamics in the [001]-poled specimen correlates with superior permittivity and piezoelectric coefficient ($d_{33}$), which indicates enhanced domain wall motion as interpreted through classical nucleation and growth mechanisms.","1944-9380","979-8-3315-1271-2","10.1109/NANO63165.2025.11113796","NSF(grant numbers:DMR\#2309184); Brookhaven National Laboratory(grant numbers:DESC0012704); Korea Research Institute; Defense Acquisition Program Administration(grant numbers:R230102); ","https://ieeexplore.ieee.org/stamp/stamp.jsp?arnumber=11113796","Piezoelectrics;Polarization switching;X-ray photon correlation spectroscopy;Nucleation and growth","Spectroscopy;Analytical models;Correlation;Ultrasonic imaging;Transducers;Dynamics;Crystals;Switches;Real-time systems;Photonics","","","","38","IEEE","12 Aug 2025","13-16 July 2025","13-16 July 2025","IEEE","IEEE Conferences"
"Design and Fabrication of AlN Bulk Acoustic Resonator for mm-Wave 5G RF Filter Applications","T. Yu; R. Liang; J. Xu","School of Integrated Circuits, Tsinghua University, Beijing, China; School of Integrated Circuits, Tsinghua University, Beijing, China; School of Integrated Circuits, Tsinghua University, Beijing, China",2025 IEEE 25th International Conference on Nanotechnology (NANO),"12 Aug 2025","2025","","","207","211","Millimeter-wave 5G RF filters are becoming increasingly crucial for future wireless communication applications. In this work, we present the design and fabrication of a bulk acoustic wave (BAW) resonator tailored for high-frequency applications. The resonator adopts a concise sandwich structure comprising a suspended bottom electrode, an aluminum nitride (AIN) piezoelectric layer, and a top electrode, enabling a straightforward fabrication process. We conducted detailed simulation analyses of the frequency characteristics of this structure with core area of $10 \mu \mathrm{m} \times 10 \mu \mathrm{m}$, considering factors such as the metal electrode materials and device dimensions. The results demonstrate the BAW resonator's efficient resonant characteristics at frequencies exceeding 30 GHz. Additionally, we constructed a mm-Wave 5 G RF filter with a center frequency of 40.5 GHz and a relative attenuation exceeding 16 dB with only two small resonators by combining the modified Butterworth-van Dyke (mBVD) model with RF circuit simulation tools. The core area of the filter is merely $425 \mu^{2}$. This can validate the feasibility of constructing a simple and high-performance mm-Wave 5G RF filter using the designed resonators and offer a new co-design strategy for SAW/BAW devices and filter circuits. Finally, we developed a simple and innovative planar process flow to fabricate the BAW resonator and characterized the fabricated devices. The core area measured only $18 \mu ~\mathrm{m} \times 18 \mu ~\mathrm{m}$.","1944-9380","979-8-3315-1271-2","10.1109/NANO63165.2025.11113761","","https://ieeexplore.ieee.org/stamp/stamp.jsp?arnumber=11113761","BAW;Millimeter-Wave;Acoustic Resonator;RF Filters;Piezoelectric devices;Electromechanical devices;FEM Simulation;RF Circuit Simulation","Radio frequency;Electrodes;Fabrication;Filters;5G mobile communication;Circuit simulation;Resonant frequency;Metals;III-V semiconductor materials;Aluminum nitride","","","","13","IEEE","12 Aug 2025","13-16 July 2025","13-16 July 2025","IEEE","IEEE Conferences"
"Switching Dynamics of Multidomain Ferroelectric Devices: Physical Modeling Approaches, Experimental Validation, and Design-Space Exploration","G. M. Samdani; A. Shukla; S. Rakheja","Electrical and Computer Engineering, University of Illinois Urbana-Champaign, Urbana, IL, USA; Electrical and Computer Engineering, University of Illinois Urbana-Champaign, Urbana, IL, USA; Electrical and Computer Engineering, University of Illinois Urbana-Champaign, Urbana, IL, USA",2025 IEEE 25th International Conference on Nanotechnology (NANO),"12 Aug 2025","2025","","","217","221","This paper presents a custom modeling framework for ferroelectric (FE) devices that can be embedded in a hierarchical circuit solver and is thus amenable to technology-device-circuit codesign. The nucleation-limited switching (NLS) model with an updated Merz law and incubation time models, accounting for accumulation of stimulation, is introduced to model the polarization switching for arbitrary input voltage pulses. The readout of the FE state is accomplished in a ferroelectric tunnel junction (FTJ) geometry in which the Poisson equation, charge balance equation, tunneling current and drift-diffusion current equations are solved self-consistently. The model is validated by comparing the model-generated output with the measurement data of fabricated FE capacitors and FTJs. The predictive power of the model is utilized to explore the impact of technology options on the FTJ device metrics, namely its on- and off-current and tunneling electroresistance. The model developed here can be readily used for a variety of FE-based devices, such as FTJs, FECAPs, FEFETs, and can enable timing-accurate and technology-sensitive circuit design of heterogeneous computational substrates.","1944-9380","979-8-3315-1271-2","10.1109/NANO63165.2025.11113690","","https://ieeexplore.ieee.org/stamp/stamp.jsp?arnumber=11113690","Ferroelectric modeling;Nucleation-limited switching;Merz law;tunneling current;SPICE-compatible","Semiconductor device modeling;Sensitivity;Computational modeling;Switches;Tunneling;Iron;Mathematical models;Data models;Semiconductor process modeling;Integrated circuit modeling","","","","9","IEEE","12 Aug 2025","13-16 July 2025","13-16 July 2025","IEEE","IEEE Conferences"
"Machine Learning Assisted Compact Modeling of Dynamic Switching and Transient Response in Ferroelectric Capacitor","J. Sonawane; J. Sharda; C. Park; O. Phadke; A. I. Khan; S. Yu","School of Electrical and Computer Engineering, Georgia Institute of Technology, U.S.A; School of Electrical and Computer Engineering, Georgia Institute of Technology, U.S.A; School of Electrical and Computer Engineering, Georgia Institute of Technology, U.S.A; School of Electrical and Computer Engineering, Georgia Institute of Technology, U.S.A; School of Electrical and Computer Engineering, Georgia Institute of Technology, U.S.A; School of Electrical and Computer Engineering, Georgia Institute of Technology, U.S.A",2025 IEEE 25th International Conference on Nanotechnology (NANO),"12 Aug 2025","2025","","","222","226","This work introduces a machine learning-assisted compact model of a ferroelectric capacitor (FeCap), leveraging a time-dependent recurrent neural network (RNN)-based methodology. This RNN-based compact model captures the dynamic switching and transient response of FeCap. The switching behavior of a metal-ferroelectric-metal (MFM) capacitor is validated experimentally for varying voltage ramp rates and amplitudes. A Verilog-A simulation workflow is implemented to demonstrate the compatibility of this model with SPICE circuit simulators. This simulation workflow is applied to a metal-ferroelectric-insulator-semiconductor (MFIS) capacitor in ferroelectric field-effect-transistor (FeFET) technology in a 28 nm foundry platform, highlighting the versatility of the RNN-based model.","1944-9380","979-8-3315-1271-2","10.1109/NANO63165.2025.11113805","","https://ieeexplore.ieee.org/stamp/stamp.jsp?arnumber=11113805","Machine Learning;Recurrent Neural Network;Ferroelectric Capacitors;Verilog-A;Compact Modeling","Transient response;Analytical models;Recurrent neural networks;Capacitors;Switches;Machine learning;Voltage;Calibration;Integrated circuit modeling;Hardware design languages","","","","24","IEEE","12 Aug 2025","13-16 July 2025","13-16 July 2025","IEEE","IEEE Conferences"
"Nanoscale Ferroelectrics in High-Frequency Devices: ab Initio Modeling and Multiscale Approach","L. Pierantoni; E. Pavoni; E. Laudadio; E. Mohebbi; H. J. Christopher; M. Aldrigo; P. Stipa; D. Mencarelli","Department of Information Engineering, Università Politecnica delle Marche, Ancona, Italy; Department of Matter, Environmental Science, and Urban Planning, Università Politecnica delle Marche, Ancona, Italy; Department of Matter, Environmental Science, and Urban Planning, Università Politecnica delle Marche, Ancona, Italy; Department of Matter, Environmental Science, and Urban Planning, Università Politecnica delle Marche, Ancona, Italy; Martino Aldrigo and Hardly Joseph Christopher are with the National Institute for Research and Development in Microtechnologies, IMT-Bucharest, Voluntari (Ilfov), Romania; Martino Aldrigo and Hardly Joseph Christopher are with the National Institute for Research and Development in Microtechnologies, IMT-Bucharest, Voluntari (Ilfov), Romania; Department of Matter, Environmental Science, and Urban Planning, Università Politecnica delle Marche, Ancona, Italy; Department of Information Engineering, Università Politecnica delle Marche, Ancona, Italy",2025 IEEE 25th International Conference on Nanotechnology (NANO),"12 Aug 2025","2025","","","227","231","In this paper, we investigate novel multi-physics simulations in both time and frequency domains to enable predictive modeling of nanoscale ferroelectric devices for highfrequency applications. Our approach addresses polarization dynamics in sub- 10 nm hafnium-based ferroelectric films in the GHz range. We examine the ferroelectric material response up to 40 GHz under 30 dBm input power and assess conductor losses, including skin depth limitations and charge redistribution near the ferroelectric interface. The Density Functional Theory (DFT) approach has been used to gain insights into the interface phenomena of MIM diodes, demonstrating how advanced computational tools can predict the performance of nanoscale devices and guide fabrication choices. In particular, two different MIM diodes based on the orthorhombic Pca21 phases of HfO2 were examined. Since it is well known that o-HfO2 exhibits intrinsic ferroelectric behavior, the MIM diodes were built to have spontaneous polarization toward the drain or the source electrode.","1944-9380","979-8-3315-1271-2","10.1109/NANO63165.2025.11113827","","https://ieeexplore.ieee.org/stamp/stamp.jsp?arnumber=11113827","Ferroelectric;HfO2;Numerical modeling;DFT;MIM diode","Performance evaluation;Multiphysics;Interface phenomena;Discrete Fourier transforms;Predictive models;Hafnium oxide;Nanoscale devices;Skin;Numerical models;Nanotechnology","","","","8","IEEE","12 Aug 2025","13-16 July 2025","13-16 July 2025","IEEE","IEEE Conferences"
"Silicon Nanoneedles for Long-Term, Sustained Antibody Treatment of Ocular Angiogenesis","M. Zheng; V. P. Nguyen; C. H. Lee; Y. M. Paulus","Department of Ophthalmology, Wilmer Eye Institute, Johns Hopkins University, Fuzhou, China; Department of Ophthalmology, Wilmer Eye Institute, Johns Hopkins University, Fuzhou, China; Weldon School of Biomedical Engineering and Mechanical Engineering, Materials Engineering, Electrical and Computer Engineering, Purdue University, West Lafayette, IN, USA; Department of Ophthalmology, Wilmer Eye Institute, Johns Hopkins University, Fuzhou, China",2025 IEEE 25th International Conference on Nanotechnology (NANO),"12 Aug 2025","2025","","","240","244","Ocular angiogenesis, the process of neovascularization in the eye, can occur in various parts of the eye and lead to severe visual impairment. While anti-vascular endothelial growth factor (VEGF) antibody agents remain the primary treatment for this condition, their clinical efficacy is compromised by the requirement for repeated intravitreal injections - an invasive procedure associated with cumulative risks of ocular complications and patient non-compliance. This manuscript reviews the emerging utilization of silicon nanoneedles (Si NNs) as a novel drug delivery platform to address these critical challenges. We discuss the unique characteristics of Si NNs that render them suitable for ocular anti-VEGF therapy and summarize the current applications of this approach in ocular anti-VEGF treatment across diverse ocular disease models. The controlled, long-term, and sustained drug release, in conjunction with the minimal invasiveness, renders Si NNs a promising technique for ocular anti-VEGF treatment.","1944-9380","979-8-3315-1271-2","10.1109/NANO63165.2025.11113781","","https://ieeexplore.ieee.org/stamp/stamp.jsp?arnumber=11113781","Silicon Nanoneedles;anti-VEGF treatment;vascular endothelial growth factor;ocular angiogenesis;ocular neovascularization;corneal neovascularization;retinal neovascularization","Drugs;Reviews;Visual impairment;Medical treatment;Antibodies;Retina;Silicon;Drug delivery;Nanotechnology;Diseases","","","","27","IEEE","12 Aug 2025","13-16 July 2025","13-16 July 2025","IEEE","IEEE Conferences"
"Gate-Tunable Photoresponse in $\text{SnSe}_{2}$ Field Effect Transistors","A. Di Bartolomeo; S. De Stefano; O. Durante; A. Sessa; A. Dinescu; C. Parvulescu; M. Aldrigo; C. -N. Kuo; C. S. Lue; T. Dadiani; G. D'Olimpio; E. Faella; M. Passacantando; A. Politano","Department of Physics “E. R. Caianiello”, University of Salerno, Fisciano, SA, Italy; Department of Physics “E. R. Caianiello”, University of Salerno, Fisciano, SA, Italy; Department of Physics “E. R. Caianiello”, University of Salerno, Fisciano, SA, Italy; Department of Physics “E. R. Caianiello”, University of Salerno, Fisciano, SA, Italy; National Institute for Research and Development in Microtechnologies, Voluntari, Ilfov, Romania; National Institute for Research and Development in Microtechnologies, Voluntari, Ilfov, Romania; National Institute for Research and Development in Microtechnologies, Voluntari, Ilfov, Romania; Department of Physics, National Cheng Kung University, Tainan, Taiwan; Department of Physics, National Cheng Kung University, Tainan, Taiwan; Department of Physical and Chemical Sciences, University of L'quila, L'Aquila, Italy; Department of Physical and Chemical Sciences, University of L'quila, L'Aquila, Italy; Department of Physical and Chemical Sciences, University of L'quila, L'Aquila, Italy; U Department of Physical and Chemical Sciences, University of L'Aquila, L'Aquila, Italy; Department of Physical and Chemical Sciences, University of L'quila, L'Aquila, Italy",2025 IEEE 25th International Conference on Nanotechnology (NANO),"12 Aug 2025","2025","","","248","253","$\text{SnSe}_{2}$-based devices have emerged as promising candidates for photodetection applications due to their unique optoelectronic properties. As a member of the IVA-VIA group, $\text{SnSe}_{2}$ offers a combination of direct, indirect and forbidden transitions on its optical absorption edge, making it ideal for optoelectronic applications. In this study, $\text{SnSe}_{2}$ exhibits excellent conductivity, reaching a maximum current of $8.83 \mu \mathrm{A}$ at 100 mV, and a field-effect mobility $\sim 4 \text{cm}^{2} \mathrm{V}^{-1} \mathrm{s}^{-1}$ at room temperature and pressure. Photoresponse analysis revealed a significant increase in drain current during illumination with a white laser, along with persistent photoconductivity. The photocurrent was found to be strongly dependent on the gate voltage, with more pronounced effects observed at negative gate. Analysis of the characteristic times during the excitation and relaxation phases identified two distinct mechanisms: faster indirect band-to-band transitions and slower photoexcitation from intrinsic and extrinsic trap states due to adsorbates or interfacial defects. Times of approximately 1 second, independent of gate voltage, were observed for faster transitions. These results highlight $\text{SnSe}_{2}$ 's potential for advanced optoelectronic applications, demonstrating its distinct photo-response behavior and sensitivity to gate voltage modulation.","1944-9380","979-8-3315-1271-2","10.1109/NANO63165.2025.11113713","","https://ieeexplore.ieee.org/stamp/stamp.jsp?arnumber=11113713","Two dimensional materials;$\text{SnSe}_{2}$;photoresponse","Electric potential;Temperature;Sensitivity;Lighting;Voltage;Logic gates;Photoconductivity;Optical sensors;Laser transitions;Nanostructured materials","","","","27","IEEE","12 Aug 2025","13-16 July 2025","13-16 July 2025","IEEE","IEEE Conferences"
"Two-Dimensional MoS2 Logic Inverter","A. Mazzotti; K. Intonti; L. Viscardi; O. Durante; A. Spuri; A. Di Bernardo; A. Di Bartolomeo","Department of Physics, “E. R. Caianiello”, University of Salerno, Salerno, Italy; Department of Physics, “E. R. Caianiello”, University of Salerno, Salerno, Italy; Department of Physics, “E. R. Caianiello”, University of Salerno, Salerno, Italy; Department of Physics, “E. R. Caianiello”, University of Salerno, Salerno, Italy; Department of Physics, University of Konstanz, Konstanz, Germany; Department of Physics, “E. R. Caianiello”, University of Salerno, Salerno, Italy; Department of Physics, “E. R. Caianiello”, University of Salerno, Salerno, Italy",2025 IEEE 25th International Conference on Nanotechnology (NANO),"12 Aug 2025","2025","","","255","260","Inverters are crucial in digital electronics as building blocks of logic circuits. The overall functionality of integrated circuits strongly depends on the performance of their components, whose continuous improvement is a key area of research. However, conventional inverter circuits, typically based on bulk semiconductors, face several limitations, including limited scalability, increasing power consumption, and significant transit time. Two-dimensional (2D) materials with unique electrical properties offer a potential solution to overcome these constraints. In this work, we fabricate and investigate the electrical properties of a resistive load inverter entirely based on molybdenum disulfide (MoS2). A thinner MoS2 flake is used as the channel of the inverter's driver transistor, exhibiting an n-type behaviour with a high ION/IOFF ratio of 107 and mobilities up to $19 \text{cm}^{2} \mathrm{V}^{-1} \mathrm{s}^{-1}$ for $V_{\text{ds}}=1 \mathrm{V}$. The resistive load of the circuit consists of a thicker flake, which demonstrates lower gate tunability and higher conductivity. Specifically, it shows an ION/IOFF ratio smaller than 103 and mobility as high as $34 \text{cm}^{2} \mathrm{V}^{-1} \mathrm{s}^{-1}$ for $\mathrm{V}_{\text{ds}}=1 \mathrm{V}$. The inverter presents a maximum output voltage $\mathbf{V}_{\max}=1 \mathrm{V}$ and a minimum output voltage $\mathbf{V}_{\min}=0.65 \mathrm{V}$. It is also characterized by large noise margins, $\text{NM}_{\mathrm{L}}=0.94 \mathrm{V}$ and $\text{NM}_{\mathrm{H}}=0.65 \mathrm{V}$. Moreover, a possible strategy to enhance the inverter efficiency is discussed by analyzing different load resistances. This work highlights MoS2-based inverters as a promising step toward low-power and scalable nanoelectronics.","1944-9380","979-8-3315-1271-2","10.1109/NANO63165.2025.11113683","University of Salerno(grant numbers:ORSA243813); ","https://ieeexplore.ieee.org/stamp/stamp.jsp?arnumber=11113683","Two-dimensional Materials;MoS2;Inverter;Digital Electronics;Low Power Consumption","Performance evaluation;Semiconductor device measurement;Voltage measurement;Power demand;Noise;Logic gates;Conductivity;Inverters;Sulfur;Molybdenum","","","","25","IEEE","12 Aug 2025","13-16 July 2025","13-16 July 2025","IEEE","IEEE Conferences"
"Advanced Interconnect Technologies for SRAM Design: Evaluating Energy Efficiency and Performance at the 7nm CMOS Technology Node","M. N. H. Shazon; G. B. Shaik; S. J. Ram; P. Kumar; D. Jang; A. Naeemi","School of Electrical and Computer Engineering, Georgia Institute of Technology, Atlanta, GA, USA; School of Electrical and Computer Engineering, Georgia Institute of Technology, Atlanta, GA, USA; School of Electrical and Computer Engineering, Georgia Institute of Technology, Atlanta, GA, USA; School of Electrical and Computer Engineering, Georgia Institute of Technology, Atlanta, GA, USA; School of Electrical and Computer Engineering, Georgia Institute of Technology, Atlanta, GA, USA; School of Electrical and Computer Engineering, Georgia Institute of Technology, Atlanta, GA, USA",2025 IEEE 25th International Conference on Nanotechnology (NANO),"12 Aug 2025","2025","","","262","267","This work introduces a comprehensive design framework for SRAM systems at the 7nm node, integrating advanced nanoscale interconnect options to enhance performance and energy efficiency. The SRAM system design framework supports scalable memory configurations through a streamlined workflow that includes RTL design, synthesis, floor planning, place-and-route, and clock tree synthesis. We conduct a detailed comparison of interconnect technologies-Copper BKM (industry best-known method), CuThin, Improved Via, and Ruthenium-revealing significant performance differences. Ruthenium-based interconnects demonstrate superior energy efficiency, reducing energy-delay product (EDP) and leakage power significantly while maintaining a compact area. Specifically, for 1MB SRAM, Ruthenium interconnects achieve a 33.4% EDP reduction and a 20.4%increase in effective frequency compared to CuBKM. It is also noticed that only improving the via resistances can reduce the EDP by 16.6% from CuBKM. These results highlight the potential of Ruthenium and Improved Via as promising interconnect solutions for high-performance, energy-efficient SRAM design in advanced technology nodes.","1944-9380","979-8-3315-1271-2","10.1109/NANO63165.2025.11113711","","https://ieeexplore.ieee.org/stamp/stamp.jsp?arnumber=11113711","Interconnects;Back-end-of-line (BEOL);SRAM;Ruthenium;place and route (PnR);power;performance;area (PPA)","Energy consumption;Ruthenium;Random access memory;Performance gain;Energy efficiency;Nanoscale devices;Planning;Wire;System analysis and design;Nanotechnology","","","","20","IEEE","12 Aug 2025","13-16 July 2025","13-16 July 2025","IEEE","IEEE Conferences"
"Design of Static Single-Phase Flip-Flops for Energy-Efficient Near-Threshold Voltage Operation","S. H. Bappy; P. Zhao; J. Han","Department of Electrical and Computer Engineering, University of Alberta, Edmonton, AB, Canada; Fowler School of Engineering, Chapman University, Orange, CA, USA; Department of Electrical and Computer Engineering, University of Alberta, Edmonton, AB, Canada",2025 IEEE 25th International Conference on Nanotechnology (NANO),"12 Aug 2025","2025","","","268","273","Flip-flops (FFs) and clock distribution networks, two core parts of the clocking system, are becoming increasingly important in chip design. They consume 60% of the overall dynamic power because of the constant clock transition and a large number of clock transistors in each FF. FFs and latches dissipate 50% of the overall dynamic power. They also have a significant impact on the performance, robustness, and size of the circuit in the near-threshold voltage (NTV) region. Thus, static and energy-efficient FFs are required in sequential circuits for NTV operation. In this paper, we propose two static contention-free single-phase negative edge-triggered flip-flops: a Low Transistor Count FF (LTCFF) and an Ultra-Low Power FF (ULPFF). Both designs reduce the number of clock transistors to just four. In the LTCFF, the transistor count is reduced to 16 by using a merging and sharing approach, while the static behavior of the FF is kept. The ULPFF, consisting of only 22 transistors, is extended from the LTCFF by eliminating redundant internal transitions to ensure ultra-low power operation. Designed in a 65-nm technology using Cadence Virtuoso, the proposed LTCFF and ULPFF achieve a reduction of 68.77% (or 67.05%) and 74.22% (or 70.58%) in the power-delay product (PDP), compared to the widely used transmission gate flip-flop (TGFF) at a supply voltage of 1 V and 1 GHz clock frequency (or 0.4 V and 25 MHz) with 10% data activity. These designs are simulated with different voltages from 0.4 V to 1 V and process corners to ensure good performance in near-threshold operation and that there are no floating nodes for any input combination.","1944-9380","979-8-3315-1271-2","10.1109/NANO63165.2025.11113519","","https://ieeexplore.ieee.org/stamp/stamp.jsp?arnumber=11113519","flip-flop;Static flip-flop;Contention-free","Merging;Low power electronics;Voltage;Reliability engineering;Energy efficiency;Robustness;Sequential circuits;Transistors;Clocks;Flip-flops","","","","13","IEEE","12 Aug 2025","13-16 July 2025","13-16 July 2025","IEEE","IEEE Conferences"
"Influence of Green (TEP) Solvent on Performance of Lithium-Ion Batteries Enhanced with Novel VT475 Copolymer","H. H. Nguyen; S. A. Rajapaksha; H. R. M. Khalifeh; E. Hannila; U. Lassi; T. Fabritius; R. Sliz","Optoelectronics and Measurement Techniques Research Unit, University of Oulu, Oulu, Finland; Optoelectronics and Measurement Techniques Research Unit, University of Oulu, Oulu, Finland; Sustainable Chemistry Research Unit, University of Oulu, Oulu, Finland; Optoelectronics and Measurement Techniques Research Unit, University of Oulu, Oulu, Finland; Sustainable Chemistry Research Unit, University of Oulu, Oulu, Finland; Optoelectronics and Measurement Techniques Research Unit, University of Oulu, Oulu, Finland; Optoelectronics and Measurement Techniques Research Unit, University of Oulu, Oulu, Finland",2025 IEEE 25th International Conference on Nanotechnology (NANO),"12 Aug 2025","2025","","","275","280","The growing demand for sustainable energy storage solutions has led to an urgent need for greener manufacturing processes in lithium-ion battery (LIB) production. One of the primary environmental concerns in LIB fabrication is the use of toxic and hazardous solvents and binders in the cathode preparation process. Current cathode formulations rely heavily on N-methyl-2-pyrrolidone (NMP) as a solvent and polyvinylidene fluoride (PVDF) as a binder, both of which pose environmental and health risks. In this study, environmentally friendly solvent and various ratio binder combinations are explored, specifically Triethyl Phosphate (TEP) solvent paired with a copolymer of VT475 and PVDF at varying compositions. Blade-coated TEP, copolymer-based NMC811 cathodes were examined and compared to NMP-based ones as references. The surface morphological properties of the cathodes were analyzed using a Scanning Electron Microscope (SEM). The electrochemical performance of these green alternatives, in comparison to conventional NMP+PVDF formulations, was evaluated through a Life Cycle Test at varied C-rate charge-discharge. The results show that the TEP and copolymer-based NMC811 cathode exhibits more consistent performance compared to NMP-based ones. The TEP-based battery with 50% VT475-50% PVDF copolymer has comparable performance to the highest-performing NMP-based one in Life Cycle Testing. Additionally, TEP-based batteries with 0% VT475-100% PVDF show significantly improved performance at 5C. The findings of this research provide insight into the feasibility of greener solvent systems for LIB cathodes while maintaining or improving electrochemical performance.","1944-9380","979-8-3315-1271-2","10.1109/NANO63165.2025.11113745","","https://ieeexplore.ieee.org/stamp/stamp.jsp?arnumber=11113745","TEP;Copolymer;VT475;PVDF;NMC811","Lithium-ion batteries;Solvents;Scanning electron microscopy;Manufacturing processes;Green products;Surface morphology;Production;Nanotechnology;Cathodes;Testing","","","","30","IEEE","12 Aug 2025","13-16 July 2025","13-16 July 2025","IEEE","IEEE Conferences"
"AI–Powered Nanosensing of Lactate in Dairy Cows","M. A. Kachouei; S. Chick; M. A. Ali","Virginia Tech, School of Animal Sciences, Blacksburg, United States; Virginia Tech, School of Animal Sciences, Blacksburg, United States; Virginia Tech, School of Animal Sciences, Blacksburg, United States",2025 IEEE 25th International Conference on Nanotechnology (NANO),"12 Aug 2025","2025","","","292","295","Early detection of metabolic diseases, including lactic acidosis, is crucial for effective livestock health management. This study presents the development of a nanosensor platform using graphene nanosheets and lactate oxidase (LOx) enzyme to detect lactate and hydrogen peroxide ($\mathrm{H}_{2} \mathrm{O}_{2}$) concentrations within a minute. Machine learning (ML) techniques, including polynomial regression and random forest (RF) regression, were used to optimize sensor calibration. Polynomial regression (degrees 3 and 4) achieved perfect accuracy ($r^{2}=1.00$), while RF regression demonstrated strong predictive performance ($r^{2}=0.857$). These results underscore the lactate sensor's potential for precise, reliable detection in complex biological fluids, providing an advantage over traditional methods in dairy cattle health monitoring.","1944-9380","979-8-3315-1271-2","10.1109/NANO63165.2025.11113714","","https://ieeexplore.ieee.org/stamp/stamp.jsp?arnumber=11113714","","Radio frequency;Electric potential;Accuracy;Fluids;Hydrogen;Polynomials;Livestock;Nanobioscience;Random forests;Monitoring","","1","","8","IEEE","12 Aug 2025","13-16 July 2025","13-16 July 2025","IEEE","IEEE Conferences"
"Chemical Change-Point Detection on a Silver Nanoplate Substrate","A. F. Lodeiro; M. Stavrou; M. Constantinou; A. Michanikou; A. Anastasiou; C. Andreou","University of Cyprus, Nicosia, Cyprus; University of Cyprus, Nicosia, Cyprus; University of Cyprus, Nicosia, Cyprus; University of Cyprus, Nicosia, Cyprus; University of Cyprus, Nicosia, Cyprus; University of Cyprus, Nicosia, Cyprus",2025 IEEE 25th International Conference on Nanotechnology (NANO),"12 Aug 2025","2025","","","296","299","Surface enhanced Raman spectroscopy (SERS) has been established as a versatile molecular detection method, with unparalleled sensitivity and fingerprint like specificity. Metallic nanostructures play a crucial role in this technique, as they provide the necessary plasmonic enhancement to the Raman signal; however, these nanosensors are hard to reuse or regenerate. This limitation restricts the technique to single-use applications and does not allow for continuous monitoring of processes that vary over time. Here, we explore an alternative approach; we obtain a time series of spectra cumulatively over time from the same SERS substrate, and try to uncover chemical changes using statistical analysis. We tested our approach by analyzing the spectral time series using a controlled solution of a sample analyte. Silver nanoplates were grown on a flat substrate and placed in a microfluidic device. The substrate was exposed to continuous flow with varying analyte concentration, and with SERS spectra acquired every 2 seconds. The time series was analyzed using change-point detection, namely with the Isolate-Detect methodology, to identify the timepoints of the chemical changes in the solution.","1944-9380","979-8-3315-1271-2","10.1109/NANO63165.2025.11113766","European Union's Horizon 2020; Marie Skłodowska-Curie(grant numbers:101034403); ","https://ieeexplore.ieee.org/stamp/stamp.jsp?arnumber=11113766","SERS;time series;change-point detection;chemical monitoring","Silver;Sensitivity;Statistical analysis;Time series analysis;Raman scattering;Plasmons;Nanobioscience;Substrates;Chemicals;Monitoring","","","","14","IEEE","12 Aug 2025","13-16 July 2025","13-16 July 2025","IEEE","IEEE Conferences"
"MoS2 Modified Au-Locked Nucleic Acid (LNA) Nanocomposites for Enhanced Multi-Detection of miRNAs for Surface-Enhanced Raman Spectroscopy (SERS) Biosensing","F. M. Zablon; S. Nalawade; T. Ignatova; K. Dellinger; S. Aravamudhan","Department of Nanoengineering, Joint School of Nanoscience and Nanoengineering, North Carolina A&T State University, Greensboro, NC, USA; Department of Nanoengineering, Joint School of Nanoscience and Nanoengineering, North Carolina A&T State University, Greensboro, NC, USA; Department of Nanoscience, Joint School of Nanoscience and Nanoengineering, University of North Carolina, Greensboro, Greensboro, NC, USA; Department of Nanoengineering, Joint School of Nanoscience and Nanoengineering, North Carolina A&T State University, Greensboro, NC, USA; Department of Nanoengineering, Joint School of Nanoscience and Nanoengineering, North Carolina A&T State University, Greensboro, NC, USA",2025 IEEE 25th International Conference on Nanotechnology (NANO),"12 Aug 2025","2025","","","300","305","Surface-enhanced Raman spectroscopy (SERS) is a powerful analytical technique for ultrasensitive detection of biological markers. Relying on the amplification of an analyte adsorbed on a noble metal surface for sensitive detection of molecules, in this study, we develop and report a novel indirect SERS biosensor combining the chemical synergies and enhancement properties of molybdenum disulfide (MoS2), plasmonic capabilities of AuNPs, the oligo-specific hybridization chemistry of locked nucleic acids (LNAs), resulting in a MoS2@Au-LNA nanocomposite optimized for multiplex detection of miR-210-3p and miR-9-3p. MoS2 nanosheets, exfoliated via liquid-phase sonication, are functionalized with the in-situ synthesis of gold nanoparticles (AuNPs) through chemical reduction, forming an MoS2@Au composite which is exploited for detecting a wide range of miRNA from 9 nM to $\text{4 5 ~ n M}$. We discovered the nanocomposite's maximum functionalization limit below 45 nM. The nanocomposite exhibited strong SERS activity, amplifying the Raman signal of Cy3, Cy5.5, labeled LNA-miRNA nanohybrids to a LOD of 0.3 nM. This sensor exhibits significant next-generation biosensing capabilities.","1944-9380","979-8-3315-1271-2","10.1109/NANO63165.2025.11113752","National Science Foundation(grant numbers:ECCS-2025462); ","https://ieeexplore.ieee.org/stamp/stamp.jsp?arnumber=11113752","SERS;LNAs;Cy3;Cy5.5;nanocomposite","Multiplexing;Nanoparticles;Nanocomposites;Raman scattering;Nucleic acids;Nanobioscience;Sulfur;Biosensors;Molybdenum;Surface treatment","","","","21","IEEE","12 Aug 2025","13-16 July 2025","13-16 July 2025","IEEE","IEEE Conferences"
"Graphene Nanoplatelets Packaging Films as Distributed Temperature Sensors","F. Siconolfi; G. Cavaliere; S. Sibilia; G. Giovinco; A. Maffucci","University of Cassino and Southern Lazio, Cassino (FR), Italy; University of Salerno, Fisciano (SA), Italy; University of Cassino and Southern Lazio, Cassino (FR), Italy; University of Cassino and Southern Lazio, Cassino (FR), Italy; University of Cassino and Southern Lazio, Cassino (FR), Italy",2025 IEEE 25th International Conference on Nanotechnology (NANO),"12 Aug 2025","2025","","","306","310","This paper studies industrial-grade graphene nanoplatelets films proposed as novel packaging materials. Here the possible use of such films as distributed sensing elements is investigated, by exploiting the sensitivity of their electrical resistivity to temperature variations. Commercial films made by a high percentage of graphene nanoplatelets are characterized in terms of electrical resistance, in a significant range of temperature values. A model relating the electrical resistance to the temperature is proposed and experimentally validated, and the sensing performance are assessed in a wide temperature range.","1944-9380","979-8-3315-1271-2","10.1109/NANO63165.2025.11113791","EU in NextGenerationEU(grant numbers:CUP H53D23000520006); MUR(grant numbers:20232025); ","https://ieeexplore.ieee.org/stamp/stamp.jsp?arnumber=11113791","graphene nanoplatelets;humidity sensors;multifunctional packaging;temperature sensors","Temperature sensors;Resistance;Temperature measurement;Temperature distribution;Accuracy;Films;Graphene;Humidity;Packaging;Sensors","","","","15","IEEE","12 Aug 2025","13-16 July 2025","13-16 July 2025","IEEE","IEEE Conferences"
"Energy-Efficient MAC Operation Using Double Data Rate SOT-Based Magnetic RAM","A. Sehgal; S. Soni; A. K. Shukla; S. Roy","Indian Institute of Technology Roorkee, Uttarakhand, India; Indian Institute of Technology Roorkee, Uttarakhand, India; Indian Institute of Technology Roorkee, Uttarakhand, India; Indian Institute of Technology Roorkee, Uttarakhand, India",2025 IEEE 25th International Conference on Nanotechnology (NANO),"12 Aug 2025","2025","","","318","323","In a von Neumann architecture, the processor and memory share the same bus for data transfer, which causes a significant performance bottleneck when accessing memory. In-memory computing overcomes this limitation but still faces challenges, particularly the large latency in performing computations within memory. To address this issue, a double data rate (DDR) architecture that leverages spin-orbit torque technology (SOT) has been integrated into the memory design, enabling simultaneous write and read operations at both clock levels. SOT-magnetic random-access memory (MRAM) based DDR technology presents a promising approach for developing high-density and low power consumption in non-volatile memory, making it a more efficient memory solution. Furthermore, the presented DDR-SOT-based MRAM has been used to design the multiply and accumulate computation (MAC). The performance metrics in terms of latency and power dissipation are also calculated. The proposed circuit consumes $7.9 \mu \mathrm{W}$ of power with a latency of 90 ps, making it a suitable candidate for enhancing the performance of neural network applications.","1944-9380","979-8-3315-1271-2","10.1109/NANO63165.2025.11113782","","https://ieeexplore.ieee.org/stamp/stamp.jsp?arnumber=11113782","Double data rate;magnetic random-access memory;spin-orbit torque;multiply and accumulate operation","Torque;Power demand;Nonvolatile memory;Neural networks;Random access memory;Data transfer;Performance metrics;Power dissipation;Nanotechnology;Clocks","","","","25","IEEE","12 Aug 2025","13-16 July 2025","13-16 July 2025","IEEE","IEEE Conferences"
"Switching Algebra Noninterference Based Spin Wave Computing","P. Anagnostou; A. Van Zegbroeck; S. Hamdioui; C. Adelmann; F. Ciubotaru; S. Cotofana","Faculty of Electrical Engineering, Mathematics and Computer Science, Delft University of Technology, Delft, The Netherlands; Faculty of Electrical Engineering, Mathematics and Computer Science, Delft University of Technology, Delft, The Netherlands; Faculty of Electrical Engineering, Mathematics and Computer Science, Delft University of Technology, Delft, The Netherlands; IMEC, Leuven, Belgium; IMEC, Leuven, Belgium; Faculty of Electrical Engineering, Mathematics and Computer Science, Delft University of Technology, Delft, The Netherlands",2025 IEEE 25th International Conference on Nanotechnology (NANO),"12 Aug 2025","2025","","","324","329","In recent years, Spin Waves (SWs) have emerged as a promising avenue for beyond-CMOS computing, offering potential advantages in terms of energy efficiency, scalability, and opening avenues towards novel computation paradigms. Until now, SW interference-based gates, for example, the 3 input majority gate (MAJ3), have been proposed and experimentally demonstrated, and an alternative computing paradigm, which relies on SW phase manipulation instead of SW interference has been proposed. However, state-of-the-art SW-based devices suffer from challenges that hinder the realization of larger-scale SW circuits. In this paper, we explore a different computing avenue that relies on Boolean algebra and introduce a SW Switch that makes use of the Voltage Controlled Magnetic Anisotropy (VCMA) effect to allow/block SW propagation. We introduce the device concept, verify its functionality by means of micromagnetic simulations, and perform a circuit-level analysis on EPFL Combinational Benchmarking Suite circuits. As no SW generation and SW read transducers energy consumption experimental data is available we evaluate their upper bound values for which SW implementations can outperform CMOS counterparts. We implement the circuits by means of state-of-the-art SW technologies and the proposed method, compute the upper bound values, and our results indicate that on average the proposal is increasing the upper bound by about $1.2 \times$. Subsequently, we consider SW read transducers energy consumption estimates reported in the literature and argue that while they seem appropriate for evaluating SW Boolean switching gates they have to be multiplied with a factor $m>1$ to capture the extra complexity of generating the output value for SW interference and Phase manipulation SW gates. Our evaluations indicate that the SW Switch-based approach reduces the energy consumption by $1.2504 \times 1.4973 \times 1.7443 \times$, and $1.9912 \times$, when compared to the interference approach, and by $1.2478 \times, 1.4947 \times, 1.7416 \times$, and $1.9886 \times$, when compared to the phase shifting approach, for $m=1.25,1.5,1.75,2$, respectively. We finally highlight system level advantages of our proposal and conclude that SW Boolean switching gates are opening the most promising avenue towards energy effective SW computing.","1944-9380","979-8-3315-1271-2","10.1109/NANO63165.2025.11113735","","https://ieeexplore.ieee.org/stamp/stamp.jsp?arnumber=11113735","","Energy consumption;Upper bound;Transducers;Switches;Interference;Voltage;Logic gates;Proposals;Voltage control;Switching circuits","","","","28","IEEE","12 Aug 2025","13-16 July 2025","13-16 July 2025","IEEE","IEEE Conferences"
"A 20T4M High-Reliability TCAM with High-Temperature-Tolerant Match Line","Y. Zhang; E. Deng; H. Kang; W. Liu","College of Integrated Circuits, Nanjing University of Aeronautics and Astronautics, Nanjing, China; College of Integrated Circuits, Nanjing University of Aeronautics and Astronautics, Nanjing, China; College of Integrated Circuits, Nanjing University of Aeronautics and Astronautics, Nanjing, China; College of Integrated Circuits, Nanjing University of Aeronautics and Astronautics, Nanjing, China",2025 IEEE 25th International Conference on Nanotechnology (NANO),"12 Aug 2025","2025","","","330","333","Magnetic tunnel junction (MTJ) nanopillar based ternary content addressable memory (TCAM) has great potential in numerous applications, owing to its non-volatility and high speed. However, low tunnel magnetoresistive ratio of MTJ causes reliability issue for data searching. Besides, high temperature in the manufacturing process will also greatly reduce the stability of the match line. In order to address these issues, we propose a 20T4M TCAM structure, which can maintain high reliability at a high temperature. Simulation results obtained by utilizing the CMOS 28 nm design kit demonstrate that the proposed TCAM structure can achieve reliable search operations at 85° C. Compared to traditional TCAM structure, the search error rate is greatly reduced.","1944-9380","979-8-3315-1271-2","10.1109/NANO63165.2025.11113774","","https://ieeexplore.ieee.org/stamp/stamp.jsp?arnumber=11113774","Magnetic tunnel junction;ternary content-addressable memory;high reliability;high temperature","Manufacturing processes;Error analysis;Simulation;Reliability engineering;Stability analysis;Manufacturing;Junctions;Thermal stability;Nanotechnology;Magnetic tunneling","","","","19","IEEE","12 Aug 2025","13-16 July 2025","13-16 July 2025","IEEE","IEEE Conferences"
"SkyNeu: Energy Efficient Antiferromagnetic Skyrmion Based Artificial Neuron for Neuromorphic Computing","R. K. Raj; N. Bindal; V. S. Poonia; V. Puliafito; G. Finocchio; F. Moradi; S. Shreya","Electrical and Computer Engineering Department - Electronics and Photonics, Aarhus University, Denmark; Department of VLSI Design and Technology, MVJ College of Engineering, Bengaluru; Electronics and Communication Engineering Department, Indian Institute of Technology, Roorkee, Uttarakhand, India; Electrical Engineering at the Department of Electrical and Information Engineering, Politecnico di Bari, Italy; Electrical Engineering at the Department of Mathematical and Computer Sciences, Physical Sciences and Earth Sciences, University of Messina, Italy; Electrical and Computer Engineering Department - Electronics and Photonics, Aarhus University, Denmark; Electrical and Computer Engineering Department - Electronics and Photonics, Aarhus University, Denmark",2025 IEEE 25th International Conference on Nanotechnology (NANO),"12 Aug 2025","2025","","","334","339","Neuromorphic computing emulates the structural and functional principles of biological neural networks to achieve enhanced efficiency, flexibility, and intelligence in tasks like pattern recognition, sensory data processing, and autonomous decision-making. CMOS-based neuromorphic computing faces challenges in energy efficiency and packaging density due to the mismatch with biological computing and scaling limitations in transistor design. To overcome these limitations, antiferromagnetic (AFM) skyrmion-based spintronic devices present a promising solution for neuromorphic computing due to their unique features, such as strong exchange interactions, interfacial Dzyaloshinskii-Moriya interaction (DMI), minimal stray fields, low sensitivity to external magnetic fields, and inherent non-volatility. The linear motion of AFM skyrmions prevent edge annihilation in nanoscale racetracks, enabling the design of high-speed and energy-efficient neuromorphic computing devices. In this work, AFM skyrmion dynamics under DMI gradient is studied at $\mathbf{0 K}$ and 300K. It is observed that creating the DMI gradient is an efficient way to drive AFM skyrmions with a high longitudinal speed in the order of $\sim 1000 \mathrm{m} / \mathrm{s}$ with no skyrmion Hall effect (SkHE). Furthermore, a leaky integrate fire with self-reset (LIFSR) artificial neuron device is proposed at room temperature based on DMI gradient with low energy consumption of $\mathbf{3 3. 2 5 f J}$ and 34.27 fJ per neuron spike at 0K and 300K, respectively. This presents a novel approach to manipulating AFM skyrmions, paving the way for the development of energy-efficient AFM skyrmion-based devices in neuromorphic computing.","1944-9380","979-8-3315-1271-2","10.1109/NANO63165.2025.11113720","","https://ieeexplore.ieee.org/stamp/stamp.jsp?arnumber=11113720","Antiferromagnetic;DMI gradient;Energy Efficient;Leaky-integrate-fire and reset;Neuromorphic computing;Skyrmion","Sensitivity;Neuromorphic engineering;Neurons;Force;Propulsion;Energy efficiency;Transistors;Current density;Skyrmions;Spintronics","","","","35","IEEE","12 Aug 2025","13-16 July 2025","13-16 July 2025","IEEE","IEEE Conferences"
"Design and Optimization of a Metamaterial Absorber for Solar Energy Harvesting in the THz Frequency Range","N. Anjum; A. K. Paul","Dept. of Electrical & Electronic Engineering (EEE), Rajshahi University of Engineering & Technology, Bangladesh; Dept. of Electrical & Electronic Engineering (EEE), Rajshahi University of Engineering & Technology, Bangladesh",2025 IEEE 25th International Conference on Nanotechnology (NANO),"12 Aug 2025","2025","","","354","359","This research highlights the design and comprehensive analysis of a high-performance three-layer metamaterial absorber tailored for solar energy harvesting in the terahertz (THz) frequency range. The proposed absorber incorporates gold $(\text{Au})$, vanadium dioxide $\left(\text{VO}_{2}\right)$, and silicon dioxide $\left(\text{SiO}_{2}\right)$ to attain near-unity absorption throughout an extensive spectral range. The design is optimized to utilize the distinctive optical and plasmonic characteristics of these materials, facilitating effective solar radiation absorption in the THz range. The absorber has a wide absorption bandwidth of 3.00 THz, spanning frequencies from 2.414 THz to 5.417 THz, with peak absorption approaching 99 %. This range renders it an exceptionally effective alternative for improving solar energy conversion. The absorber exhibits polarization insensitivity, guaranteeing consistent performance at different incidence angles. Theoretical simulations were conducted to optimize the metamaterial's geometric configuration and material composition, highlighting the essential function of $\text{SiO}_{2}$ as a dielectric spacer and the adjustable characteristics of $\text{V O}_{\text{2}}$, which facilitate dynamic absorption regulation. These findings underscore the absorber's potential for advanced solar energy harvesting devices.","1944-9380","979-8-3315-1271-2","10.1109/NANO63165.2025.11113753","","https://ieeexplore.ieee.org/stamp/stamp.jsp?arnumber=11113753","Metamaterial;Absorber;Terahertz;Solar Energy Harvesting;Broadband;Polarization-Insensitive","Absorption;Terahertz radiation;Solar energy;Vanadium;Bandwidth;Metamaterials;Broadband communication;Solar radiation;Silicon dioxide;Terahertz communications","","2","","18","IEEE","12 Aug 2025","13-16 July 2025","13-16 July 2025","IEEE","IEEE Conferences"
"Theoretical Investigation of Two-Dimensional 1T-ZrSe2 as Anode Material for Li-Ion Batteries","M. Muntasir; A. S. Mahmud; A. F. Eram; Q. D. M. Khosru","Department of Electrical and Electronic Engineering, Bangladesh University of Engineering and Technology, Dhaka, Bangladesh; Department of Electrical and Electronic Engineering, Bangladesh University of Engineering and Technology, Dhaka, Bangladesh; Department of Electrical and Electronic Engineering, Bangladesh University of Engineering and Technology, Dhaka, Bangladesh; Department of Electrical and Electronic Engineering, Bangladesh University of Engineering and Technology, Dhaka, Bangladesh",2025 IEEE 25th International Conference on Nanotechnology (NANO),"12 Aug 2025","2025","","","360","365","Two-dimensional structures have garnered increased attention in the stage of high-quality anode material due to their high surface area, tunable properties, mechanical flexibility, fast ion diffusion and chemical stability. Transition metal dichalcogenides (TMD) are among the two-dimensional material families with immense potential in terms of anode materials for metal ion batteries. 1T-ZrSe2 is a promising member of this material family. In this paper, through density functional theory (DFT) calculations, the interaction between Li and monolayer 1T- $\text{ZrSe}_{2}$ is investigated. This work includes structural optimizations, electronic band structures, diffusion profile, theoretical capacity, and open circuit voltage. The semiconducting pristine monolayer shows metallic property after $\mathbf{L i}$ adsorption. Multiple adsorption sites have been verified through negative adsorption energies, and the Bader charge analysis shows charge transfer of 0.8843 e indicating strong ionic interaction between the monolayer and the metal ion. The diffusion profile consists of an energy barrier of $\mathbf{0. 2 2}$ eV which ensures fast charging and discharging. The monolayer is shown to adsorb two layers of Li ions, which leads to an OCV of 0.76 V and a theoretical capacity of $215 \text{mAh} / \mathrm{g}$. AIMD simulations are carried out to verify the structural stability of the structure in 300 K and 600 K temperature. Thus, this study signifies the applicability of $1 \mathrm{T}-\text{ZrSe}_{2}$ as an anode material for Li-ion batteries for applications specializing in fast rates and moderate storage capacities.","1944-9380","979-8-3315-1271-2","10.1109/NANO63165.2025.11113748","","https://ieeexplore.ieee.org/stamp/stamp.jsp?arnumber=11113748","1T-ZrSe2;monolayer;anode material;Li ion battery;density functional theory","Lithium-ion batteries;Adsorption;Metals;Voltage;Ions;Density functional theory;Stability analysis;Charge transfer;Anodes;Thermal stability","","","","31","IEEE","12 Aug 2025","13-16 July 2025","13-16 July 2025","IEEE","IEEE Conferences"
"Permanently Magnetizable Composite Polymer Ink for Textile-Based Wearables","Y. M. C. Buffard; B. L. Gray","School of Engineering of Simon, Fraser University, Burnaby, BC, Canada; School of Engineering of Simon, Fraser University, Burnaby, BC, Canada",2025 IEEE 25th International Conference on Nanotechnology (NANO),"12 Aug 2025","2025","","","367","371","We present the fabrication and characterization of magnetic nanoparticle polymer composites that can be patterned on textiles. The resulting structures can be permanently magnetized and used to develop wearable devices such as sensors and actuators for multiple applications that may include physical marker data collection for tracking; wearable microfluidics-based systems; haptic devices; and device-to-device alignment and interconnect. The development of permanently magnetizable polymer composite inks allows for simple and inexpensive system construction on the garment itself without the need for transfer or other separate microfabrication processes. In this paper, different compositions of an in-house developed NdFeB-based magnetic ink are investigated. Characterization is performed primarily on samples that are fabricated using an inexpensive and simple screen-printing process on cotton fabric using base inks that are designed specifically to adhere to textiles, but that we have embedded with magnetic particles at 5 different weight percentages (wt-%) ranging from $29.8 \text{wt}-\%$ to $69.9 \text{wt}-\%$. We screen-print patterns 3 mm by 10 mm in size, with penetration depths of the inks into the textile surface up to 0.438 mm and magnetize them under a 3T field. We perform quantitative adhesion tests and magnetic characterization. For the magnetic characterization, magnetized samples produce magnetic fields ranging from 0.066 mT to 0.496 mT at the center of the rectangular samples and 0.045 mT to 0.371 mT at the sides of the rectangles. We also characterize the material using a SQUID with an applied magnetic field ranging from -7.0 T to 7.0 T at room temperature (300 K), resulting in magnetization curves that generally show higher magnetic saturation at higher wt-% of particles. Overall, compositions with a lower concentration (wt-%) of magnetic particles perform better in adhesion and permeation tests, but compositions with higher concentrations of magnetic particles have superior magnetic performance.","1944-9380","979-8-3315-1271-2","10.1109/NANO63165.2025.11113719","","https://ieeexplore.ieee.org/stamp/stamp.jsp?arnumber=11113719","","Actuators;Magnetic field measurement;Magnetic particles;Magnetic separation;Ink;Magnetic hysteresis;Distance measurement;Polymers;Wearable devices;Saturation magnetization","","","","18","IEEE","12 Aug 2025","13-16 July 2025","13-16 July 2025","IEEE","IEEE Conferences"
"Flexible and Enzyme-Free Graphene-PVDF-Au Electrode for Glucose Detection in Sweat","L. R. Ballam; H. C. Bidsorkhi; M. Fortunato; A. G. D'Aloia; M. S. Sarto","Department of Astronautical, Electrical and Energy Engineering, Sapienza University of Rome, Rome, Italy; Department of Astronautical, Electrical and Energy Engineering, Sapienza University of Rome, Rome, Italy; Department of Sustainability, Research Center of Casaccia, ENEA, Rome, Italy; Department of Astronautical, Electrical and Energy Engineering, Sapienza University of Rome, Rome, Italy; Department of Astronautical, Electrical and Energy Engineering, Sapienza University of Rome, Rome, Italy",2025 IEEE 25th International Conference on Nanotechnology (NANO),"12 Aug 2025","2025","","","372","377","Sweat-based electrochemical Glucose sensors offer a convenient, painless, and non-invasive alternative to traditional finger-prick blood tests for diabetes monitoring. However, enzyme-based sensors are often limited by instability, stringent storage requirements, and high costs. In this study, we introduce a novel, cost-effective, flexible, and enzyme-free electrode for Glucose detection in sweat. The electrode is produced from a polymer nanocomposite film consists of polyvinylidene fluoride (PVDF) and graphene nanoplatelets (GNPs), further enhanced with a 50 nm gold (Au) layer deposited via sputter coating. Comprehensive characterization of the electrode was conducted by field-emission scanning electron microscopy (FE-SEM), atomic force microscopy (AFM), and cyclic voltammetry (CV). The results reveal a sensitivity of $172 \mu \mathrm{A} \cdot \text{mM}^{-1} \cdot \text{cm}^{-2}$ across a linear Glucose detection range of 0.01-10 mM. It also exhibits high selectivity for Glucose compared to other interferents, such as ascorbic acid (AA), uric acid (UA), and lactic acid (LA). Validation in simulated sweat confirms its efficacy in Glucose detection. These findings demonstrate the electrode's potential for Glucose detection in sweat without the use of enzymes, paving the way for the development of non-invasive diabetes monitoring technologies.","1944-9380","979-8-3315-1271-2","10.1109/NANO63165.2025.11113786","","https://ieeexplore.ieee.org/stamp/stamp.jsp?arnumber=11113786","flexible;non-enzymatic;electrochemical sensors;Glucose;graphene;diabetes;cyclic voltammetry;simulated sweat","Electrodes;Scanning electron microscopy;Gold;Electric potential;Sensitivity;Graphene;Surface roughness;Glucose;Diabetes;Monitoring","","","","25","IEEE","12 Aug 2025","13-16 July 2025","13-16 July 2025","IEEE","IEEE Conferences"
"Paper Dye-Sensitized Solar Cell Using N-Type Semiconducting Carbon-Nanotube Composite Paper Prepared by Ar/H2 Annealing Treatment","C. Shimizu; T. Oya","Graduate School of Engineering Science, Yokohama National University, Yokohama, Japan; Graduate School of Engineering Science, Yokohama National University, Yokohama, Japan",2025 IEEE 25th International Conference on Nanotechnology (NANO),"12 Aug 2025","2025","","","120","123","This paper describes paper-based dye-sensitized solar cells (paper DSSCs) based on carbon nanotube (CNT) composite paper, which is made from a mixture of carbon nanotube and pulp dispersions. DSSC is a solar cell consisting of a dye-adsorbed semiconductor electrode, a counter electrode, and an electrolyte, which in our study can be constructed by using n-type semiconducting CNT composite paper. In our previous study, we used potassium hydroxide for converting semiconducting CNT composite paper to n-type, but there are still issues with its performance. Therefore, in this study, we aim to fabricate more stable and better performing paper DSSC by annealing semiconducting CNT composite paper under argon hydrogen atmosphere and performing n-type treatment. For this purpose, we prepared CNT composite paper using dimethyl octadecyl ammonium=chloride (DODMAC) as a dispersing agent. Fabricated paper DSSCs were based on the CNT composite paper, and its conversion efficiency and fill factor (FF) were measured. The results showed that the conversion efficiency increased from $5.28 \times 10^{-3} \%$ to $14.64 \times 10^{-3} \%$ and the FF increased from 0.14 to 0.22 comparing with our previous one.","1944-9380","979-8-3315-1271-2","10.1109/NANO63165.2025.11113706","","https://ieeexplore.ieee.org/stamp/stamp.jsp?arnumber=11113706","carbon nanotube (CNT);carbon nanotube composite paper;dye-sensitized solar cell (DSSC);paper DSSC","Electrodes;Annealing;Atmospheric measurements;Photovoltaic cells;Hydrogen;Atmosphere;Carbon nanotubes;Argon;Surfactants;Potassium","","","","10","IEEE","12 Aug 2025","13-16 July 2025","13-16 July 2025","IEEE","IEEE Conferences"
"Edge-Prompted Spin Waves Probed via Magneto-Optical Effect in the Infrared","J. Wu; D. Wagle; Y. Xiong; A. Christy; Y. Li; S. Zhou; J. F. Cahoon; X. Zhang; M. B. Jungfleisch; W. Zhang","Dept. of Physics and Astronomy, UNC Chapel Hill, Chapel Hill, NC, USA; Dept. of Physics and Astronomy, University of Delaware, Newark, DE, USA; Dept. of Physics and Astronomy, UNC Chapel Hill, Chapel Hill, NC, USA; Dept. of Physics and Astronomy, Dept. of Chemistry, UNC Chapel Hill, Chapel Hill, NC, USA; Materials Science Division, Argonne National Laboratory, Lemont, IL, USA; Dept. of Physics and Astronomy, UNC Chapel Hill, Chapel Hill, NC, USA; Dept. of Chemistry, UNC Chapel Hill, Chapel Hill, NC, USA; Dept. of Electrical and Computer Engineering, Dept. of Physics, Northeastern University, Boston, MA, USA; Dept. of Physics and Astronomy, University of Delaware, Newark, DE, USA; Dept. of Physics and Astronomy, UNC Chapel Hill, Chapel Hill, NC, USA",2025 IEEE 25th International Conference on Nanotechnology (NANO),"12 Aug 2025","2025","","","386","391","Recent advances in magnonics highlight the need for employing spin wave characteristics as new state variables, which is to be detected and mapped out with high precision in all-on-chip, small scale devices. Spin wave modes that are prompted by the sample edges in planar structures are of particular fundamental importance to the future design and characterization of magnonic device functionalities. In this work, we demonstrate an infrared light-based, magnetooptical technique that concurrently functions both as a spectroscopic and an imaging tool. The detected precessional phase contrast can be directly used to construct the map of the spin wave wavefront in the continuous-wave regime of spinwave propagation and in the stationary state, without needing any optical reference path. We experimentally detect the edge spin wave modes of a $\mathbf{Y}_{3} \mathbf{F e}_{5} \mathbf{O}_{12}$ film sample, and study the evolution and interference from edge dominated modes to their bulk counterparts. Distinct wavevector groups and propagation characteristics are observed for the edge and bulk spin wave modes. Further, the magnon dispersion relation in the infrared is obtained by Fourier transforming the wavefronts measured in real space, which is a huge advantage to the wavevector-resolved Brillouin light scattering (BLS) technique, where the angle of incidence has to be varied, and is also much less cumbersome than the phase-resolved BLS. Our results demonstrate that the infrared optical strobe light can serve as a versatile platform for magneto-optical probing of magnetization dynamics, with potential implications in investigating hybrid magnonic systems.","1944-9380","979-8-3315-1271-2","10.1109/NANO63165.2025.11113665","","https://ieeexplore.ieee.org/stamp/stamp.jsp?arnumber=11113665","magneto-optics;spin waves;infrared spectroscopy;light stroboscope","Optical fibers;Optical interferometry;Magnonics;Spectroscopy;Image edge detection;Wavelength measurement;Optical imaging;Optical scattering;Optical films;Magnetooptic effects","","","","29","IEEE","12 Aug 2025","13-16 July 2025","13-16 July 2025","IEEE","IEEE Conferences"
"AI-Driven Livestock Biosensing for Prediction of Metabolic Diseases","M. A. Ali; M. A. Kachouei","School of Animal Sciences, Virginia Tech, Blacksburg, VA, United States; Biological Systems Engineering, Virginia Tech, Blacksburg, United States",2025 IEEE 25th International Conference on Nanotechnology (NANO),"12 Aug 2025","2025","","","396","399","We report the development of a highly sensitive 3D-printed sensor for the on-farm, early detection of subclinical hypocalcemia (SHC) in dairy cows. The printed 3D sensing structure incorporates periodic micropatterns of ion-to-electron polymer-based transducing layer that enhances sensitivity when analyzing milk samples. This novel sensor detects radiometric targets of calcium ($\text{Ca}^{2+}$) and phosphate ($\text{PO}_{4}{}^{2-}$) in milk, enabling the identification of SHC in under a minute. We apply regression models, including $\mathbf{k}$ Nearest Neighbors ($k$-NN) and Logistic Regression, to predict livestock health, evaluating performance through accuracy, area under the curve (AUC), and confusion matrices. Unlike traditional tests, this sensor provides dairy farmers with a tool to monitor the health of transition dairy cows.","1944-9380","979-8-3315-1271-2","10.1109/NANO63165.2025.11113809","Virginia Department of Agriculture and Consumer Services; ","https://ieeexplore.ieee.org/stamp/stamp.jsp?arnumber=11113809","","Logistic regression;Dairy products;Accuracy;Biological system modeling;Calcium;Cows;Predictive models;Three-dimensional printing;Polynomials;Diseases","","1","","10","IEEE","12 Aug 2025","13-16 July 2025","13-16 July 2025","IEEE","IEEE Conferences"
"Designing in-Memory Random Forest Memristor Crossbar Circuits","P. Sinha; S. Raj","Dept. of Computer Science and Engineering, Oakland University, Rochester, MI, USA; Dept. of Computer Science and Engineering, Oakland University, Rochester, MI, USA",2025 IEEE 25th International Conference on Nanotechnology (NANO),"12 Aug 2025","2025","","","400","405","Ensemble decision tree models, such as random forests, have proven to be highly effective and often outperform other machine learning algorithms, including neural networks, on non-specialized tasks. This paper presents a novel approach to creating energy-efficient random forest circuits by utilizing in-memory computing with memristor crossbars. The inmemory PATH-based memristor crossbar provides state-of-theart (SOTA) energy efficiency for decision trees and is expected to deliver SOTA performance for random forests as well. However, no existing method combines and constructs ensembles for random forest implementations. We propose a new method for ensemble construction by converting the one-hot encoded predictions of decision trees into binary values, followed by a majority voting circuit to aggregate the results. The resulting random forest circuit achieves more than 3x improvement in energy efficiency compared to the current SOTA.","1944-9380","979-8-3315-1271-2","10.1109/NANO63165.2025.11113828","NSF(grant numbers:2245756); ","https://ieeexplore.ieee.org/stamp/stamp.jsp?arnumber=11113828","In-memory computation;memristors;PATH-based computing;random forest;energy-efficient hardware","Machine learning algorithms;Circuits;Neural networks;Memristors;Energy efficiency;Decision trees;Integrated circuit modeling;Random forests;Nanotechnology;Testing","","","","22","IEEE","12 Aug 2025","13-16 July 2025","13-16 July 2025","IEEE","IEEE Conferences"
"Deciphering the Critical Role of Doping on P-Type Ohmic Contact Formation in MoS2 FETs","Z. Ma; L. Zhang","The School of Microelectronics, South China University of Technology, Guangzhou, China; School of Electronic and Computer Engineering, Peking University, Shenzhen, China",2025 IEEE 25th International Conference on Nanotechnology (NANO),"12 Aug 2025","2025","","","409","412","The formation of p-type Ohmic contacts in 2D material-based field-effect transistors (FETs) remain challenging due to the Schottky barriers induced by Fermi-level pinning effect. This study investigates the impact of p-type doping on MoS2 FET contacts using a hybrid approach combining TCAD device simulations with first-principles calculations. The device transfer curves underscore that p-type conduction with a steep subthreshold slope and high on-current requires a small Schottky barrier for hole injection. The barrier thinning effect, modulated by doping and gate bias, primarily adjusts the threshold voltage. While in multilayer MoS2 FETs with lower doping concentrations, it becomes the dominant mechanism facilitating current transport via tunneling. In contrast, in few-layer MoS2 FETs, the barrier-lowering effect is essential to regulate device polarity and current conduction. Atomistic simulations reveal that p-type doping reduces the Schottky barrier height by inducing an interfacial dipole via dopant ionization. This dipole generates a potential shift that governed by the Poisson equation and aligns the metal Fermi level to the MoS2 valence band, thereby lowering the barrier. These findings differentiate the distinct roles of doping-induced barrier lowering and barrier thinning in controlling MoS2 FET polarity, underscoring heavy doping as an effective strategy for achieving barrier-free Ohmic contacts in p-type MoS2 FETs.","1944-9380","979-8-3315-1271-2","10.1109/NANO63165.2025.11113693","","https://ieeexplore.ieee.org/stamp/stamp.jsp?arnumber=11113693","","Field effect transistors;Schottky barriers;Doping;Tunneling;Nonhomogeneous media;Threshold voltage;Ohmic contacts;Semiconductor process modeling;Sulfur;Molybdenum","","1","","22","IEEE","12 Aug 2025","13-16 July 2025","13-16 July 2025","IEEE","IEEE Conferences"
"Electronic and Optoelectronic Properties of Heavy Metal-Adsorbed h-BAs Monolayer: A DFT-Based Sensor Study","Kunal; A. K. S. Chauhan; I. A. Khan; V. S. Poonia; S. K. Manhas","Electronics and Communication Engineering Department, IIT Roorkee, Roorkee, Uttarakhand, India; Electronics and Communication Engineering Department, IIT Roorkee, Roorkee, Uttarakhand, India; Electronics and Communication Engineering Department, IIT Roorkee, Roorkee, Uttarakhand, India; Electronics and Communication Engineering Department, IIT Roorkee, Roorkee, Uttarakhand, India; Electronics and Communication Engineering Department, IIT Roorkee, Roorkee, Uttarakhand, India",2025 IEEE 25th International Conference on Nanotechnology (NANO),"12 Aug 2025","2025","","","415","420","Detection of heavy metals in water and air is imperative for a clean environment and assuring human health. In this study, we explore the potential of a twodimensional (2D) hexagonal boron arsenide (h-BAs) monolayer as a highly effective sensing material for key heavy metals, like lead (Pb), mercury (Hg), cadmium (Cd), chromium (Cr), nickel $(\text{Ni})$, antimony (Sb), and selenium (Se). Through state-of-theart density functional theory, the study evaluates key sensing properties of these metals: formation and adsorption energies, bandgap, electrical conductivity, and absorption coefficient on the $h$-BAs monolayer and its two terminal I-V characteristics. Notably, this study examines, negative differential resistance (NDR) which is observed in the $I-V$ characteristics of heavy metal-adsorbed h-BAs at higher voltages ($1.75 \mathrm{V}-2 \mathrm{V}$), marking a significant advancement for sensing applications. For a more realistic simulation, the study also considers the adsorption of heavy metals in the presence of water molecules, which lowers the threshold voltage. The study shows the high potential of $h$ BAs 2D material for key heavy metal detection.","1944-9380","979-8-3315-1271-2","10.1109/NANO63165.2025.11113820","","https://ieeexplore.ieee.org/stamp/stamp.jsp?arnumber=11113820","","Electric potential;Sensitivity;Adsorption;Metals;Lead;Stability analysis;Nickel;Sensors;Mercury (metals);Immune system","","","","26","IEEE","12 Aug 2025","13-16 July 2025","13-16 July 2025","IEEE","IEEE Conferences"
"Enhancing Efficiency and Stability in Paper-Dye-Sensitized Solar Cells Using Metal Oxide Integration and Gel Electrolyte Optimization","Y. Kou; T. Oya","Graduate School of Engineering Science, Yokohama National University, Yokohama, Japan; Graduate School of Engineering Science, Yokohama National University, Yokohama, Japan",2025 IEEE 25th International Conference on Nanotechnology (NANO),"12 Aug 2025","2025","","","423","428","This study investigates the performance enhancement of paper-based dye-sensitized solar cells (DSSCs) through dual optimization strategies: (1) interfacial modification of carbon nanotube (CNT) composite paper with metal oxides (TiO2 and ZnO) and (2) formulation of gel electrolytes incorporating co-solvents (N,N-dimethylformamide (DMF) and ethylene glycol(EG)). The incorporation of ZnO into semiconducting CNT composite paper significantly improved fill factor (FF) and power conversion efficiency (PCE), especially, achieving a PCE of 15.58 × 10−3% with EGincorporated gel electrolytes. Additionally, EG-incorporated gel electrolytes demonstrated superior operational stability compared to DMF-incorporated gel electrolytes, maintaining over 90-minute longevity. These advancements highlight of metal oxide integration and electrolyte optimization in overcoming interfacial charge transport limitations, and the validity of this improvement approach was confirmed and expected to help in the future practical application of paper-DSSCs.","1944-9380","979-8-3315-1271-2","10.1109/NANO63165.2025.11113707","","https://ieeexplore.ieee.org/stamp/stamp.jsp?arnumber=11113707","Dye-sensitized solar cells (DSSCs);carbon nanotube (CNT) composite paper;gel electrolyte;metal oxide interface","Performance evaluation;II-VI semiconductor materials;Photovoltaic cells;Metals;Carbon nanotubes;Electrolytes;Zinc oxide;Power conversion;Titanium dioxide;Optimization","","","","30","IEEE","12 Aug 2025","13-16 July 2025","13-16 July 2025","IEEE","IEEE Conferences"
"Development of Silicon-Based Thermoelectric Generators: From Multi-Barrier Nanodevices to Fully Integrated On-Chip Systems","A. Masci; C. R. Capello; E. Dimaggio; G. Pennelli","Dipartimento di Ingegneria della Informazione, Università di Pisa, Pisa, Italy; Dipartimento di Ingegneria della Informazione, Università di Pisa, Pisa, Italy; Dipartimento di Ingegneria della Informazione, Università di Pisa, Pisa, Italy; Dipartimento di Ingegneria della Informazione, Università di Pisa, Pisa, Italy",2025 IEEE 25th International Conference on Nanotechnology (NANO),"12 Aug 2025","2025","","","430","433","Nanostructured silicon represents a promising material for the development of efficient on-chip thermoelectric generators and localized coolers, thanks to its drastically reduced thermal conductivity compared to bulk silicon. We report on our multiple strategies for the enhancement of the performance of thermoelectric devices based on silicon nanostructures, which exploit CMOS standard technologies for the design and fabrication of integrated devices. These strategies focus on separating thermal and electrical transport to achieve high electrical conductivity while minimizing thermal conductivity. Additionally, they aim to decouple electrical transport from the energy distribution of charge carriers, to enhance the Seebeck coefficient and also the power factor.","1944-9380","979-8-3315-1271-2","10.1109/NANO63165.2025.11113824","","https://ieeexplore.ieee.org/stamp/stamp.jsp?arnumber=11113824","thermoelectricity;silicon;nanostructures;power factor;energy filtering","Temperature sensors;Reactive power;Conductivity;Thermal conductivity;Silicon;Generators;Nanoscale devices;System-on-chip;Nanostructures;Standards","","","","12","IEEE","12 Aug 2025","13-16 July 2025","13-16 July 2025","IEEE","IEEE Conferences"
"Angle-Resolved Antireflective Properties of Black Silicon","G. Ayvazyan; S. Khudaverdyan; L. Lakhoyan; A. Vaseashta","Optoelectronics Laboratory, National Polytechnic University of Armenia, Yerevan, Armenia; Optoelectronics Laboratory, National Polytechnic University of Armenia, Yerevan, Armenia; Optoelectronics Laboratory, National Polytechnic University of Armenia, Yerevan, Armenia; Office of Strategic Research, International Clean Water Institute, Manassas, VA, USA",2025 IEEE 25th International Conference on Nanotechnology (NANO),"12 Aug 2025","2025","","","451","455","The article presents the results of experimental measurements and simulation of angle-resolved reflectance of black silicon (BS). It is established that BS demonstrates high antireflective properties at light incidence angles up to 60° in a wide range of the solar spectrum. This effect is attributed to the destructive interference of light waves at oblique incidence and their redirection closer to normal incidence within the material. The wide-angle stability of the power conversion efficiency of single-junction solar cells with a frontal BS antireflective surface is experimentally confirmed. The benefits of using BS as an interlayer for tandem perovskite/silicon solar cells are discussed in this aspect.","1944-9380","979-8-3315-1271-2","10.1109/NANO63165.2025.11113801","Committee on Higher Education and Science of the Republic of Armenia(grant numbers:21AG-2B011,25RG-2B010); ","https://ieeexplore.ieee.org/stamp/stamp.jsp?arnumber=11113801","angle-resolved reflectance;black silicon;solar cell;simulation;efficiency","Reflectivity;Spectroscopy;Surface waves;Photovoltaic cells;Interference;Silicon;Stability analysis;Power conversion;Nanotechnology;Meteorology","","","","17","IEEE","12 Aug 2025","13-16 July 2025","13-16 July 2025","IEEE","IEEE Conferences"
"Achieving Exceptional Electron Mobility in Amorphous In2O3:Sn Films Through Nitrogen-Mediated Room-Temperature Processing","K. Imoto; S. Hata; H. Wang; K. Koga; M. Shiratani; N. Itagaki","Kyushu University, Fukuoka, Japan; Kyushu University, Fukuoka, Japan; Kyushu University, Fukuoka, Japan; Kyushu University, Fukuoka, Japan; Kyushu University, Fukuoka, Japan; Kyushu University, Fukuoka, Japan",2025 IEEE 25th International Conference on Nanotechnology (NANO),"12 Aug 2025","2025","","","460","463","We have developed a novel fabrication method for amorphous $\text{In}_{2} \mathrm{O}_{3}: \text{Sn}$ (a-ITO) films called nitrogen-mediated amorphization (NMA), which involves introducing $\mathbf{N}_{\mathbf{2}}$ gas into the sputtering deposition atmosphere. Using the NMA method, we successfully fabricated a-ITO films with a high electron mobility of $\mathbf{5 0} \mathbf{c m}^{2} / \mathbf{V s}$ even at room temperature. Moreover, the NMA method significantly enhances the spatial uniformity of the electrical properties of a-ITO films. These results demonstrate that the NMA method holds great promise for producing high-quality a-ITO films on flexible and large-area substrates.","1944-9380","979-8-3315-1271-2","10.1109/NANO63165.2025.11113510","","https://ieeexplore.ieee.org/stamp/stamp.jsp?arnumber=11113510","","Fabrication;Temperature;Films;Indium tin oxide;Atmosphere;Electron mobility;Nitrogen;Substrates;Sputtering;Nanotechnology","","","","17","IEEE","12 Aug 2025","13-16 July 2025","13-16 July 2025","IEEE","IEEE Conferences"
"A Multiphysics Reservoir Computing System with Mass-Spring Metamaterials and Spintronic Readout for Vibration Analysis","A. Grimaldi; D. R. Rodrigues; A. Meo; F. Garescì; G. Finocchio","Department of Electrical and Information Engineering, Politecnico di Bari, Bari, Italy; Department of Electrical and Information Engineering, Politecnico di Bari, Bari, Italy; Department of Electrical and Information Engineering, Politecnico di Bari, Bari, Italy; Department of Engineering, University of Messina, Messina, Italy; Department of Mathematical and Computer Sciences, Physical Sciences and Earth Sciences, University of Messina, Messina, Italy",2025 IEEE 25th International Conference on Nanotechnology (NANO),"12 Aug 2025","2025","","","464","469","Mechanical metamaterials, which can be modeled as chains of mass-spring resonators, are drawing significant interest from researchers across various engineering fields due to their unique properties and simple design. The continuous advances in developing new technologies and algorithms for artificial intelligence are opening a path to employing the mechanical properties of these metamaterials to perform tasks such as acoustic wave recognition, smart sensing and adaptive dynamical vibration absorption. A possible approach in this sense is based on the idea of reservoir computing (RC). RC is an emerging neuromorphic computing paradigm that leverages the intrinsic dynamics of nonlinear systems for efficient temporal data processing. In this work, we propose a multiphysics physical reservoir combining 2-dimensional nonlinear mechanical metamaterials (modelled as a network of massspring resonators) with spintronic technology as the electrical reading scheme of the masses' dynamics. In particular, this hybrid system exploits the stray field interactions between the magnetic tunnel junctions on top of the masses of the metamaterials and the mechanical dynamics of the elastic medium to achieve a highly compact, tunable, and energyefficient reservoir. The proposed design can operate across a broad frequency spectrum, from hertz to gigahertz, and can be scaled to the nanometric regime. We show that the nonlinear dynamics of this metamaterial maps the input to a highdimensional space, achieving over 90% accuracy for a vowel recognition task, comparable to state-of-the-art reservoir computing implementations, with minimal preprocessing. The integration of elastic inputs simplifies signal injection by directly utilizing mechanical vibrations, making this system particularly suited for real-time sensing and computing applications. With its scalability, efficiency, and accuracy, this hybrid spintronicsmechanical metamaterial used as RC system holds significant potential for applications in biosensing, machinery anomaly detection, and edge computing tasks such as voice and acoustic pattern recognition.","1944-9380","979-8-3315-1271-2","10.1109/NANO63165.2025.11113695","","https://ieeexplore.ieee.org/stamp/stamp.jsp?arnumber=11113695","","Vibrations;Multiphysics;Accuracy;Reservoir computing;Metamaterials;Magnetic materials;Nonlinear dynamical systems;Sensors;Resonators;Spintronics","","","","28","IEEE","12 Aug 2025","13-16 July 2025","13-16 July 2025","IEEE","IEEE Conferences"
"Enhanced Multi-Objective Quantum-Inspired Computing for Practical Portfolio Optimization","Y. -H. Chou; Y. -F. Tong; S. -Y. Kuo; Y. -C. Jiang; S. -Y. Kuo","Department of Computer Science and Information Engineering, National Chi Nan University, Puli, Taiwan; Department of Computer Science and Information Engineering, National Chi Nan University, Puli, Taiwan; Department of Electrical Engineering, National Taiwan University, Taipei, Taiwan; Quantum Information Center, Chung Yuan Christian University, Taoyuan, Taiwan; Department of Electrical Engineering, National Taiwan University, Taipei, Taiwan",2025 IEEE 25th International Conference on Nanotechnology (NANO),"12 Aug 2025","2025","","","470","474","Quantum-inspired optimization (QIO) has gained attention for leveraging both quantum and classical advantages to enhance search efficiency in solving complex optimization problems on classical computers. While most QIO approaches have shown strong potential in addressing single-objective optimization, real-world problems often involve conflicting objectives, making them inherently multi-objective and challenging to solve. Unlike single-objective optimization, which seeks a single optimal solution, multi-objective optimization aims to obtain a set of Pareto-optimal solutions. This study extends QIO to multi-objective optimization (MoQIO) by incorporating quantum-inspired characteristics and provides an in-depth analysis of its performance. It utilizes quantum superposition and Q-gates to enhance convergence efficiency toward the Pareto front, while leveraging entanglement properties to expand solution diversity. Our results demonstrate that the proposed MoQIO effectively generates a diverse set of optimal portfolio solutions.","1944-9380","979-8-3315-1271-2","10.1109/NANO63165.2025.11113712","","https://ieeexplore.ieee.org/stamp/stamp.jsp?arnumber=11113712","Quantum-inspired Computing;Multi-objective Quantum-inspired Optimization;Real-World Applications","Quantum computing;Quantum entanglement;Logic gates;Search problems;Encoding;Space exploration;Optimization;Portfolios;Nanotechnology;Convergence","","","","30","IEEE","12 Aug 2025","13-16 July 2025","13-16 July 2025","IEEE","IEEE Conferences"
"Resistance Switching Properties of Stoichiometric and Nitrogen Implanted Silicon Nitride Nanolayers on N and P-Type Si Substrates","A. E. Mavropoulis; P. Karakolis; N. Vasileiadis; L. Sygellou; E. Stavroulakis; V. Ioannou-Sougleridis; P. Normand; G. C. Sirakoulis; P. Dimitrakis","Institute of Nanoscience and Nanotechnology, NCSR “Demokritos”, Attica, Greece; Institute of Nanoscience and Nanotechnology, NCSR “Demokritos”, Attica, Greece; Institute of Nanoscience and Nanotechnology, NCSR “Demokritos”, Attica, Greece; FORTH, Institute of Chemical Engineering Science, Patras, Greece; Department of Electrical and Computer Engineering, Democritus University of Thrace, Xanthi, Greece; Institute of Nanoscience and Nanotechnology, NCSR “Demokritos”, Attica, Greece; Institute of Nanoscience and Nanotechnology, NCSR “Demokritos”, Attica, Greece; Department of Electrical and Computer Engineering, Democritus University of Thrace, Xanthi, Greece; NCSR “Demokritos”, Institute of Quantum Computing and Quantum Technology, Attica, Greece",2025 IEEE 25th International Conference on Nanotechnology (NANO),"12 Aug 2025","2025","","","477","481","This paper examines the resistive switching characteristics of LPCVD SiNx MNOS ReRAM cells on both heavily doped n- and p-type silicon substrates, focusing on the effects of nitrogen doping. Detailed comparisons of electrical properties through nitrogen implantation reveal variations in trap density and SET-RESET voltages between $n$ and $p$ conductivity Si substrates. Impedance spectroscopy further elucidates the conductive path formation and its resistance.","1944-9380","979-8-3315-1271-2","10.1109/NANO63165.2025.11113675","","https://ieeexplore.ieee.org/stamp/stamp.jsp?arnumber=11113675","RRAM;resistance switching;silicon nitride;nitrogen doping;LPCVD;multi-level switching","Resistance;Performance evaluation;Spectroscopy;Semiconductor device reliability;Switches;Doping;Silicon nitride;Silicon;Impedance;Substrates","","","","26","IEEE","12 Aug 2025","13-16 July 2025","13-16 July 2025","IEEE","IEEE Conferences"
"Building a Machine Learning Accelerator with Silicon Dangling Bonds: From Verilog to Quantum Dot Layout","S. S. H. Ng; M. Walter; J. Drewniok; S. Hofmann; R. Wille; K. Walus","Department of Electrical and Computer Engineering, University of British Columbia, Vancouver, BC, Canada; Chair for Design Automation, Technical University of Munich, BY, Germany; Chair for Design Automation, Technical University of Munich, BY, Germany; Chair for Design Automation, Technical University of Munich, BY, Germany; Chair for Design Automation, Technical University of Munich, BY, Germany; Department of Electrical and Computer Engineering, University of British Columbia, Vancouver, BC, Canada",2025 IEEE 25th International Conference on Nanotechnology (NANO),"12 Aug 2025","2025","","","483","488","At a time when traditional CMOS technologies approach their fundamental scaling limits and artificial intelligence continues to escalate global computational demands, emerging post-CMOS technologies like Silicon Dangling Bonds (SiDBs) provide promising pathways towards energy-efficient computation. SiDBs offer atomic-scale precision and discrete charge control, enabling the realization of ultra-dense computational logic. However, manual layout design and verification have historically restricted the exploration and scalability of SiDB-based logic systems. To this end, this work demonstrates an automated, end-to-end Electronic Design Automation (EDA) flow for designing and synthesizing a core component of a Matrix Multiply Unit (MXU) from high-level Register-transfer Level (RTL) Verilog descriptions down to dot-accurate SiDB layouts. Leveraging recent advances in SiDB-focused EDA tooling, we demonstrate the first fully automated design flow capable of translating RTL descriptions into manufacturable quantum-dot layouts. The proposed hierarchical Verilog approach addresses existing EDA constraints while facilitating comprehensive operational verification via test benches. Additionally, our design process incorporates reliability-focused Figures Of Merit (FoMs), ensuring the selection of robust logic gates throughout synthesis. Our synthesized MXU Processing Element (PE) layout represents a significant milestone in SiDB logic design, bridging previously manuallyintensive workflows with scalable, automated methodologies. Despite achieving larger footprints than hand-crafted designs, the presented approach provides a valuable foundation for future optimization and widespread adoption of SiDB-based computing architectures.","1944-9380","979-8-3315-1271-2","10.1109/NANO63165.2025.11113747","","https://ieeexplore.ieee.org/stamp/stamp.jsp?arnumber=11113747","","Scalability;Layout;Quantum dots;Manuals;Reliability engineering;Register transfer level;Silicon;Logic;Hardware design languages;Optimization","","","","45","IEEE","12 Aug 2025","13-16 July 2025","13-16 July 2025","IEEE","IEEE Conferences"
"Novel Arithmetic Circuits for Stochastic Computing in Unipolar Format","P. Junsangsri; F. Lombardi","Computing Engineering, School of Engineering, Wentworth Institute of Technology, Boston, MA, USA; Department of Electrical and Computer Engineering, Northeastern University, Boston, MA, USA",2025 IEEE 25th International Conference on Nanotechnology (NANO),"12 Aug 2025","2025","","","489","494","Stochastic Computing (SC) is a computational technique that executes arithmetic operations on a random bitstream basis. SC has several advantages over a traditional binary computing such as a reduction in hardware complexity, better tolerance to errors, and low power dissipation. The operations of stochastic arithmetic circuits are usually based on probability equations, however not all arithmetic operations can directly be generated from probability equations, for example a SC adder in which its result is scaled by half. This paper introduces a sequential processing technique to design SC arithmetic circuits in the unipolar encoding format. The proposed technique processes each bit of data in the input bitstream with the stored data, so the output bitstream can be easily generated. A SC comparator circuit, a SC adder, a SC subtractor and an SC absolute subtractor are proposed by using the proposed sequential processing technique. Different from the traditional SC adder and SC subtractor circuits in which their results are scaled by half, output bitstreams of the proposed method can be read without the needing of multiplying its result. A comparison between the proposed methods and other SC circuits is presented. The results in this paper show that the proposed designs are better than other SC arithmetic circuits found in the technical literature in terms of accuracy, crosscorrelation to input signal, area, performance, and power dissipation. For example, as a SC adder circuit, the proposed circuit improves performance by 28.76%, power dissipation by 38.6%, area by 28.95%, and power delay product (PDP) by 56.36% compared to the traditional SC adder circuit.","1944-9380","979-8-3315-1271-2","10.1109/NANO63165.2025.11113511","","https://ieeexplore.ieee.org/stamp/stamp.jsp?arnumber=11113511","Stochastic Computing;Stochastic Circuits;Arithmetic Circuits;Digital Circuits","Accuracy;Correlation;Circuits;Encoding;Power dissipation;Delays;Adders;Nanotechnology;Arithmetic;Binary sequences","","","","12","IEEE","12 Aug 2025","13-16 July 2025","13-16 July 2025","IEEE","IEEE Conferences"
"Introduction of Carbon Dopants and Novel Polymers for Enhancing the Electrochemical Performance of Li-Ion Batteries","S. A. Rajapaksha; H. H. Nguyen; H. R. M. Khalifeh; E. Hannila; U. Lassi; T. Fabritus; R. Sliz","Optoelectronics and Measurement, Techniques Unit, University of Oulu, Oulu, Finland; Optoelectronics and Measurement, Techniques Unit, University of Oulu, Oulu, Finland; Sustainable Chemistry Unit, University of Oulu, Oulu, Finland; Optoelectronics and Measurement, Techniques Unit, University of Oulu, Oulu, Finland; Sustainable Chemistry Unit, University of Oulu, Oulu, Finland; Optoelectronics and Measurement, Techniques Unit, University of Oulu, Oulu, Finland; Optoelectronics and Measurement, Techniques Unit, University of Oulu, Oulu, Finland",2025 IEEE 25th International Conference on Nanotechnology (NANO),"12 Aug 2025","2025","","","495","500","Technology is moving towards smart and embedded electronics more and more. With the enhancements coming with the Internet of Things, Bluetooth Low energy and 5G/6G, many consumer electronics devices are becoming smaller and portable. Hence, simultaneous energy storage demand is growing significantly, and the next generation of lithium-ion batteries (LIBs) must address critical limitations in energy capacity, mechanical flexibility, and durability to meet the evolving needs of these upcoming electronics. For instance, capacity enhancement and mechanical robustness are two essential properties that LIBs should possess for compatibility with future electronics. Hence in this research, we have investigated the enhancing role of SWCNT as a conductive additive. NMC811 was used as the active material and modification to the cathode composition (Ex: Active material 96% wt., Binder 1% wt., SWCNT 1% wt., carbon black 2% wt.) with a higher amount of active material loading was utilized. The introduction of SWCNT as a conductive additive can directly improve the capacity (by increasing the amount of active material) of the LIB while enhancing the electrochemical performance.","1944-9380","979-8-3315-1271-2","10.1109/NANO63165.2025.11113730","","https://ieeexplore.ieee.org/stamp/stamp.jsp?arnumber=11113730","SWCNT;conductive networks;electrochemical performance","Lithium-ion batteries;Solvents;Additives;Loading;Robustness;Plastics;Carbon;Next generation networking;Nanotechnology;Cathodes","","","","36","IEEE","12 Aug 2025","13-16 July 2025","13-16 July 2025","IEEE","IEEE Conferences"
"Increasing Redundancy in Reduced Precision Redundancy by Approximation (5RPA) Systems in the Nanoscale","S. Junsangsri; F. Lombardi","Department of Electrical and Computer Engineering, Northeastern University, Boston, MA, USA; Department of Electrical and Computer Engineering, Northeastern University, Boston, MA, USA",2025 IEEE 25th International Conference on Nanotechnology (NANO),"12 Aug 2025","2025","","","115","119","Nanoscale computing systems require redundancy for reliable processing. For operation in the presence of many errors/faults, an increase in redundancy is almost unavoidable; this paper proposes a new design for 5-input Reduced Precision redundancy by Approximation (RPAs). Two schemes (one-exact four-approximate data words RPA (1E4A) and four-exact one-approximate data types (4E1A)) are proposed. As per accuracy, the probabilities of getting the exact data word (P) at the output for each scheme under the scenarios of two errors on the most (U) and least significant parts (L) of a data word are analytically found. An excellent agreement between theoretical and simulated results is found; circuit-based metrics such as delay, power dissipation and area are compared to previous RPA-based schemes found in technical literature. A comparative analysis based on the redundancy in these schemes (and the increase in redundancy for the proposed 5RPA) is pursued; it shows that in the presence of multiple errors the proposed schemes attain substantial improvements in accuracy at the output even when the same redundancy is introduced. This conclusion suggests that the redundancy required at nano scales can be adjusted using RPA schemes to satisfy the reliable delivery of accurate computation results.","1944-9380","979-8-3315-1271-2","10.1109/NANO63165.2025.11113679","","https://ieeexplore.ieee.org/stamp/stamp.jsp?arnumber=11113679","Reduced Precision Redundancy (RPR);Reduced Precision redundancy by Approximation (RPA);Fault/error tolerance;Nanoscale computing systems;Redundancy","Measurement;Accuracy;Simulation;Redundancy;Nanoscale devices;Hardware;Power dissipation;Delays;Reliability;Nanotechnology","","","","23","IEEE","12 Aug 2025","13-16 July 2025","13-16 July 2025","IEEE","IEEE Conferences"
"Molecular Junctions for an Effective Readout in Molecular Field-Coupled Nanocomputing","F. Ravera; R. Listo; F. Mo; G. Farchetti; G. Beretta; Y. Ardesi; G. Piccinini; M. Graziano","Department of Electronics and Telecommunications, Politecnico di Torino, Torino, Italy; Department of Electronics and Telecommunications, Politecnico di Torino, Torino, Italy; Department of Electronics and Telecommunications, Politecnico di Torino, Torino, Italy; Department of Electronics and Telecommunications, Politecnico di Torino, Torino, Italy; Department of Electronics and Telecommunications, Politecnico di Torino, Torino, Italy; Department of Electronics and Telecommunications, Politecnico di Torino, Torino, Italy; Department of Electronics and Telecommunications, Politecnico di Torino, Torino, Italy; Department of Applied Science and Technology, Politecnico di Torino, Torino, Italy",2025 IEEE 25th International Conference on Nanotechnology (NANO),"12 Aug 2025","2025","","","527","532","The Molecular Field-Coupled Nanocomputing (MolFCN) is a candidate technology for future digital electronics devices. Unlike CMOS, MolFCN relies on a non-conductive principle, in which the binary information is encoded in the polarization state of molecules, enabling fast and low-power digital computation. Due to the different MolFCN and CMOS operating principles, the scientific community is still seeking solutions to enable the integration of MolFCN with CMOS electronics. In this work, we propose a method to transduce charge-based information encoding into electrical quantities using single-molecule junctions. In particular, we demonstrate, with ab initio calculation, that the OPE3 junction changes its conduction properties when exposed to a dipole moment. This work identifies molecular junctions as possible candidates for providing hybrid integration with CMOS, favoring the assessment of MolFCN technology.","1944-9380","979-8-3315-1271-2","10.1109/NANO63165.2025.11113518","","https://ieeexplore.ieee.org/stamp/stamp.jsp?arnumber=11113518","","Semiconductor device modeling;Voltage measurement;Sensitivity;Refining;Logic gates;Logic;Object recognition;Junctions;Nanotechnology;Testing","","","","37","IEEE","12 Aug 2025","13-16 July 2025","13-16 July 2025","IEEE","IEEE Conferences"
"Poss Nanocomposites: Investigating the Dielectric Properties for Insulation Applications","J. Marshina; J. Ericksen; O. Ibikunle; L. Le; L. Allison; F. Saladino; A. K. Singh; W. Xue","Department of Chemical Engineering, Henry M. Rowan College of Engineering, Rowan University, Glassboro, NJ; Department of Mechanical Engineering, Henry M. Rowan College of Engineering, Rowan University, Glassboro, NJ; Department of Chemical Engineering, Henry M. Rowan College of Engineering, Rowan University, Glassboro, NJ; Department of Chemical Engineering, Henry M. Rowan College of Engineering, Rowan University, Glassboro, NJ; Department of Chemical Engineering, Henry M. Rowan College of Engineering, Rowan University, Glassboro, NJ; Department of Chemical Engineering, Henry M. Rowan College of Engineering, Rowan University, Glassboro, NJ; Department of Mechanical Engineering, Henry M. Rowan College of Engineering, Rowan University, Glassboro, NJ; Department of Mechanical Engineering, Henry M. Rowan College of Engineering, Rowan University, Glassboro, NJ",2025 IEEE 25th International Conference on Nanotechnology (NANO),"12 Aug 2025","2025","","","541","545","The demand for polymeric insulating materials with enhanced dielectric properties is growing in industries such as power transmission, aerospace engineering, and electric vehicles. However, identifying an optimal insulating polymer remains challenging due to material limitations and varying application requirements. High-temperature superconductor (HTS) power transmission, which operates under cryogenic conditions, poses a unique challenge, as insulating layers can become brittle at low temperatures, leading to structural failures and electrical leakage. To address this, a novel polymer-based nanocomposite was developed using polyamic acid (PAA) as the host polymer and 1 wt.% OctaVinyl-substituted polyhedral oligomeric silsesquioxane (POSS) as the nanofillers. A comparable composite of PAA with sol-gel-generated silicon dioxide (SiO2) nanoparticles served as a control. The PAA/POSS samples were processed under a nitrogen environment using tetrahydrofuran (THF) as the primary solvent for uniform POSS dispersion. Dielectric performances of both nanocomposites were evaluated through alternating current (AC) and direct current (DC) breakdown tests at room temperature, followed by post-breakdown characterization using scanning electron microscopy (SEM). The PAA/POSS films exhibited superior dielectric strengths of $100.97 \text{kV} / \text{mm}$ (AC) and $155.89 \text{kV} / \text{mm}$ (DC), outperforming the PAA-SiO2 films, which achieved $78.31 \text{kV} / \text{mm}$ (AC) and $101.81 \text{kV} / \text{mm}$ (DC). This enhancement is attributed to strong interactions between the cage-like silicon structure of OctaVinyl POSS and the PAA matrix. Given these promising results at room temperature, future research will expand the dielectric property investigations of PAA/POSS nanocomposites to cryogenic conditions similar to those used in HTS cable operations.","1944-9380","979-8-3315-1271-2","10.1109/NANO63165.2025.11113508","","https://ieeexplore.ieee.org/stamp/stamp.jsp?arnumber=11113508","Nanocomposites;Polyamic acid;OctaVinyl POSS;Sol-gel SiO2;Dielectric strength","High-temperature superconductors;Solvents;Scanning electron microscopy;Films;Power transmission;Cryogenics;Dielectrics;Dielectric breakdown;Polymers;Cables","","","","13","IEEE","12 Aug 2025","13-16 July 2025","13-16 July 2025","IEEE","IEEE Conferences"
"Visualization Study of Graphene-Acetone Nanofluids in a Flat Plate Pulsating Heat Pipe","Y. -C. Ho; T. -J. Huang; D. -J. Yao","National Tsing Hua University, Industrial Technology Research Institute, Hsinchu, Taiwan; Industrial Technology Research Institute, Hsinchu, Taiwan; National Tsing Hua University, Hsinchu, Taiwan",2025 IEEE 25th International Conference on Nanotechnology (NANO),"12 Aug 2025","2025","","","545","548","This paper reports a visualization study of a pulsating heat pipe with graphene nanofluids. To simulate a metal pulsating heat pipe, the experiment utilizes a metal flat plate more realistically with grooves for the pulsating heat pipe, and a glass plate is installed at the front. The graphene nanofluids uses acetone as the solvent, with graphene nano powder added, without the use of surfactants. Compared to existing technologies, the graphene nanofluids, as observed through visualization, can enhance the gas column advancement speed. It is also found that the fluid velocity directly influences the heat exchange performance of the metal flat plate pulsating heat pipe, resulting in a 44.79 % reduction in thermal resistance.","1944-9380","979-8-3315-1271-2","10.1109/NANO63165.2025.11113813","Industrial Technology Research Institute(grant numbers:Q301AR3410); ","https://ieeexplore.ieee.org/stamp/stamp.jsp?arnumber=11113813","Graphene;Pulsating heat pipe;Acetone","Nanoparticles;Temperature measurement;Visualization;Fluids;Thermal resistance;Graphene;Heat pipes;Glass;Nanofluidics;Surface tension","","","","16","IEEE","12 Aug 2025","13-16 July 2025","13-16 July 2025","IEEE","IEEE Conferences"
"Optimizing Concentration of SiO2 Nanoparticles in PAA-Based Composites for Dielectric Strength Under Cryogenic Conditions","A. K. Singh; J. Ericksen; W. Xue","Department of Mechanical Engineering, Rowan University, Glassboro, New Jersey, USA; Department of Mechanical Engineering, Rowan University, Glassboro, New Jersey, USA; Department of Mechanical Engineering, Rowan University, Glassboro, New Jersey, USA",2025 IEEE 25th International Conference on Nanotechnology (NANO),"12 Aug 2025","2025","","","549","552","In industries such as power transmission and cryogenics, there is a growing need for polymeric insulating materials that consistently maintain high dielectric properties across a wide temperature range. However, achieving optimal insulation performance under extreme conditions remains challenging for a single polymer system. To address this limitation, thin films of polymer-based nanocomposites are being explored. In this study, thin films of polyamic acid (PAA) with different concentrations (0,2,4,6,8 wt.%) of 3aminopropyl triethoxysilane (APTES) surface coated SiO2 were fabricated. The nanoparticles were dispersed in a dimethyl sulfoxide (DMSO) solvent to ensure uniform distribution. The films were prepared using a spin coating technique, followed by a controlled curing process and subsequent peeling from the substrate. To assess their dielectric performance, high-voltage alternating current (AC) and direct current (DC) breakdown tests were conducted on nanocomposite films at a cryogenic temperature (93 K). Post-breakdown characterization of failure structures was performed using scanning electron microscopy (SEM), with elemental analysis carried out through energydispersive spectroscopy (EDS). The results indicate that the PAA nanocomposite containing 6wt. % SiO2 exhibited the highest dielectric strength among all compositions. It possessed superior dielectric strength, achieving 292.79 kV /mm under AC and 373.76 kV /mm under DC conditions. This enhancement in dielectric performance is attributed to strong interfacial interactions between the APTES-functionalized SiO2 nanoparticles and the PAA matrix.","1944-9380","979-8-3315-1271-2","10.1109/NANO63165.2025.11113771","","https://ieeexplore.ieee.org/stamp/stamp.jsp?arnumber=11113771","Polyamic acid;APTES-coated SiO2;Nanocomposites;Dielectric strength;SEM;Cryogenics","Nanoparticles;Silicon compounds;Scanning electron microscopy;Solvents;Nanocomposites;Films;Cryogenics;Dielectrics;Dielectric breakdown;Polymers","","","","19","IEEE","12 Aug 2025","13-16 July 2025","13-16 July 2025","IEEE","IEEE Conferences"
"An Early Lung Cancer Diagnostical Method Using Nonanal Biomarker Through Surface-Enhanced Raman Spectroscopy","E. Shao; A. McClelland; T. H. Zeng","Junior at Lexington High School, Lexington, MA, USA; Center for Nanoscale Systems at Harvard University, Cambridge, MA, USA; Innobridge Institute, Cambridge, MA, USA",2025 IEEE 25th International Conference on Nanotechnology (NANO),"12 Aug 2025","2025","","","554","558","Lung Cancer (LC) is one of the leading causes of cancer-related death worldwide, with early detection being crucial to improve treatment results and survival rates. Current diagnostic approaches, such as CT scans, frequently lack the sensitivity and specificity required for effective early detection, highlighting the need for innovative diagnostic tools. This study aims to investigate the use of Surface-Enhanced Raman Spectroscopy (SERS) as a non-invasive, rapid, and highly sensitive platform for early diagnosis of lung cancer. SERS utilizes the plasmonic properties of nanostructures to amplify Raman scattering signals, enabling the identification of molecular biomarkers at trace levels. In this study, SERS is used to track the saturated aldehyde nonanal (C9H18O) due to its high reported concentrations, which are correlated with lung cancer development. Tracking nonanal as a volatile organic compound that is often associated with oxidative stress and lipid peroxidation links the saturation to possible cancer development and progression. Nonanal, a byproduct of lipid peroxidation in polyunsaturated fatty acids, serves as a biomarker due to its elevated levels in LC patients [4]. Trace concentration changes of the nonanal as a biomarker can be highly sensitively detected, indicating early diagnosis of lung cancer is possible with the SERS proposed in this project. This study demonstrates a clinically viable, non-invasive SERSbased method for detecting Nonanal at trace concentrations (as low as 0.0019813 ⋉ 10-3nmol/mL), offering a potential low-cost alternative to LDCT for early lung cancer screening in highrisk populations.","1944-9380","979-8-3315-1271-2","10.1109/NANO63165.2025.11113775","","https://ieeexplore.ieee.org/stamp/stamp.jsp?arnumber=11113775","","Nanoparticles;Volatile organic compounds;Gold;Silver;Raman scattering;Lung cancer;Lipidomics;Calibration;Surface treatment;Substrates","","","","14","IEEE","12 Aug 2025","13-16 July 2025","13-16 July 2025","IEEE","IEEE Conferences"
"Nanofabrication of SiNW Sensors with Au and Ag","B. Kim; R. U. Bhuiyan; T. Selvarathinam; J. W. Park","Grove School of Engineering, The City University of New York, New York, USA; Grove School of Engineering, The City University of New York, New York, USA; Grove School of Engineering, The City University of New York, New York, USA; Korea Research Institute of Ships and Ocean, Daejeon, Republic of Korea",2025 IEEE 25th International Conference on Nanotechnology (NANO),"12 Aug 2025","2025","","","564","568","This work investigates gold and silver-metal-deposited silicon nanowire (SiNW)-based nanosensor devices for sensor applications, focusing on stability, sensitivity, and reaction time. Metal-deposited SiNW-based nanosensor devices made of gold (Au) or silver (Ag) have generated broad interest due to their unique properties, including a high surface-to-volume ratio and exceptional electrical conductivity. Gold and silver have excellent conductivity and chemical stability, making them ideal for establishing contact between nanowires and devices. The electrical conductivity, durability, and selectivity of the nanosensor devices were evaluated in various environments, followed by the examination of target molecules, such as gases or biomolecules. Based on the metal deposition, silver-deposited devices show a superior response rate, but gold-deposited devices exhibit better response rates with high stability. This comparison study offers valuable insights into the optimization and evaluation of metal contact in sensor devices for industrial and environmental applications.","1944-9380","979-8-3315-1271-2","10.1109/NANO63165.2025.11113787","Ministry of Ocean and Fisheries, Korea(grant numbers:1525013872); Department of Homeland Security; ","https://ieeexplore.ieee.org/stamp/stamp.jsp?arnumber=11113787","","Gold;Silver;Conductivity;Nanoscale devices;Stability analysis;Oxidation;Etching;Silicon;Sensors;Time factors","","","","9","IEEE","12 Aug 2025","13-16 July 2025","13-16 July 2025","IEEE","IEEE Conferences"
"Strain-Regulated Polarity Switching in Flexible MoTe2 Transistors","B. Wang; B. Chang; J. Chen; H. Xu; L. Sun; C. Zhao; Z. Wang; Y. Zhang; L. Tao","School of Materials Science and Engineering, Southeast University, Nanjing, China; School of Materials Science and Engineering, Southeast University, Nanjing, China; School of Materials Science and Engineering, Southeast University, Nanjing, China; School of Materials Science and Engineering, Southeast University, Nanjing, China; School of Materials Science and Engineering, Southeast University, Nanjing, China; School of Materials Science and Engineering, Southeast University, Nanjing, China; School of Materials Science and Engineering, Southeast University, Nanjing, China; School of Materials Science and Engineering, Southeast University, Nanjing, China; School of Materials Science and Engineering, Southeast University, Nanjing, China",2025 IEEE 25th International Conference on Nanotechnology (NANO),"12 Aug 2025","2025","","","571","574","Molybdenum ditelluride (MoTe2), a recently emerging two-dimensional transition metal dichalcogenide (TMDC), has demonstrated excellent electrical properties for next-generation flexible electronics. However, its devices still suffer from limited carrier mobility and ineffective modulation of ambipolar transport behavior. Herein, this work represents a flexible locally buried-gated MoTe2 transistors that feature hole and electron mobilities up to 24.63 and $13.51 \text{cm}^{2} / \mathrm{V} \cdot \mathrm{s}$, respectively. In addition, we demonstrate the strain-induced polarity transition via customized platforms, resulting from strain-dependent band structure in 2D MoTe2. Our work exhibits the potential of MoTe2 for future flexible integrated CMOS circuits.","1944-9380","979-8-3315-1271-2","10.1109/NANO63165.2025.11113680","National Key R&D Program(grant numbers:2022YFB4400100); National Science Foundation of China(grant numbers:T2321002); ","https://ieeexplore.ieee.org/stamp/stamp.jsp?arnumber=11113680","MoTe2;flexible transistors;strain effect;high-speed electronics;programmable flexible devices","Band structures;Modulation;Electron mobility;Tunneling;Transistors;Transition metal dichalcogenides;Surges;Next generation networking;Strain;Switching circuits","","","","17","IEEE","12 Aug 2025","13-16 July 2025","13-16 July 2025","IEEE","IEEE Conferences"
"Planar Strained-Layer Superlattice Based Infrared Photodetectors Using Diffusion Technique","A. Dehzangi; J. Li","Department of Electrical and Computer Engineering, University of Texas at Dallas, Richardson, Texas, USA; Applied Optoelectronics Inc, Sugar Land, Texas, USA",2025 IEEE 25th International Conference on Nanotechnology (NANO),"12 Aug 2025","2025","","","579","583","Strained layer superlattice (SLS) material system has enabled a quantum mechanical based devices to leverage nanoelectronics into the infrared photodetection. Unique band structure engineering capability along with diversity exists in III-V material has offered viable alternatives towards achieving high performance long- wavelength and mid-wavelength infrared photodetectors for military and commercial applications. In this work, we present recent progress on planar InAs/InAs1-xSbx SLS photodetectors using diffusion technique. Mid-wavelength infrared Zn -diffused planar photodetectors were processed and grown by metal-organic chemical vapor deposition and molecular-beam epitaxy system. The electrical and optical performance of the mid-wavelength devices are reported and the compared.","1944-9380","979-8-3315-1271-2","10.1109/NANO63165.2025.11113767","","https://ieeexplore.ieee.org/stamp/stamp.jsp?arnumber=11113767","Mid-wavelength infrared photodetector;planar structure;Zinc diffusion;Strained layer superlattice","Performance evaluation;Band structures;Quantum mechanics;Molecular beam epitaxial growth;Photodetectors;Optical superlattices;Chemical vapor deposition;Zinc;Optical devices;Nanoelectronics","","","","18","IEEE","12 Aug 2025","13-16 July 2025","13-16 July 2025","IEEE","IEEE Conferences"
"Flow-Assisted in-Line Fabrication of Luminescent Organic Nanoparticles via Simultaneous Ultrasonication and Visible Laser Processing","A. Tomioka; K. Nishikawa; S. Horiuti; R. Ogawauchi; S. Hayasaki; T. Matsuoka","Osaka Electro-Communication University, Osaka, Japan; Osaka Electro-Communication University, Osaka, Japan; Osaka Electro-Communication University, Osaka, Japan; Osaka Electro-Communication University, Osaka, Japan; Osaka Electro-Communication University, Osaka, Japan; Osaka Electro-Communication University, Osaka, Japan",2025 IEEE 25th International Conference on Nanotechnology (NANO),"12 Aug 2025","2025","","","584","587","Luminescent organic nanoparticles were success fully fabricated within water flow through a glass capillary using simultaneous ultrasonication and visible nanosecond pulse laser irradiation. This novel processing technique opens a new way to continuous production of luminescent organic nanoparticles in large scale.","1944-9380","979-8-3315-1271-2","10.1109/NANO63165.2025.11113807","Amada Foundation(grant numbers:AF-2022218-B3); ","https://ieeexplore.ieee.org/stamp/stamp.jsp?arnumber=11113807","","Nanoparticles;Fabrication;Radiation effects;Microscopy;Lasers;Glass;Continuous production;Fluorescence;Nanotechnology","","","","11","IEEE","12 Aug 2025","13-16 July 2025","13-16 July 2025","IEEE","IEEE Conferences"
"Gate-Driven Bi-Directional Photoresponse in MoTe2 Based Field Effect Transistors","K. Intonti; A. Sessa; H. Neill; V. Patil; A. Pelella; N. Martucciello; L. Ansari; P. K. Hurley; F. Gity; A. Di Bartolomeo","Department of Physics, University of Salerno, Fisciano, Salerno; Department of Physics, University of Salerno, Fisciano, Salerno; MicroNano Systems, Tyndall National Institute, Cork, Ireland; MicroNano Systems, Tyndall National Institute, Cork, Ireland; Department of Physics, University of Salerno, Fisciano, Salerno; Department of Physics, CNR-SPIN, Fisciano, Salerno; MicroNano Systems, Tyndall National Institute, Cork, Ireland; MicroNano Systems, Tyndall National Institute, Cork, Ireland; MicroNano Systems, Tyndall National Institute, Cork, Ireland; Department of Physics, University of Salerno, Fisciano, Salerno",2025 IEEE 25th International Conference on Nanotechnology (NANO),"12 Aug 2025","2025","","","588","593","A flexible, multi-mode and adaptable response plays a crucial role in the design of next generation devices to keep up with the rise of neuro-artificial intelligence. A bidirectional behavior, which consists in the coexistence of positive and negative photoconductivity (PPC and NPC), is required as a first ingredient to enable multi-dimensional information expansion. In this context, transistors based on ambipolar twodimensional (2D) materials offer great opportunities for next generation nanophotonic devices. In this study we investigate the gate-driven bidirectionality of a MoTe2-based field effect transistor in high vacuum. The device shows an ambipolar transfer characteristic that evolves from a p- to an n-type dominant behavior, and we monitored the main figures of merit over time. It exhibits a tunable photoresponse under the illumination of a white supercontinuum laser that strongly depends on the operating conditions. We demonstrate that both PPC and NPC can be induced by changing the applied gate voltage. The hysteretic behavior of MoTe2 enables further information channels, since the photocurrent sign and intensity also depend on the previous history of the material. In the end, we explore the switching properties of the device to sequences of laser pulses of increasing intensity.","1944-9380","979-8-3315-1271-2","10.1109/NANO63165.2025.11113515","University of Salerno(grant numbers:ORSA243813); ","https://ieeexplore.ieee.org/stamp/stamp.jsp?arnumber=11113515","MoTe2;ambipolarity;positive and negative photoconductivity;gate-driven bi-directionality","Visualization;Optical switches;Field effect transistors;Lasers;Voltage;Bidirectional control;Logic gates;Photoconductivity;Next generation networking;Optical pulses","","","","17","IEEE","12 Aug 2025","13-16 July 2025","13-16 July 2025","IEEE","IEEE Conferences"
"Nano Detection of Salivary Glucose for the Early Diagnosis of Diabetes","J. Feng; A. McClelland; T. H. Zeng","Newton North High School, Newton, MA, USA; Center for Nanoscale Systems, Harvard University, Cambridge, MA, USA; Innobridge Institute, Cambridge, MA, USA",2025 IEEE 25th International Conference on Nanotechnology (NANO),"12 Aug 2025","2025","","","595","598","Diabetes Mellitus is a leading cause of death in the United States with rising rates of diagnosis. Diabetes can be classified into two main types with one developing later in life (Type II) than the other (Type I). Proper detection of glucose level can be helpful for providing appropriate treatment and effective management. The current means of clinical diagnosis for diabetes depends on the use of needles and pricking either to sample blood or reach interstitial fluid. Yet, the problems that arise with this method are the risk of infection from its invasiveness and discomfort it causes. Easy to perform and noninvasive methods are always attractive due to the straightforward and potentially high patient compliance. This research examines an alternative method for predicting blood glucose using saliva, an openly available biofluid that is thus easily sampled. It explores the use of Surface Enhanced Raman Spectroscopy (SERS) and silver nanoparticles to conveniently detect salivary glucose. Advantages that come with this technique include its noninvasive nature, simplicity, and effectiveness. This study also analyzes the surface enhancement for glucose in Raman spectroscopy and correlation between glucose concentration and Raman.","1944-9380","979-8-3315-1271-2","10.1109/NANO63165.2025.11113734","","https://ieeexplore.ieee.org/stamp/stamp.jsp?arnumber=11113734","","Nanoparticles;Silver;Accuracy;Raman scattering;Needles;Glucose;Diabetes;Blood;Nanotechnology;Testing","","","","13","IEEE","12 Aug 2025","13-16 July 2025","13-16 July 2025","IEEE","IEEE Conferences"
"Multi-Step Inverse Design Optimization for Structural Colors Using Dielectric Materials","A. Li; J. Kim; M. Li; Y. Sun; P. Leu","The Early College at Guilford, Guilford College, Greensboro, North Carolina, USA; Dept. of Industrial Engineering, University of Pittsburgh, Pittsburgh, Pennsylvania, USA; Dept. of Chemical Engineering, University of Pittsburgh, Pittsburgh, Pennsylvania, USA; Dept. of Industrial Engineering and Operations Research, Columbia University, New York City, New York, USA; Dept. of Industrial Engineering, University of Pittsburgh, Pittsburgh, Pennsylvania, USA",2025 IEEE 25th International Conference on Nanotechnology (NANO),"12 Aug 2025","2025","","","599","604","This paper presents an efficient multistep approach for the inverse design of structural colors based on multilayered pseudo Fabry-Pérot cavities. The methodology focuses on three- and four-layer structures, as additional layers provide only minimal improvement in color space and inevitably increase the fabrication cost. The process consists of three key steps: (1) generating a few thousand data points through forward simulations, (2) training a Decision Tree algorithm to produce an initial design, and (3) refining the design using a random-walk search algorithm to minimize error. This multistep approach significantly reduces computational time while improving design accuracy. In addition, it enables the exploration of the full-color gamut achievable with a given multilayer structure.","1944-9380","979-8-3315-1271-2","10.1109/NANO63165.2025.11113770","","https://ieeexplore.ieee.org/stamp/stamp.jsp?arnumber=11113770","Multilayer structural colors;Inverse Design;Fabry-Pérot Cavity;Decision Tree;Random Search Optimization","Training;Image color analysis;Computational modeling;Refining;Nonhomogeneous media;Fabry-Perot;Inverse design;Decision trees;Optimization;Nanotechnology","","","","19","IEEE","12 Aug 2025","13-16 July 2025","13-16 July 2025","IEEE","IEEE Conferences"
"A 2-Bit-Per-Cycle SAR ADC Prototype for Application in Biohybrid Systems Interfacing","G. Kleitsiotis; I. K. Chatzipaschalis; I. Tompris; T. P. Chatzinikolaou; I. . -A. Fyrigos; A. Adamatzky; P. Ayres; I. Vourkas; G. C. Sirakoulis","Department of Electrical and Computer Engineering, Democritus University of Thrace, Xanthi, Greece; Department of Electrical and Computer Engineering, Democritus University of Thrace, Xanthi, Greece; Department of Electrical and Computer Engineering, Democritus University of Thrace, Xanthi, Greece; Department of Electrical and Computer Engineering, Democritus University of Thrace, Xanthi, Greece; Department of Electrical and Computer Engineering, Democritus University of Thrace, Xanthi, Greece; Department of Computer Science and Creative Technologies, University of the West of England, Bristol, UK; Royal Danish Academy, Institute of Architecture and Technology, Copenhagen, Denmark; Department of Electrical and Computer Engineering, Democritus University of Thrace, Xanthi, Greece; Department of Electrical and Computer Engineering, Democritus University of Thrace, Xanthi, Greece",2025 IEEE 25th International Conference on Nanotechnology (NANO),"12 Aug 2025","2025","","","607","611","The exploration of bioelectric action potentials within fungal mycelium networks has created new possibilities for the development of biohybrid systems for sensing and communication. With recent studies suggesting possible neuromorphic processing through distinct patterns of electrical spikes, the demand to interface with such networks increases. However, reliable capturing and processing of such signals due to their low frequency, amplitude, and noise susceptibility presents a significant engineering challenge; this work demonstrates a prototype of a successive approximation register analogue to digital converter designed to facilitate accurate data acquisition of biological signals. The proposed design is capable of resolving 2 bits per conversion cycle by employing a four-fully-differential-comparator scheme and dynamic voltage scaling, achieving higher bit rates without sacrifices in terms of power consumption or resolution. Initial FPGA-in-the-loop simulations demonstrate the concept's functionality setting the foundation for developing advanced biohybrid interface systems, thus supporting novel applications in the emerging fields of neuromorphic computing and environmental sensing.","1944-9380","979-8-3315-1271-2","10.1109/NANO63165.2025.11113708","","https://ieeexplore.ieee.org/stamp/stamp.jsp?arnumber=11113708","SAR ADC;2-bit-per-cycle ADC;FPGA Prototyping;FIL Simulation;Mixed-Signal Circuits;Neuromorphic Computing;Biohybrid Interfacing;Unconventional Computing;Advanced Sensing","Power demand;Neuromorphic engineering;Computational modeling;Biological system modeling;Noise;Prototypes;Reliability engineering;Sensors;Registers;Signal resolution","","","","21","IEEE","12 Aug 2025","13-16 July 2025","13-16 July 2025","IEEE","IEEE Conferences"
"A Nervous System-Based Skin-Gastrointestinal Communication System for Biomedical Applications","L. -Y. Zhao; Z. Liu; L. Lin","College of Electronics and Information Engineering, Tongji University, Shanghai, China; College of Electronics and Information Engineering, Tongji University, Shanghai, China; College of Electronics and Information Engineering, Tongji University, Shanghai, China",2025 IEEE 25th International Conference on Nanotechnology (NANO),"12 Aug 2025","2025","","","612","617","In recent years, gastrointestinal (GI) health has attracted growing interest due to its critical role in digestion, absorption, and neural regulation, often being referred to as the “second brain.” However, existing capsule-based systems for GI monitoring primarily rely on wireless or Bluetooth communication, which suffers from signal attenuation caused by tissue interference, as well as issues like electromagnetic noise and high power consumption. To overcome these limitations, this paper proposes a skin-GI communication system that leverages the human nervous system as a transmission medium. The system employs transcutaneous electrical acustimulation (TEA) to activate cutaneous sensory receptors, triggering action potentials that propagate through peripheral neurons, the spinal cord, and parasympathetic pathways. These neural signals modulate the contraction rhythm of GI smooth muscle, producing strainbased physiological responses that can be sensed and decoded by an implanted device within the GI tract. This work presents the system framework, formulates its communication model, and evaluates its performance through theoretical analysis and simulation. This research not only introduces a novel humanintegrated communication paradigm, but also demonstrates its potential for practical applications, including real-time ingestion monitoring, smart drug delivery, and disease management.","1944-9380","979-8-3315-1271-2","10.1109/NANO63165.2025.11113521","","https://ieeexplore.ieee.org/stamp/stamp.jsp?arnumber=11113521","skin-GI communication system;transcutaneous electrical acustimulation;biological communication","Wireless communication;Wireless sensor networks;Action potentials;Spinal cord;Neurons;Muscles;Real-time systems;Drug delivery;Monitoring;Diseases","","","","31","IEEE","12 Aug 2025","13-16 July 2025","13-16 July 2025","IEEE","IEEE Conferences"
"Hybrid CNN-BiLSTM for ISI Mitigation in Molecular Communication for Nanosensors with Imperfect Transmitter","L. Li; J. Chen; D. Jing; A. W. Eckford","College of Mechanical and Electronic Engineering, Northwest A&F University, Yangling, China; College of Mechanical and Electronic Engineering, Northwest A&F University, Yangling, China; College of Mechanical and Electronic Engineering, Northwest A&F University, Yangling, China; Department of Electrical Engineering and Computer Science, York University, Toronto, Canada",2025 IEEE 25th International Conference on Nanotechnology (NANO),"12 Aug 2025","2025","","","618","622","Inter-symbol interference (ISI) mitigation is a critical challenge in diffusion-based molecular communication systems for nanosensors due to the inherent channel memory at the nanoscale. In the presence of an imperfect transmitter, the emitted molecules include interference components, further complicating signal decoding at the receiver. Traditional ISI mitigation techniques often rely on precise channel state information, which is time-varying and computationally demanding. To address this issue, we propose a hybrid deep learning model, C-BiLSTM, which integrates convolutional neural networks (CNN) for local feature extraction and bidirectional long short-term memory (BiLSTM) networks for capturing long-range dependencies. The model is trained and decoded using received time-window sequences to enhance detection performance. Simulation results demonstrate that C-BiLSTM achieves a lower bit error rate (BER) than CNN alone and approaches the optimal detection performance. These findings highlight the potential of deep learning-based approaches for ISI mitigation, offering a promising solution for enhancing reliability in molecular communication systems.","1944-9380","979-8-3315-1271-2","10.1109/NANO63165.2025.11113723","","https://ieeexplore.ieee.org/stamp/stamp.jsp?arnumber=11113723","Molecular Communication;ISI mitigation;Deep Learning","Deep learning;Transmitters;Nanosensors;Prevention and mitigation;Bit error rate;Molecular communication;Receivers;Interference;Feature extraction;Convolutional neural networks","","","","7","IEEE","12 Aug 2025","13-16 July 2025","13-16 July 2025","IEEE","IEEE Conferences"
"Nanosensing of Hepatitis E Virus in Swine Using Graphene","S. Chick; M. A. Kachouei; K. Knowlton; X. -J. Meng; M. A. Ali","School of Animal Sciences, Virginia Tech, Blacksburg, VA, USA; School of Animal Sciences, Virginia Tech, Blacksburg, VA, USA; School of Animal Sciences, Virginia Tech, Blacksburg, VA, USA; Biomedical Sciences and Pathobiology, Virginia Tech, Blacksburg, Virginia, USA; School of Animal Sciences, Virginia Tech, Blacksburg, VA, USA",2025 IEEE 25th International Conference on Nanotechnology (NANO),"12 Aug 2025","2025","","","637","640","Sensing of the hepatitis E virus is crucial for effective porcine health management and prevention of spread to humans. This study presents the development of a nanosensor using graphene nanosheets to detect hepatitis E antigen within a minute. The graphene layer not only increases the loading of antibodies specific to the hepatitis E virus but also enhances sensitivity and selectivity. This sensor is sensitive to 10 fM of hepatitis E antigen. This nanosensor holds significant potential for the rapid and early detection and monitoring of hepatitis E, thereby contributing to enhanced public health outcomes and the safety of pork products.","1944-9380","979-8-3315-1271-2","10.1109/NANO63165.2025.11113826","","https://ieeexplore.ieee.org/stamp/stamp.jsp?arnumber=11113826","hepatitis E;antibody;nanosensor;graphene","Antigens;Sensitivity;Liver diseases;Graphene;Antibodies;Sensors;Safety;Public healthcare;Viruses (medical);Testing","","1","","11","IEEE","12 Aug 2025","13-16 July 2025","13-16 July 2025","IEEE","IEEE Conferences"
"Optimization of Ag/Si Schottky Device: Enhancing Temperature Sensitivity by Silver Nanostructure Morphology for Surface Plasmon Resonance Enhancement","C. -L. Chen; Y. -L. Chen; T. -K. Chang; H. -S. Weng; Y. -H. Dong; C. -F. Lin","Graduate Institute of Photonics and Optoelectronics, National Taiwan University, Taipei, Taiwan; Graduate Institute of Photonics and Optoelectronics, National Taiwan University, Taipei, Taiwan; Graduate Institute of Photonics and Optoelectronics, National Taiwan University, Taipei, Taiwan; Graduate Institute of Photonics and Optoelectronics, National Taiwan University, Taipei, Taiwan; Graduate Institute of Photonics and Optoelectronics, National Taiwan University, Taipei, Taiwan; Graduate Institute of Photonics and Optoelectronics, National Taiwan University, Taipei, Taiwan",2025 IEEE 25th International Conference on Nanotechnology (NANO),"12 Aug 2025","2025","","","641","646","This study investigates the effects of modifying the surface nanostructure at the metal-semiconductor interface of a thin Ag/Si Schottky device. The results show that thermal annealing provides metal atoms with sufficient energy to rearrange, leading to the formation of a nano-island structure in the metal thin film. In this work, low-temperature annealing at 150–250°C was applied to slightly increase the size of silver nanoparticles. Compared to the morphology of the unannealed silver thin film, the surface light intensity was enhanced from $8.496 \mu \mathrm{W} / \mathrm{m}^{2}$ to $2243.48 \mu \mathrm{W} / \mathrm{m}^{2}$, an increase of approximately 264 times. Properly sized silver nanoparticles enhance the localized surface plasmon resonance (LSPR) effect, strengthening incident light absorption and the optical field enhancement effect, thereby improving photoelectric and photothermal conversion efficiency. With proper nanomorphology for the local field enhancement, the device could be used to successfully measured the human body temperature range of 35–42°C with a step increment of 0.2°C.","1944-9380","979-8-3315-1271-2","10.1109/NANO63165.2025.11113507","Ministry of Science and Technology (MOST)(grant numbers:111-2221-E-002-080-MY3); National Science and Technology Council (NSTC)(grant numbers:113-2218-E-002-030-MBK,113-2221-E-002-106-MY3); ","https://ieeexplore.ieee.org/stamp/stamp.jsp?arnumber=11113507","Mid-infrared detection;Schottky photothermal detectors;metal semiconductors;nanoparticles;photothermal response;human body temperature;thermal annealing","Nanoparticles;Temperature sensors;Silver;Temperature distribution;Annealing;Surface morphology;Surface plasmon resonance;Optical sensors;Optical films;Electric fields","","","","16","IEEE","12 Aug 2025","13-16 July 2025","13-16 July 2025","IEEE","IEEE Conferences"
"A Fully Planar Approach to Field-Coupled Nanocomputing: Scalable Placement and Routing Without Wire Crossings","B. Hien; M. Walter; S. Hofmann; R. Wille","Chair for Design Automation, Technical University of Munich, Germany; Chair for Design Automation, Technical University of Munich, Germany; Chair for Design Automation, Technical University of Munich, Germany; Chair for Design Automation, Technical University of Munich, Germany",2025 IEEE 25th International Conference on Nanotechnology (NANO),"12 Aug 2025","2025","","","649","654","Field-coupled Nanocomputing (FCN) is a class of promising post-CMOS technologies that transmit information through electric or magnetic fields instead of current flow. They utilize basic building blocks called cells, which can form gates that implement Boolean functions. However, the design constraints for FCN circuits differ significantly from those for CMOS. One major challenge is that wires in FCN have to be realized as gates, i. e., they are constructed from cells and incur the same costs as gates. Additionally, all FCN technologies are fabricated on a single layer, e.g., a silicon surface, requiring all elements-gates and wires-to be placed within that same layer. Consequently, FCN employs special gates, called wire crossings, to enable signals to cross. While existing wirecrossing implementations are complex and were previously considered costly, initial efforts have aimed at minimizing their use. However, recent physical simulations and experiments on a quantum annealing platform have shown that currently used wire crossings in FCN significantly compromise signal stability, to the extent that circuits cannot function reliably. This work addresses that issue by introducing the first placement and routing algorithm that produces fully planar FCN circuits, eliminating the need for all wire crossings. For a comparative evaluation, a state-of-the-art placement and routing algorithm was also modified to enforce planarity. However, our proposed algorithm is more scalable and can handle inputs with up to $149 k$ gates, enabling it to process circuits that are $182 \times$ more complex than those handled by the modified state-of-theart algorithm.","1944-9380","979-8-3315-1271-2","10.1109/NANO63165.2025.11113822","","https://ieeexplore.ieee.org/stamp/stamp.jsp?arnumber=11113822","","Scalability;Wires;Circuits;Refining;Simulated annealing;Logic gates;Routing;Quantum annealing;Stability analysis;Silicon","","","","29","IEEE","12 Aug 2025","13-16 July 2025","13-16 July 2025","IEEE","IEEE Conferences"
"Temperature and Drain-Voltage Effects on Negative Differential Resistance in a 1-D Channel Gate-All-Around FET","A. Verma; R. Nekovei; D. Shiri","Department of Electrical Engineering and Computer Science, Texas A&M University - Kingsville, Kingsville, Texas, USA; Department of Electrical Engineering and Computer Science, Texas A&M University - Kingsville, Kingsville, Texas, USA; Keysight Technologies Singapore (Sales) Pte. Ltd, Singapore",2025 IEEE 25th International Conference on Nanotechnology (NANO),"12 Aug 2025","2025","","","655","658","We report on the investigation of gate-voltage controlled Negative Differential Resistance (NDR) in a 1D carbon nanotube (CNT) active conducting channel Gate-AllAround Field Effect Transistor (GAAFET). In particular, the effects of temperatures, ranging from 4 K to 450 K, and different drain voltages are explored. It is found that the onset of NDR largely occurs at a specific gate voltage for a particular device topology. The slope of the differential resistance is largely controlled by the drain voltage, with higher drain voltages resulting in a greater slope. The temperature largely influences the current, with lower temperatures resulting in higher currents.","1944-9380","979-8-3315-1271-2","10.1109/NANO63165.2025.11113802","","https://ieeexplore.ieee.org/stamp/stamp.jsp?arnumber=11113802","Negative Differential Resistance (NDR);Carbon nanotube;phonon scattering;Gunn effect;GAAFET","Resistance;Temperature dependence;Temperature distribution;Field effect transistors;Scattering;Phonons;Logic gates;Carbon nanotubes;Topology;Voltage control","","","","12","IEEE","12 Aug 2025","13-16 July 2025","13-16 July 2025","IEEE","IEEE Conferences"
"Mitigating Crosstalk Delay in CNT Based VLSI Interconnects","M. Sharma; P. Joshi; M. K. Rai","Electronics and Communication Department, Prestige Institute of Engineering, Management and Research, Indore, MP, India; Electronics and Communication Department, Prestige Institute of Engineering, Management and Research, Indore, India; Electronics and Communication Department, Thapar Institute of Engineering and Technology, Patiala, India",2025 IEEE 25th International Conference on Nanotechnology (NANO),"12 Aug 2025","2025","","","659","664","This research investigates the efficacy of innovative carbon nanotube (CNT)-based interconnects combined with a passively protected multilayer graphene nanoribbon (MLGNR) layer. The study aims to reduce generated crosstalk and latency in a three-line capacitively coupled carbon nanotube interconnect design at the 14 nm technology node. Equivalent single conductor (ESC) transmission line models for carbon nanotubes (CNTs) and multi-layer graphene nanoribbons (MLGNRs) are utilized to assess propagation delay at the terminal of the victim line using SPICE simulations. A comparison study is performed between standard square CNT (SQCNT) bundles and newly suggested triangular CNT (T-CNT) bundles, examining both shielded and non-shielded topologies as a function of temperature. The findings reveal that the normalized delay and power delay product (PDP) for shielded triangular CNT bundles are always lower than shielded square shaped CNT bundles. Also, the results obtained for 300 K to 500 K, shielded one SQCNT or TCNT is showing less delay as compared to TCNT. These findings demonstrate that T-CNT shielded bundles are superior connectivity options, displaying the minimal generated delay and power delay product.","1944-9380","979-8-3315-1271-2","10.1109/NANO63165.2025.11113762","","https://ieeexplore.ieee.org/stamp/stamp.jsp?arnumber=11113762","Carbon Nanotubes;MLGNR;Crosstalk delay;Shielding effect","Graphene;Crosstalk;Carbon nanotubes;Very large scale integration;Nonhomogeneous media;Capacitance;SPICE;Delays;Topology;Standards","","","","34","IEEE","12 Aug 2025","13-16 July 2025","13-16 July 2025","IEEE","IEEE Conferences"
"A Hybrid Memristor-Schottky Diode Circuit for Threshold-Adjustable RF Power Detection","E. Tsipas; I. -A. Fyrigos; A. Mavropoulis; P. Dimitrakis; G. C. Sirakoulis","Department of Electrical and Computer Engineering, Democritus University of Thrace, Xanthi, Greece; Department of Electrical and Computer Engineering, Democritus University of Thrace, Xanthi, Greece; Department of Electrical and Computer Engineering, Democritus University of Thrace, Xanthi, Greece; National Center for Scientific Research “Demokritos”, Athens, Greece; Department of Electrical and Computer Engineering, Democritus University of Thrace, Xanthi, Greece",2025 IEEE 25th International Conference on Nanotechnology (NANO),"12 Aug 2025","2025","","","667","672","Recent studies are exploring novel electronic devices to revolutionize the telecoms sector in the era of 5 G and beyond. Harnessing memristor devices has showcased immense promise in this endeavor, where a wide variety of RF-centered devices are emerging in the last few years. In this work, drawing inspiration from energy harvesting applications, a hybrid circuit for RF power detection is designed and explored, harnessing the low-power operation of memristors and Schottky diodes, along with a circuit for automatic power on of the detector. The detector can be then shut off via an external input stimulus, which can also function as an electronically programmable threshold of detection for the circuit. Two architectures are explored and compared, namely 1 M 2 D and 1 M 1 D, offering promising results. The proposed detector demonstrates reliable operation for input power levels up to +4 dBm, maintaining consistent detection performance. Finally, further details on its architecture and prospective enhancements are discussed.","1944-9380","979-8-3315-1271-2","10.1109/NANO63165.2025.11113793","","https://ieeexplore.ieee.org/stamp/stamp.jsp?arnumber=11113793","5G & beyond;Memristor-based circuits;Power detector;RF switches;Schottky diode","Radio frequency;Schottky diodes;Memristors;Detectors;Switches;Hybrid power systems;Telecommunications;Energy harvesting;Integrated circuit reliability;Nanotechnology","","","","38","IEEE","12 Aug 2025","13-16 July 2025","13-16 July 2025","IEEE","IEEE Conferences"
