"Document Title",Authors,"Author Affiliations","Publication Title",Date Added To Xplore,"Publication Year","Volume","Issue","Start Page","End Page","Abstract","ISSN",ISBNs,"DOI",Funding Information,PDF Link,"Author Keywords","IEEE Terms","Mesh_Terms",Article Citation Count,Patent Citation Count,"Reference Count","License",Online Date,Issue Date,"Meeting Date","Publisher",Document Identifier
"NANO24 Front Matter","",,2024 IEEE 24th International Conference on Nanotechnology (NANO),"22 Aug 2024","2024","","","1","34","","1944-9380","979-8-3503-8624-0","10.1109/NANO61778.2024.10628595","","https://ieeexplore.ieee.org/stamp/stamp.jsp?arnumber=10628595","","","","","","","IEEE","22 Aug 2024","8-11 July 2024","8-11 July 2024","IEEE","IEEE Conferences"
"Accurate Modeling of Quantum Transport in Graphene Geometric Diode for THz Rectenna Applications","G. M. Zampa; D. Mencarelli; L. Pierantoni","Department of Information Engineering, Marche Polytechnic University, Ancona, Italy; Department of Information Engineering, Marche Polytechnic University, Ancona, Italy; Department of Information Engineering, Marche Polytechnic University, Ancona, Italy",2024 IEEE 24th International Conference on Nanotechnology (NANO),"22 Aug 2024","2024","","","1","4","Graphene geometric diodes could provide rectification at terahertz frequencies and present promising application in rectennas design for sensing and energy harvesting. This paper presents a multiphysics model for the simulation of rectennas, coupling quantum mechanics to simulate ballistic transport in the geometric diode and non linear electromagnetic simulation for the antenna rectification. The current-voltage characteristic, computed through a time-dependent Schrodinger equation approach, is then compared with experiments from the literature, providing a good matching. The diode has subsequently been used as a non linear element in the modelling of the rectenna device achieving a rectified voltage in the order of ten m V and a DC power conversion efficiency for different parallel resistive loads of few kiloohms in the range of 0.01 %.","1944-9380","979-8-3503-8624-0","10.1109/NANO61778.2024.10628926","","https://ieeexplore.ieee.org/stamp/stamp.jsp?arnumber=10628926","quantum simulations;graphene;geometric diodes;THz rectification","Rectennas;Computational modeling;Graphene;Current-voltage characteristics;Voltage;Mathematical models;Sensors","","","","16","IEEE","22 Aug 2024","8-11 July 2024","8-11 July 2024","IEEE","IEEE Conferences"
"Unravelling the Impact of Random Dopant Fluctuations on Si-Based 3nm NSFET: A NEGF Analysis","A. Dixit; A. Rezaei; N. Xeni; N. Kumar; T. Dutta; I. Topaloglu; P. Aleksandrov; A. Asenov; V. Georgiev","James Watt School of Engineering, University of Glasgow, Scotland, UK; Institute for Computing Systems Architecture, University of Edinburgh, Scotland, UK; James Watt School of Engineering, University of Glasgow, Scotland, UK; James Watt School of Engineering, University of Glasgow, Scotland, UK; James Watt School of Engineering, University of Glasgow, Scotland, UK; James Watt School of Engineering, University of Glasgow, Scotland, UK; James Watt School of Engineering, University of Glasgow, Scotland, UK; James Watt School of Engineering, University of Glasgow, Scotland, UK; James Watt School of Engineering, University of Glasgow, Scotland, UK",2024 IEEE 24th International Conference on Nanotechnology (NANO),"22 Aug 2024","2024","","","5","8","The utilization of Technology Computer-Aided Design (TCAD) tools for the simulation of both conventional and new electronic devices has become a crucial aspect within the semiconductor industry, as well as in academic research. This paper presents a comprehensive overview of our research investigating the impact of random dopant fluctuations on “3nm node” silicon nanosheet field effect transistors (NSFETs) fabricated. Our study employs NESS (Nano-Electronic Software Simulator), the in-house device simulator developed by the Device Modelling Group at the University of Glasgow. The first principle study was performed to calculate the electrical parameter of the material, and later a fully 3-D real Non-equilibrium Green's function (NEGF) simulation was performed to capture the device characteristics.","1944-9380","979-8-3503-8624-0","10.1109/NANO61778.2024.10628880","","https://ieeexplore.ieee.org/stamp/stamp.jsp?arnumber=10628880","Nanosheet;field-effect transistors;random dopants;NEGF;First Principles;Variability;NESS","Performance evaluation;Fluctuations;Field effect transistors;Software;Silicon;Nanoscale devices;Semiconductor process modeling","","5","","8","Crown","22 Aug 2024","8-11 July 2024","8-11 July 2024","IEEE","IEEE Conferences"
"Spectral Engineering of a Micro-Cavity using Nano-Scale Asymmetry","A. Al-Attili","Department of Energy Engineering, Faculty of Engineering Technology, Al Hussein Technical University, Amman, Jordan",2024 IEEE 24th International Conference on Nanotechnology (NANO),"22 Aug 2024","2024","","","9","12","A nano-scale asymmetrical grating applied to the circumference of a micro-cavity is proposed, creating a simple asymmetric micro-gear structure with unique characteristics. We demonstrate the effect of this asymmetry on mode splitting by correlating its dimensions to the free spectral range. Additionally, mode-dependent emission behavior is observed, selectively radiating whispering gallery modes (WGM) out-of-plane. Due to asymmetry, clockwise and counterclockwise versions of the cavity exist, enhancing the probability of a certain rotational direction of the WGMs. This enables the generation of vertically emitted modes of nonzero orbital angular momentum with specific order and chirality.","1944-9380","979-8-3503-8624-0","10.1109/NANO61778.2024.10628657","","https://ieeexplore.ieee.org/stamp/stamp.jsp?arnumber=10628657","","Q-factor;Visualization;Orbital calculations;Whispering gallery modes;Gratings;Time-domain analysis;Optimization","","","","20","IEEE","22 Aug 2024","8-11 July 2024","8-11 July 2024","IEEE","IEEE Conferences"
"Nanoparticle Tomography for Vascular Aneurysm Detection","Z. Chen; Z. Gong; S. Wen; Y. Sun; S. Shi; Y. Chen","School of Life Science and Technology, University of Electronic Science and Technology of China, Chengdu, China; Yangtze Delta Region Institute (Quzhou), University of Electronic Science and Technology of China, Quzhou, China; School of Life Science and Technology, University of Electronic Science and Technology of China, Chengdu, China; School of Mechanical and Electrical Engineering, Chengdu University of Technology, Chengdu, China; Yangtze Delta Region Institute (Quzhou), University of Electronic Science and Technology of China, Quzhou, China; School of Life Science and Technology, University of Electronic Science and Technology of China, Chengdu, China",2024 IEEE 24th International Conference on Nanotechnology (NANO),"22 Aug 2024","2024","","","13","16","A vascular aneurysm (VA) is an abnormal bulge or ballooning in the wall of a blood vessel, which results in a great risk of death after rupture. The best way to avoid VA rupture is to detect it at an early stage and take proper measures. However, there is no suitable method for early detection of VA. In this paper, we propose a novel nanoparticles (NPs) based sensing method for VA, namely, NP tomography (NPT). We first construct multiple blood vessel models in the forward problem by varying the location of VA and obtain the time-of-arrival (TOA) of NPs. In the inverse problem, we then infer the actual location of VA based on the recorded TOA of NPs, thereby enabling early VA sensing. The proposed methodology is validated through comprehensive COMSOL simulations. Numerical results demonstrate that the VA detection rate through NPT can be as high as 96 %.","1944-9380","979-8-3503-8624-0","10.1109/NANO61778.2024.10628757","","https://ieeexplore.ieee.org/stamp/stamp.jsp?arnumber=10628757","","Nanoparticles;Accuracy;Inverse problems;Simulation;Aneurysm;Blood vessels;Tomography","","","","20","IEEE","22 Aug 2024","8-11 July 2024","8-11 July 2024","IEEE","IEEE Conferences"
"WSe2 Negative Capacitance Field-Effect Transistor for Glucose Sensing","X. Wu; S. Gao; J. Wang","School of Integrated Circuits, Tsinghua University, Beijing, China; School of Integrated Circuits, Tsinghua University, Beijing, China; School of Integrated Circuits, Tsinghua University, Beijing, China",2024 IEEE 24th International Conference on Nanotechnology (NANO),"22 Aug 2024","2024","","","17","20","Field-effect transistor (FET) biosensors based on two-dimensional materials have been widely concerned in recent years because of their high sensitivity, label free, fast response and easy on-chip integration. However, constrained by the Boltzmann limit, the subthreshold swing (SS) of these sensors cannot fall below 60 mV/dec, posing challenges for further sensitivity enhancement. We present the biosensor based on a two-dimensional material WSe2 negative capacitance field-effect transistor (NCFET) with graphene electrodes, which achieves ultra-steep subthreshold swing (SS<60 mV/dec) in aqueous solution, while demonstrating extremely high glucose sensing sensitivity. At room temperature, WSe2 NCFET achieves a minimum subthreshold swing of 56 mV/dec in a liquid environment, and was used for the first time to detect glucose molecules with high sensitivity, wide detection range and specificity by enzymatic catalysis. The sensitivity of the WSe2 NCFET biosensor could reach 4800 A/A in a glucose solution with a concentration of 5 mM. This work inspires further basic research and potential applications for highly sensitive biosensors.","1944-9380","979-8-3503-8624-0","10.1109/NANO61778.2024.10628944","","https://ieeexplore.ieee.org/stamp/stamp.jsp?arnumber=10628944","","Temperature sensors;Temperature distribution;Sensitivity;Capacitance;Glucose;Sensors;System-on-chip","","","","12","IEEE","22 Aug 2024","8-11 July 2024","8-11 July 2024","IEEE","IEEE Conferences"
"Size-Dependent Formation of Au-NPs Monolayer Under High Electric Field","F. A. Deader; Y. Abbas; M. Rezeq; A. Qurashi; M. Al-Qutayri; V. Chan","Department of Physics and System on chip lab, Khalifa University, Abu Dhabi, UAE; Department of Physics and System on chip lab, Khalifa University, Abu Dhabi, UAE; Department of Physics and System on chip lab, Khalifa University, Abu Dhabi, UAE; Department of Chemistry, Khalifa University, Abu Dhabi, UAE; Department of Computer and Communication Engineering, Khalifa University, Abu Dhabi, UAE; Department of Biomedical Engineering and Biotechnology, Khalifa University, Abu Dhabi, UAE",2024 IEEE 24th International Conference on Nanotechnology (NANO),"22 Aug 2024","2024","","","21","24","Nanoparticles (NPs) are considered functional materials due to their fundamental properties of high surface-to-volume ratio, high conductivity, and diversified surface functionalization. We conducted experiments on NPs of different sizes and calculated their UV-Vis absorption and zeta potential when they were suspended as a colloid solution of DI water with some traces of citrate. NPs are stabilized by citrate ions and rendered with a net negative surface potential, which can be confirmed by using a zeta-sizer for zeta potential measurement. Citrate ions acting as ligands form a coating on the surface of NPs and induce electrostatic repulsion due to their overall negative charges, whereas NP's inner cores attract each other due to the van der Waals (vdW) force of attraction. The balance of repulsion and attraction keeps NPs stabilized in the aqueous solution for a prolonged period. Different sizes of NPs were subjected to an electric field to form the monolayer on a silicon substrate. The NPs of smaller sizes form an incomplete monolayer of disintegrated islands, due to their lower core: core attractions, these NPs fail to make a uniform and continuous monolayer. NPs of sizes greater than 40 nm show aggregation when placed in a high electric field environment due to their large core size and hence elevated core: core attraction. These large NPs aggregate irreversibly and form the clumps of NPs called nanoclusters. Interestingly, the optimal size of 20nm NPs leads to the formation of a perfectly hexagonally packed monolayer on the substrate when subjected to an electric field of $\approx 7.2\mathrm{x}10^{4}\mathrm{V}/\mathrm{m}$,","1944-9380","979-8-3503-8624-0","10.1109/NANO61778.2024.10628614","","https://ieeexplore.ieee.org/stamp/stamp.jsp?arnumber=10628614","","Electric potential;Solvents;Force;Ions;Silicon;Electric fields;Probes","","1","","23","IEEE","22 Aug 2024","8-11 July 2024","8-11 July 2024","IEEE","IEEE Conferences"
"Demonstration and Optimization of Multi-Fin Dual Spacer FinFET for Reliable Sub-THz Frequency Operation","J. Patel; N. Aggarwal; N. Bagga; V. Kumar; A. Dixit; N. Kumar; V. Georgiev; S. Dasgupta","Indian Institute of Technology, Roorkee, Uttarakhand, India; Indian Institute of Technology, Roorkee, Uttarakhand, India; School of Electrical Sciences, Indian Institute of Technology Bhubaneswar, Odisha, India; Department of Electronics Engineering, NIT - Uttarakhand, India; University of Glasgow, United Kingdom; University of Glasgow, United Kingdom; University of Glasgow, United Kingdom; Indian Institute of Technology, Roorkee, Uttarakhand, India",2024 IEEE 24th International Conference on Nanotechnology (NANO),"22 Aug 2024","2024","","","25","29","This paper proposes a dual dielectric (DD) spacer multi-fin (MF) FinFET for sub-THz frequency operation. The placement of the DD spacers over the source/drain (S/D) extension regions offers additional capacitances, which are included in the modified small-signal model to predict the Y-parameter behavior accurately. The modeled Y-parameters are in good agreement with the TCAD-extracted data. Dual spacer capacitance increases the gate coupling and thus improves the DC performance. The optimized device shows the stable marginal frequency $(f_{m})$ of 88.2 GHz, which is 21% higher than the baseline FinFET but at the cost of a diminished ratio of cut-off frequency to maximum oscillation frequency $(f_{T}/f_{max})$ due to additional spacer capacitance. $f_{T}$ and $f_{max}$ are obtained as 358 GHz and 579 GHz, respectively, for the optimal dual dielectric length. The paper thoroughly explores the behavior of capacitance and resistance modulation, transconductance, and intrinsic gain concerning the highic spacer length and the number of fins (n). A comprehensive analysis of various RF and stability figure-of-merits (FoMs) is conducted to determine the optimal operating conditions.","1944-9380","979-8-3503-8624-0","10.1109/NANO61778.2024.10628608","","https://ieeexplore.ieee.org/stamp/stamp.jsp?arnumber=10628608","Multi-fin FinFET;Dual-dielectric;Spacer engineering;Small-signal model;Sub-THz frequency","Performance evaluation;Resistance;Frequency modulation;Cutoff frequency;Logic gates;FinFETs;Stability analysis","","2","","11","IEEE","22 Aug 2024","8-11 July 2024","8-11 July 2024","IEEE","IEEE Conferences"
"On-the-fly Defect-Aware Design of Circuits based on Silicon Dangling Bond Logic","J. Drewniok; M. Walter; S. S. Hang Ng; K. Walus; R. Wille","Chair for Design Automation, Technical University of Munich, Germany; Chair for Design Automation, Technical University of Munich, Germany; Department of Electrical and Computer Engineering, University of British, Columbia, Canada; Department of Electrical and Computer Engineering, University of British, Columbia, Canada; Chair for Design Automation, Technical University of Munich, Germany",2024 IEEE 24th International Conference on Nanotechnology (NANO),"22 Aug 2024","2024","","","30","35","Silicon Dangling Bonds (SiDBs) have emerged as a promising post-CMOS technology for achieving ultra-low power dissipation, establishing themselves as a highly anticipated and environmentally friendly competitor in the realm beyond conventional CMOS. To support the SiDB logic framework, design automation approaches have rapidly evolved. However, at the atomic scale of SiDBs, material imperfections pose a significant roadblock in scaling these devices. Consequently, es-tablished design automation flows, which are defect-agnostic, are inadequate and have not kept pace with the latest experimental findings and advances in fabrication capabilities. A first attempt was recently proposed that extends established defect-agnostic physical design methods by rudimentary defect-aware capabilities. While promising at first glance, in this work, we show that this first attempt yields unsatisfactory results. Subsequently, we present a novel approach that automatically designs a tailored SiDB gate on-the-fly whenever an SiDB gate encounters atomic defects in its vicinity, thereby incorporating these atomic defects into its layout as an integral part. Our experimental evaluations confirm that the proposed approach is capable of designing SiDB circuits of significant complexity and size, even in the presence of atomic defects for the first time. Therefore, this work contributes to advancing this promising post-CMOS technology.","1944-9380","979-8-3503-8624-0","10.1109/NANO61778.2024.10628962","","https://ieeexplore.ieee.org/stamp/stamp.jsp?arnumber=10628962","","Fabrication;Design automation;Simulation;Circuits;Layout;Logic gates;Silicon","","2","","32","IEEE","22 Aug 2024","8-11 July 2024","8-11 July 2024","IEEE","IEEE Conferences"
"Nonlinear Optical Susceptibilities of [100], [110] and [111] Silicon Nanowires: A DFT Study","D. Shiri; M. G. Rabbani","Researcher at the Department of Microtechnology & Nanoscience, Chalmers University of Technology, Gothenburg, Sweden; Researcher at the Department of Microtechnology & Nanoscience, Chalmers University of Technology, Gothenburg, Sweden",2024 IEEE 24th International Conference on Nanotechnology (NANO),"22 Aug 2024","2024","","","36","40","Using time-independent density functional theory (TIDFT), we demonstrate enhancement of the 2nd order optical susceptibilities of narrow (1 nm – 2 nm) unstrained Silicon Nanowires (SiNW) due to surface termination. It is shown that $\mathrm{x}^{(2)}$ is enhanced up to 200 pm/V which promises a strong second harmonic generation (SHG) in SiNWs. For [100, 110] and [111] SiNWs, the $yxx$ component of $\mathrm{x}^{(2)}$ tensor is 81, 225 and 81 pm/V, respectively. These are in close agreement with values reported for strained silicon waveguides in experiments. For [110] and [100] nanowires, the 3rd order nonlinear optical susceptibility, $\mathrm{x}^{(3)}$, is within the range of $(0.1-12)\times 10^{-18}$ m2/V2 which is close to the experimental values for bulk silicon. For [111] nanowires this is 100 times better than bulk silicon. This study shows methods of enhancing SHG in SiNWs through symmetry breaking via strain and/or surface termination and reconstruction. It also showcases the suitability of this fast DFT-based method in predicting the nonlinear optical susceptibilities of nano structures.","1944-9380","979-8-3503-8624-0","10.1109/NANO61778.2024.10628839","","https://ieeexplore.ieee.org/stamp/stamp.jsp?arnumber=10628839","","Optical polarization;Tensors;Fitting;Frequency conversion;Silicon;Optical harmonic generation;Mathematical models","","","","17","IEEE","22 Aug 2024","8-11 July 2024","8-11 July 2024","IEEE","IEEE Conferences"
"Toward Development of Nanostructure Solar Cell: Role of Si in Copper-Zinc—Germanium—Sulfide/Selenide","B. C. A; S. Routray","Department of Electronics and Communication Engineering, College of Engineering and Technology, SRM Institute of Science and Technology, Kattankulathur, Tamil Nadu, India; Department of Electronics and Communication Engineering, College of Engineering and Technology, SRM Institute of Science and Technology, Kattankulathur, Tamil Nadu, India",2024 IEEE 24th International Conference on Nanotechnology (NANO),"22 Aug 2024","2024","","","41","45","Kesterite solar cells have gained significant popu-larity recently which are used as photovoltaic applications. On the other hand, their efficiency rates are less than 12.6 %. In kesterite solar cells, the utilization of nanostructure improves performance. In this work, the influence of the back surface field layer (BSF) on the performance of DQW (double quantum well) in copper-zinc-germanium-sulfide and selenide solar cells is investigated. A research study on mathematical analysis such as recombination through different loss mechanisms, electrical properties such as IV characteristics and optical properties such as IQE and EQE are explored. In a photovoltaic solar cell a novel structure CZGS/CZGSe DQW cell using Si as the BSF layer proposed, a remarkable efficiency of 24 % without defect and with defect 19 % is achieved.","1944-9380","979-8-3503-8624-0","10.1109/NANO61778.2024.10628706","","https://ieeexplore.ieee.org/stamp/stamp.jsp?arnumber=10628706","Back surface field;CuZnGeS;CuZnGeSe;Efficiency;Kesterite;Mixed-Ag;Quantum efficiency","Photovoltaic systems;Optical losses;Absorption;Photovoltaic cells;Mathematical analysis;Radiative recombination;Germanium","","","","21","IEEE","22 Aug 2024","8-11 July 2024","8-11 July 2024","IEEE","IEEE Conferences"
"Spiking Neural Networks with Nonidealities from Memristive Silicon Oxide Devices","V. C. Vu; A. Kenyon; D. Joksas; A. Mehonic; D. J. Mannion; W. H. Ng","Department of Electronic & Electrical Engineering, University College London (UCL), London, United Kingdom; Department of Electronic & Electrical Engineering, University College London (UCL), London, United Kingdom; Department of Electronic & Electrical Engineering, University College London (UCL), London, United Kingdom; Department of Electronic & Electrical Engineering, University College London (UCL), London, United Kingdom; Department of Electronic & Electrical Engineering, University College London (UCL), London, United Kingdom; Department of Electronic & Electrical Engineering, University College London (UCL), London, United Kingdom",2024 IEEE 24th International Conference on Nanotechnology (NANO),"22 Aug 2024","2024","","","46","50","Recent years have seen a rapid surge in the application of artificial neural networks in diverse cognitive settings. The augmented computational demands of these structures have led to an interest in new technologies and paradigms. Of all the artificial neural networks, the spiking neural network (SNN) is notable for its capability to imitate the energy-efficient signalling system in the brain. The memristor presents a promising potential for the integration of SNN into hardware, despite certain non-ideal device properties posing a challenge to its implementation. This study involves the simulation of a SNN model utilizing experimental data on silicon oxide. Particularly, it examines the impact of a non-linear weight update on SNN performance. SNNs were shown to possess tolerance for device non-linearity, while the network can simultaneously maintain a high degree of accuracy. These results provide valuable prior information for future implementation of silicon oxide device-based neuromorphic hardware.","1944-9380","979-8-3503-8624-0","10.1109/NANO61778.2024.10628612","","https://ieeexplore.ieee.org/stamp/stamp.jsp?arnumber=10628612","neuromorphic;spiking neural networks;mem-ristive devices;non-linearity","Training;Performance evaluation;Accuracy;Neuromorphics;Spiking neural networks;Silicon;Hardware","","1","","26","IEEE","22 Aug 2024","8-11 July 2024","8-11 July 2024","IEEE","IEEE Conferences"
"Technology Mapping for Beyond-CMOS Circuitry with Unconventional Cost Functions","D. S. Marakkalage; M. Walter; S. -Y. Lee; R. Wille; G. De Micheli","Integrated Systems Laboratory, EPFL, Lausanne, Switzerland; Chair for Design Automation, Technical University of Munich, Germany; Integrated Systems Laboratory, EPFL, Lausanne, Switzerland; Chair for Design Automation, Technical University of Munich, Germany; Integrated Systems Laboratory, EPFL, Lausanne, Switzerland",2024 IEEE 24th International Conference on Nanotechnology (NANO),"22 Aug 2024","2024","","","51","56","With beyond-CMOS circuit technologies emerging from scientific endeavors in an effort to outperform transistor-based logic in feature size, operation speed, and energy dissi-pation, it has become apparent that besides their differences in physical implementations, their design automation techniques also have to evolve past established norms. While conventional logic synthesis aggressively optimizes the number of nodes in logic networks (as a proxy criterion for area, delay, and power improvements), this trope does not incorporate the additional costs caused by inverters and interconnects in the form of wire segments, signal splitters, and cross-over cells as imposed onto novel circuit implementations such as photonic crystals and field-coupled nanotechnologies. In this work, we propose a novel scalable technology mapping algorithm that captures these unconventional costs by utilizing subcircuit databases that are obtained by applying technology-aware exact physical design techniques. This overcomes the substantial quality loss that previously inevitably occurred when generating beyond-CMOS circuit layouts from conventionally optimized logic networks. Our method achieves average improvements of 84.5 %, 74.5 %, and 65.2 % for the number of buffers, the number of crossings, and the critical path length, respectively, as compared to a state-of-the-art physical design algorithm for FCN circuits.","1944-9380","979-8-3503-8624-0","10.1109/NANO61778.2024.10628909","","https://ieeexplore.ieee.org/stamp/stamp.jsp?arnumber=10628909","Logic Synthesis;Technology Mapping;Beyond-CMOS;Physical Design Constraints","Optical losses;Costs;Design automation;Databases;Layout;Photonic crystals;Cost function","","2","","37","IEEE","22 Aug 2024","8-11 July 2024","8-11 July 2024","IEEE","IEEE Conferences"
"Unlocking Flexible Silicon Dangling Bond Logic Designs on Alternative Silicon Orientations","S. S. H. Ng; J. Drewniok; M. Walter; J. Retallick; R. Wille; K. Walus","Department of Electrical and Computer Engineering, University of British Columbia, Vancouver, BC, Canada; Chair for Design Automation, Technical University of Mu-nich, BY, Germany; Chair for Design Automation, Technical University of Mu-nich, BY, Germany; Department of Electrical and Computer Engineering, University of British Columbia, Vancouver, BC, Canada; Chair for Design Automation, Technical University of Mu-nich, BY, Germany; Department of Electrical and Computer Engineering, University of British Columbia, Vancouver, BC, Canada",2024 IEEE 24th International Conference on Nanotechnology (NANO),"22 Aug 2024","2024","","","57","62","With the impending plateau of Moore's Law, the search for novel computational paradigms has intensified. Silicon dangling bond (SiDB) logic emerges as a promising avenue in this quest, leveraging the quantum-dot-like properties of SiDBs and atomically precise fabrication techniques to realize logic functions at the nanometer scale. Advances in computer-aided design (CAD) tools specialized for SiDB logic exploration have also opened the door to novel logic research from the gate- to application-level. This paper introduces a lattice vector formulation for SiDB logic designs on alternative silicon lattice orientations, enabling the exploration of logic gates on arbitrary lattice orientations and addressing the limitations of previous SiDB logic research confined to the H-Si(100)-2 ×1 surface. A comprehensive workflow for designing standard tile libraries compatible with design automation frameworks is proposed, facilitating the scaling of SiDB layouts to large-scale systems implementation on multiple lattice orientations. We demonstrate the proposed lattice vector representation and the library design workflow through a case study on the H-Si(111)-1×1 surface, showcasing the first logic gates designed for this orientation. This advancement opens new avenues for SiDB logic research, enabling rigorous evaluations of various lattice orientations for future logic design studies and experimental investigations.","1944-9380","979-8-3503-8624-0","10.1109/NANO61778.2024.10628802","","https://ieeexplore.ieee.org/stamp/stamp.jsp?arnumber=10628802","","Layout;Wires;Lattices;Logic gates;Libraries;Silicon;Logic design","","1","","28","IEEE","22 Aug 2024","8-11 July 2024","8-11 July 2024","IEEE","IEEE Conferences"
"Impact of Oleylamine-Coated ZnO NPs and ZnO-Geraniol Nanocapsules on the Control of the Herbivore Tuta absoluta in Tomato Plants","K. Giannousi; S. Andreadis; I. Sperdouli; C. Dendrinou-Samara","Department of Chemistry, Aristotle, Laboratory of Inorganic Chemistry, University of Thessaloniki, Thessaloniki, Greece; Institute of Plant Breeding and Genetic Resources, Hellenic Agricultural Organization «DIMITRA», Thermi, Greece; Institute of Plant Breeding and Genetic Resources, Hellenic Agricultural Organization «DIMITRA», Thermi, Greece; Department of Chemistry, Aristotle University of Thessaloniki, Thessaloniki, Greece",2024 IEEE 24th International Conference on Nanotechnology (NANO),"22 Aug 2024","2024","","","63","67","Among the new horizons that nanomaterials open, nano-agrochemicals are able to improve agricultural production by increasing the efficiency of inputs and minimizing relevant losses. In the present study, primary hydrophobic ZnO NPs coated with oleylamine have been prepared, physicochemically characterized and used as building moieties in combination with the insect repellent, geraniol, in 1:2 mass ratio respectively., for the formation of the secondary nanocapsules. Multiple important biological activities are known for the essential oil geraniol. The prepared nanosystems ZnO@OAm NPs., ZnO@OAm@Ger NCaps as well as geraniol nanoemulsions (GNEs) were tested for their insecticidal activity against the herbivore Tuta absoluta in tomato plants. The LC50 value for the ZnO@OAm NPs was calculated at 29.11mg/L while the NCaps and GNEs exhibited almost the same and much higher LCso values at about 286 mg/L. The significantly different insecticidal behavior., up to now., is attributed to nanosize effects as well as to the hydrophobicity/hydrophilicity balance of the studied nanosystems.","1944-9380","979-8-3503-8624-0","10.1109/NANO61778.2024.10628893","","https://ieeexplore.ieee.org/stamp/stamp.jsp?arnumber=10628893","","Stomach;II-VI semiconductor materials;Insects;Metals;Zinc oxide;Nanobioscience;III-V semiconductor materials","","","","27","IEEE","22 Aug 2024","8-11 July 2024","8-11 July 2024","IEEE","IEEE Conferences"
"Ending the Tyranny of the Clock: SAT-Based Clock Number Assignment for Field-Coupled Nanotechnologies","M. Walter; J. Drewniok; R. Wille","Chair for Design Automation, Technical University of Munich, Germany; Chair for Design Automation, Technical University of Munich, Germany; Chair for Design Automation, Technical University of Munich, Germany",2024 IEEE 24th International Conference on Nanotechnology (NANO),"22 Aug 2024","2024","","","68","73","This paper presents an algorithm for clock num-ber assignment in the physical design process of Field-coupled Nanocomputing (FCN), a set of promising beyond-CMOS tech-nologies that manipulate physical fields instead of electrical currents for computation and information transmission. Clocking has traditionally been a significant obstacle to the scalability of FCN physical design algorithms, requiring pre-defined clocking schemes that limit the quality of circuit layouts and add complexity to the design process. Our proposed method utilizes Boolean Satisfiability (SAT) solving to facilitate the assignment of clock numbers without the need for predefined clocking, while ensuring compliance with technological constraints on information flow and synchronization. Via an experimental evaluation, we confirm the proposed al-gorithm's versatility to reconstruct clock assignments for diverse clocking schemes in reasonable runtime, and its scalability up to layouts with a half-million tiles. Thereby, we are potentially paving the way for a new era of physical design algorithms that are not constrained by the limitations of predefined clocking schemes. This research suggests a move towards physical design strategies adapted from conventional design automation, potentially mitigating one of the major challenges to FCN's further development.","1944-9380","979-8-3503-8624-0","10.1109/NANO61778.2024.10628908","","https://ieeexplore.ieee.org/stamp/stamp.jsp?arnumber=10628908","","Runtime;Design automation;Scalability;Simulation;Layout;Information processing;Complexity theory","","","","48","IEEE","22 Aug 2024","8-11 July 2024","8-11 July 2024","IEEE","IEEE Conferences"
"Wigner Transport in Linear Magnetic Fields: The Quantum Magnetic Term Effect","C. Etl; M. Ballicchia; M. Nedjalkov; H. Kosina; J. Weinbub","Institute for Microelectronics, TU Wien, Austria; Institute for Microelectronics, TU Wien, Austria; Institute for Microelectronics, TU Wien, Austria; Institute for Microelectronics, TU Wien, Austria; Institute for Microelectronics, TU Wien, Austria",2024 IEEE 24th International Conference on Nanotechnology (NANO),"22 Aug 2024","2024","","","74","79","Modeling the single electron dynamics under the influence of an electromagnetic field is important for next-generation electronic solid-state quantum systems for electron quantum optics and nanoelectronics. To that end, we focus on the gauge-invariant Wigner equation, which explicitly depends on the kinetic momentum of the electron. However, the obtained equation is complex and multidimensional, which poses signif-icant numerical challenges. Therefore, simplifying assumptions are needed to gain first experiences with this new theoretical description. Recent advancements allow for the setting of an elec-tron in a linear magnetic field. The high-order mixed derivative term, caused by the linearity of the field, leads to quantum effects of the electron evolution. Here, we study this so-called quantum magnetic term effect by analyzing its interplay with the single-electron dynamics of a snake state type of evolution. We observe a redistribution of the density while the main path of the electron is preserved, which is supported by the Ehrenfest theorem.","1944-9380","979-8-3503-8624-0","10.1109/NANO61778.2024.10628731","Austrian Science Fund (FWF)(grant numbers:P33609-N,P37080-N); ","https://ieeexplore.ieee.org/stamp/stamp.jsp?arnumber=10628731","Single electron dynamics;quantum electron transport;Wigner formalism;magnetic field;signed-particle algorithm;snake state","Solid modeling;Quantum system;Magnetic separation;Quantum optics;Turning;Mathematical models;Magnetic analysis","","","","26","IEEE","22 Aug 2024","8-11 July 2024","8-11 July 2024","IEEE","IEEE Conferences"
"A* is Born: Efficient and Scalable Physical Design for Field-coupled Nanocomputing","S. Hofmann; M. Walter; R. Wille","Chair for Design Automation, Technical University of Munich, Germany; University of Bremen, Germany; Software Competence Center Hagenberg GmbH (SCCH), Austria",2024 IEEE 24th International Conference on Nanotechnology (NANO),"22 Aug 2024","2024","","","80","85","Field-coupled Nanocomputing (FCN) has emerged as a promising alternative to traditional CMOS technology, driven by recent advancements in atomic-scale logic gate fabrication and simulation. However, the efficient placement and routing of logic functions remain significant challenges, with existing algorithms lacking scalability or quality. In this paper, we present a novel method aimed at addressing these challenges by focusing on the generation of layouts with outstanding quality in a fraction of the time compared to existing approaches. Through extensive experimentation, we demonstrate that our method significantly reduces area overhead, outperforming two state-of-the-art heuristics by more than 70% and 24 %, respectively, while achieving these results at a remarkable 460 times faster pace compared to the latter. Furthermore, we contribute to open science by releasing our algorithm as an open-source implementation, fostering collaboration and further advancements in the field of FCN.","1944-9380","979-8-3503-8624-0","10.1109/NANO61778.2024.10628808","","https://ieeexplore.ieee.org/stamp/stamp.jsp?arnumber=10628808","","Runtime;Scalability;Heuristic algorithms;Layout;Focusing;Logic gates;Routing","","9","","37","IEEE","22 Aug 2024","8-11 July 2024","8-11 July 2024","IEEE","IEEE Conferences"
"Fabrication of Tapered and Cylindrical GaN Nanowires Using Nanosphere Lithography","E. Akar; B. C. Da Silva; M. Knebel; M. Den Hertog; E. Monroy","Univ. Grenoble-Alpes, CEA, Grenoble INP, IRIG, PHELIQS, Grenoble, France; Univ. Grenoble-Alpes, CNRS, Grenoble INP, Institut Néel, Grenoble, France; Univ. Grenoble-Alpes, CNRS, Grenoble INP, Institut Néel, Grenoble, France; Univ. Grenoble-Alpes, CNRS, Grenoble INP, Institut Néel, Grenoble, France; Univ. Grenoble-Alpes, CEA, Grenoble INP, IRIG, PHELIQS, Grenoble, France",2024 IEEE 24th International Conference on Nanotechnology (NANO),"22 Aug 2024","2024","","","86","90","Nanowires fabricated using the top-down method can offer high uniformity and precise morphology. However, achieving well-controlled dry and wet etching processes is essential to produce large-area uniform nanowires. It is also interesting to have control on their shape, since tapered structures can have favorable light extraction properties, whereas cylindrical shapes are preference for electronics or photodetection. This paper presents a comprehensive study on the fabrication of GaN nanowires using a top-down approach facilitated by nanosphere lithography. We focus on optimizing both dry and wet etching processes to achieve high-aspect-ratio nanowires with controlled shapes. The final wet etching step, critical for shaping the nanowires, was performed with a crystallography-selective method, resulting in nanowires with vertical m-plane facets or tapered structures, depending on the initial diameter of the spheres. This demonstrates the process's adaptability to control nanowire geometry.","1944-9380","979-8-3503-8624-0","10.1109/NANO61778.2024.10628950","","https://ieeexplore.ieee.org/stamp/stamp.jsp?arnumber=10628950","","Fabrication;Wet etching;Shape;Lithography;Process control;Morphology;Production","","","","21","IEEE","22 Aug 2024","8-11 July 2024","8-11 July 2024","IEEE","IEEE Conferences"
"Unifying Figures of Merit: A Versatile Cost Function for Silicon Dangling Bond Logic","J. Drewniok; M. Walter; S. S. Hang Ng; K. Walus; R. Wille","Chair for Design Automation, Technical University of Munich, Germany; Chair for Design Automation, Technical University of Munich, Germany; Department of Electrical and Computer Engineering, University of British Columbia, Canada; Department of Electrical and Computer Engineering, University of British Columbia, Canada; Chair for Design Automation, Technical University of Munich, Germany",2024 IEEE 24th International Conference on Nanotechnology (NANO),"22 Aug 2024","2024","","","91","96","As Silicon Dangling Bond (SiDB) logic emerges as a promising beyond-CMOS technology, Figures of Merit (FoMs) to assess gate performance become crucial in implementing devices that are robust against environmental variations. Con-structing robust SiDB logic involves designing gates that excel across multiple FoMs. However, there exist no clear guidelines on the ideal ranges for FoM values, nor a systematic approach to designing SiDB gates that optimize across multiple FoMs. Motivated by this, this work focuses on addressing the following key objectives: 1) Introduction of a new FoM, called Band Bending Resilience. 2) Determination, presentation, and detailed discussion on the best achievable values for each FoM for all 2-input Boolean functions. 3) Presentation of the versatile cost function χ, unifying multiple FoM $s$ tailored to specific application requirements and priorities. 4) Implementation of the optimization strategy using the cost function χ, which aims at designing SiDB logic with minimal cost, ensuring an optimal balance between all FoMs. Overall, this research contributes significantly to the understanding of SiDB logic, establishing a basis for future progress in the field.","1944-9380","979-8-3503-8624-0","10.1109/NANO61778.2024.10628671","","https://ieeexplore.ieee.org/stamp/stamp.jsp?arnumber=10628671","","Costs;Boolean functions;Temperature;Systematics;Simulation;Logic gates;Bending","","5","","29","IEEE","22 Aug 2024","8-11 July 2024","8-11 July 2024","IEEE","IEEE Conferences"
"Electrical Modeling of Active Layer Morphology Alterations in Response to the Applied Mechanical Strain in Organic Solar Cells","M. Ghorab; V. Wagner; M. Joodaki","Electrical Engineering Department, School of Computer Science and Engineering, Constructor University, Bremen, Germany; Physics Department, School of Physics and Earth Sciences, Constructor University, Bremen, Germany; Electrical Engineering Department, School of Computer Science and Engineering, Constructor University, Bremen, Germany",2024 IEEE 24th International Conference on Nanotechnology (NANO),"22 Aug 2024","2024","","","97","102","Thin-film organic solar cells are becoming in-creasingly interesting owing to their flexibility and ease of integration in many applications. Hence to further enhance the practical implementation, investigating the effects of mechanical deformation on the device's behavior is of high interest. This study proposes the electrical modeling of the effect of applied mechanical strain on the active layer morphology of organic solar cells. The effect of applied tensile strain is modeled by observing the variations in bimolecular recombination and the effective band gap of the active layer. A conventional bulk heterojunction organic solar cell, utilizing a P3HT :PCBM mixture as its active layer, is considered. Two-dimensional (2-D) drift-diffusion equations are solved using the finite element method in COMSOL Multiphysics. The results of this first-of-its-kind study show an enhancement of short circuit current, open circuit voltage, fill factor, and efficiency when the device is subjected to tensile strain, which is in good agreement with experimental observations.","1944-9380","979-8-3503-8624-0","10.1109/NANO61778.2024.10628870","","https://ieeexplore.ieee.org/stamp/stamp.jsp?arnumber=10628870","","Tensile strain;Photonic band gap;Photovoltaic cells;Two-dimensional displays;Simulation;Morphology;Strain measurement","","1","","35","IEEE","22 Aug 2024","8-11 July 2024","8-11 July 2024","IEEE","IEEE Conferences"
"Selective Resonant Device for Continuous Frequency Sweeping Applied to Magnetic Suspensions","J. Ruiz-Nievas; A. Rodriguez-Barroso; O. Martinez-Cano; C. Ruiz-Pelegrina; G. Camacho; J. De Vicente","Department of Applied Physics, Magnetic Soft Matter Group, University of Granada, Spain; Department of Applied Physics, Magnetic Soft Matter Group, University of Granada, Spain; Department of Applied Physics, Magnetic Soft Matter Group, University of Granada, Spain; Department of Applied Physics, Magnetic Soft Matter Group, University of Granada, Spain; Department of Applied Physics, Magnetic Soft Matter Group, University of Granada, Spain; Department of Applied Physics, Magnetic Soft Matter Group, University of Granada, Spain",2024 IEEE 24th International Conference on Nanotechnology (NANO),"22 Aug 2024","2024","","","103","107","Non-stationary magnetic fields are capable to promote the formation of far-from-equilibrium structures in magnetic particle suspensions. A governing parameter during self-assembly is the Mason number that measures the relative importance of hydrodynamic over magnetostatic forces in quiescent state. Under high Mason number particles experience averaged interactions and aggregate to form quasistatic structures. A particularly interesting example is that of high frequency perturbating magnetic fields. In this manuscript we show that it is possible to gradually increase the field frequency (and therefore the Mason number) using a variable inductance coil. Structures are visualized and the generated torque measured in a customized torsional rheometer. Torque measurements are compared with similar frequency sweeps using a capacitor resonance bank. Using the inductance approach a smooth continuous variation of the torque is measured in striking contrast to the capacitance approach.","1944-9380","979-8-3503-8624-0","10.1109/NANO61778.2024.10628915","","https://ieeexplore.ieee.org/stamp/stamp.jsp?arnumber=10628915","","Inductance;Magnetic field measurement;Torque;Self-assembly;Magnetostatics;Magnetic resonance;Magnetic devices","","","","16","IEEE","22 Aug 2024","8-11 July 2024","8-11 July 2024","IEEE","IEEE Conferences"
"Gated BP/MoS2 Heterostructure with Temperature Enhanced Photocurrent","A. Di Bartolomeo; O. Durante; L. Viscardi; L. Truda; N. Martucciello; O. Kharsah; L. Daniel; S. Sleziona; M. Schleberger","University of Salerno, Fisciano, Italy; University of Salerno, Fisciano, Italy; University of Salerno, Fisciano, Italy; University of Salerno, Fisciano, Italy; CNR-SPIN, Fisciano, Italy; Fakultat fur Physik and CENIDE, Universitat Duisburg-Essen, Lotharstrasse 1, Duisburg, Germany; Fakultat fur Physik and CENIDE, Universitat Duisburg-Essen, Lotharstrasse 1, Duisburg, Germany; Fakultat fur Physik and CENIDE, Universitat Duisburg-Essen, Lotharstrasse 1, Duisburg, Germany; Fakultat fur Physik and CENIDE, Universitat Duisburg-Essen, Lotharstrasse 1, Duisburg, Germany",2024 IEEE 24th International Conference on Nanotechnology (NANO),"22 Aug 2024","2024","","","108","111","Two-dimensional van der Waals heterostructures offer versatile platforms for multifunctional optoelectronic devices. In this work, we study the electrical transport and the photoresponse in BP/MoS2 heterostructures made of multi-layer black phosphorus (BP) exfoliated over CVD-grown monolayer molybdenum disulfide (MOS2) with Cr contacts. The heterostructures show good rectification and a dominant n-type behavior under a back-gate voltage. The exposure to light reveals a high photoresponse with photocurrent enhanced by the rising temperature. The BP/MoS2 devices can be operated over a wide range of temperatures, either below or above room temperature. An energy band model that considers a type II BP/MoS2 heterojunction between two back-to-back Schottky junctions, at the Cr/BP and Cr/MoS2 interfaces, is proposed to explain the experimental results.","1944-9380","979-8-3503-8624-0","10.1109/NANO61778.2024.10628692","University of Salerno(grant numbers:ORSA223384,ORSA235199); DFG(grant numbers:278162697-SFB 1242,29784087); ","https://ieeexplore.ieee.org/stamp/stamp.jsp?arnumber=10628692","","Temperature distribution;Technological innovation;Contacts;Schottky barriers;Voltage;Heterojunctions;Phosphorus","","3","","35","IEEE","22 Aug 2024","8-11 July 2024","8-11 July 2024","IEEE","IEEE Conferences"
"Enhancement of a Stochastic-Computing Morphological Neural Network Through Approximate Adders","C. F. Frasser; T. Zhang; B. Liu; J. Font-Rosselló; L. Crespí-Castañer; A. Morán; V. Canals; M. Roca; J. Han; J. L. Rosselló","Industrial Engineering and Construction Department, Electronics Engineering Group, University of Balearic Islands, Palma de Mallorca, Spain; Department of Electrical and Computer Engineering, University of Alberta, Edmonton, AB, Canada; Department of Electrical and Computer Engineering, University of Alberta, Edmonton, AB, Canada; Industrial Engineering and Construction Department, Electronics Engineering Group, University of Balearic Islands, Palma de Mallorca, Spain; Industrial Engineering and Construction Department, Electronics Engineering Group, University of Balearic Islands, Palma de Mallorca, Spain; Industrial Engineering and Construction Department, Electronics Engineering Group, University of Balearic Islands, Palma de Mallorca, Spain; Industrial Engineering and Construction Department, Electronics Engineering Group, University of Balearic Islands, Palma de Mallorca, Spain; Industrial Engineering and Construction Department, Electronics Engineering Group, University of Balearic Islands, Palma de Mallorca, Spain; Department of Electrical and Computer Engineering, University of Alberta, Edmonton, AB, Canada; Industrial Engineering and Construction Department, Electronics Engineering Group, University of Balearic Islands, Palma de Mallorca, Spain",2024 IEEE 24th International Conference on Nanotechnology (NANO),"22 Aug 2024","2024","","","112","117","Stochastic Computing has proven to be an ex-tremely suitable hardware design approach for Morphological Neural Networks (MNNs) due to its ease of implementing maxima, minima, and products using simple logic gates that perform bitwise operations. This study enhances the design of MNNs by incorporating stochastic and approximate computing techniques. This approach results in a significant reduction in the required hardware resources for adders, which are the most area-consuming components of MNNs. Experimental results demonstrate a minimal decrease in accuracy, along with reductions in hardware resources, and improvements in speed and energy efficiency compared to previous studies. The proposed methodology is validated through implementation on a field-programmable gate array.","1944-9380","979-8-3503-8624-0","10.1109/NANO61778.2024.10628960","","https://ieeexplore.ieee.org/stamp/stamp.jsp?arnumber=10628960","","Accuracy;Neural networks;Approximate computing;Logic gates;Hardware;Energy efficiency;Adders","","","","24","IEEE","22 Aug 2024","8-11 July 2024","8-11 July 2024","IEEE","IEEE Conferences"
"Nano (and Micro) Technologies as Pillars of Edge Intelligence in the Emerging Paradigms of 6G, Future Networks and Super-IoT","J. Iannacci","Fondazione Bruno Kessler - FBK, Trento, Italy",2024 IEEE 24th International Conference on Nanotechnology (NANO),"22 Aug 2024","2024","","","118","121","Planning for future communication networks, like 6G and Future Networks (FN), is pushing the boundaries of hardware technology. This paper explores how tiny sensors and actuators, based on Nano and Micro Electro-Mechanical Systems (NEMS/MEMS), can play a crucial role, especially at the network edge. First, key concepts to understand the needs of these future networks and how NEMS/MEMS can address them, are going to be defined. Then, existing research examples in NEMS/MEMS materials, devices, and systems, all relevant to the development of6G and FN, will be reported.","1944-9380","979-8-3503-8624-0","10.1109/NANO61778.2024.10628686","","https://ieeexplore.ieee.org/stamp/stamp.jsp?arnumber=10628686","","6G mobile communication;Actuators;Transducers;Sensor systems;Hardware;Planning;Communication networks","","1","","53","IEEE","22 Aug 2024","8-11 July 2024","8-11 July 2024","IEEE","IEEE Conferences"
"Low-Temperature (Cryogenic) Transport in Gate-All-Around (GAA) Silicon Nanowire Field-Effect Transistor","A. Verma; R. Nekovei; D. Shiri","Electrical Engineering & Computer Science at Texas A&M University-Kingsville, Kingsville, TX, USA; Electrical Engineering & Computer Science at Texas A&M University-Kingsville, Kingsville, TX, USA; Quantum Technology Laboratory, Chalmers University of Technology, Gothenburg, Sweden",2024 IEEE 24th International Conference on Nanotechnology (NANO),"22 Aug 2024","2024","","","122","125","This work explores the temperature dependency of the performance of an ultra-thin silicon nanowire (SiNW) gate-all-around field-effect transistor (GAA-FET). The nanowire is assumed coaxially aligned with an ideal cylindrical gate-all-around device. The nanowire is [110] axially aligned with a diameter of 1.3 nm. Electron transport is modeled using Ensemble Monte Carlo (EMC) simulations coupled self-consistently with an electrostatic solver that solves Gauss Law in integral form. Electron scattering mechanisms include bulk silicon longitudinal acoustic and optical phonons. A wide range of temperatures is considered - from 4 K to 150 K to understand the effects of temperature on device performance under both steady-state and device switching conditions. The device is seen to work appropriately for the temperature range considered. The differences in device currents for different temperatures is attributed to the differences in the electron scattering rates for the various temperatures.","1944-9380","979-8-3503-8624-0","10.1109/NANO61778.2024.10628961","","https://ieeexplore.ieee.org/stamp/stamp.jsp?arnumber=10628961","","Performance evaluation;Temperature distribution;Optical switches;Scattering;Logic gates;Silicon;Steady-state","","1","","23","IEEE","22 Aug 2024","8-11 July 2024","8-11 July 2024","IEEE","IEEE Conferences"
"5-Bit Signed SRAM-Based In-Memory Computing Cell","F. Karimpour; F. Pardo; D. García-Lesta","Centro Singular de Investigación en Tecnoloxías Intelixentes (CiTIUS), Universidade de Santiago de Compostela Santiago de Compostela, Spain; Centro Singular de Investigación en Tecnoloxías Intelixentes (CiTIUS), Universidade de Santiago de Compostela Santiago de Compostela, Spain; Centro Singular de Investigación en Tecnoloxías Intelixentes (CiTIUS), Universidade de Santiago de Compostela Santiago de Compostela, Spain",2024 IEEE 24th International Conference on Nanotechnology (NANO),"22 Aug 2024","2024","","","126","130","Hardware accelerators are critical in providing real-time processing for edge computing applications, particu-larly in the context of convolutional neural networks. A crucial challenge in this context is achieving low power consumption while maintaining an appropriate performance in terms of accuracy. This work delves into a thorough analysis of prospective architectures for the core cell of the multiply -and -accumulate function, monitoring each structure's crucial benefits and drawbacks. It includes electrical simulations comparing their performance in a 180 nm process node for 1.8 V and 3.3 V. Moreover, a process corner simulation is proposed to identify on-chip process variations in the voltage error of the proposed design under different input voltages. Notably, the minimum corner errors observed at +15 and -7 sign bits are 0.45 % and 0.63 %, respectively. The significant outcome highlights that the single-switch implementation achieves optimal performance, displaying the lowest error value of 0.14%, specifically at the + 15 sign bit and operating at 1.8 V.","1944-9380","979-8-3503-8624-0","10.1109/NANO61778.2024.10628891","","https://ieeexplore.ieee.org/stamp/stamp.jsp?arnumber=10628891","In-memory computing;convnets;neural network hardware accelerator;mixed-mode;CNN","Power demand;Microprocessors;Computer architecture;Voltage;In-memory computing;Real-time systems;System-on-chip","","","","12","IEEE","22 Aug 2024","8-11 July 2024","8-11 July 2024","IEEE","IEEE Conferences"
"Flexible Oxide Electronics for Extreme Geometries and Mechanical Deformations","N. Münzenrieder; H. De Souza Oliveira; F. Catania; N. S. Khaanghah; A. H. Lanthaler; D. Corsino; G. Cantarella","Faculty of Engineering, Free University of Bozen-Bolzano, Bozen-Bolzano, Italy; Faculty of Engineering, Free University of Bozen-Bolzano, Bozen-Bolzano, Italy; Faculty of Engineering, Free University of Bozen-Bolzano, Bozen-Bolzano, Italy; Faculty of Engineering, Free University of Bozen-Bolzano, Bozen-Bolzano, Italy; Faculty of Engineering, Free University of Bozen-Bolzano, Bozen-Bolzano, Italy; Faculty of Engineering, Free University of Bozen-Bolzano, Bozen-Bolzano, Italy; Department of Physics, Informatics and Mathematics, University of Modena and Reggio Emilia, Modena, Italy",2024 IEEE 24th International Conference on Nanotechnology (NANO),"22 Aug 2024","2024","","","131","135","Electronics is moving away from a one-solution-fits-all approach based on traditional semiconductor technologies. This is because an ecosystem for biocompatible, large-area, environmentally friendly, wearable, and high-performance electronics based on a variety of materials and technologies can provide bespoke solutions for specific application scenarios. An important aspect of this development is represented by soft and flexible systems that can bend and stretch. Here we present our flexible electronics technology which is based on thin films and oxide semiconductors. Transistors, sensors and circuits fabricated on polymer substrates exhibit carrier mobilities around 16.5 cm2 V-1 S-1, transit frequencies exceeding 100 MHz, and voltage gains up to 19 dB while being bend to millimeter radii or stretched by more than 200%.","1944-9380","979-8-3503-8624-0","10.1109/NANO61778.2024.10628840","","https://ieeexplore.ieee.org/stamp/stamp.jsp?arnumber=10628840","Flexible electronics;InGaZnO;Thin-film transistors;Oxide semiconductors;Circuits;Sensors","Performance evaluation;Mechanical sensors;Geometry;Millimeter wave devices;Voltage;Nanoscale devices;Transistors","","","","24","IEEE","22 Aug 2024","8-11 July 2024","8-11 July 2024","IEEE","IEEE Conferences"
"On the Impact of Soft Errors on Transformers Embeddings","Z. Gao; S. Liu; P. Reviriego; S. Liu; F. Lombardi","School of Electrical and Information Engineering, Tianjin University, Tianjin, China; School of Electrical and Information Engineering, Tianjin University, Tianjin, China; Departamento de Ingenieria de Sistemas Telematicos, Universidad Politecnica de Madrid, Madrid; School of Information and Communication Engineering, University of Electronic Science and Technology of China, Chengdu, Sichuan, China; School of Electrical and Information Engineering, Tianjin University, Tianjin, China",2024 IEEE 24th International Conference on Nanotechnology (NANO),"22 Aug 2024","2024","","","136","140","Transformers are widely utilized in Natural Language Processing (NLP) and computer vision (CV) with remarkable success. For pre-trained Transformer models involving text processing, embedding representations are indispensable parameters, and occupy a large volume of memory. Soft errors on embedding vectors can lead to incorrect inputs to Transformers, which may further result in a loss of model performance. This paper takes Contrastive Language-Image Pre-training model (CLIP) for image classification as a case study to examine the impact of soft errors on embedding vectors that are represented by half-precision floating point values. Two error models are used for the injection experiments; the first model is a one-time injection with specific error rates, and the second model considers the accumulated errors with multiple injections. Simulation results show that for one-time error injection, only the first two exponent bits are critical such that errors on them would cause an obvious performance loss; the third exponent bit becomes critical for accumulated errors. These results are valuable for the efficient protection and design of a memory for the embedding vectors.","1944-9380","979-8-3503-8624-0","10.1109/NANO61778.2024.10628838","","https://ieeexplore.ieee.org/stamp/stamp.jsp?arnumber=10628838","","Error analysis;Simulation;Computational modeling;Transformers;Vectors;Natural language processing;Protection","","","","29","IEEE","22 Aug 2024","8-11 July 2024","8-11 July 2024","IEEE","IEEE Conferences"
"Atomistic modeling of $[\mathrm{W}_{18}\mathrm{O}_{54}(\text{SeO}_{3})_{2}]^{4-}$ polyoxometalates (POM) molecules in the presence of counter-cations","J. Jacobs; L. V. Nadal; V. Georgiev","School of Chemistry, University of Glasgow, UK; School of Chemistry, University of Glasgow, UK; School of Engineering, University of Glasgow, UK",2024 IEEE 24th International Conference on Nanotechnology (NANO),"22 Aug 2024","2024","","","141","145","Polyoxometalates (POMs) are versatile molecular metal oxides explored for various applications. This case study focuses on $[\mathrm{W}_{18}\mathrm{O}_{54}(\text{SeO}_{3})_{2}]^{4-}$, a POM with potential for integration with molecular memory devices. The impact of counter-cations on its properties is investigated using Density Functional Theory (DFT). The study delves into the computational details of $[\mathrm{W}_{18}\mathrm{O}_{54}(\text{SeO}_{3})_{2}]^{4-}$ optimization using DFT, considering counter-cations and solvents. Theoretical models reveal the significant influence of counter-cations on frontier orbital energies, especially in vacuum. Interestingly, the Continuum Solvent Model (COSMO) demonstrates that explicit counter-cations have a minor impact when solvents are considered. This finding has implications for computational efficiency in future POM studies. The study concludes by highlighting the importance of counter-cations in DFT modelling and proposes avenues for further research, including expanding the range of POMs and exploring POM-cation-surface interactions.","1944-9380","979-8-3503-8624-0","10.1109/NANO61778.2024.10628858","EPSRC(grant numbers:EP/V04834111); ","https://ieeexplore.ieee.org/stamp/stamp.jsp?arnumber=10628858","","Solvents;Solid modeling;Computational modeling;Discrete Fourier transforms;Elementary particle vacuum;Metals;Solids","","","","44","IEEE","22 Aug 2024","8-11 July 2024","8-11 July 2024","IEEE","IEEE Conferences"
"Multilayer Magnetic Domain Wall MTJ-based Spiking Neural Network","A. H. Lone; D. N. Rahimi; H. Fariborzi; G. Setti","Department of Electrical and Computer Engineering, King Abdullah University of Science and Technology, Thuwal, Saudi Arabia; Department of Electrical and Computer Engineering, King Abdullah University of Science and Technology, Thuwal, Saudi Arabia; Department of Electrical and Computer Engineering, King Abdullah University of Science and Technology, Thuwal, Saudi Arabia; Department of Electrical and Computer Engineering, King Abdullah University of Science and Technology, Thuwal, Saudi Arabia",2024 IEEE 24th International Conference on Nanotechnology (NANO),"22 Aug 2024","2024","","","146","149","Spintronic devices, especially the magnetic tunnel junction and magnetic domain wall-based devices, hold significant promise for applications in energy-efficient data storage and Unconventional computing architectures. We present a novel multilayer spintronic neuromorphic device based on spin-orbit torque-driven domain wall dynamics. The typical leaky integrate and fire LIF neuron-like characteristics are realized using the combination of SOT and demagnetization energy effects. The device characteristics are modelled as the modified LIF model. We test the spiking neuron model for the classification of the MNIST dataset by emulating a 3-layer spiking neural network SNN -based on the DW-MTJ LIF neuron model. The network achieves classification accuracy above 96% thus the proposed device can be integrated with the CMOS for energy efficient neuromorphic computing.","1944-9380","979-8-3503-8624-0","10.1109/NANO61778.2024.10628560","","https://ieeexplore.ieee.org/stamp/stamp.jsp?arnumber=10628560","Spiking neural networks (SNN);Leaky-integrate and fire neurons;Domain wall devices;Magnetic tunnel junction;Spintronics;Neuromorphic Computing","Semiconductor device modeling;Neuromorphic engineering;Computational modeling;Neurons;Spiking neural networks;Nonhomogeneous media;Energy efficiency","","","","24","IEEE","22 Aug 2024","8-11 July 2024","8-11 July 2024","IEEE","IEEE Conferences"
"A Numerical Study of the RF Hyperthermia Treatment of Brain Tumors Using Novel SPIO-Micelles","M. B. Lodi; E. M. A. Corda; W. Assawapanumat; G. L. Chabert; A. Fanti; G. Mazzarella; L. Saba; A. Perra; N. Nasongkla","Department of Electrical and Electronic Engineering, University of Cagliari, Cagliari, Italy; Department of Electrical and Electronic Engineering, University of Cagliari, Cagliari, Italy; Department of Biomedical Engineering, Faculty of Engineering, Mahidol University, Phutthamonthon, Nakhon Pathom, Thailand; Department of Electrical and Electronic Engineering, University of Cagliari, Cagliari, Italy; Department of Electrical and Electronic Engineering, University of Cagliari, Cagliari, Italy; Department of Electrical and Electronic Engineering, University of Cagliari, Cagliari, Italy; Department of Electrical and Electronic Engineering, University of Cagliari, Cagliari, Italy; Department of Electrical and Electronic Engineering, University of Cagliari, Cagliari, Italy; Department of Biomedical Engineering, Faculty of Engineering, Mahidol University, Phutthamonthon, Nakhon Pathom, Thailand",2024 IEEE 24th International Conference on Nanotechnology (NANO),"22 Aug 2024","2024","","","150","154","Brain tumors are deep-seated neoplasms that are difficult to treat with conventional strategies, so new solutions are needed. Magnetic hyperthermia is a treatment strategy against brain tumors. However, administering magnetic nanoparticles to target brain tumors and perform a radiofrequency hyperthermia treatment is not a trivial task. Recently, micelles that can overcome blood-brain barrier have been proposed as cargo to concentrate superparamagnetic nanoparticles in the target tumor volume. In this work the synthesis and preliminary characterization of novel superparamagnetic iron oxide (SPIO) micelles for brain tumor hyperthermia is presented. A numerical multiphysics model, that couples the mass transfer problem with the radiofrequency heating equations, is proposed to study what key SPIO-micelles magnetic features and the extrinsic treatment parameters are needed to plan a successful treatment. The computational analysis is performed using patient-specific geometries derived from magnetic resonance images and considering a parametrized tumor geometry. We successfully identified the SPIO-micelles concentration and the working conditions needed to perform the hyperthermia treatment on the brain tumor.","1944-9380","979-8-3503-8624-0","10.1109/NANO61778.2024.10628606","","https://ieeexplore.ieee.org/stamp/stamp.jsp?arnumber=10628606","","Radio frequency;Geometry;Heat treatment;Shape;Magnetic resonance imaging;Mathematical models;Iron","","1","","20","IEEE","22 Aug 2024","8-11 July 2024","8-11 July 2024","IEEE","IEEE Conferences"
"Reducing Wire Crossings in Field-Coupled Nanotechnologies","B. Hien; M. Walter; R. Wille","Chair for Design Automation, Technical, University of Munich, Germany; Chair for Design Automation, Technical, University of Munich, Germany; Chair for Design Automation, Technical, University of Munich, Germany",2024 IEEE 24th International Conference on Nanotechnology (NANO),"22 Aug 2024","2024","","","155","160","In the realm of circuit design, emerging technolo-gies such as Field-Coupled Nanotechnologies (FCN) provide unique opportunities compared to conventional transistor-based logic. However, FCN also introduces a critical concern: the substantial impact of wire crossings on circuit robustness. These crossings are either unrealizable or can severely de-grade signal integrity, posing significant obstacles to efficient circuit design. To address this challenge, we propose a novel approach focused on reducing wire crossings in FCN circuits. Our methodology introduces a combination of LUT mapping and decomposition aimed at producing advantageous network structures during logic synthesis to minimize wire crossings. This new optimization metric is prioritized over node count and critical path length to effectively tackle this challenge. Through empirical evaluations, we demonstrate the effectiveness of the proposed approach in reducing a first approximation for wire crossings by 41.69%. This research significantly contributes to advancing wire crossing optimization strategies in emerging circuit technologies, paving the way for more reliable and efficient designs in the post-CMOS logic era.","1944-9380","979-8-3503-8624-0","10.1109/NANO61778.2024.10628717","","https://ieeexplore.ieee.org/stamp/stamp.jsp?arnumber=10628717","","Reliability engineering;Minimization;Robustness;Table lookup;Circuit synthesis;Wire;Logic","","3","","29","IEEE","22 Aug 2024","8-11 July 2024","8-11 July 2024","IEEE","IEEE Conferences"
"Analysis, Design and Evaluation of High-Performance Stochastic Multilayer Perceptron: from Mini-Batch Training to Inference","Z. Wang; F. Niknia; S. Liu; P. Reviriego; Z. Gao; F. Lombardi","Department of Electrical and Computer Engineering, Northeastern University, MA, USA; Department of Electrical and Computer Engineering, Northeastern University, MA, USA; School of Information and Communication Engineering, University of Electronic Science and Technology of China, Chengdu, China; Departamento de Ingeniería de Sistemas Telemáticos, Universidad Politécnica de Madrid, Madrid, Spain; School of Electrical and Information Engineering, Tianjin University, Tianjin, China; Department of Electrical and Computer Engineering, Northeastern University, MA, USA",2024 IEEE 24th International Conference on Nanotechnology (NANO),"22 Aug 2024","2024","","","161","166","Stochastic computing (SC) is a novel computing paradigm for implementing Multilayer Perceptrons (MLPs), which can mitigate the burden of power dissipation in advanced nanoscale systems. SC MLP has been studied to perform efficient and reliable training/inference in energy-constrained platforms. The mini-batch technique, known for its efficiency in training neural networks with conventional arithmetic, has rarely been explored within the context of SC implementations. Through theoretical analysis and simulation, this paper deals with the impact of the mini-batch technique on SC MLPs. The comparison reveals a unique pattern: SC MLPs experience a linear speedup, surpassing the sublinear trend observed in traditional MLPs. These results indicate that SC MLPs could benefit substantially from the mini-batch technique. A hardware implementation is then provided in this paper. Initially, the setup for an SC MLP with mini-batch training is outlined, followed by a detailed pipeline design for forward propagation. It achieves an operating frequency of 1 GHz, outperforming existing designs found in the technical literature while requiring less energy dissipation than a conventional MLP. The comprehensive analysis, design, and evaluation demonstrate that SC MLPs are well-positioned to benefit from the mini-batch technique and effective hardware implementations across both training and inference.","1944-9380","979-8-3503-8624-0","10.1109/NANO61778.2024.10628763","NSF(grant numbers:CCF-1953961,1812467); ","https://ieeexplore.ieee.org/stamp/stamp.jsp?arnumber=10628763","","Training;Network topology;Energy dissipation;Pipelines;Neural networks;Multilayer perceptrons;Reliability theory","","","","28","IEEE","22 Aug 2024","8-11 July 2024","8-11 July 2024","IEEE","IEEE Conferences"
"Nanoengineered Bio-Interfaces to Interrogate/Control Biological Events on Material Interfaces","M. Beggiato; H. Payen; R. Rastogi; C. Sidhoum; A. C. Singh; D. Balakrishnan; S. Krishnamoorthy","Luxembourg Institute of Science and Technology (LIST), Belvaux, Luxembourg; LIST; LIST; LIST; LIST; LIST; Luxembourg Institute of Science and Technology (LIST), Belvaux, Luxembourg",2024 IEEE 24th International Conference on Nanotechnology (NANO),"22 Aug 2024","2024","","","167","170","The outcome of the interaction of biological medium with material interfaces has significant implications for a range of biomedical devices/interfaces with the goal of interrogating or controlling the response of biomolecules or biological cells. Control over the material interface properties is thus the key to driving the desired biological end outcomes. A fine degree of control over the material interface is achievable if one could engineer the material structure and functionality down to molecular lengthscales. The challenge though is to be able to tinker with the material interface at these lengthscales, and to quantify its impact on the biological end-outcomes. In this direction, we present the use of molecular tools to engineer biointerfaces at the nanoscale, and tools to deliver quantitative feedback of nano-bio interactions.","1944-9380","979-8-3503-8624-0","10.1109/NANO61778.2024.10628946","","https://ieeexplore.ieee.org/stamp/stamp.jsp?arnumber=10628946","","Geometry;Molecular biophysics;Biomedical measurement;Throughput;Nanoscale devices;Time measurement;Nanostructures","","","","31","IEEE","22 Aug 2024","8-11 July 2024","8-11 July 2024","IEEE","IEEE Conferences"
"In Vivo Computational Strategy for Tumor Targeting in Noisy Scenarios","Z. Jiang; S. Shi; Y. Chen; Z. Chen","School of Life Science and Technology, University of Electronic Science and Technology of China, Chengdu, China; Yangtze Delta Region Institute (Quzhou), University of Electronic Science and Technology of China, Quzhou, China; School of Life Science and Technology, University of Electronic Science and Technology of China, Chengdu, China; School of Life Science and Technology, University of Electronic Science and Technology of China, Chengdu, China",2024 IEEE 24th International Conference on Nanotechnology (NANO),"22 Aug 2024","2024","","","171","174","Because of the inefficiency of conventional medical imaging techniques for early tumor detection, we proposed the framework of in vivo computation in the previous work. Tumor tissue induces the generation of biological gradient field (BGF), and an external magnetic field is utilized to guide nanoswimmers in the search space to find the location of the tumor. Since various kinds of noise are generated in the process of tumor targeting, it is necessary to perform some measures to minimize the impact of noise. Thus, we propose a resampling strategy for in vivo computation and verify its effectiveness through some simulation experiments. The results show that the in vivo computational resampling strategy has significant noise filtering effects in almost all cases.","1944-9380","979-8-3503-8624-0","10.1109/NANO61778.2024.10628701","National Natural Science Foundation of China(grant numbers:62102071); Natural Science Foundation of Sichuan Province(grant numbers:2022NSFSC0873); ","https://ieeexplore.ieee.org/stamp/stamp.jsp?arnumber=10628701","Swarm intelligence;noise reduction strategy;cancer detection;nanoswimmer","In vivo;Filtering;Gaussian noise;Neural networks;Noise measurement;Nanobioscience;Magnetic fields","","","","10","IEEE","22 Aug 2024","8-11 July 2024","8-11 July 2024","IEEE","IEEE Conferences"
"Nanostructured Silicon for High-Efficient and Cost-Effective Heat Recovery Through Thermoelectric Conversion","C. R. Capello; A. Masci; E. Dimaggio; G. Pennelli","Department of Information Engineering, University of Pisa, Via Caruso, (IT), Pisa; Department of Information Engineering, University of Pisa, Via Caruso, (IT), Pisa; Department of Information Engineering, University of Pisa, Via Caruso, (IT), Pisa; Department of Information Engineering, University of Pisa, Via Caruso, (IT), Pisa",2024 IEEE 24th International Conference on Nanotechnology (NANO),"22 Aug 2024","2024","","","175","179","Nanostructuring is very effective in enhancing the thermal to electrical energy conversion efficiency of most materials, including in particular silicon which presents a perfect tradeoff between technical potentialities and environmental/political/social issues. Heat sources, that nowadays are exploited only in a small fraction, could become key players in energy production thanks to thermoelectric device based on nanostructured silicon. Successful strategies, including on-chip devices for micro-harvesting and cost-effective large-area vertical nanowire forests for macro-harvesting will be presented. An estimation of the efficiency will be reported, highlighting the competitiveness of these devices with respect to conventional techniques.","1944-9380","979-8-3503-8624-0","10.1109/NANO61778.2024.10628773","","https://ieeexplore.ieee.org/stamp/stamp.jsp?arnumber=10628773","","Temperature measurement;Thermal conductivity;Silicon;Nanoscale devices;Thermoelectric devices;System-on-chip;Nanostructures","","","","30","IEEE","22 Aug 2024","8-11 July 2024","8-11 July 2024","IEEE","IEEE Conferences"
"Flexible Graphene/PEDOT: PSS Free-Standing Infrared Photodetector","G. Lu; R. Zhou; J. Wang; Z. Xie; Y. Yuan; J. T. W. Yeow","Department of Systems Design Engineering, University of Waterloo, Waterloo, Ontario, Canada; Department of Systems Design Engineering, University of Waterloo, Waterloo, Ontario, Canada; Department of Systems Design Engineering, University of Waterloo, Waterloo, Ontario, Canada; Department of Systems Design Engineering, University of Waterloo, Waterloo, Ontario, Canada; Department of Systems Design Engineering, University of Waterloo, Waterloo, Ontario, Canada; Department of Systems Design Engineering, University of Waterloo, Waterloo, Ontario, Canada",2024 IEEE 24th International Conference on Nanotechnology (NANO),"22 Aug 2024","2024","","","180","184","The combination of polymers and nanomaterials has improved the diversity and compatibility of signal detection. The main challenge that researches face is related to the stability, the response rate, and the final signal detection of the fabricated detectors. Graphene as a traditional two-dimensional material has been applied to improve the internal carriers transport and enhance the final detected signal. By mixing the graphene material with poly(3,4-ethylenedioxythiophene) polystyrene sulfonate (PEDOT: PSS) polymer and forming the corresponding composites, synergistic effects have been demonstrated based on the final experiment results. To move further, one free-standing infrared detection (IR) detector has been fabricated with no substrate supported. The results for the infrared wave radiation have been collected and compared with different graphene loadings. Overall, these discoveries offer valuable understanding for promoting graphene-related composites in the field of infrared detection.","1944-9380","979-8-3503-8624-0","10.1109/NANO61778.2024.10628684","","https://ieeexplore.ieee.org/stamp/stamp.jsp?arnumber=10628684","","Voltage measurement;Graphene;Loading;Detectors;Photodetectors;Stability analysis;Plastics","","1","","8","IEEE","22 Aug 2024","8-11 July 2024","8-11 July 2024","IEEE","IEEE Conferences"
"A Physics-based Analytical Model for Ballistic InSe Nanotransistors","A. M. de Souza; D. R. Celino; R. Ragi; M. A. Romero","Department of Electrical and Computer Engineering, Sao Carlos School of Engineering - University of Sao Paulo, Sao Carlos, SP, Brazil; Department of Electrical and Computer Engineering, Sao Carlos School of Engineering - University of Sao Paulo, Sao Carlos, SP, Brazil; Department of Electrical and Computer Engineering, Sao Carlos School of Engineering - University of Sao Paulo, Sao Carlos, SP, Brazil; Department of Electrical and Computer Engineering, Sao Carlos School of Engineering - University of Sao Paulo, Sao Carlos, SP, Brazil",2024 IEEE 24th International Conference on Nanotechnology (NANO),"22 Aug 2024","2024","","","185","190","This paper presents a physics-based model for ballistic field-effect nanotransistors, focusing on devices based on a two-dimensional indium selenide (InSe) channel. Through an analytical solution of the Poisson equation and making use of the Landauer formalism, we derive concise expressions for current-voltage (1- V) and capacitance-voltage (C- V) characteristics. Validation of the resulting curves is performed against numerical simulations and experimental data, demonstrating an excellent agreement.","1944-9380","979-8-3503-8624-0","10.1109/NANO61778.2024.10628708","","https://ieeexplore.ieee.org/stamp/stamp.jsp?arnumber=10628708","","Performance evaluation;Analytical models;Poisson equations;Capacitance-voltage characteristics;Multichip modules;Numerical simulation;Silicon","","2","","18","IEEE","22 Aug 2024","8-11 July 2024","8-11 July 2024","IEEE","IEEE Conferences"
"Micromagnetic study of the frequency response of skyrmions in magnetic multilayers","E. Raimondo; E. Darwin; D. Rodrigues; A. Giordano; M. Carpentieri; G. Finocchio; R. Tomasello","Istituto Nazionale di Geofisica e Vulcanologia, Rome, Italy; Empa, Swiss Federal Laboratories for Materials Science and Technology, Dubendorf, Switzerland; Department of Electrical and Information Engineering, Politecnico di Bari, Bari, Italy; Department of Engineering, University of Messina, Messina, Italy; Department of Electrical and Information Engineering, Politecnico di Bari, Bari, Italy; Department of Mathematical and Computer Sciences, Physical Sciences and Earth Sciences, University of Messina, Messina, Italy; Department of Electrical and Information Engineering, Politecnico di Bari, Bari, Italy",2024 IEEE 24th International Conference on Nanotechnology (NANO),"22 Aug 2024","2024","","","191","195","Magnetic skyrmions are localized magnetization entities with a particle-like feature due to the topological stability. Often considered as promising information carriers, they can exhibit a variety of dynamics beyond the rigid translational motion, such as breathing mode and gyration. These modes are at the key ingredient for skyrmion-based oscillators and detectors. These modes become even more interesting when considering skyrmions in magnetic multilayers. Here, we analyze, within a micromagnetic framework, the frequency response of skyrmions in different magnetic multilayers, as a function of the number of ferromagnetic repetitions and/or number of skyrmions. We observe the presence of a main frequency peak related to the breathing mode, as well as the emergence of additional peaks linked to the number of repetitions and skyrmions. Our achievement can be useful for the design of the next generation of microwave devices based on skyrmions. 1","1944-9380","979-8-3503-8624-0","10.1109/NANO61778.2024.10628854","","https://ieeexplore.ieee.org/stamp/stamp.jsp?arnumber=10628854","","Magnetic multilayers;Microwave devices;Nonhomogeneous media;Frequency response;Microwave oscillators;Stability analysis;Micromagnetics","","2","","48","IEEE","22 Aug 2024","8-11 July 2024","8-11 July 2024","IEEE","IEEE Conferences"
"Phase-Binarized Dipole-Coupled Spin Hall Nano Oscillators (SHNOs) as Ising Machines","N. Garg; S. Singhal; A. Sadashiva; P. K. Muduli; D. Bhowmik","Indian Institute of Technology, Delhi, India; Indian Institute of Technology, Bombay, India; Indian Institute of Technology, Bombay, India; Indian Institute of Technology, Delhi, India; Indian Institute of Technology, Bombay, India",2024 IEEE 24th International Conference on Nanotechnology (NANO),"22 Aug 2024","2024","","","196","200","Dipole-coupled uniform-mode spin Hall nano-oscillators (SHNOs) are modeled here using coupled Landau Lifschitz Gilbert Slonczweski (LLGS) equations and shown to exhibit phase binarization (an essential criterion for Ising machines) upon the application of RF magnetic field, which is consistent with the dyamics predicted by the physics-agnostic Kuramoto model. Next, it is shown that such phase-binarized dipole-coupled SHNOs can be used to solve the Max-Cut problem on different complete weighted graphs, with weights dependent on the distances between the SHNOs.","1944-9380","979-8-3503-8624-0","10.1109/NANO61778.2024.10628871","","https://ieeexplore.ieee.org/stamp/stamp.jsp?arnumber=10628871","Ising computing;Ising machines;Kuramoto model of oscillators;spin Hall nano oscillator","Radio frequency;Geometry;Computational modeling;Predictive models;Mathematical models;Nanoscale devices;Magnetic fields","","1","","20","IEEE","22 Aug 2024","8-11 July 2024","8-11 July 2024","IEEE","IEEE Conferences"
"Ti3C2Tx MXene-Integrated Log-Periodic Antenna Design for Enhanced Terahertz Radiation Detection","R. Zhou; L. Guanxuan; J. Wang; Z. Xie; Y. Yuan; J. T. W. Yeow","Department of Engineering, University of Waterloo, Waterloo, ON, CAN; Department of Engineering, University of Waterloo, Waterloo, ON, CAN; Department of Engineering, University of Waterloo, Waterloo, ON, CAN; Department of Engineering, University of Waterloo, Waterloo, ON, CAN; Department of Engineering, University of Waterloo, Waterloo, ON, CAN; Department of Engineering, University of Waterloo, Waterloo, ON, CAN",2024 IEEE 24th International Conference on Nanotechnology (NANO),"22 Aug 2024","2024","","","201","204","This study introduces a novel antenna configuration, integrating Ti3C2TxMXene into a log-periodic design, specifically for advancing terahertz (THz) detection. The incoporation of MXene material enhances THz detection, merging the high electrical conductivity and exceptional absorption properties of MXene with the broad frequency response of the log-periodic design. The outcome is a compact and high-performance antenna with improved absorption, bandwidth and directionality, setting a new benchmark for THz applications. This innovative design paves the way for miniaturization without compromising the antenna's effectiveness, ideal for THz imaging and non-destructive testing. Our investigation articulates the harmonious convergence of materials science innovation with sophisticated antenna design, redefining the potential of THz detection systems.","1944-9380","979-8-3503-8624-0","10.1109/NANO61778.2024.10628848","","https://ieeexplore.ieee.org/stamp/stamp.jsp?arnumber=10628848","","Technological innovation;Sensitivity;Absorption;Antenna theory;System performance;Imaging;Terahertz radiation","","","","16","IEEE","22 Aug 2024","8-11 July 2024","8-11 July 2024","IEEE","IEEE Conferences"
"Magnetic Iron-Chelating Nanobubbles for Boosting Therapies Effectiveness in the CNS","S. A. Rizzo; I. Stura; E. Ficiarà; A. Scomparin; F. D'Agata; R. Cavalli; C. Guiot","University of Torino, Italy; University of Torino, Italy; University of Camerino, Italy; University of Torino, Italy; University of Torino, Italy; University of Torino, Italy; University of Torino, Italy",2024 IEEE 24th International Conference on Nanotechnology (NANO),"22 Aug 2024","2024","","","205","208","Brain iron overload is a hallmark of many neurodegenerative diseases. Local chelating therapy poses many challenges due to the presence of very selective membranes and requires carriers of nanometric dimensions pushed by physical forces. Provided the carriers exhibit magnetic properties, magnetic fields already used in clinics, e.g. TMS, may drive them properly. The present study proposes the manufacturing of theranostic iron-chelating nanobubbles conjugated with SPIONs modulating their concentration to optimize initial driving and preserving the surface for effective chelation.","1944-9380","979-8-3503-8624-0","10.1109/NANO61778.2024.10628599","","https://ieeexplore.ieee.org/stamp/stamp.jsp?arnumber=10628599","","Medical treatment;Boosting;Iron;Manufacturing;Magnetic fields;Superparamagnetic iron oxide nanoparticles;Nanotechnology","","","","21","IEEE","22 Aug 2024","8-11 July 2024","8-11 July 2024","IEEE","IEEE Conferences"
"Designing Energy-Efficient PATH-based Decision Tree Memristor Crossbar Circuits","P. Sinha; A. Chavan; S. Raj","Dept. of Computer Science and Engineering, Oakland University, Rochester, MI, USA; Dept. of Computer Science and Engineering, Oakland University, Rochester, MI, USA; Dept. of Computer Science and Engineering, Oakland University, Rochester, MI, USA",2024 IEEE 24th International Conference on Nanotechnology (NANO),"22 Aug 2024","2024","","","209","213","We propose an approach to designing energy-efficient in-memory decision tree (DT) machine-learning circuits using memristors and PATH-based computing. DT machine learning (ML) algorithms are computationally simple, and they require fewer data to train compared to other ML algorithms, making them an attractive option for edge computing. Existing work on creating energy-efficient DT circuits has utilized FLOW-based computing. However, these approaches require costly write operations before every inference, leading to high energy utilization. In this paper, we propose an algorithm to generate PATH-based DT in-memory crossbar circuit designs that only require a write during circuit synthesis and not before every inference, leading to highly energy-efficient inference. We test the performance of our PATH-based design on multiple standard machine learning datasets and demonstrate that our approach achieves a 47% reduction in energy consumption, on average, compared to the state-of-the-art.","1944-9380","979-8-3503-8624-0","10.1109/NANO61778.2024.10628690","NSF(grant numbers:2245756); ","https://ieeexplore.ieee.org/stamp/stamp.jsp?arnumber=10628690","In-memory computation;memristors;PATH-based computing;decision trees;energy-efficient hardware","Machine learning algorithms;Memristors;Machine learning;Energy efficiency;Inference algorithms;Circuit synthesis;Decision trees","","1","","21","IEEE","22 Aug 2024","8-11 July 2024","8-11 July 2024","IEEE","IEEE Conferences"
"Ultrasensitive Detection of Pb2+ Ions in Water Using WS2 Nanoflowers","S. Chaudhary; C. Patel; B. Mahapatra; K. Jyoti; M. Dubey; S. Yadav; S. Mukherjee","Department of Electrical Engineering, Hybrid Nanodevice Research Group (HNRG), Indian Institute of Technology Indore, Indore, India; Department of Electrical Engineering, Hybrid Nanodevice Research Group (HNRG), Indian Institute of Technology Indore, Indore, India; Department of Electrical Engineering, Hybrid Nanodevice Research Group (HNRG), Indian Institute of Technology Indore, Indore, India; Department of Electrical Engineering, Hybrid Nanodevice Research Group (HNRG), Indian Institute of Technology Indore, Indore, India; Department of Electrical Engineering, Hybrid Nanodevice Research Group (HNRG), Indian Institute of Technology Indore, Indore, India; Center for Advanced Electronics (CAE), IIT Indore, Madhya Pradesh, India; Centre for Advance Electronics (CAE) and Centre for Rural Development and Technology (CRDT), Indian Institute of Technology Indore, Indore, India",2024 IEEE 24th International Conference on Nanotechnology (NANO),"22 Aug 2024","2024","","","214","218","The swift and accurate detection of waterborne pollutants is crucial due to the significant risks they pose to both human health and the environment. Lead and its compounds are highly toxic and can cause various illnesses. However, current lead detection systems face several limitations, including slow response times, high costs, and limited mobility. In this investigation, we have successfully engineered a sensor capable of detecting trace levels of toxic Pb2+ ions with excellent sensitivity, remarkable selectivity, and rapid transient performance. The developed sensor comprised of CTAB-WS2 as a sensing layer drop-casted on interdigitated electrodes (IDEs) device, sensing layer synthesized through a facile hydrothermal method. Surface morphological, crystal structure and elemental composition of the synthesized CTAB-WS2 is investigated via FESEM, XRD and EDX analysis. Moreover, sensing performance of the developed sensor display outstanding selectivity towards Pb2+ ions in the presence of other heavy metal ions. With a sensitivity of 418 µA/ppb and a remarkable detection limit of 89.9 ppt, the sensor demonstrated exceptional performance. Moreover, its rapid response time of less than 5 seconds makes it suitable for real-time detection applications. These superior attributes position CTAB-WS2-based sensors as a promising candidate for deployment in real- time environmental quality monitoring and toxic metal detection endeavors.","1944-9380","979-8-3503-8624-0","10.1109/NANO61778.2024.10628811","","https://ieeexplore.ieee.org/stamp/stamp.jsp?arnumber=10628811","Tungsten disulfide;CTAB;Hydrothermal;Sensitivity;Selectivity;Pb2+","Performance evaluation;Sensitivity;X-ray scattering;Tungsten;Lead;Ions;Real-time systems","","","","30","IEEE","22 Aug 2024","8-11 July 2024","8-11 July 2024","IEEE","IEEE Conferences"
"Inverted T-Shaped Tunnel Field-Effect Transistors for Extremely Low Power Chip Applications","S. Suman; R. Kumar; A. Srivastva","School of Computer and Systems Sciences, Jawaharlal Nehru University, New Delhi, India; Swami Shraddhanand College, University of Delhi, New Delhi, India; School of Computer and Systems Sciences, Jawaharlal Nehru University, New Delhi, India",2024 IEEE 24th International Conference on Nanotechnology (NANO),"22 Aug 2024","2024","","","219","223","In this paper, we are exploring a novel inverted T-shaped Tunnel Field Effect Transistor (IT-TFET) structure for extremely low power applications. In this study, we use Sentaurus TCAD tool to simulate and analyse the electrical characteristics of proposed novel IT-TFET Structure. The inverted T-shaped TFET structure offers enhanced electrostatic control, reduced ambipolar behaviour and device performance. In this study we analyze the device characteristics and performance metrics of Inverted T-Shaped structure. The result shows significant improvements in ON current with value of $\mathrm{I}_{\text{ON}}0.51\times 10^{-4}\mathrm{A}/\mu \mathrm{m}$, improvement in Subthreshold Swing (SS) with a value of (10.9mV/dec) and ambipolar behaviour with value of order $2.2\times 10^{-18} \mathrm{A}/\mu \mathrm{m}$. The optimized IT-TFET structure offers improved $\mathbf{I}_{\text{ON}}/\mathbf{I}_{\text{OFF}}$ ratio with a value of 1014. So our new transistor design has great electrical characteristics, making it promising candidate for extremely low power chip applications.","1944-9380","979-8-3503-8624-0","10.1109/NANO61778.2024.10628635","","https://ieeexplore.ieee.org/stamp/stamp.jsp?arnumber=10628635","Subthreshold Swing;Inverted T-shaped TFET;BTBT;Ambipolar current","Performance evaluation;TFETs;Electric variables;Logic gates;Threshold voltage;Electrostatics;Nanotechnology","","1","","17","IEEE","22 Aug 2024","8-11 July 2024","8-11 July 2024","IEEE","IEEE Conferences"
"Bilayer Mos2 Based Memristive Crossbar Array for Neuromorphic Applications","S. Yadav; C. Patel; S. Chaudhary; A. Paul; S. Ghodke; S. Mukherjee","Center for Advanced Electronics, IIT Indore, Madhya Pradesh, India; Department of Electrical Engineering, IIT Indore, Madhya Pradesh, India; Department of Electrical Engineering, IIT Indore, Madhya Pradesh, India; Department of Electrical Engineering, IIT Indore, Madhya Pradesh, India; Department of Electrical Engineering, IIT Indore, Madhya Pradesh, India; Center for Advanced Electronics, IIT Indore, Madhya Pradesh, India",2024 IEEE 24th International Conference on Nanotechnology (NANO),"22 Aug 2024","2024","","","224","227","Memristors offer considerable potential to further biological synapse modeling and are frequently utilized to simulate biological synapses due to their typical neuron-synapse-like metal-insulator-metal (MIM) sandwich structure. However, the memristor's poor stability and high switching voltage limit its wider application to the biological synapse mimicking. High-density and highly efficient neuromorphic computing capabilities is required for the realization of multi-functional neuromorphic computing integrated with 3D RRAM technology. Therefore, in this study, we have successfully fabricated a bilayer MoS2-based Memristive Crossbar Array (MCA) using Au/MoS2/Au configuration. This work not only exhibits non-volatile bipolar resistive switching characteristics with an impressive endurance of 240 cycles and a remarkable retention time of up to 3×104seconds, but also showed excellent operational uniformity with a coefficient of variation limited to 4.57 % and 2.52 % for RESET and SET voltages, respectively.","1944-9380","979-8-3503-8624-0","10.1109/NANO61778.2024.10628597","CSIR(grant numbers:22(0841)/20/EMR-II); ","https://ieeexplore.ieee.org/stamp/stamp.jsp?arnumber=10628597","Low variability;crossbar array;neuromorphic application;potentiation;depression","Three-dimensional displays;Neuromorphic engineering;Switches;Voltage;Stability analysis;Sulfur;Nanobioscience","","1","","28","IEEE","22 Aug 2024","8-11 July 2024","8-11 July 2024","IEEE","IEEE Conferences"
"Magnetic Vector Imaging of Quasi-2D Magnetic Systems at the Soft X-Ray Transmission Microscope of the MISTRAL Beamline","A. E. Herguedas-Alonso; V. V. Fernández; J. Jurczyk; A. Sorrentino; E. Pereiro; J. I. Martin; M. Vélez; S. Ferrer; A. Hierro-Rodriguez","ALBA Synchrotron, Cerdanyola del Vallés, Spain; Department of Physics, University of Oviedo, Oviedo, Spain; Institute of Applied Physics, TU Wien, Vienna, Austria; ALBA Synchrotron, Cerdanyola del Vallés, Spain; ALBA Synchrotron, Cerdanyola del Vallés, Spain; Department of Physics, University of Oviedo, Oviedo, Spain; Department of Physics, University of Oviedo, Oviedo, Spain; ALBA Synchrotron, Cerdanyola del Vallés, Spain; CINN, CSIC, University of Oviedo, El Entrego, Spain",2024 IEEE 24th International Conference on Nanotechnology (NANO),"22 Aug 2024","2024","","","228","233","The ability to characterize the 3D vector magnetization configuration at the nanoscale is an unvaluable experimental asset for the nanomagnetism community to better understand and utilize magnetization phenomena. In the present contribution, we explain and demonstrate the capabilities of the Soft X-ray Transmission Microscope of the MISTRAL beamline at the ALBA Synchrotron, for the characterization of inhomogeneous three-dimensional magnetic textures within weak magnetic signal heterostructures. Different systems of N dCos/NisoFe2o and NdCos/NisoFe2o/NdCos have been fabricated to evaluate the sensitivity limits of the experimental setup. We have reconstructed the 3D magnetization of structures with an effective Fe thickness as thin as 0.4 nm. The presented results are a sound basis of the potential of the method for the 3D vector magnetic characterization of mono/few-layer 2D Van der Waals magnets and/or ultra-thin Spintronic devices at the nanoscale.","1944-9380","979-8-3503-8624-0","10.1109/NANO61778.2024.10628953","","https://ieeexplore.ieee.org/stamp/stamp.jsp?arnumber=10628953","","Magnetic multilayers;Three-dimensional displays;Magnetic resonance imaging;Magnetization;Microscopy;Magnetic domains;Vectors","","","","30","IEEE","22 Aug 2024","8-11 July 2024","8-11 July 2024","IEEE","IEEE Conferences"
"Illuminating the Future: Luminescent Organic Materials and Perovskite Quantum Dots for Rare-Earth-Free Human-Centric Lighting","A. Menéndez-Velázquez; A. B. García-Delgado; D. Morales","Photoactive Materials Research Unit, IDONIAL Technology Center, Avilés, Asturias, Spain; Photoactive Materials Research Unit, IDONIAL Technology Center, Avilés, Asturias, Spain; Photoactive Materials Research Unit, IDONIAL Technology Center, Avilés, Asturias, Spain",2024 IEEE 24th International Conference on Nanotechnology (NANO),"22 Aug 2024","2024","","","234","239","In pursuit of efficient lighting solutions, scientists and engineers have long relied on rare-earth elements to create the vibrant LED displays and bright LED lights that power our devices and illuminate our homes. However, the environmental impact and scarcity of these materials have prompted a search for alternatives. Against this backdrop, luminescent organic materials and perovskite quantum dots emerge as a groundbreaking development poised to revolutionize the world of white light-emitting diodes (WLEDs). This study introduces an innovative hybrid approach for the fabrication of high-quality, rare-earth-free WLEDs. By synergizing organic materials with perovskite quantum dots, we have developed WLEDs that not only bypass the need for rare-earth elements but also offer a customizable light spectrum and tunable correlated color temperature (CCT), making them ideal for human-centric lighting (HCL) applications. Moreover, they maintain high color rendering index (CRI) values. Specifically, our WLEDs achieve CCT values ranging from 3705 K to 8238 K, with CRI values exceeding 85 in optimal configurations. To our knowledge, this is the first demonstration of such a hybrid methodology's potential and advantages, marking a significant step forward in the development of sustainable, rare-earth-free human-centric lighting solutions.","1944-9380","979-8-3503-8624-0","10.1109/NANO61778.2024.10628656","","https://ieeexplore.ieee.org/stamp/stamp.jsp?arnumber=10628656","","Fabrication;Organic materials;Quantum dots;Lighting;Transforms;Light emitting diodes;Rendering (computer graphics)","","","","13","IEEE","22 Aug 2024","8-11 July 2024","8-11 July 2024","IEEE","IEEE Conferences"
"Effect of Silicon Atom Doping in SiNx Resistive Switching Films","A. Mavropoulis; N. Vasileiadis; C. Bonafos; P. Normand; V. Ioannou-Sougleridis; G. C. Sirakoulis; P. Dimitrakis","NCSR “Demokritos”, Institute of Nanoscience and Nanotechnology, Ag. Paraskevi, Greece; NCSR “Demokritos”, Institute of Nanoscience and Nanotechnology, Ag. Paraskevi, Greece; CEMES-CNRS et Université de Toulouse, France; NCSR “Demokritos”, Institute of Nanoscience and Nanotechnology, Ag. Paraskevi, Greece; NCSR “Demokritos”, Institute of Nanoscience and Nanotechnology, Ag. Paraskevi, Greece; Department of Electrical and Computer Engineering, Democritus University of Thrace, Xanthi, Greece; NCSR “Demokritos”, Institute of Nanoscience and Nanotechnology, Ag. Paraskevi, Greece",2024 IEEE 24th International Conference on Nanotechnology (NANO),"22 Aug 2024","2024","","","240","244","Doping stoichiometric SiNx layers $(\mathrm{x}=[\mathrm{N}]/[\text{Si}]=1.33)$ with Si atoms by ultra-low energy ion implantation (ULE-II) and annealing them at different temperatures can significantly impact the switching characteristics. Electrical characterization and dielectric breakdown measurements are used to identify the main switching properties and performance of the fabricated devices and the effect that the Si dopants and annealing temperature have. In addition, impedance spectroscopy measurements revealed the dielectric properties of the silicon nitride films, as well as the ac conductance, which is utilized to identify the conduction mechanisms.","1944-9380","979-8-3503-8624-0","10.1109/NANO61778.2024.10628679","","https://ieeexplore.ieee.org/stamp/stamp.jsp?arnumber=10628679","","Temperature measurement;Annealing;Temperature;Films;Switches;Doping;Atoms","","1","","24","IEEE","22 Aug 2024","8-11 July 2024","8-11 July 2024","IEEE","IEEE Conferences"
"Unveiling Optoelectronic Traits in Chalcogenide Nano-Films for Photovoltaics Applications","M. Dubey; S. Yadav; S. Chaudhary; C. Patel; S. Mukherjee","Department of Electrical Engineering, Hybrid Nanodevice Research Group (HNRG), Centre for Advanced Electronics (CAE), IIT Indore, Indore, India; Department of Electrical Engineering, Hybrid Nanodevice Research Group (HNRG), Centre for Advanced Electronics (CAE), IIT Indore, Indore, India; Department of Electrical Engineering, Hybrid Nanodevice Research Group (HNRG), Centre for Advanced Electronics (CAE), IIT Indore, Indore, India; Department of Electrical Engineering, Hybrid Nanodevice Research Group (HNRG), Centre for Advanced Electronics (CAE), IIT Indore, Indore, India; Department of Electrical Engineering, Hybrid Nanodevice Research Group (HNRG), Centre for Advanced Electronics (CAE), IIT Indore, Indore, India",2024 IEEE 24th International Conference on Nanotechnology (NANO),"22 Aug 2024","2024","","","245","248","This report presents a comprehensive analysis of dual ion beam sputtered (DIBS) $\mathbf{Cu}_{\mathbf{2}}(\mathbf{In}_{\mathbf{2}}\mathbf{Ga})\mathbf{Se}_{\mathbf{3}}$ (CIGSe) nano-films, with a focus on their optical, compositional, and morphological properties. An innovative Al/Ga:ZnO/ZnO/CIGSe/Mo structure is proposed and evaluated using a Solar Cell Capacitance Simulator (SCAPS) tool, integrating experimental parameters to assess its suitability for photovoltaic applications. The primary objective of this analysis is to enhance device efficiency using cost-effective materials while eliminating the use of toxic CdS and substituting it with environmentally friendly and sustainable alternatives. X-ray Diffraction analysis demonstrates a strong tetragonal orientation in the CIGSe film. Spectroscopic ellipsometry reveals a band-gap of 1.57 eV and a notable absorption coefficient of approximately 104cm 1. Integrating these experimental findings into SCAPS under standard illumination (AM 1.5), yields promising results with a photocurrent density $(J_{\text{sc}})$ of 34.03 mA/cm2, open-circuit voltage $(V_{\text{oc}})$ of 0.612 V, fill factor (FF) of 80.25%, and an impressive solar cell efficiency of 16.73%.","1944-9380","979-8-3503-8624-0","10.1109/NANO61778.2024.10628793","","https://ieeexplore.ieee.org/stamp/stamp.jsp?arnumber=10628793","Chalcogenides;DIBS;Ellipsometry and SCAPS;XRD;nano-films","Optical diffraction;X-ray scattering;Photonic band gap;Absorption;Photovoltaic cells;X-ray diffraction;Surface roughness","","","","12","IEEE","22 Aug 2024","8-11 July 2024","8-11 July 2024","IEEE","IEEE Conferences"
"Acoustic Chip for Rapid Label-Free Early-Stage Detection of Rare Leukemic Cells","B. F. E. Matarèse; A. Flewitt; B. J. P. Huntly","Department of Haematology, Cambridge Biomedical Campus, University of Cambridge, UK; Electrical Engineering Division, University of Cambridge, UK; Department of Haematology, Cambridge Biomedical Campus, University of Cambridge, UK",2024 IEEE 24th International Conference on Nanotechnology (NANO),"22 Aug 2024","2024","","","249","252","We present a promising approach for detecting as few as 1% of rare leukemia cells during the early stages of blood cancers. This study demonstrates a novel microfluidic chip utilizing a bulk piezoelectric ceramic device to manipulate cells with sound waves. By analyzing the movement patterns of normal mononuclear cells (MNCs) and abnormal THP-1 acute myeloid leukemia (AML) cells within an acoustic field, we observed distinct behaviors. Our findings suggest a label-free, non-targeted approach for sensitive detection of rare abnormal cells within a mixed population. This method, based on acoustophoresis principles, holds promise for analyzing biophysical properties of individual cells for early cancer diagnosis, potentially leading to earlier intervention and improved patient outcomes for leukemia. While this study focuses on microscopic analysis, we also discuss the potential for developing large-scale acoustophoresis-based methods for high-throughput rare cell detection using high-resolution nanofabrication techniques.","1944-9380","979-8-3503-8624-0","10.1109/NANO61778.2024.10628817","","https://ieeexplore.ieee.org/stamp/stamp.jsp?arnumber=10628817","Piezoelectric materials;Acoustic manipulation;Early-stage leukemia detection;Non-targeted detection;Label-free detection;Rare cell isolation;High-resolution nanofabrication","Nanofabrication;Scalability;Microscopy;Sociology;Throughput;Risk management;Statistics","","1","","15","IEEE","22 Aug 2024","8-11 July 2024","8-11 July 2024","IEEE","IEEE Conferences"
"Fabrication and Characterization of Alumina Based Resistive RAM for Space Applications","D. K. Panday; S. Suman; S. Khan; A. Srivastva","Special Centre for Nano Science, Jawaharlal Nehru University, New Delhi, India; School of Computer and Systems Sciences, Jawaharlal Nehru University, New Delhi, India; Material Science, Inter University Accelerator Center, New Delhi, India; School of Computer and Systems Sciences, Jawaharlal Nehru University, New Delhi, India",2024 IEEE 24th International Conference on Nanotechnology (NANO),"22 Aug 2024","2024","","","253","257","In this paper, we have studied resistive random-access memory (ReRAM) which inherits excellent properties as a non-volatile memory in terms of higher speed, lower cost, higher storage density and scalability for applications in various fields. The memristor is a basic circuit element that results in the new type of non-volatile memory like ReRAM. The critical feature of memristor is the ability to retain its state without power, thus making it as a substitute for non-volatile memories in VLSI systems. We have explored the material properties, and studied electrical characteristics including resistance switching mechanism for the fabricated alumina based nonvolatile memory ReRAM. We have fabricated the MIM (Metal-Insulator-Metal) structure of ReRAM in the form of Au/Al2O3/Pt-Si. The insulator layer (Al2O3) was deposited on the platinized Si-Wafer by Atomic Layer Deposition technique. The top electrode is Au dots deposited using thermal Evaporator. Various characterization techniques such as XRD, AFM and SEM of the deposited ultra thin film were carried out to study the morphology of the dielectric layer. Pre-radiation I-V characteristics of the fabricated ReRAM was determined and the results have been studied. Our I-V characteristics show a typical bipolar switching for Au/Al2O3/Pt-Si ReRAM configuration. Post radiation studies would be carried out to determine the radiation hardness of ReRAM as a non-volatile memory for space applications.","1944-9380","979-8-3503-8624-0","10.1109/NANO61778.2024.10628609","","https://ieeexplore.ieee.org/stamp/stamp.jsp?arnumber=10628609","Radiation hardness;Bipolar ReRAM;Non-volatile memory;bipolar;endurance;stability","Electrodes;X-ray scattering;Nonvolatile memory;Scalability;Resistive RAM;Morphology;Memristors","","","","6","IEEE","22 Aug 2024","8-11 July 2024","8-11 July 2024","IEEE","IEEE Conferences"
"Rapid and Low-Cost Fabrication of Graphene from Pencil Lead","N. Jiwarawat; T. Leukulwatanachai; K. Subhakornphichan; S. Limwathanagura; S. Wanotayan; P. Pungetmongkol","Faculty of Engineering, International School of Engineering, Nano-Engineering, Chulalongkorn University, Bangkok, Thailand; Faculty of Engineering, International School of Engineering, Nano-Engineering, Chulalongkorn University, Bangkok, Thailand; Faculty of Engineering, International School of Engineering, Nano-Engineering, Chulalongkorn University, Bangkok, Thailand; Faculty of Engineering, International School of Engineering, Nano-Engineering, Chulalongkorn University, Bangkok, Thailand; Department of Chemical Engineering, Bio-Circular-Green-economy Technology & Engineering Center, BCGeTEC, Chulalongkorn University, Bangkok, Thailand; Faculty of Engineering, International School of Engineering, Nano-Engineering, Chulalongkorn University, Bangkok, Thailand",2024 IEEE 24th International Conference on Nanotechnology (NANO),"22 Aug 2024","2024","","","258","261","A fast, simple and cost-effective electrochemical exfoliation of graphene using pencil lead has been reported. The synthesized graphene was characterized using a field-emission scanning electron microscopy (FE-SEM), atomic force microscope (AFM), and Raman spectroscopy to validate physical properties. The graphene exhibited a few-layered structure with small number of defects was produced, with an ID/IG ratio of 0.19. The layer graphene was then deposited onto the SPCE, where electrical properties were also determined. The findings of this study suggests that an alternative low-cost graphite precursor can potentially be applied to produce high- quality graphene, increasing the availability of the precursor, and preparing towards commercialization.","1944-9380","979-8-3503-8624-0","10.1109/NANO61778.2024.10628571","Faculty of Engineering; Chulalongkorn University; ","https://ieeexplore.ieee.org/stamp/stamp.jsp?arnumber=10628571","","Fabrication;Scanning electron microscopy;Temperature;Graphene;Raman scattering;Production;Graphite","","","","14","IEEE","22 Aug 2024","8-11 July 2024","8-11 July 2024","IEEE","IEEE Conferences"
"X-Ray Transmission Microscopy of Dipolar-Coupled Bilayers with Crossed Anisotropies for Reconfigurable Spin Wave Transport","A. E. Herguedas-Alonso; J. Hermosa; A. Hierro-Rodríguez; C. Quirós; J. Díaz; M. Vélez; S. Finizio; S. Tacchi; L. M. Álvarez-Prado","Departmento de Física, Universidad of Oviedo, Oviedo and the CINN (CSIC-Universidad of Oviedo) El Entrego, Asturias, Spain; Departmento de Física, Universidad of Oviedo, Oviedo and the CINN (CSIC-Universidad of Oviedo) El Entrego, Asturias, Spain; Departmento de Física, Universidad of Oviedo, Oviedo and the CINN (CSIC-Universidad of Oviedo) El Entrego, Asturias, Spain; Departmento de Física, Universidad of Oviedo, Oviedo and the CINN (CSIC-Universidad of Oviedo) El Entrego, Asturias, Spain; Departmento de Física, Universidad of Oviedo, Oviedo and the CINN (CSIC-Universidad of Oviedo) El Entrego, Asturias, Spain; Departmento de Física, Universidad of Oviedo, Oviedo and the CINN (CSIC-Universidad of Oviedo) El Entrego, Asturias, Spain; Swiss Light Source, Paul Sherrer Institute, Villigen PSI, Siwtzerland; Istituto Officina dei Materiali del CNR (CNR-IOM), Universitá di Perugia, Perugia, Italy; Departmento de Física, Universidad of Oviedo, Oviedo and the CINN (CSIC-Universidad of Oviedo) El Entrego, Asturias, Spain",2024 IEEE 24th International Conference on Nanotechnology (NANO),"22 Aug 2024","2024","","","262","265","Scanning transmission X-ray magnetic resonant microscopy (STXMRM) is used to study the magnetization reversal mechanisms of its stripe domains in dipolar-coupled layers $\mathbf{Py}/\mathbf{Al/NdCo}_{7}$, used for reconfigurable spin wave transport. The element specificity of X-rays permitted to observe the evolution of the stripe-domains as a function of the external magnetic field in each layer and determine the correlations between layers. This is key for the understanding of the hysteretic behavior observed in the spin wave transmission of the permalloy (Py) when it is dipolar coupled to the stripe domain textured $\mathbf{NdCo}_{7}$ layer. The images obtained show that the stripe domain imprinting on the Py layer is undetected in the range of fields where hysteretic properties in the dynamics of the Py magnetic moments are present. Therefore, the spin dynamics in the Py should be governed by the stray field of the $\mathbf{NdCo}_{7}$ layer.","1944-9380","979-8-3503-8624-0","10.1109/NANO61778.2024.10628807","","https://ieeexplore.ieee.org/stamp/stamp.jsp?arnumber=10628807","","Magnetic field measurement;Magnetic resonance imaging;Microscopy;Magnetic domains;Magnetic moments;Magnetic hysteresis;Perpendicular magnetic anisotropy","","","","18","IEEE","22 Aug 2024","8-11 July 2024","8-11 July 2024","IEEE","IEEE Conferences"
"Current Rectification Via Photosystem I Monolayers Induced by Their Orientation on Hydrophilic Self-Assembled Monolayers on Titanium Nitride","J. Rojas; Z. Wang; F. Liu; J. A. Fereiro; D. Chryssikos; T. Dittrich; D. Leister; D. Cahen; M. Tornow","Molecular Electronics, School of Computation, Information and Technology, Technical University of Munich, Garching, Germany; Molecular Electronics, School of Computation, Information and Technology, Technical University of Munich, Garching, Germany; Faculty of Biology, Ludwig-Maximilians University, Planegg-Martinsried, Germany; Indian Institute of Science Education and Research, Thiruvananthapuram, School of Chemistry, Kerala, India; Molecular Electronics, School of Computation, Information and Technology, Technical University of Munich, Garching, Germany; Helmholtz Zentrum Berlin für Materialien und Energie GmbH, Berlin, Germany; Faculty of Biology, Ludwig-Maximilians University, Planegg-Martinsried, Germany; Weizmann Institute of Science, Rehovot, Israel; Molecular Electronics, School of Computation, Information and Technology, Technical University of Munich, Garching, Germany",2024 IEEE 24th International Conference on Nanotechnology (NANO),"22 Aug 2024","2024","","","266","271","Photosystem I (PSI) is a photosynthetic protein which evolved to efficiently transfer electrons through the thylakoid membrane. This remarkable process attracted the attention of the biomolecular electronics community, which aims to study and understand the underlying electronic transport through these proteins by contacting ensembles of PSI with solid-state metallic contacts. This paper extends published work of immobilizing monolayers of PSI with a specific orientation, by using organophosphonate self-assembled molecules with hydrophilic heads on ultra-flat titanium nitride. Electrical measurements carried out with eutectic GaIn top contacts showed current rectification ratios of up to ~200. The previously proposed rectification mechanism, relying on the protein's internal electric dipole, was inquired by measuring shifts in the work function. Our straightforward bottom-up fabrication method may allow for further experimental studies on PSI molecules, such as embedding them in solid-state, transparent top contact schemes for optoelectronic measurements.","1944-9380","979-8-3503-8624-0","10.1109/NANO61778.2024.10628956","Deutsche Forschungsgemeinschaft(grant numbers:TO266/10–1); ","https://ieeexplore.ieee.org/stamp/stamp.jsp?arnumber=10628956","","Proteins;Fabrication;Self-assembly;Molecular electronics;Current measurement;Contacts;Titanium nitride","","","","30","IEEE","22 Aug 2024","8-11 July 2024","8-11 July 2024","IEEE","IEEE Conferences"
"Synthesis and Characterization of a Biocompatible, Polymer Matrix Nanocomposite for Photoacoustic Applications","A. L. Patterson; H. Song; J. Kang; E. M. Boctor; J. B. Spicer","Johns Hopkins University, Baltimore, MD, USA; Johns Hopkins University, Baltimore, MD, USA; Johns Hopkins University, Baltimore, MD, USA; Johns Hopkins University, Baltimore, MD, USA; Johns Hopkins University, Baltimore, MD, USA",2024 IEEE 24th International Conference on Nanotechnology (NANO),"22 Aug 2024","2024","","","272","276","Polymer matrix nanocomposites hold promise for being used as biocompatible, photoacoustic emitting materials. Such a combination of material capabilities has potential in the application of minimally invasive epiretinal implants that can be used to deliver a vision-like experience to patients with macular degenerative vision loss. A method based on chemical vapor deposition is used for in situ growth of palladium nanoparticles in a polydimethylsiloxane matrix. This scalable method is shown to prevent nanoparticle agglomeration that is typically seen with other commonly used nanocomposite synthesis methods. This method can be iterated multiple times on the same sample to increase nanoparticle diameters. In this work, we report characterization results on samples created with this process obtained using UV-Vis-NIR spectrometry, x-ray diffraction (XRD), and transmission electron microscopy (TEM). Results are also reported for the photoacoustic response of these materials obtained using a pulsed laser ultrasonic transmitter and a hydrophone receiver. These results will assist in the design of epiretinal implants that can be used as part of a prosthetic system to provide a vision-like experience for users.","1944-9380","979-8-3503-8624-0","10.1109/NANO61778.2024.10628547","","https://ieeexplore.ieee.org/stamp/stamp.jsp?arnumber=10628547","","Nanoparticles;Spectroscopy;X-ray scattering;Transmission electron microscopy;Shape;Nanocomposites;Implants","","","","12","IEEE","22 Aug 2024","8-11 July 2024","8-11 July 2024","IEEE","IEEE Conferences"
"Charge Detection Towards the Readout of Bistable Charge States in Molecular QCA","M. I. Rahaman; G. P. Szakmany; A. O. Orlov; G. L. Snider","Dept. of Electrical Engineering, University of Notre Dame, Notre Dame, USA; Dept. of Electrical Engineering, University of Notre Dame, Notre Dame, USA; Dept. of Electrical Engineering, University of Notre Dame, Notre Dame, USA; Dept. of Electrical Engineering, University of Notre Dame, Notre Dame, USA",2024 IEEE 24th International Conference on Nanotechnology (NANO),"22 Aug 2024","2024","","","277","282","Charge sensing plays a crucial role in quantum computing systems, often employing Single Electron Transistors (SETs) as on-chip sense amplifiers to determine the state of a qubit. However, fabrication of SETs may not always be plausible as it involves additional processing steps and demands increased chip area and improved SET yield. In this work, we demonstrate a single-port radio frequency gate reflectometry setup for single charge sensing without SETs. By strategically placing a set of gates around a structure, composed of two nanoscale metal dots separated by a tunnel barrier, we showcase single electron charge transfer and detection within a sub-20nm space. In our approach, a single gate serves as both a charge manipulator and a detector. The change in the complex admittance associated with a single electron tunneling event is detected in the reflected RF signal. Our proposed system holds potential for sensing the charge of topological qubits,","1944-9380","979-8-3503-8624-0","10.1109/NANO61778.2024.10628835","","https://ieeexplore.ieee.org/stamp/stamp.jsp?arnumber=10628835","RF gate reflectometry;single charge sensing;metal double dots;qunatum computing","Radio frequency;Qubit;Metals;Logic gates;Reflectometry;Tunneling;Sensors","","2","","11","IEEE","22 Aug 2024","8-11 July 2024","8-11 July 2024","IEEE","IEEE Conferences"
"Alginate Films Embedding Electrosynthesized ZnO Nanostructures for Food Packaging Applications","A. V. Montefusco; M. Izzi; D. Calia; A. Pugliese; M. C. Sportelli; N. Cioffi; R. A. Picca","Department of Electrical and Information Engineering, Polytechnic of Bari, Bari, Italy; Department of Chemistry, University of Bari Aldo Moro, Bari, Italy; Department of Chemistry, University of Bari Aldo Moro, Bari, Italy; Department of Chemistry, University of Bari Aldo Moro, Bari, Italy; Department of Chemistry, University of Bari Aldo Moro, Bari, Italy; Department of Chemistry, University of Bari Aldo Moro, Bari, Italy; Department of Chemistry, University of Bari Aldo Moro, Bari, Italy",2024 IEEE 24th International Conference on Nanotechnology (NANO),"22 Aug 2024","2024","","","283","286","Even today, many products intended for food, though well cultivated, unfortunately undergo deterioration due to contamination by pathogenic microorganisms causing a considerable economic burden. Hence, new solutions are explored to improve food preservation. Biodegradable coatings with antimicrobial properties can prolong product shelf-life thus limiting pathogen growth and/or biofilm formation. In this work we propose cross-linked films based on alginate, a biodegradable polysaccharide biopolymer, modified with zinc oxide nanostructures (ZnO NSs). The nanomaterial was prepared through a green electrochemical-thermal method, using a sacrificial zinc anode corroded in a slightly alkaline bath in the presence of sodium dodecyl sulfate, as a stabilizer. A suitable protocol for fabricating self-supported ZnO NSs/alginate films was developed. Morphological and spectroscopic characterizations were performed on NSs to evaluate their composition and morphology. Films were characterized in terms of composition and water uptake, showing that the addition of ZnO NSs improves significantly their resistance, and supporting their potential application in food packaging studies.","1944-9380","979-8-3503-8624-0","10.1109/NANO61778.2024.10628646","","https://ieeexplore.ieee.org/stamp/stamp.jsp?arnumber=10628646","","Microorganisms;Limiting;II-VI semiconductor materials;Films;Morphology;Zinc oxide;Food packaging","","","","11","IEEE","22 Aug 2024","8-11 July 2024","8-11 July 2024","IEEE","IEEE Conferences"
"Nanoporous Al2O3Assisted Anodizing of WTi Alloy","A. Hoha; U. Turavets; A. Poznyak; A. Pligovka","Research and Development Laboratory 4.10 “Nanotechnologies”, Belarusian State University of Informatics and Radioelectronics, Minsk, Belarus; Research and Development Laboratory 4.10 “Nanotechnologies”, Belarusian State University of Informatics and Radioelectronics, Minsk, Belarus; Research and Development Laboratory 4.10 “Nanotechnologies”, Belarusian State University of Informatics and Radioelectronics, Minsk, Belarus; Research and Development Laboratory 4.10 “Nanotechnologies”, Belarusian State University of Informatics and Radioelectronics, Minsk, Belarus",2024 IEEE 24th International Conference on Nanotechnology (NANO),"22 Aug 2024","2024","","","287","291","Nanoporous Al2O3assisted 125 and 180 nm WTi alloy in 0.1, 0.4 M oxalic and 0.2, 0.4, 0.6 M tartaric acid solution were galvanostatically and potentiostatically anodized, in boric acid solution were galvanostatically reanodized. Time-current and time-voltage, morphology and composition, chemical etching and planarization features were investigated. Features of anodizing, chemical etching and morphology are presented.","1944-9380","979-8-3503-8624-0","10.1109/NANO61778.2024.10628565","Belarusian Republican Foundation for Fundamental Research(grant numbers:T23 M 072); ","https://ieeexplore.ieee.org/stamp/stamp.jsp?arnumber=10628565","","Planarization;X-ray scattering;Vents;Tungsten;Morphology;Etching;Silicon","","","","13","IEEE","22 Aug 2024","8-11 July 2024","8-11 July 2024","IEEE","IEEE Conferences"
"Sensing Performance of Visible Light-Activated SnO2Functionalized with CuInS2 @ZnS QDs for Hydrogen Detection","A. Orlando; A. Gaiardo; M. Valt; G. Trentini; M. Magoni; P. Tosato; P. Lugli; S. Krik; L. Petti","Faculty of Engineering-Free University of Bozen, Bolzano, Italy; Sensors and Devices Center-Bruno Kessler Foundation, Trento, Italy; Sensors and Devices Center-Bruno Kessler Foundation, Trento, Italy; Faculty of Engineering-Free University of Bozen, Bolzano, Italy; Sensors and Devices Center-Bruno Kessler Foundation, Trento, Italy; Sensors and Devices Center-Bruno Kessler Foundation, Trento, Italy; Faculty of Engineering-Free University of Bozen, Bolzano, Italy; Faculty of Engineering-Free University of Bozen, Bolzano, Italy; Faculty of Engineering-Free University of Bozen, Bolzano, Italy",2024 IEEE 24th International Conference on Nanotechnology (NANO),"22 Aug 2024","2024","","","292","296","In recent years, the detection of air pollution has gained an increasing interest due to the impact that this has on human health and the environment. In this context, one of the key challenges is the real-time and selective monitoring of the air quality. To this aim, chemiresistive gas sensors represent one of the most widely used technologies, due to their low cost, fast response, and portability. Nowadays, chemiresistive gas sensors based on semiconducting metal oxides (SMOX) are the most widely used thanks to their reliability and high sensitivity. However, despite the important advantages, there are two main drawbacks associated with their use, namely the low selectivity of SMOX-based gas sensors and the high power consumption associated to the need of high temperatures for thermal activation of the sensing film. To address these drawbacks, there is an urgent need for novel approaches. One interesting strategy to decrease energy consumption involves the use of light radiation for sensor activation instead of the traditional heating methods. However, a significant limitation is the low absorption of visible radiation by many sensing materials, notably SMOX. To overcome this issue, an effective strategy involves functionalizing SMOX with antenna molecules capable of absorbing visible light and facilitating electron transfer to the conduction band of the SMOX. Quantum dots (QDs) have emerged as a promising class of molecules for this purpose. In this study, an innovative composite material composed of SnO2nanoparticles functionalized with CuInS2 @ZnS (Z-CIS) QDs acting as an antenna for blue light activation was investigated. The experimental results showed a significant change in sensor resistance under blue light illumination (464 nm), yielding a notable response value of 43.18. Leveraging this illumination, hydrogen (H2) detection at concentrations of 30, 60, 150, and 300 ppm was tested, yielding responses of 1.05%, 1.35%, 2.89%, and 4.07%, respectively. Another significant outcome of the study is the recovery time of the sensor. It was observed a consistent recovery time of approximately 2 hours across all tested H2 concentrations.","1944-9380","979-8-3503-8624-0","10.1109/NANO61778.2024.10628583","","https://ieeexplore.ieee.org/stamp/stamp.jsp?arnumber=10628583","","Temperature sensors;Temperature measurement;Nanoparticles;Absorption;Stimulated emission;Hydrogen;Lighting","","","","15","IEEE","22 Aug 2024","8-11 July 2024","8-11 July 2024","IEEE","IEEE Conferences"
"Fabrication, Deposition, Morphology and Composition of Perovskite CsPb(Br1-xIx)3","U. Turavets; A. Poznyak; A. Hoha; A. Pligovka","Research and Development Laboratory 4.10, “Nanotechnologies”, Belarusian State University of Informatics and Radioelectronics, Minsk, Belarus; Research and Development Laboratory 4.10, “Nanotechnologies”, Belarusian State University of Informatics and Radioelectronics, Minsk, Belarus; Research and Development Laboratory 4.10, “Nanotechnologies”, Belarusian State University of Informatics and Radioelectronics, Minsk, Belarus; Research and Development Laboratory 4.10, “Nanotechnologies”, Belarusian State University of Informatics and Radioelectronics, Minsk, Belarus",2024 IEEE 24th International Conference on Nanotechnology (NANO),"22 Aug 2024","2024","","","297","301","In this work, CsPb(Br1-xIx)3 perovskite crystals with simple and affordable deposition technique under ambient condition is proposed to be formed. Thus, synthesis of safe inorganic perovskites on glass substrates and bilayer anodic Al/WTi system films was developed by Ligand-Assisted Reprecipitation method immediately on target substrates. Their composition, morphology and photoluminescent characteristics have been studied. Photoluminescence peaks CsPbBr2I and CsPbI3 are 535 and 550 nm respectively and X-ray diffraction analysis show the resulting crystals have an orthorhombic phase. Scanning electron microscopy showed the rod structure of perovskite.","1944-9380","979-8-3503-8624-0","10.1109/NANO61778.2024.10628559","","https://ieeexplore.ieee.org/stamp/stamp.jsp?arnumber=10628559","","Photovoltaic systems;Scanning electron microscopy;Phase measurement;Morphology;Photoluminescence;Crystals;X-ray diffraction","","","","18","IEEE","22 Aug 2024","8-11 July 2024","8-11 July 2024","IEEE","IEEE Conferences"
"Thin Film Microwave Absorber-Column-like Thermistor Couple Fabricated via Anodizing of Al/WTi for Rectangle Waveguide Calorimeter Sensor","A. Hoha; U. Turavets; A. Poznyak; A. Pligovka","Research and Development Laboratory 4.10 “Nanotechnologies”, Belarusian State University of Informatics and Radioelectronics, Minsk, Belarus; Research and Development Laboratory 4.10 “Nanotechnologies”, Belarusian State University of Informatics and Radioelectronics, Minsk, Belarus; Research and Development Laboratory 4.10 “Nanotechnologies”, Belarusian State University of Informatics and Radioelectronics, Minsk, Belarus; Research and Development Laboratory 4.10 “Nanotechnologies”, Belarusian State University of Informatics and Radioelectronics, Minsk, Belarus",2024 IEEE 24th International Conference on Nanotechnology (NANO),"22 Aug 2024","2024","","","302","305","Absorber-thermistor couple was formed by combine barrier anodizing WTi layer and anodizing two-layer system Al/WTi on single pieces of glass substrate. The use of thin film couple can reduce the heat capacity of the calorimetric sensor. Thermistor was formed by anodizing of magnetron sputter-deposited Al/WTi in 0.4 M oxalic acid aqueous solution at constant current density 6 mA.cm-2, reanodizing in an electrolyte containing 0.5 M boric acid and 0.05 M sodium tetraborate in a potentiodynamic mode by raising the voltage to 380 V, and chemical etching. Thin film microwave absorber was formed by anodizing of magnetron sputter-deposited Al/WTi in 1 % citric acid aqueous solution and chemical etching. The column-like thermistor morphology by scanning electron microscopy on formation conditions were investigated. The dependence of sheet resistance on the barrier anodizing voltage of metal WTi thin film has been investigated. Thin film microwave absorber with sheet resistance above 100 Ohms.□-1was obtained. The calculated temperature coefficient of resistance in the temperature range 20 to 55°C appeared to be negative and rather low −8.4.10−3. K−1 for the column-like thermistor. The design of absorber - thermistor couple for rectangle microwave calorimeter and experimental sample have been developed.","1944-9380","979-8-3503-8624-0","10.1109/NANO61778.2024.10628810","Belarusian Republican Foundation for Fundamental Research(grant numbers:T23M 072); ","https://ieeexplore.ieee.org/stamp/stamp.jsp?arnumber=10628810","","Resistance;Temperature sensors;Electromagnetic heating;Temperature distribution;Rectangular waveguides;Thermistors;Glass","","","","16","IEEE","22 Aug 2024","8-11 July 2024","8-11 July 2024","IEEE","IEEE Conferences"
"An Efficient Quantum-inspired Computing Approach for Intrusion Detection System","J. -Y. Shen; C. -H. Wu; C. -Y. Hua; M. -H. Chang; S. -Y. Kuo; Y. -H. Chou; S. -Y. Kuo",NA; NA; NA; NA; NA; NA; NA,2024 IEEE 24th International Conference on Nanotechnology (NANO),"22 Aug 2024","2024","","","306","310","Quantum-inspired computing (QIC) algorithms sim-ulate the principles of quantum mechanics to enable an efficient search for optimal solutions and substantial reductions in computational costs. This study marks the first attempt to propose a QIC algorithm designed for constructing an intrusion detection system (IDS). With the rapid advancement of technology comes a surge in malicious activities. The IDS is an important defense against internet attacks, which is crucial for efficiently identifying anomalous network traffic and preventing detrimental consequences such as data breaches. The proposed system introduces a new encoding method for IDS on QIC, complemented by a novel technique: a voting mechanism. This mechanism enhances accuracy and reliability in the decision-making process by aggregating multiple inputs or opinions, thereby reducing the rate of false negatives and false positives. The results demonstrate that the QIC-based IDS effectively distinguishes between normal network traffic and malicious ac-tivities, achieving high accuracy on two well-known benchmarks with lower floating-point operations (FLOPs). This lightweight design and high efficiency offer significant advantages for real-time systems and various industries.","1944-9380","979-8-3503-8624-0","10.1109/NANO61778.2024.10628664","","https://ieeexplore.ieee.org/stamp/stamp.jsp?arnumber=10628664","","Quantum computing;Accuracy;Intrusion detection;Quantum mechanics;Telecommunication traffic;Benchmark testing;Search problems","","6","","32","IEEE","22 Aug 2024","8-11 July 2024","8-11 July 2024","IEEE","IEEE Conferences"
"Nano Detection of miR-155 for Early Lung Cancer Diagnosis via Surface-Enhanced Raman Spectroscopy","C. Quin; A. McClelland; T. H. Zeng","Class 2027 Lincoln-Sudbury Regional High School, Sudbury, MA, USA; Center for Nanoscale Systems, Harvard University, Cambridge, MA, USA; Academy for Advanced Research and Development (AARD), Cambridge, MA, USA",2024 IEEE 24th International Conference on Nanotechnology (NANO),"22 Aug 2024","2024","","","311","316","Lung cancer remains the preeminent cause of cancer-related mortality worldwide, necessitating advancements in early detection methods to improve patient prognosis. Traditional diagnostic tools, such as CT scans and sputum cytology, are hindered by high false-positive rates, prompting the need for more accurate and non-invasive diagnostic techniques. This study delves into the innovative integration of miR-155, a microRNA implicated in lung carcinogenesis, with Surface-Enhanced Raman Spectroscopy (SERS) facilitated by silver nanoparticles for the early detection of lung cancer in ex vivo samples. Through a meticulously designed series of experiments, the sensitivity and specificity of SERS in detecting miR-155 at physiologically relevant concentrations were examined. The constructed methodology capitalized on the unique plasmonic effect achieved via the use of silver nanoparticles to enhance the Raman signal of miR-155, enabling the detection of this biomarker at concentrations indicative of early-stage non-small cell lung cancer (NSCLC). The results revealed a significant enhancement in the Raman signal intensity of miR-155 in the presence of silver nanoparticles, demonstrating the potential of SERS as a powerful tool for the early diagnosis of lung cancer in controlled laboratory settings. The application of this technology represents a paradigm shift towards non-invasive, accurate, and cost-effective lung cancer diagnostics, with the potential to substantially improve early detection rates and patient survival outcomes. However, further validation in clinical settings is necessary. This research underscores the promise of nanotechnology and bioanalytical methods in cancer diagnostics, paving the way for future studies to validate these findings in clinical settings and explore the integration of SERS with existing diagnostic protocols for a more comprehensive approach to lung cancer detection.","1944-9380","979-8-3503-8624-0","10.1109/NANO61778.2024.10628604","National Science Foundation(grant numbers:ECCS-2025158); ","https://ieeexplore.ieee.org/stamp/stamp.jsp?arnumber=10628604","miR-155;Lung cancer;SERS;Nanotechnology;Early Diagnosis","Nanoparticles;Silver;Accuracy;Protocols;Sensitivity;Raman scattering;Lung cancer","","","","12","IEEE","22 Aug 2024","8-11 July 2024","8-11 July 2024","IEEE","IEEE Conferences"
"Demonstration of a NAND-Like SOT-MRAM Multi-Level Cell with Two Operational Modes","C. Wang; Z. Yan; M. Wang; Z. Wang","Fert Beijing Institute, MIIT Key Laboratory of Spintronics, School of Integrated Circuit Science and Engineering, Beihang University, Beijing, China; Fert Beijing Institute, MIIT Key Laboratory of Spintronics, School of Integrated Circuit Science and Engineering, Beihang University, Beijing, China; Fert Beijing Institute, MIIT Key Laboratory of Spintronics, School of Integrated Circuit Science and Engineering, Beihang University, Beijing, China; Fert Beijing Institute, MIIT Key Laboratory of Spintronics, School of Integrated Circuit Science and Engineering, Beihang University, Beijing, China",2024 IEEE 24th International Conference on Nanotechnology (NANO),"22 Aug 2024","2024","","","317","321","Multi-level cell (MLC) schemes have demonstrated effectiveness in scenarios such as neural network acceleration and multitask optimization. Leveraging several advantages, particularly its compatibility with complementary metal oxide semiconductor (CMOS) processes, the MLC scheme of MRAM has been widely researched. In this study, we propose an MLC-MRAM architecture based on spin-orbit torque (SOT) and voltage-controlled magnetic anisotropy (VCMA) within a NAND-like structure, featuring two operational modes. One mode involves a one-step writing operation, enabling deterministic writing of four data states. It effectively addresses the previous annealing challenge associated with the MLC device and achieves reliable switching within a single step. The other mode combines SOT and VCMA effects in the two-step operation which facilitates multi-level storage. The experimental results confirm the existence of multiple resistance states, characterized by the minimal variation (a standard deviation of less than 6%). Our work verifies that the NAND-like SOT-MRAM MLC based on canted devices with in-plane magnetic anisotropy, achieves multi-level storage while satisfying the fundamental requirements for in-memory computing.","1944-9380","979-8-3503-8624-0","10.1109/NANO61778.2024.10628619","","https://ieeexplore.ieee.org/stamp/stamp.jsp?arnumber=10628619","","Annealing;Torque;Microprocessors;Neural networks;Magnetic anisotropy;Computer architecture;Switches","","1","","22","IEEE","22 Aug 2024","8-11 July 2024","8-11 July 2024","IEEE","IEEE Conferences"
"Multi-Functional Design for Memory and Strong Physical Unclonable Functions Based on NAND-Like SOT Arrays","M. Wang; Z. Hou; L. Yulong; B. Wang; H. Jin; Y. Zhao; Z. Wang","Fert Beijing Institute, MIIT Key Laboratory of Spintronics, School of Integrated Circuit Science and Engineering, Beihang University, Beijing, China; Fert Beijing Institute, MIIT Key Laboratory of Spintronics, School of Integrated Circuit Science and Engineering, Beihang University, Beijing, China; Fert Beijing Institute, MIIT Key Laboratory of Spintronics, School of Integrated Circuit Science and Engineering, Beihang University, Beijing, China; Fert Beijing Institute, MIIT Key Laboratory of Spintronics, School of Integrated Circuit Science and Engineering, Beihang University, Beijing, China; Fert Beijing Institute, MIIT Key Laboratory of Spintronics, School of Integrated Circuit Science and Engineering, Beihang University, Beijing, China; Beijing Microelectronics Technology Institute, Beijing, China; Fert Beijing Institute, MIIT Key Laboratory of Spintronics, School of Integrated Circuit Science and Engineering, Beihang University, Beijing, China",2024 IEEE 24th International Conference on Nanotechnology (NANO),"22 Aug 2024","2024","","","322","325","MRAM-based physical unclonable function (PUF) design has become a hot research topic in academia and industry. The spin-orbit torque-based PUFs (SOT-PUFs) have the advantages of non-volatility, substantial miniaturization, and low energy consumption. However, existing MRAM PUFs share a common issue: PUF and memory functions cannot coexist simultaneously in the same array. Meanwhile, most of the memory-based PUFs are weak PUFs. The proposed multi-functional design further improves these issues with memory and strong PUF functionality where NAND-like SOT devices further reduce cell area. The uniformity and uniqueness are estimated to be 0.4986 and 0.4997, respectively. Our work validates the multi-functionality of the proposed design and paves the way for SOT-based applications. Physical Unclonable Function, NAND-like SOT device, Multi-function design","1944-9380","979-8-3503-8624-0","10.1109/NANO61778.2024.10628850","National Natural Science Foundation of China(grant numbers:62171013,62104015); National Key Research and Development Program of China(grant numbers:2021YFB3601303,2021YFB3601304); ","https://ieeexplore.ieee.org/stamp/stamp.jsp?arnumber=10628850","","Industries;Energy consumption;Voltage;Writing;Physical unclonable function;Robustness;Proposals","","","","16","IEEE","22 Aug 2024","8-11 July 2024","8-11 July 2024","IEEE","IEEE Conferences"
"Random Number Generation Driven by Voltage-Controlled Magnetic Anisotropy and Their use in Probabilistic Computing","E. Raimondo; A. Grimaldi; A. Giordano; M. Chiappini; M. Carpentieri; G. Finocchio","Istituto Nazionale di Geofisica e Vulcanologia, Rome, Italy; Department of Engineering, University of Messina, Messina, Italy; Department of Engineering, University of Messina, Messina, Italy; Istituto Nazionale di Geofisica e Vulcanologia, Rome, Italy; Department of Electrical and Information Engineering, Politecnico Di Bari, Bari, Italy; Department of Mathematical and Computer Sciences, Physical Sciences and Earth Sciences, University of Messina, Messina, Italy",2024 IEEE 24th International Conference on Nanotechnology (NANO),"22 Aug 2024","2024","","","326","330","Ising machines are becoming increasingly popular as efficient and hardware-friendly solvers for combinatorial optimization problems. One promising approach for solving Ising models is through probabilistic Ising machines (PIMs), wherein conventional bits are replaced by bistable tunable stochastic bits (p-bits). The generation of random numbers is a crucial component of PIMs. Stochastic magnetic tunnel junctions (MTJs) have been proposed to physically implement p-bits; however, their scalability faces challenges due to the required fine tuning of a small energy barrier. Alternatively, the voltage-controlled magnetic anisotropy (VCMA) effect in deterministic perpendicular MTJs can be used to generate random binary states. Here, we present a comprehensive phase diagram to delineate the characteristics of VCMA pulses for the generation of true random numbers. We introduce the design of an MTJ-based p-bit, where the precision of the stochastic component is linked to the number of MTJs employed. We explore the impact of adaptive p-bit precision in solving an instance of a maximum satisfiability problem. The results show that a limited number of VCMA-based MTJs (less than 20) are sufficient to ensure performance comparable to the software solutions.","1944-9380","979-8-3503-8624-0","10.1109/NANO61778.2024.10628878","","https://ieeexplore.ieee.org/stamp/stamp.jsp?arnumber=10628878","","Scalability;Stochastic processes;Magnetic anisotropy;Mathematical models;Vectors;Software;Probabilistic computing","","3","","26","IEEE","22 Aug 2024","8-11 July 2024","8-11 July 2024","IEEE","IEEE Conferences"
"Leaky-Integrate-Fire Neuron Based on Antiferromagnetic Skyrmion Under Strain Gradient","R. K. Raj; R. S. Verma; S. Saini; M. Kumar; A. K. Shukla; B. K. Kaushik","Electronics and Communication Engineering Department, Indian Institute of Technology Roorkee, Uttarakhand, India; Electronics and Communication Engineering Department, Indian Institute of Technology Roorkee, Uttarakhand, India; Electronics and Communication Engineering Department, Indian Institute of Technology Roorkee, Uttarakhand, India; Electronics and Communication Engineering Department, Indian Institute of Technology Roorkee, Uttarakhand, India; Electronics and Communication Engineering Department, Indian Institute of Technology Roorkee, Uttarakhand, India; Electronics and Communication Engineering Department, Indian Institute of Technology Roorkee, Uttarakhand, India",2024 IEEE 24th International Conference on Nanotechnology (NANO),"22 Aug 2024","2024","","","331","336","Antiferromagnetic (AFM) skyrmion-based spintronic devices are favored over their ferromagnetic (FM) counterparts due to compelling characteristics including robust exchange interaction, interfacial Dzyaloshinskii-Moriya interaction (DMI), minimal stray fields, low susceptibility to external fields, and inherent non-volatility. The straight trajectories followed by AFM skyrmions prevent their annihilation at the edges of nanoscale racetracks, making them a more promising candidate than FM skyrmions for future spintronic applications. In this work, AFM skyrmion dynamics under strain gradient is studied. It is observed that creating the strain gradient is an efficient way to drive AFM skyrmions with a high longitudinal speed in the order 800 m/s. Furthermore, a leaky integrate-and-fire (LIF) neuron is proposed based on strain gradient for enhancing energy efficiency in neuromorphic computing systems. This opens a new alternative way to manipulate AFM skyrmions for the development of energy-efficient AFM skyrmion based devices in neuromorphic computing.","1944-9380","979-8-3503-8624-0","10.1109/NANO61778.2024.10628596","","https://ieeexplore.ieee.org/stamp/stamp.jsp?arnumber=10628596","Antiferromagnetic;Skyrmion;Strain gradient;Leaky-integrate-fire;Neuromorphic computing;Spin transfer torque","Frequency modulation;Neuromorphic engineering;Neurons;Force;Energy efficiency;Trajectory;Current density","","1","","53","IEEE","22 Aug 2024","8-11 July 2024","8-11 July 2024","IEEE","IEEE Conferences"
"Skyrmion-Based Transistor Utilizing Dzyaloshinskii-Moriya Interaction Barrier","M. Kumar; R. K. Raj; R. S. Verma; B. K. Kaushik","Electronics and Communication Engineering Department, Indian Institute of Technology Roorkee, Uttarakhand, India; Electronics and Communication Engineering Department, Indian Institute of Technology Roorkee, Uttarakhand, India; Electronics and Communication Engineering Department, Indian Institute of Technology Roorkee, Uttarakhand, India; Electronics and Communication Engineering Department, Indian Institute of Technology Roorkee, Uttarakhand, India",2024 IEEE 24th International Conference on Nanotechnology (NANO),"22 Aug 2024","2024","","","337","342","Magnetic skyrmions represent localized and topologically protected spin configurations, which hold significant interest for both fundamental research and practical applications in future microelectronics. Skyrmion-based electronic devices, such as transistors and logic gates, are regarded as the next generation of electronic technology. In this work, skyrmion-based transistor is proposed that utilizes Dzyaloshinskii-Moriya Interaction (DMI) barrier control via an electric field applied to the middle of the nanotrack. The DMI barrier can be controlled over the gate region by manipulating a voltage, enabling ON and OFF functionality. The proposed transistor has an optimized area of 100 × 32 nm2and requires SOT current density 0.2 GA/m2 to drive the skyrmion, making it energy-efficient and suitable for low-power applications. This functionality replicates a conventional transistor for magnetic devices and can be applied to logic families and memory devices.","1944-9380","979-8-3503-8624-0","10.1109/NANO61778.2024.10628765","","https://ieeexplore.ieee.org/stamp/stamp.jsp?arnumber=10628765","Transistor;DMI;Skyrmion;MTJ;Nanotrack","Switches;Logic gates;Energy efficiency;Nanoscale devices;Transistors;Current density;Voltage control","","2","","53","IEEE","22 Aug 2024","8-11 July 2024","8-11 July 2024","IEEE","IEEE Conferences"
"Exploring Sex/Gender Perspectives in Nanotechnology and Nanomaterials Research","R. Bencivenga; C. Leone; D. Peddis; S. Laureti","Department of Civil, Chemical and Environmental Engineering Department, DICCA, University of Genoa, IT; Italian Institute of Technology (IIT), IT; Dip. di Chimica e Chimica Industriale & INSTM, nM2-Lab, Università degli Studi di Genova, Italy; CNR, Istituto di Struttura della Materia, nM2-Lab, Monterotondo Scalo, Italy",2024 IEEE 24th International Conference on Nanotechnology (NANO),"22 Aug 2024","2024","","","343","346","This article aims to draw attention to the integration of sex/gender dimensions within the scientific community investigating nanomaterials and nanotechnology. Despite the significant impact of these fields on society, there remains a gap in understanding how the gender dimension can intersect with research practices and outcomes. The presence of gender-specific terminology, involving references to gender, sex, masculinity, femininity, and other related concepts can allow us to shed light on the current state of a sex/gender dimension integration in nanotechnology research. By analyzing the presence of gender-related terms in the proceedings of the IEEE Nano-Community, this paper contributes to the ongoing discussions on the importance of integrating a sex/ gender dimension in research and education in the field and highlights the need to make the nanotechnology and nanomaterials research landscape more inclusive and insightful in the future.","1944-9380","979-8-3503-8624-0","10.1109/NANO61778.2024.10628573","European Union; ","https://ieeexplore.ieee.org/stamp/stamp.jsp?arnumber=10628573","","Training;Technological innovation;Terminology;Nanomaterials;Research and development","","","","20","IEEE","22 Aug 2024","8-11 July 2024","8-11 July 2024","IEEE","IEEE Conferences"
"Investigation of Temperature Impacts on I-V Characteristics to Analog/RF of Drain Underlap Based L-Shaped TFET","P. Singh; A. Raman; N. Kumar; A. Dixit; P. Kumar; D. S. Yadav","Department of Electronics & Communication Engineering, NIT Jaladhar, Punjab, India; Department of Electronics & Communication Engineering, NIT Jaladhar, Punjab, India; Department of Electronics and Nanoscale Engineering, University of Glasgow, Glasgow, United Kingdom; Department of Electronics & Communication Engineering, NIT Jaladhar, Punjab, India; Department of Electronics & Communication Engineering, NIT Jaladhar, Punjab, India; Department of Electronics & Communication Engineering, NIT Kurukshetra, Haryana, India",2024 IEEE 24th International Conference on Nanotechnology (NANO),"22 Aug 2024","2024","","","347","351","In this work, an L-shaped Tunnel FET is demonstrated for the impact of the simulation models and temperature variations. When temperature increases above the room temperature (250K to 450K), it significantly affects the carrier mobility and carrier injection process. The SRH (Shockley-Read-Hall) and TAT (Trap-assisted Tunneling) show their significance in increasing the OFF -state current (ambipolar behavior) for the lower and negative values of gate voltage. When gate voltage rises, the BTBT model (Band-to-Band-Tunneling) starts to show its presence, and the impact of SRH and TAT models starts decreasing. Because of this, the OFF -state current starts diminishing as gate voltage increases. According to the applied electric field, the BTBT, SRH, and TAT current functionalities have particular confining regions. TAT and SRH aspects predominate drain current at weak electric fields, as they are very susceptible to temperature variations. Hence, the change in models and temperature affects the device efficacy, such as analog and high-frequency functionality, and it necessitates a detailed investigation.","1944-9380","979-8-3503-8624-0","10.1109/NANO61778.2024.10628753","","https://ieeexplore.ieee.org/stamp/stamp.jsp?arnumber=10628753","","Performance evaluation;Radio frequency;Temperature distribution;TFETs;Low power electronics;Voltage;Logic gates","","1","","27","IEEE","22 Aug 2024","8-11 July 2024","8-11 July 2024","IEEE","IEEE Conferences"
"Integration of Posit Arithmetic in RISC-V Targeting Low-Power Computations","D. Mallasén; R. Murillo; A. A. Del Barrio; G. Botella; M. Prieto-Matias","Facultad de Informática, Universidad Complutense de Madrid, Madrid, Spain; Facultad de Ciencias Físicas, Universidad Complutense de Madrid, Madrid, Spain; Facultad de Informática, Universidad Complutense de Madrid, Madrid, Spain; Facultad de Informática, Instituto de Tecnologia del Conocimiento, Universidad Complutense de Madrid, Madrid, Spain; Facultad de Informática, Universidad Complutense de Madrid, Madrid, Spain",2024 IEEE 24th International Conference on Nanotechnology (NANO),"22 Aug 2024","2024","","","352","357","In this talk, we will describe how to leverage the promising posit number format introduced by John Gustafson in 2017 to reduce the energy consumption of the whole system. Posits were released as a direct drop-in replacement for the standard IEEE 754 and they are particularly accurate in the surroundings of 1. Furthermore, they do not suffer the IEEE 754 drawbacks when it comes to reproducing calculations across different machines. Our discussions will be centered around the promising posit properties as well as how to perform real deployments thanks to the RISC-V ISA.","1944-9380","979-8-3503-8624-0","10.1109/NANO61778.2024.10628939","","https://ieeexplore.ieee.org/stamp/stamp.jsp?arnumber=10628939","posits;low-power;RISC-V;simulation;approximate computing","Energy consumption;Accuracy;Costs;Scientific computing;Standards;Nanotechnology;Arithmetic","","","","31","IEEE","22 Aug 2024","8-11 July 2024","8-11 July 2024","IEEE","IEEE Conferences"
"Hardware Implementation of a Signal Reconstruction System for an Integrate and Fire Neuron","R. S. Pujitha; S. Srikari; B. J. Kailath","Dept. of Electronics and Communication, Engineering at IIITDM, Kancheepuram, India; Dept. of ECE, IIITDM, Kancheepuram, India; Dept. of ECE, IIITDM, Kancheepuram, India",2024 IEEE 24th International Conference on Nanotechnology (NANO),"22 Aug 2024","2024","","","358","363","Spiking Neuronal Networks are gaining attention for their efficiency in area and power compared to traditional circuits such as Analog to Digital Converters. Spiking neurons such as Simple Integrate and Fire, Leaky Integrate and Fire Neurons can be used as encoders, effectively converting analog signals into digital spikes. This paper is dedicated to the development of a reconstruction system to rigorously validate the encoding process. The mathematical blocks such as computation of sinc function, integration of time shifted sinc function and pseudo inverse of a matrix are implemented in MATLAB and Xilinx Vivado using Verilog HDL. The system is tested on composite sinusoidal signal resulting in a Signal-to-Error Ratio of 88 dB. Additionally, the system is deployed on a Zynq ZCU104 FPGA Evaluation Board. Further, the system is tested on different arrhythmia cases and an SER of 82.52 dB is obtained for the record no. 105 of MIT BIH Arrhythmia database.","1944-9380","979-8-3503-8624-0","10.1109/NANO61778.2024.10628973","","https://ieeexplore.ieee.org/stamp/stamp.jsp?arnumber=10628973","","Arrhythmia;Neurons;Signal reconstruction;Mathematical models;Hardware;Hardware design languages;Matrix converters","","","","10","IEEE","22 Aug 2024","8-11 July 2024","8-11 July 2024","IEEE","IEEE Conferences"
"Universal Filter Array with Memristive Crossbar","A. Remanan; A. Gopi; A. A. R; A. James","School of Electronic Systems and Automation, Digital University Kerala, India; School of Electronic Systems and Automation, Digital University Kerala, India; School of Electronic Systems and Automation, Digital University Kerala, India; School of Electronic Systems and Automation, Digital University Kerala, India",2024 IEEE 24th International Conference on Nanotechnology (NANO),"22 Aug 2024","2024","","","364","369","This study explores the integration of memristor crossbar as filter arrays for image processing applications exploit the various filtering techniques. Memristor crossbar arrays offer a promising platform for parallel processing and efficient implementation of filtering operations due to their dense and scalable architecture. Configuring each column in the crossbar array to act as a filter, it becomes possible to perform multiple filtering operations simultaneously on input images. This research investigates the feasibility and performance of utilizing memristor crossbar arrays as filter arrays with different filter structures and random dropouts in image processing. This analysis focusing on the potential of memristor based reconfigurable filter arrays in advancing the field of image processing,","1944-9380","979-8-3503-8624-0","10.1109/NANO61778.2024.10628783","","https://ieeexplore.ieee.org/stamp/stamp.jsp?arnumber=10628783","Image processing;Memristor crossbar array;Filters","Filtering;Image processing;Memristors;Focusing;Parallel processing;Nanotechnology","","1","","20","IEEE","22 Aug 2024","8-11 July 2024","8-11 July 2024","IEEE","IEEE Conferences"
"Energy-Efficient Vertically Stacked NSFET-Based CTM for Logic in-Memory Computing","M. H. Raza Ansari; N. Kumar; V. Georgiev; N. El-Atab","SAMA Labs, Division of Computer, Electrical and Mathematical Science and Engineering (CEMSE), Division, Electrical and Computer Engineering, King Abdullah University of Science and Technology (KAUST), Thuwal, Saudi Arabia; DeepNano Group, James Watt School of Engineering, University of Glasgow, UK; DeepNano Group, James Watt School of Engineering, University of Glasgow, UK; SAMA Labs, Division of Computer, Electrical and Mathematical Science and Engineering (CEMSE), Division, Electrical and Computer Engineering, King Abdullah University of Science and Technology (KAUST), Thuwal, Saudi Arabia",2024 IEEE 24th International Conference on Nanotechnology (NANO),"22 Aug 2024","2024","","","370","374","This work highlights the implementation of Boolean logic functions (AND, OR, NOR, XOR, and XNOR) in two steps for logic in-memory computing applications through a double gate vertically stacked nanosheet-based charge-trapping memory (DG-NSFET-CTM). The charge-trapping memory operation with high-κ blocking oxide material is based on the Fowler-Nordheim (FN) tunneling mechanism at a lower voltage (± 6V), which makes the device energy efficient. The device achieves a memory window of ~1.77 V and consumes less energy (~45.5 fJ) during inference. The work also shows the effect of vertically stacking nanosheets on the implementation of logic gates and energy consumption. The obtained results confirm the proposed dual gate NSFET-based CTM could be a promising candidate for next-generation in-memory computing.","1944-9380","979-8-3503-8624-0","10.1109/NANO61778.2024.10628885","","https://ieeexplore.ieee.org/stamp/stamp.jsp?arnumber=10628885","Nanosheet FET;Charge-trapping Memory;in-memory computing;Boolean logic functions;energy-efficient and high density","Performance evaluation;Energy consumption;Stacking;Voltage;Logic gates;Tunneling;In-memory computing","","1","","21","IEEE","22 Aug 2024","8-11 July 2024","8-11 July 2024","IEEE","IEEE Conferences"
"Quantum-Inspired Evolutionary Programming for Economic FACTS Allocation in Power Systems: Advancing Quantum Computing Applications","A. R. Ochi; S. G. Mahmud; B. C. Ghosh; M. Margala","Department of Computer Science, University of Louisiana at Lafayette, LA, USA; Nokia, Tampere, Finland; Department of Electrical and Electronic Engineering, Khulna University of Engineering Technology, Khulna, Bangladesh; Department of Computer Science, University of Louisiana at Lafayette, LA, USA",2024 IEEE 24th International Conference on Nanotechnology (NANO),"22 Aug 2024","2024","","","375","380","Quantum Mechanics and Quantum Computing stand at the forefront of a computational revolution, promising the ability to solve problems previously deemed unsolvable. This has sparked interest in leveraging these disciplines to address complex computational challenges across various fields. Among the innovative approaches emerging from this intersection is Quantum Inspired Evolutionary Programming (QIEP), a technique that skillfully combines the principles of quantum mechanics and quantum computing with the robustness of evolutionary algorithms. By incorporating core concepts of quantum mechanics, such as qubit representation, superposition, and entanglement, QIEP significantly enhances the efficacy of evolutionary programming, offering more efficient solutions for complex tasks. Despite the promising capabilities of quantum computing and its algorithms, their practical application, particularly in areas such as power system optimization, has remained limited. Our research explores the application of the QIEP methodology, with a specific focus on optimizing the allocation of Flexible AC Transmission System (FACTS) devices while considering economic criteria. Although these FACTS devices play a crucial role in improving controllability, increasing power transfer capacity, enhancing stability, and maintaining voltage levels within desired thresholds in power systems, their installation is limited to a few locations from a vast pool of potential sites due to economic consideration. Consequently, the allocation process presents a complex optimization problem, which can be effectively addressed through algorithms like QIEP. Through a comparative study with traditional genetic algorithms (GAs), our analysis showcases the superior efficiency and accuracy of QIEP, even on classical computing platforms. Notably, QIEP achieves a 35% reduction in FACTS allocation costs while maintaining the total system cost at its minimum level. Moreover, despite operating in a similar computing environment, QIEP completes the optimization process 10% faster than its GA counterparts.","1944-9380","979-8-3503-8624-0","10.1109/NANO61778.2024.10628970","","https://ieeexplore.ieee.org/stamp/stamp.jsp?arnumber=10628970","","Quantum entanglement;Quantum mechanics;Interference;Power system stability;Logic gates;Programming;Resource management","","1","","26","IEEE","22 Aug 2024","8-11 July 2024","8-11 July 2024","IEEE","IEEE Conferences"
"Nanodiamond-Metformin Complex Cytotoxicity In MCF-7 Breast Cancer Cells","E. D. U. Medina; L. E. Acuña-Aguilar; L. V. Rodríguez; E. O. Borunda; B. Sanchez-Ramírez","Faculty of Chemical Sciences, Autonomous University of Chihuahua, Circuito Universitario s/n, CP, Chihuahua, Chih., Mexico; Environment and Energy Department, Advanced Materials Research Center, Complejo Industrial Chihuahua, CP, Chihuahua, Chih., Mexico; Faculty of Chemical Sciences, Autonomous University of Chihuahua, Circuito Universitario s/n, CP, Chihuahua, Chih., Mexico; Environment and Energy Department, Advanced Materials Research Center, Complejo Industrial Chihuahua, CP, Chihuahua, Chih., Mexico; Faculty of Chemical Sciences, Autonomous University of Chihuahua, Circuito Universitario s/n, CP, Chihuahua, Chih., Mexico",2024 IEEE 24th International Conference on Nanotechnology (NANO),"22 Aug 2024","2024","","","381","384","Breast cancer represents a significant burden of mortality worldwide. Conventional treatments, such as surgery, chemotherapy, and radiotherapy, cause serious side effects due to toxicity to healthy tissues. N anotherapies, such as nanodiamonds (NDs) functionalized with different drugs, have emerged as innovative approaches that offer greater precision in targeting cancer cells. Studies have revealed that the ND-metformin (ND-Met) complex is cytotoxic to triple-negative breast cancer cells (MDA-MB-231 and HS578T) and SOKV3 ovarian cancer cells. This study aimed to evaluate the cytotoxic effect of ND-Met on the MCF-7 breast cancer cell line. MCF-7 cells were exposed to the ND-Met complex and incubated to determine cell viability using the resazurin assay. Nonfunctionalized ND, Met, and DMSO at the same concentrations were used as controls. The results showed that the ND-Met complex significantly decreased MCF −7 cell viability in a dose-dependent manner at 24 h. However, the effect of the ND-Met complex did not inhibit cell proliferation at 48 and 72 h. According to the analysis of morphological alterations, cell death, such as cell shrinkage, condensation, and nuclear fragmentation, was induced by apoptosis. These results suggest that the cytotoxic effect of the ND-Met complex could be related to the induction of apoptosis. In conclusion, the results demonstrate that the ND-Met complex has therapeutic potential in luminal A breast cancer, providing the first innovative and promising approach for developing new effective therapies against this type of breast cancer.","1944-9380","979-8-3503-8624-0","10.1109/NANO61778.2024.10628711","","https://ieeexplore.ieee.org/stamp/stamp.jsp?arnumber=10628711","","Drugs;Toxicology;Chemotherapy;Breast tumors;Surgery;Breast cancer;Radiation therapy;Nanotechnology;Ovarian cancer","","","","12","IEEE","22 Aug 2024","8-11 July 2024","8-11 July 2024","IEEE","IEEE Conferences"
"Response Stability Analysis of Printed Nanostructured TiO2-Based Disposable Ammonia Sensor Label","K. Tripathy; M. Bhattacharjee","i-Lab, EECS, Indian Institute of Science Education and Research Bhopal, Bhopal, Madhya Pradesh, India; i-Lab, EECS, Indian Institute of Science Education and Research Bhopal, Bhopal, Madhya Pradesh, India",2024 IEEE 24th International Conference on Nanotechnology (NANO),"22 Aug 2024","2024","","","385","388","Aqueous solution of ammonia (NH3) is utilized in a variety of applications such as cleaning reagents, medication manufacture, fertilizer, farming, refrigeration, etc. To prevent unintentional health risks, it is crucial to have cost-effective deployable sensors to monitor the concentration. In this regard, a printed washable TiO2 nanoparticle (NP) layer-based sensing solution for ammonia detection can be a good choice. The sensor's response over a period of time was monitored to evaluate its performance, so that the concentration can be detected reliably. The sensor shows a sensitivity of 0.47/% for a range of 5% to 17% (aq. NH3 solution). Although the sensor shows current response till 1 day, but its magnitude decreases drastically due to crack formation. The sensor can be used reliably for up to 4 hr. and can be used to detect the presence of ammonia qualitatively for up to 1 day. Due to its simple fabrication, reusability, and easy set-up, the sensor is a viable option for detecting NH3 solution leaks in both homes and commercial buildings.","1944-9380","979-8-3503-8624-0","10.1109/NANO61778.2024.10628883","","https://ieeexplore.ieee.org/stamp/stamp.jsp?arnumber=10628883","TiO2 nanoparticles-based Sensor;Ammonia solution sensor;printed electrodes;flexible sensor","Fabrication;Ammonia;Sensitivity;Stability analysis;Sensors;Reliability;Refrigeration","","","","21","IEEE","22 Aug 2024","8-11 July 2024","8-11 July 2024","IEEE","IEEE Conferences"
"A comparison of Oscillatory Ising Machines and Simulated Bifurcation Machines for Solving Maximum Cut Problems","M. S. Ansari; H. Nehete; A. Grimaldi; L. Mazza; E. Raimondo; V. Puliafito; G. Finocchio; B. K. Kaushik","Department of Electronics and Communication Engineering, Indian Institute of Technology, Roorkee; Department of Electronics and Communication Engineering, Indian Institute of Technology, Roorkee; Department of Engineering, University of Messina, Messina, Italy; Department of Electrical and Information Engineering, Politecnico Di Bari, Bari, Italy; “Istituto Nazionale di Geofisica e Vulcanologia”, Rome, Italy; Department of Electrical and Information Engineering, Politecnico Di Bari, Bari, Italy; Department of Mathematical and Computer Sciences, Physical Sciences and Earth Sciences, University of Messina, Messina, Italy; Department of Electronics and Communication Engineering, Indian Institute of Technology, Roorkee",2024 IEEE 24th International Conference on Nanotechnology (NANO),"22 Aug 2024","2024","","","389","393","Unconventional computing approaches have gained significant attention in the search for hardware-friendly solvers capable of finding the solution of combinatorial optimization problems COPs. Among others, oscillator-based, or oscillatory, Ising machines (OIMs), and simulated bifurcation-based Ising machines (SBMs) are two promising paradigms that are based on dynamical equations. This work presents a preliminary direct software comparison between an OIM and an SBM on instances from the G-set, a well-known benchmark library of maximum cut problems. The performance of the two paradigms is compared in terms of their average optimal approximation within a given number of timesteps using the same integration scheme. Our findings show that OIM performs better when optimizing its parameter for a specific problem or topology, while SBM has better performance in scenarios in which preprocessing is not possible, i.e., when considering large batches of instances with varied topologies and scales.","1944-9380","979-8-3503-8624-0","10.1109/NANO61778.2024.10628622","","https://ieeexplore.ieee.org/stamp/stamp.jsp?arnumber=10628622","","Schedules;Annealing;Search problems;Software;Topology;Synchronization;Oscillators","","1","","21","IEEE","22 Aug 2024","8-11 July 2024","8-11 July 2024","IEEE","IEEE Conferences"
"APartially Gated Regenerative Feedback Device for Ultra-High Sensitivity Biosensing Applications","S. Kalra; N. Kannan; M. J. Kumar","GlobalFoundries Engg. Pvt. Ltd., Bangalore, India; Cadence Design Systems, Noida, Uttar Pradesh, India; University Grants Commission, New Delhi, India",2024 IEEE 24th International Conference on Nanotechnology (NANO),"22 Aug 2024","2024","","","394","399","This work proposes and investigates the performance of a feedback field effect device for biosensing applications. The device features a partially gated structure, enabling its function as a high-sensitivity, charge-modulated biosensor. The sensing principle relies on the regenerative feedback effect, giving rise to ultra-steep slope characteristics. 2D TCAD device simulations show a sharp turn-on profile in response to the conjugation of charged biomolecules on the ungated sensing surface. Consequently, a large shift in turn-ON voltage (AVT) exceeding 50% and a very high current sensitivity (~1011) are observed, which are both considerably higher than the conventional FET-based biosensors. By simultaneously achieving a high ON-state current, low leakage, and ultra-steep subthreshold slope at low voltages, the device overcomes limitations of the existing steep slope FET biosensors. Given these attributes and compatibility with the standard semiconductor process technology, the proposed device is a promising candidate for future ultra-high sensitivity integrated biosensors.","1944-9380","979-8-3503-8624-0","10.1109/NANO61778.2024.10628630","","https://ieeexplore.ieee.org/stamp/stamp.jsp?arnumber=10628630","","Sensitivity;Biological system modeling;Field effect transistors;Molecular biophysics;Voltage;Logic gates;Sensors","","","","38","IEEE","22 Aug 2024","8-11 July 2024","8-11 July 2024","IEEE","IEEE Conferences"
"On Peculiar Sensitivity Trends of N-Channel Dielectric Modulated FET Biosensors","S. Kalra","GlobalFoundries Engg. Pvt. Ltd., Bangalore, Karnataka, India",2024 IEEE 24th International Conference on Nanotechnology (NANO),"22 Aug 2024","2024","","","400","404","The orientation of biomolecules is known to affect the sensing performance of Dielectric Modulated Field Effect Transistor (DMFET) biosensors. However, the existing research lacks a comprehensive explanation and gives only limited insight into the sensitivity trends of such devices. This study elucidates how orientation changes the dominant sensing mechanisms for low and high dielectric constant biomolecules immobilized in the nanogaps. The results provide the first explanation for observed sensitivity trends and reason out the appearance of two different regimes in the sensitivity characteristics of an n-channel DMFET for DNA detection. Consequently, the findings, validated by TCAD simulations, offer new insights into the sensor's operation and contribute to advancing the understanding of these devices.","1944-9380","979-8-3503-8624-0","10.1109/NANO61778.2024.10628798","","https://ieeexplore.ieee.org/stamp/stamp.jsp?arnumber=10628798","","Sensitivity;Biological system modeling;Field effect transistors;Refining;DNA;Molecular biophysics;Market research","","","","28","IEEE","22 Aug 2024","8-11 July 2024","8-11 July 2024","IEEE","IEEE Conferences"
"Applying the Time-Domain Paradigm to Interface Multilevel Phase Change Memory","A. de Gracia Herranz; M. López-Vallejo","Aff. Information Processing and Telecommunication Center (IPTC), Universidad Politecnica de Madrid, Madrid, Spain; Aff. Information Processing and Telecommunication Center (IPTC), Universidad Politecnica de Madrid, Madrid, Spain",2024 IEEE 24th International Conference on Nanotechnology (NANO),"22 Aug 2024","2024","","","405","408","Phase Change Memory (PCM) is a prominent non-volatile memory technology that offers high-density, mul-tilevel solutions. However, the circuitry required to read and write such devices has not been fully solved due to the highly non-linear behaviour of these devices and the complex voltage and current ranges required for reliable operation. Most of the proposed interfaces require very large area and power consumption and are accompanied by an odd form factor. This study explores time-domain interfaces as a potential solution for driving PCM cells by linking the physical attributes of the devices to a time variable. Here, we present a proof of concept for the implementation of time-domain interface architectures adapted to this type of memory.","1944-9380","979-8-3503-8624-0","10.1109/NANO61778.2024.10628864","","https://ieeexplore.ieee.org/stamp/stamp.jsp?arnumber=10628864","","Phase change materials;Resistance;Power demand;Nonvolatile memory;Scalability;Voltage;Writing","","1","","12","IEEE","22 Aug 2024","8-11 July 2024","8-11 July 2024","IEEE","IEEE Conferences"
"Networked Nanoparticle Arrays for Autonomous Computing: (Invited Paper)","X. Wei; E. Harazinska; Y. Zhao; R. Hernandez","Department of Chemistry, Johns Hopkins University, Baltimore, Maryland, USA; Department of Chemistry, Johns Hopkins University, Baltimore, Maryland, USA; Department of Chemical & Biomolecular Engineering, Johns Hopkins University, Baltimore, Maryland, USA; Department of Chemistry, Johns Hopkins University, Baltimore, Maryland, USA",2024 IEEE 24th International Conference on Nanotechnology (NANO),"22 Aug 2024","2024","","","409","413","We have pursued the use of polymer-networked engineered nanoparticles as a candidate material capable of retaining information or perhaps even processing information in some prescribed way. Such operations would be of use for the neuromorphic engineering of materials that can compute intrinsically-that is, that they are in no way subject to a von Neumann architecture-and they have been identified as autonomous computing materials. Using trajectories integrated to much longer time steps than previously observed, we can now confirm that the response of the polymer-networked engineered nanoparticle arrays are highly sensitive to external perturbations. That is, the specific internal connections around given nanopar-ticles can be assigned to states useful for information processing, and the variations in their physical properties can result in specific responses allowing the state to be read. Moreover, their resulting equilibrium properties also depend on such external driving, and hence are subject to control which is a minimal requirement for these materials to be candidates for autonomous computing. We also demonstrate that using long polymer chains can help regulate the networks structures by increasing the 1st nearest links and reducing other links.","1944-9380","979-8-3503-8624-0","10.1109/NANO61778.2024.10628712","","https://ieeexplore.ieee.org/stamp/stamp.jsp?arnumber=10628712","engineered nanoparticles;materials design;coarse-grained dynamics;computing primitives","Nanoparticles;Training;Neuromorphic engineering;Perturbation methods;Time series analysis;Anisotropic;Programming","","1","","25","IEEE","22 Aug 2024","8-11 July 2024","8-11 July 2024","IEEE","IEEE Conferences"
"Filamentary Oxide-Based Memristors: A Journey Through Characterization, Reliability, and Applications","M. B. Gonzalez; M. Saludes-Tapia; S. Poblador; M. Maestro-Izquierdo; F. Campabadal","Institut de Microelectronica de Barcelona (IMB-CNM-CSIC), Cerdanyola del Valles, Spain; Institut de Microelectronica de Barcelona (IMB-CNM-CSIC), Cerdanyola del Valles, Spain; Institut de Microelectronica de Barcelona (IMB-CNM-CSIC), Cerdanyola del Valles, Spain; Institut de Microelectronica de Barcelona (IMB-CNM-CSIC), Cerdanyola del Valles, Spain; Institut de Microelectronica de Barcelona (IMB-CNM-CSIC), Cerdanyola del Valles, Spain",2024 IEEE 24th International Conference on Nanotechnology (NANO),"22 Aug 2024","2024","","","414","419","In this paper, a comprehensive analysis of filamentary oxide-based memristors is presented. The study includes the operational mechanisms of these devices, focusing on the complexities of filamentary resistive switching. Central to the discussion are issues associated with cycle-to-cycle variability and overall device reliability, which are crucial for the advancement of the memristive technology in practical applications. Moreover, the paper analyzes the use of memristors in real-world scenarios, particularly their role as electronic synapses. Their ability to emulate synaptic functions is demonstrated by features such as plasticity and multilevel conductance states, highlighting their potential for brain-inspired computational systems.","1944-9380","979-8-3503-8624-0","10.1109/NANO61778.2024.10628847","","https://ieeexplore.ieee.org/stamp/stamp.jsp?arnumber=10628847","Conductive filament;memristors;reliability;resistive switching;variability","Electric potential;Memristors;Focusing;Switches;Complexity theory;Reliability;Synapses","","","","49","IEEE","22 Aug 2024","8-11 July 2024","8-11 July 2024","IEEE","IEEE Conferences"
"Single-Molecule Graphene Junction Aflatoxin Sensors: Chemo-Physical Insights from Ab Initio Simulations","F. Mo; W. Ala; C. E. Spano; G. Piccinini; M. Graziano; Y. Ardesi","Department of Electronics and Telecommunications, Politecnico di Torino, Torino, Italy; Department of Electronics and Telecommunications, Politecnico di Torino, Torino, Italy; Department of Electronics and Telecommunications, Politecnico di Torino, Torino, Italy; Department of Electronics and Telecommunications, Politecnico di Torino, Torino, Italy; Department of Applied Science and Technology, Politecnico di Torino, Torino, Italy; Department of Electronics and Telecommunications, Politecnico di Torino, Torino, Italy",2024 IEEE 24th International Conference on Nanotechnology (NANO),"22 Aug 2024","2024","","","420","423","The aflatoxin Bl (AFBl) is a cancerogenic compound affecting the agri-food chain, endangering food safety and public health. Worldwide regulatory agencies establish strict limitations for the presence of AFB 1 in crops. Current detection methods require bulky equipment, long measurement time, and skilled laboratory researchers, which make it challenging to measure the AFB 1 in the whole food chain pervasively. In this field, molecular junctions represent an exciting alternative in the sensing application, providing a highly integrable device for the fast measurement of chemical compounds. Through ab initio simulation, this work investigates graphene junctions for detecting AFBI. The results show that applying a bias voltage of 1.2 V to a graphene layer permits varying the electrical current of the junction by more than $3\mu \mathrm{A}$ when the AFBI is present. The obtained results motivate research on the integrability of the device in more complex sensing systems such as intelligent sensors and electronic noses.","1944-9380","979-8-3503-8624-0","10.1109/NANO61778.2024.10628920","","https://ieeexplore.ieee.org/stamp/stamp.jsp?arnumber=10628920","","Current measurement;Graphene;Scattering;Electronic noses;Time measurement;Safety;Velocity measurement","","1","","13","IEEE","22 Aug 2024","8-11 July 2024","8-11 July 2024","IEEE","IEEE Conferences"
"Unveiling Charge Dynamics in Molecular Field-Coupled Nanocomputing","R. Listo; F. Ravera; G. Beretta; Y. Ardesi; G. Piccinini; M. Graziano","Department of Electronics and Telecommunications, Politecnico di Torino, Torino, Italy; Department of Electronics and Telecommunications, Politecnico di Torino, Torino, Italy; Department of Electronics and Telecommunications, Politecnico di Torino, Torino, Italy; Department of Electronics and Telecommunications, Politecnico di Torino, Torino, Italy; Department of Electronics and Telecommunications, Politecnico di Torino, Torino, Italy; Department of Applied Science and Technology, Politecnico di Torino, Torino, Italy",2024 IEEE 24th International Conference on Nanotechnology (NANO),"22 Aug 2024","2024","","","424","429","Molecular Field-Coupled Nanocomputing (molFCN) emerges as a promising technology for addressing the challenges posed by CMOS scaling. In molFCN, the charge distribution of molecules encodes binary information. Properly arranging molecules in specific layouts produces wires and logic gates in which the information propagates by electrostatic intermolecular interaction with nearby molecules. Prior research offered promising insights into the static properties of information propagation within molFCN circuits, providing a theoretical description of the mechanism. However, the promising frequency-switching capabilities of molFCN still need to be validated. The frequency study of molecules is essential for ensuring the overall reliability of future molFCN devices. Consequently, this paper introduces a new methodology combining Density Functional Theory (DFT) and Real-Time Time-Dependent Density Functional Theory (RT-TDDFT) simulations for determining the maximum switching frequency of molFCN candidate molecules. We validate the methodology using the oxidized 1,4-diallyl butane molecule. Our findings demonstrate the possibility of achieving hundreds of gigahertz-level switching frequencies for the 1,4-diallyl butane. Moreover, the results report the nonlinear molecule behavior when subjected to electric field excitations above its charge-switching frequency limits. Overall, this work presents advances in addressing the time-domain modeling of molFCN candidate molecules, opening pathways for improving existing models for molFCN circuits.","1944-9380","979-8-3503-8624-0","10.1109/NANO61778.2024.10628616","","https://ieeexplore.ieee.org/stamp/stamp.jsp?arnumber=10628616","","Location awareness;Time-frequency analysis;Switching frequency;Circuits;Discrete Fourier transforms;Wires;Density functional theory","","3","","32","IEEE","22 Aug 2024","8-11 July 2024","8-11 July 2024","IEEE","IEEE Conferences"
"Modeling Molecules for Field-Coupled Nanocomputing Circuit Design","Y. Ardesi; F. Ravera; G. Piccinini; M. Graziano","Department of Electronics and Telecommunications, Politecnico di Torino, Torino, Italy; Department of Electronics and Telecommunications, Politecnico di Torino, Torino, Italy; Department of Electronics and Telecommunications, Politecnico di Torino, Torino, Italy; Department of Applied Science and Technology, Politecnico di Torino, Torino, Italy",2024 IEEE 24th International Conference on Nanotechnology (NANO),"22 Aug 2024","2024","","","430","435","Molecular Field-Coupled Nanocomputing (molFCN) is a highly low-power technology promising for digital electronics. It encodes information in the charge distribution of molecules and propagates it through electrostatic intermolecular interaction. Despite its potential, the molFCN technology suffers the absence of a functional design and simulation methodology. This paper provides a complete explanation of the characterization and modeling of molecules, from the molecular ab initio analysis to the design of molecular circuits and systems. Considering the diallyl-butane, we show how to use the ORCA package to derive, with DFT, the molecule geometry and charge distribution by correctly setting DFT functionals and basis sets. We study the molecule polarization when subjected to electric fields and enable the investigation of the interaction by exploiting the SCERPA tool. We set up the SCERPA simulation engine to simulate molecular circuits such as diallyl-butane wires. Finally, we show how to use literature results to model more complex molecules. We implement the bis-ferrocene cation in SCERPA and use it to create complex clocked logical devices. We simulate, as a means of explanation, a 0.0004 $\mu \mathrm{m}^{2}$ NAND gate.","1944-9380","979-8-3503-8624-0","10.1109/NANO61778.2024.10628557","","https://ieeexplore.ieee.org/stamp/stamp.jsp?arnumber=10628557","","Geometry;Systematics;Wires;Discrete Fourier transforms;Prototypes;Logic gates;Timing","","1","","29","IEEE","22 Aug 2024","8-11 July 2024","8-11 July 2024","IEEE","IEEE Conferences"
"Stochastic Neural Networks with Layer-Wise Adjustable Sequence Length","Z. Wang; P. Reviriego; F. Niknia; S. Liu; Z. Gao; F. Lombardi","Department of Electrical and Computer Engineering, Northeastern University, MA, USA; ETSI de Telecomunicación, Universidad Politécnica de Madrid, Madrid, Spain; Department of Electrical and Computer Engineering, Northeastern University, MA, USA; School of Information and Communication Engineering, University of Electronic Science and Technology of China, Chengdu, China; School of Information and Engineering, Tianjin University, Tianjin, China; Department of Electrical and Computer Engineering, Northeastern University, MA, USA",2024 IEEE 24th International Conference on Nanotechnology (NANO),"22 Aug 2024","2024","","","436","441","The implementation of Neural Networks (NNs) on resource-limited devices poses significant challenges, with Stochastic Computing (SC) as a solution for efficient execution. By representing values as sequences of bits that are processed serially, SC implementations significantly reduce the energy dissipation of NNs. However, with NNs growing in size, SC can also become energy-intensive, prompting a need for enhanced efficiency. This paper introduces Adjustable Sequence Length (ASL), a method employing varied sequence lengths across different NN layers to reduce energy/latency overheads with negligible impact on performance. The feasibility of sequence truncation across layers is assessed; as per simulation results, the ASL method demonstrates significant savings in energy of up to 40.41 % and the savings in latency of up to 54.74% when compared with conventional SC implementations.","1944-9380","979-8-3503-8624-0","10.1109/NANO61778.2024.10628894","","https://ieeexplore.ieee.org/stamp/stamp.jsp?arnumber=10628894","","Simulation;Energy dissipation;Artificial neural networks;Nanotechnology","","","","23","IEEE","22 Aug 2024","8-11 July 2024","8-11 July 2024","IEEE","IEEE Conferences"
"Dependability Evaluation of Stable Diffusion with Soft Errors on the Model Parameters","Z. Gao; L. Yuan; P. Reviriego; S. Liu; F. Lombardi","School of Electrical and Information Engineering, Tianjin University, Tianjin, China; School of Electrical and Information Engineering, Tianjin University, Tianjin, China; ETSI de Telecomunicación, Universidad Politécnica de Madrid, Madrid; School of Information and Communication Engineering, University of Electronic Science and Technology of China, Chengdu, Sichuan, China; Department of Electrical and Computer Engineering, Northeastern University, Boston, MA, USA",2024 IEEE 24th International Conference on Nanotechnology (NANO),"22 Aug 2024","2024","","","442","447","Stable Diffusion is a popular Transformer-based model for image generation from text; it applies an image information creator to the input text and the visual knowledge is added in a step-by-step fashion to create an image that corresponds to the input text. However, this diffusion process can be corrupted by errors from the underlying hardware, which are especially relevant for implementations at the nanoscales. In this paper, the dependability of Stable Diffusion is studied focusing on soft errors in the memory that stores the model parameters; specifically, errors are injected into some critical layers of the Transformer in different blocks of the image information creator, to evaluate their impact on model performance. The simulations results reveal several conclusions: 1) errors on the down blocks of the creator have a larger impact on the quality of the generated images than those on the up blocks, while the errors on middle block have negligible effect; 2) errors on the self-attention (SA) layers have larger impact on the results than those on the cross-attention (CA) layers; 3) for CA layers, errors on deeper levels result in a larger impact; 4) errors on blocks at the first levels tend to introduce noise in the image, and those on deep layers tend to introduce large colored blocks. These results provide an initial understanding of the impact of errors on Stable Diffusion.","1944-9380","979-8-3503-8624-0","10.1109/NANO61778.2024.10628863","","https://ieeexplore.ieee.org/stamp/stamp.jsp?arnumber=10628863","","Image quality;Visualization;Image synthesis;Image color analysis;Simulation;Noise;Diffusion processes","","2","","27","IEEE","22 Aug 2024","8-11 July 2024","8-11 July 2024","IEEE","IEEE Conferences"
"The Impact of Information Flow Control on FCN Circuit Design","O. P. V. Neto; L. O. Luz; P. A. R. L. Silva; J. G. de Oliveira Bicalho; E. V. C. Ruella; J. A. Nacif; R. S. Ferreira","Department of Computer Science, Universidade Federal de Minas Gerais, Brazil; Department of Computer Science, Universidade Federal de Minas Gerais, Brazil; Department of Computer Science, Universidade Federal de Minas Gerais, Brazil; Department of Computer Science, Universidade Federal de Minas Gerais, Brazil; Universidade Federal de Viçosa, Brazil; Universidade Federal de Viçosa, Brazil; Universidade Federal de Viçosa, Brazil",2024 IEEE 24th International Conference on Nanotechnology (NANO),"22 Aug 2024","2024","","","448","453","Following the continuous advancement of CMOS technology, propelled by transistor miniaturization and Moore's Law, the scientific community is currently exploring emerging paradigms to discover novel approaches for developing computational systems. One of the emerging alternatives is Field-Coupled Nanocomputing FCN, which, unlike conventional CMOS, doesn't rely on electric current as the state variable for encoding information. Instead, logic is dictated by the coupling of near fields. This paper presents critical concepts for understanding how information flow control is a crucial aspect in the design of Field-Coupled Nanocomputing circuits. We have reviewed the leading alternatives for FCN implementation, examining how each executes information control and how this ultimately impacts EDA tools.","1944-9380","979-8-3503-8624-0","10.1109/NANO61778.2024.10628672","","https://ieeexplore.ieee.org/stamp/stamp.jsp?arnumber=10628672","","Semiconductor device modeling;Couplings;Moore's Law;Propulsion;Encoding;Circuit synthesis;Transistors","","1","","45","IEEE","22 Aug 2024","8-11 July 2024","8-11 July 2024","IEEE","IEEE Conferences"
"The Munich N anotech Toolkit (MNT)","M. Walter; J. Drewniok; S. Hofmann; B. Hien; R. Wille","Chair for Design Automation, Technical University of Munich, Germany; Chair for Design Automation, Technical University of Munich, Germany; Chair for Design Automation, Technical University of Munich, Germany; Chair for Design Automation, Technical University of Munich, Germany; Chair for Design Automation, Technical University of Munich, Germany",2024 IEEE 24th International Conference on Nanotechnology (NANO),"22 Aug 2024","2024","","","454","459","As traditional computing technologies near their physical limits, the demand for beyond-CMOS alternatives intensifies. Among these, Field-coupled Nanocomputing (FCN) emerges as a class of multiple promising candidates, offering computational capabilities at a sub-nanometer scale. Break-throughs in the fabrication of Silicon Dangling Bonds (SiDBs) exemplified by sub-3D nm 2 OR gates and wire segments under-score FCN's potential to revolutionize computing paradigms. However, existing software tools for FCN circuit design lack functionality and suffer from maintenance issues. Addressing this gap, in this work, we introduce the open-source Munich Nanotech Toolkit (MNT), providing accessible inter-faces including a Command-Line Interface, a C++ header-only library, and Python bindings. Our toolkit adheres to modern software standards, ensuring continuous integration and testing across diverse platforms with substantial code coverage. This toolkit aids in advancing FCN design automation, and serves as a sandbox for designers and researchers in the domain, paving the way towards the beyond-CMOS era.","1944-9380","979-8-3503-8624-0","10.1109/NANO61778.2024.10628747","","https://ieeexplore.ieee.org/stamp/stamp.jsp?arnumber=10628747","","Fabrication;C++ languages;Libraries;Software standards;Maintenance;Circuit synthesis;Wire","","2","","62","IEEE","22 Aug 2024","8-11 July 2024","8-11 July 2024","IEEE","IEEE Conferences"
"Advancing Silicon Photonics Through Machine Learning: From Device Design to Fabrication","D. -X. Xu; D. Gostimirovic; Y. Grinberg; O. Liboiron-Ladouceur","Quantum and Nanotechnologies Research Center, National Research Council Canada, Ottawa, Canada; Department of Electrical and Computer Engineering, McGill University, Montreal, Canada; Digital Technologies Research Centre, National Research Council Canada, Ottawa, Canada; Department of Electrical and Computer Engineering, McGill University, Montreal, Canada",2024 IEEE 24th International Conference on Nanotechnology (NANO),"22 Aug 2024","2024","","","460","463","The advances in fabrication technologies have enabled the development of new nanophotonic devices, utilizing improved structural resolution for greater integration density and functionality. The complexity of these devices necessitates the adoption of algorithm-assisted design methods to navigate the vast design space. This evolution presents a push-pull dynamic: while striving for advanced device functionalities, the limits of fabrication technology are tested, potentially affecting device robustness. Our research leverages machine learning to address this challenge, balancing the drive for innovation with the practicalities of manufacturing. This paper outlines our strategies to optimize device design and predict fabrication outcomes, improving both the performance and robustness of next-generation silicon photonic devices.","1944-9380","979-8-3503-8624-0","10.1109/NANO61778.2024.10628655","","https://ieeexplore.ieee.org/stamp/stamp.jsp?arnumber=10628655","nanophotonics;silicon photonics;inverse design;machine learning","Fabrication;Performance evaluation;Machine learning algorithms;Navigation;Design methodology;Machine learning;Silicon photonics","","1","","12","Crown","22 Aug 2024","8-11 July 2024","8-11 July 2024","IEEE","IEEE Conferences"
"Advances in Low-Loss Fiber-Chip Couplers for Silicon Nitride Photonic Integrated Circuits","R. Korček; W. Fraser; D. M. Quiroz; Q. Wilmart; S. Edmond; T. D. Bucio; F. Gardes; J. H. Schmid; P. Cheben; W. N. Ye; I. Glesk; J. Litvik; L. Vivien; C. A. Ramos; D. Benedikovic","Department of Multimedia and Information-Communication Technology, University of Zilina, Zilina, Slovakia; Department of Electronics, Carleton University, Ottawa, ON, Canada; Centre de Nanosciences et de Nanotechnologies, CNRS, Universite Paris-Saclay, Palaiseau, France; Université Grenoble Alpes, CEA, LETI, Grenoble, France; Centre de Nanosciences et de Nanotechnologies, CNRS, Universite Paris-Saclay, Palaiseau, France; Optoelectronic Research Centre, University of Southampton, Southampton, United Kingdom; Optoelectronic Research Centre, University of Southampton, Southampton, United Kingdom; National Research Council Canada, Ottawa, ON, Canada; National Research Council Canada, Ottawa, ON, Canada; Department of Electronics, Carleton University, Ottawa, ON, Canada; Department of Multimedia and Information-Communication Technology, University of Zilina, Zilina, Slovakia; Department of Multimedia and Information-Communication Technology, University of Zilina, Zilina, Slovakia; Centre de Nanosciences et de Nanotechnologies, CNRS, Universite Paris-Saclay, Palaiseau, France; Centre de Nanosciences et de Nanotechnologies, CNRS, Universite Paris-Saclay, Palaiseau, France; Department of Multimedia and Information-Communication Technology, University of Zilina, Zilina, Slovakia",2024 IEEE 24th International Conference on Nanotechnology (NANO),"22 Aug 2024","2024","","","464","468","We present our recent progress in the development of low-loss fiber-chip surface grating couplers realized on silicon nitride photonic platform for applications in optical interconnects and quantum integrated circuits.","1944-9380","979-8-3503-8624-0","10.1109/NANO61778.2024.10628772","","https://ieeexplore.ieee.org/stamp/stamp.jsp?arnumber=10628772","","Optical interconnections;Surface waves;Optical fiber couplers;Photonic integrated circuits;Couplers;Silicon nitride;Fiber gratings","","1","","33","IEEE","22 Aug 2024","8-11 July 2024","8-11 July 2024","IEEE","IEEE Conferences"
"An Efficient Simulated Oscillator-Based Ising Machine on FPGAs","B. Liu; T. Zhang; X. Gao; J. Han","Department of Electrical and Computer Engineering, University of Alberta, Edmonton, AB, Canada; Department of Electrical and Computer Engineering, University of Alberta, Edmonton, AB, Canada; Department of Electrical and Computer Engineering, University of Alberta, Edmonton, AB, Canada; Department of Electrical and Computer Engineering, University of Alberta, Edmonton, AB, Canada",2024 IEEE 24th International Conference on Nanotechnology (NANO),"22 Aug 2024","2024","","","469","474","Ising model-based computing has emerged as an efficient approach for solving combinatorial optimization problems. In particular, oscillator-based Ising machines (OIMs) have shown promising performance in such metrics as solution quality, time-to-solution, and energy-to-solution. Existing designs, however, require customized chips and use sparsely connected topologies with limited precision for the spin coupling coefficients. In this paper, a simulated oscillator-based Ising machine (SOIM) is designed with a fully connected topology and high coefficient precision for an efficient implementation on field-programmable gate arrays (FPGAs). To this end, an FPGA-oriented model is first developed to describe the underlying mechanism of an oscillator-based Ising machine based on revised differential equations. To save hardware, periodic functions that are expensive to implement are replaced by piece-wise linear functions. Moreover, Gaussian noise is omitted in the system to further save hardware. An OIM simulation algorithm is then proposed to solve the new differential equations using the Euler integration method. From experiments on solving 800-node max-cut problems, the results reach a level of 99% of the best-known values. SOIMs of different sizes are then developed and synthesized on a Zynq UltraScale+ board. Compared with state-of-the-art FPGA-based Ising machines, the SOIM is expected to utilize fewer hardware resources to efficiently solve complex combinatorial optimization problems by leveraging a high coefficient precision and a fully connected topology.","1944-9380","979-8-3503-8624-0","10.1109/NANO61778.2024.10628658","","https://ieeexplore.ieee.org/stamp/stamp.jsp?arnumber=10628658","","Couplings;Network topology;Gaussian noise;Differential equations;Hardware;Mathematical models;Topology","","6","","14","IEEE","22 Aug 2024","8-11 July 2024","8-11 July 2024","IEEE","IEEE Conferences"
"The New Roles of Substrates in the Packaging Technologies for Systems","S. S. Oggioni","Senior Manager for the substrates and packaging technology platform of High Computational Workloads at AT&S, Austria Technologie & Systemtechnik Aktiengesellschaft.",2024 IEEE 24th International Conference on Nanotechnology (NANO),"22 Aug 2024","2024","","","475","478","There are plenty of new challenges facing the whole Microelectronic Industry in the coming years, and the great majority of those challenges will implicate the roles of packaging and substrates in the overall System's performance. While is it difficult to see the future without the use of substrates, it is acknowledged the fact that organic substrates have to transform their role, and their contribution in serving the over growing complexity of interactions between computational units, data storage, and communication. It is important to understand what kind of substrate will have the capabilities to do that. This paper highlights some of the key areas undergoing development. The R&D goal is to identify new approaches capable of expanding the desired level of contributions in the Systems' performance, with the construction of improved substrates. With that, there is a clear understanding that in the coming years for the organic substrates, the challenge has just started.","1944-9380","979-8-3503-8624-0","10.1109/NANO61778.2024.10628853","","https://ieeexplore.ieee.org/stamp/stamp.jsp?arnumber=10628853","","Wiring;System performance;Semiconductor devices;Power system management;Transforms;Packaging;Copper","","","","6","IEEE","22 Aug 2024","8-11 July 2024","8-11 July 2024","IEEE","IEEE Conferences"
"Silicon Nitride for Enhanced Integrated Photonics","F. Gardes; I. Skandalos; V. Vitali; T. D. Bucio; J. Faneca; I. Zeimpekis; C. Lacava; P. Petropoulos","Optoelectronic Research Centre, University of Southampton, Southampton, United Kingdom; Optoelectronic Research Centre, University of Southampton, Southampton, United Kingdom; Electrical, Computer and Biomedical Engineering Department, University of Pavia, Pavia, Italy; Optoelectronic Research Centre, University of Southampton, Southampton, United Kingdom; Barcelona Microelectronics Institute. Micro-nanotechnologies, Barcelona, Spain; Optoelectronic Research Centre, University of Southampton, Southampton, United Kingdom; Electrical, Computer and Biomedical Engineering Department, University of Pavia, Pavia, Italy; Optoelectronic Research Centre, University of Southampton, Southampton, United Kingdom",2024 IEEE 24th International Conference on Nanotechnology (NANO),"22 Aug 2024","2024","","","479","482","We present recent progress in the development of silicon nitride integration schemes for high-speed modulation, broadband non-linear photonics, device trimming and photonic memories.","1944-9380","979-8-3503-8624-0","10.1109/NANO61778.2024.10628873","Engineering and Physical Sciences Research Council (EPSRC)(grant numbers:EP/T028475/1); ","https://ieeexplore.ieee.org/stamp/stamp.jsp?arnumber=10628873","","Nonvolatile memory;Modulation;Silicon nitride;Broadband communication;Data communication;Continuous improvement;Nanotechnology","","","","9","IEEE","22 Aug 2024","8-11 July 2024","8-11 July 2024","IEEE","IEEE Conferences"
"Operando Imaging of Strain and Defects at the Nanoscale","J. Barringer; M. N'gom; E. Fohtung","Department of Materials Science and Engineering, Rensselaer Polytechnic Institute, Troy, NY, USA; Department of Physics, Rensselaer Polytechnic Institute, Applied Physics, and Astronomy, Troy, NY, USA; Department of Materials Science and Engineering, Rensselaer Polytechnic Institute, Troy, NY, USA",2024 IEEE 24th International Conference on Nanotechnology (NANO),"22 Aug 2024","2024","","","483","488","Nanomaterials are profoundly influenced by defects, which can either enhance or impede their properties, contingent on the intended application. In semiconducting nanomaterials, defects can alter conductivity and optical properties by introducing states within the band gap. Similarly, in catalyst nanoparticles, defects can augment chemical reactivity and selectivity through active sites. The mechanical properties of metals can be either strengthened or weakened depending on the controlled introduction of defects. In magnetic nanomaterials, defects are pivotal in determining coercivity, magnetic susceptibility, and saturation magnetization, while in optical materials, they can significantly affect luminescence and absorption properties. In the context of battery cathode nanomaterials, defects can either facilitate or obstruct ion movement, thus impacting performance. Given this complexity, the identification and spatial resolution of defects and structural dynamics in nanomaterials are crucial for both fundamental understanding and practical applications. This presentation will delve into our group's pioneering work in employing x-ray Bragg Coherent Diffractive Imaging (BCDI). BCDI is a cutting-edge technique that enables imaging of 3D strain and defects with atomic scale volumetric resolution. We have applied BCDI to investigate semiconductor, magnetic, metallic, and battery nanostructures, offering unprecedented insights into their structural dynamics in-operando.","1944-9380","979-8-3503-8624-0","10.1109/NANO61778.2024.10628841","Argonne National Laboratory (ANL)(grant numbers:DE-AC02-06CH11357); ","https://ieeexplore.ieee.org/stamp/stamp.jsp?arnumber=10628841","","Three-dimensional displays;Magnetic resonance imaging;X-ray diffraction;Nanomaterials;Batteries;Spatial resolution;Magnetic semiconductors","","","","44","IEEE","22 Aug 2024","8-11 July 2024","8-11 July 2024","IEEE","IEEE Conferences"
"Fine Pitch Flip Chip Bonding for Heterogeneous Chiplet Integration","H. Oppermann; C. -A. Manier; J. Fröhlich; M. Schneider-Ramelow","Fraunhofer IZM, Berlin, Germany; Fraunhofer IZM, Berlin, Germany; Fraunhofer IZM, Berlin, Germany; Technical University of Berlin",2024 IEEE 24th International Conference on Nanotechnology (NANO),"22 Aug 2024","2024","","","489","494","Silicon is the main working horse, but many chiplets are based on alternative semiconductors. For heterogeneous integration flip chip is a key technology, but due to CTE mismatch and material compatibility specific bump interconnects should be considered, which must also address challenges in fine pitch and precision bonding.","1944-9380","979-8-3503-8624-0","10.1109/NANO61778.2024.10628553","","https://ieeexplore.ieee.org/stamp/stamp.jsp?arnumber=10628553","","Gold;Chiplets;Multichip modules;Silicon;Metallurgy;Flip-chip devices;Indium","","1","","15","IEEE","22 Aug 2024","8-11 July 2024","8-11 July 2024","IEEE","IEEE Conferences"
"In-Memory Computing: Global Energy Consumption, Carbon Footprint, Technology, and Products Status Quo","N. TaheriNejad","EclectX Team TU Wien, Vienna, Austria",2024 IEEE 24th International Conference on Nanotechnology (NANO),"22 Aug 2024","2024","","","495","500","In this paper, we highlight and quantify the importance and potential role of In-Memory Computation (IMC) and memory technologies in the future of humans' global footprint. To this end, we calculate the estimated energy consumption and carbon emission associated with the data movement inside computing systems and put them in perspective using tangible examples. Next, we review various memory technologies as well as their advantages and disadvantages (especially regarding their energy consumption), for usage in computing systems as memory and computing elements. We calculate what their impact is and what would be the potential savings of migrating towards emerging memory technologies. We discuss some of the challenges these emerging memory technologies face, before presenting the highlights of the IMC products on or near the market. This paper aims at providing an insight on the impact of IMC and memory technology on the society at large and clarify the importance of working on IMC and emerging memory technologies to lower the power consumption and overall footprint of computing systems. The status of IMC products show that while moving in the right direction, there is a substantial body of work to be done. We hope this will help engineers to better grasp the extent of the impact they can produce and motivate them further in the pursuit of better comnuting systems.","1944-9380","979-8-3503-8624-0","10.1109/NANO61778.2024.10628809","","https://ieeexplore.ieee.org/stamp/stamp.jsp?arnumber=10628809","In-Memory Computing;Memory Technology;Global Impact;Energy Consumption;Carbon Emission;Industrial Products","Energy consumption;Power demand;Planets;Reviews;Production;In-memory computing;Stakeholders","","6","","33","IEEE","22 Aug 2024","8-11 July 2024","8-11 July 2024","IEEE","IEEE Conferences"
"SMTJ-based Dropout Module for In-Memory Computing Bayesian Neural Networks","K. Danouchi; G. Prenat; L. Anghel","Spintec (CEA, CNRS, Univ. Grenoble-Alpes, Grenoble INP - UGA), Grenoble, France; Spintec (CEA, CNRS, Univ. Grenoble-Alpes, Grenoble INP - UGA), Grenoble, France; Spintec (CEA, CNRS, Univ. Grenoble-Alpes, Grenoble INP - UGA), Grenoble, France",2024 IEEE 24th International Conference on Nanotechnology (NANO),"22 Aug 2024","2024","","","501","506","Bayesian Neural Networks (BayNNs) are powerful tools for making predictions while also providing uncertainty estimates, a crucial aspect in safety-critical systems. However, implementing BayNNs in edge applications poses challenges, often necessitating transformations such as quantification or approximation, especially for Gaussian processes, commonly achieved through Dropout methods. This paper explores a new implementation of the Dropout module by using Superparam-agnetic Tunnel Junction (SMT J). The stochastic circuit enables fine-tuning of the generated stochastic bitstreams used to drop different parameters in the BayNN. The proposed module implementation leads to better power efficiency and robustness against variability. The results demonstrate an improvement in the energy efficiency of up to 34.8× when compared to the related works.","1944-9380","979-8-3503-8624-0","10.1109/NANO61778.2024.10628972","","https://ieeexplore.ieee.org/stamp/stamp.jsp?arnumber=10628972","Stochastic Computing;Bayesian Neural Net-works;In-Memory Computing;Superparamagnetic Tunnel Junction;Dropout","Uncertainty;Neural networks;Energy conservation;Gaussian processes;In-memory computing;Robustness;Energy efficiency","","","","28","IEEE","22 Aug 2024","8-11 July 2024","8-11 July 2024","IEEE","IEEE Conferences"
"Accelerating Bayesian Neural Networks on Low-Power Edge RISC-V Processors","S. Pérez; J. Resano; D. S. Gracia","Department of Computer Sciences and Systems Engineering (DIIS), Aragon Institute of Engineering Research (I3A), University of Zaragoza, HiPEAC European NoE; Department of Computer Sciences and Systems Engineering (DIIS), Aragon Institute of Engineering Research (I3A), University of Zaragoza, HiPEAC European NoE; Department of Computer Sciences and Systems Engineering (DIIS), Aragon Institute of Engineering Research (I3A), University of Zaragoza, HiPEAC European NoE",2024 IEEE 24th International Conference on Nanotechnology (NANO),"22 Aug 2024","2024","","","507","512","Neural Networks (NN s) are a very popular solution for classification tasks. As the combination of Internet of Things (IoT) with Machine Learning (ML), also known as TinyML, grows in popularity, more NN are being executed on low-end edge systems. The reliability of the predictions is crucial for safety-critical applications. Bayesian Neural Networks (BNNs) address this issue by calculating uncertainty metrics with their predictions at the cost of increasing computing requirements. This work addresses the challenges of executing BNNs inference on low-end systems. BNNs require multiple forward passes in which the weights are sampled from distributions. This sampling process can take up to 85,13% of execution time. This work optimizes the weight sampling and integrates it within a low cost custom extension for a RISC- V CPU, improving speedup up to x 8,10 and similar energy savings.","1944-9380","979-8-3503-8624-0","10.1109/NANO61778.2024.10628877","","https://ieeexplore.ieee.org/stamp/stamp.jsp?arnumber=10628877","","Measurement;Costs;Uncertainty;Accuracy;Tiny machine learning;Artificial neural networks;Transforms","","1","","13","IEEE","22 Aug 2024","8-11 July 2024","8-11 July 2024","IEEE","IEEE Conferences"
"The Impact of Device Technologies on the Design of Non-Volatile Content Addressable Memories","S. H. Moon; P. Dutta; P. Khorrami; S. Bhanja; D. Reis","Department of Computer Science and Engineering, University of South Florida, Tampa, FL; Department of Electrical Engineering, University of South Florida, Tampa, FL; Department of Computer Science and Engineering, University of South Florida, Tampa, FL; Department of Electrical Engineering, University of South Florida, Tampa, FL; Department of Computer Science and Engineering, University of South Florida, Tampa, FL",2024 IEEE 24th International Conference on Nanotechnology (NANO),"22 Aug 2024","2024","","","513","516","Content Addressable Memories (CAMs) are em-ployed in the design of computing-in-memory ($C$iM) accel-erators for data-intensive applications due to their ability to perform massively parallel searches. This paper presents a study of different device technologies, i.e., resistive RAMs (ReRAMs), ferroelectric field-effect transistors (FeFETs), and magnetoresistive random access memory (MRAMs) that are leveraged in the development of dense and energy-efficient non-volatile content addressable memories (NVCAMs). We leverage data from our own research and that of others to present a comprehensive evaluation of different NVCAMs and compare their power consumption, area efficiency, speed, and endurance with respect to CMOS-based CAM counterparts. Additionally, we explore potential application scenarios that map to the unique strengths of the various NVCAMs. Our discussion highlights pathways for future research on the application mapping of NVCAM designs for $C$iM architectures.","1944-9380","979-8-3503-8624-0","10.1109/NANO61778.2024.10628710","","https://ieeexplore.ieee.org/stamp/stamp.jsp?arnumber=10628710","","Performance evaluation;Associative memory;Power demand;Nonvolatile memory;Resistive RAM;SPICE;Energy efficiency","","3","","21","IEEE","22 Aug 2024","8-11 July 2024","8-11 July 2024","IEEE","IEEE Conferences"
"Energy-Efficient Adiabatic MTJ/CMOS-Based CLB for Non-Volatile FPGA","M. T. Nasab; W. Yang; H. Thapliyal","Department of Electrical Engineering and Computer Science, University of Tennessee Knoxville, Knoxville, TN, USA; Department of Electrical Engineering and Computer Science, University of Tennessee Knoxville, Knoxville, TN, USA; Department of Electrical Engineering and Computer Science, University of Tennessee Knoxville, Knoxville, TN, USA",2024 IEEE 24th International Conference on Nanotechnology (NANO),"22 Aug 2024","2024","","","517","522","High flexibility, infinite reconfigurability, and fast design-to-market of FPGAs make them a promising platform for modern applications, such as IoT, medical, and automotive applications. Energy and area limitations are challenging in these applications since many of these applications have limited power and hardware resources. Accordingly, the energy- and area-efficient design of FPGAs is of great importance. In this paper, an adiabatic non-volatile hybrid CMOS/MT J logic-in-memory-based configurable logic block (CLB) has been proposed and compared to its state-of-the-art counterparts. The simulation results show that the proposed design has 98%, 98%, 97%, 97%, 96%, and 92 % lower energy consumption compared to CMOS counterparts for frequencies of 1, 2.5, 5,10,20, and 40 MHz. Also, compared to its adiabatic counterparts, the proposed design has at least 74%, 70%, 69%, 69%, and 46% lower energy consumption for frequencies of 1, 2.5, 5, 10, and 20 MHz, respectively. Also, the proposed design has at least 74% fewer transistors compared to its counterparts. Furthermore, the energy saving of the proposed design for different tunnel magnetoresistance (TMR) is almost consistent. In addition, the proposed design keeps its superiority in energy saving over its counterparts for different power supply voltages.","1944-9380","979-8-3503-8624-0","10.1109/NANO61778.2024.10628919","National Science Foundation(grant numbers:2232235); ","https://ieeexplore.ieee.org/stamp/stamp.jsp?arnumber=10628919","","Energy consumption;Power supplies;Simulation;Energy conservation;Hardware;Energy efficiency;Tunneling magnetoresistance","","","","30","IEEE","22 Aug 2024","8-11 July 2024","8-11 July 2024","IEEE","IEEE Conferences"
"Improving Reliability of STT-MRAM-Based Smart Material Implication","M. Lanuzza; T. Moposita","Department of Computer Engineering, Modeling, Electronics and Systems, University of Calabria, Rende, Italy; Department of Computer Engineering, Modeling, Electronics and Systems, University of Calabria, Rende, Italy",2024 IEEE 24th International Conference on Nanotechnology (NANO),"22 Aug 2024","2024","","","523","526","Logic-in-Memory (LIM) architectures, particularly those based on Spin-Transfer Torque Magnetic Random-Access Memory (STT-MRAM), offer a promising solution to over-come the von-Neumann bottleneck of traditional computing platforms. The smart material implication (SIMPLY) LIM scheme has been proposed to execute computations efficiently within memory units. This paper presents reliability enhanced STT-MRAM-based SIMPLY and sFALSE operations, assessing improvements in read margin (RM) and bit error rate (BER). Furthermore, the energy efficiency of the SIMPLY scheme is evaluated for the implementation of some logic operators such as NAND, XOR, and XNOR. Simulation results show that SIMPLY + scheme results to be energy efficient, while assuring a 3.7× larger RM as compared to the conventional SIMPLY.","1944-9380","979-8-3503-8624-0","10.1109/NANO61778.2024.10628831","","https://ieeexplore.ieee.org/stamp/stamp.jsp?arnumber=10628831","Smart Material Implication (SIMPLY);MTJ;STT-MRAM;Logic-in-Memory (LIM)","Torque;Simulation;High performance computing;Bit error rate;Memory management;Materials reliability;Energy efficiency","","","","21","IEEE","22 Aug 2024","8-11 July 2024","8-11 July 2024","IEEE","IEEE Conferences"
"Electronic Correlations in Multielectron Silicon Quantum Dots","D. H. Liang; M. Feng; P. Y. Mai; J. D. Cifuentes; A. S. Dzurak; A. Saraiva","School of Electrical Engineering and Telecommunications, University of New South Wales, Sydney, NSW, Australia; School of Electrical Engineering and Telecommunications, University of New South Wales, Sydney, NSW, Australia; School of Electrical Engineering and Telecommunications, University of New South Wales, Sydney, NSW, Australia; School of Electrical Engineering and Telecommunications, University of New South Wales, Sydney, NSW, Australia; School of Electrical Engineering and Telecommunications, University of New South Wales, Sydney, NSW, Australia; School of Electrical Engineering and Telecommunications, University of New South Wales, Sydney, NSW, Australia",2024 IEEE 24th International Conference on Nanotechnology (NANO),"22 Aug 2024","2024","","","527","532","Silicon quantum computing has the potential to revolutionize technology with capabilities to solve real-life problems that are computationally complex or even intractable for modern computers [1] by offering sufficient high quality qubits to perform complex error-corrected calculations. Silicon metal-oxide-semiconductor based quantum dots present a promising pathway for realizing practical quantum computers. To improve certain qubit properties, it is a common strategy to incorporate multiple electrons in the same dot in order to form qubits in higher confined orbital states. Theoretical modelling is an essential part of understanding the quantum behaviour of these electrons, providing a basis for validating the physical working of device models as well as providing insights into experimental data. Hartree-Fock theory is an imperative tool for the electronic structure modelling of multi-electron quantum dots due to its ability to simulate a large number of electrons with manageable computation load. However, an efficient calculation of the self-consistent field becomes hard because dot formations in silicon are characterized by strong electron-electron interactions and conduction band valleys, besides the relatively high comparative effective mass, which add to create a behaviour dominated by repulsion between electrons rather than a well established shell structure. In this paper, we present a Hartree-Fock-based method that accounts for these complexities for the modelling of silicon quantum dots. With this method, we first establish the significance of including electron-electron interactions and valley degree of freedom and their implications. We then explore a simple case of anisotropic dots and observe the impact of anisotropy on dot formations.","1944-9380","979-8-3503-8624-0","10.1109/NANO61778.2024.10628628","","https://ieeexplore.ieee.org/stamp/stamp.jsp?arnumber=10628628","","Computers;Computational modeling;Quantum dots;Qubit;Quantum mechanics;Charge carrier processes;Silicon","","1","","17","IEEE","22 Aug 2024","8-11 July 2024","8-11 July 2024","IEEE","IEEE Conferences"
"Impact of Temperature Variations on the Electrochemical Performance of Batteries with Cyrene-Based, Spray-Printed NMC Cathodes","H. H. Nguyen; J. Välikangas; E. Hannila; P. Molaiyan; P. Keski-Korsu-Piekkari; U. Lassi; T. Fabritius; R. Sliz","University of Oulu, Optoelectronics and Measurement Techniques Unit, University of Oulu, Finland; University of Oulu, Sustainable Chemistry Research Unit, University of Oulu, Finland; University of Oulu, Optoelectronics and Measurement Techniques Unit, University of Oulu, Finland; University of Oulu, Sustainable Chemistry Research Unit, University of Oulu, Finland; University of Oulu, Sustainable Chemistry Research Unit, University of Oulu, Finland; University of Oulu, Sustainable Chemistry Research Unit, University of Oulu, Finland; University of Oulu, Optoelectronics and Measurement Techniques Unit, University of Oulu, Finland; University of Oulu, Optoelectronics and Measurement Techniques Unit, University of Oulu, Finland",2024 IEEE 24th International Conference on Nanotechnology (NANO),"22 Aug 2024","2024","","","533","538","This study examines the effects of temperature influence, ranging from +20°C to −10°C, on the electrochemical performance of lithium-ion batteries with nickel manganese cobalt (NMC) cathodes that have been spray-printed using a sustainable solvent. In the cathode fabrication process, Cyrene-a sustainable, dipolar aprotic solvent-was used as a replacement for N-methyl-2-pyrrolidone (NMP) to enhance the eco-friendliness and safety of battery manufacturing. Blade-coated Cyrene-based NMC cathodes were used as a reference. The morphological and structural attributes of the spray-printed and blade-coated NMC cathodes were assessed using scanning electron microscopy and optical profilometry. Electrochemical performance was evaluated through cyclic voltammetry, varied C-rate charge-discharge cycling, and electrochemical impedance spectroscopy under different temperature conditions. Our results demonstrate that the Cyrene-based, spray-printed NMC cathodes exhibit electrochemical performance comparable to their blade-coated counterparts. Although performance degradation was observed at sub-zero temperatures-attributed to increased electrolyte viscosity and reduced lithium-ion mobility-the spray-printed cathodes maintained performance parity with those fabricated by blade-coating. This study offers significant insights into how temperature affects the operational efficiency of lithium-ion batteries with NMC cathodes fabricated via different methods, indicating that spray printing is a viable and sustainable alternative for producing NMC cathodes.","1944-9380","979-8-3503-8624-0","10.1109/NANO61778.2024.10628581","Business Finland(grant numbers:7270/31/2022); ","https://ieeexplore.ieee.org/stamp/stamp.jsp?arnumber=10628581","","Lithium-ion batteries;Viscosity;Temperature distribution;Surface impedance;Solvents;Scanning electron microscopy;Surface discharges","","","","28","IEEE","22 Aug 2024","8-11 July 2024","8-11 July 2024","IEEE","IEEE Conferences"
"Nanowire Strain Sensor-Based Word Recognition for Speech-Impaired Users","E. Zhang; S. Wu; A. Shen; Z. Syed; Y. Zhu; X. Shen",NA; NA; NA; NA; NA; NA,2024 IEEE 24th International Conference on Nanotechnology (NANO),"22 Aug 2024","2024","","","539","544","Millions of people around the world gra p-ple with speech loss due to various medical conditions. This significantly hinders their ability to communicate and express themselves. To address this challenge, our re-search delves into cutting-edge nanomaterial- based high-performance strain sensors designed specifically to detect intricate human facial muscle movements associated with speech. The strain sensor is soft and flexible, which makes it a good candidate for integration into wearable devices. Our experiments reveal that the strain sensors can pick up distinct signal patterns during the articulation of words and sentences. We observed signal patterns that remained consistent both with and without voice. Furthermore, we discerned and interpreted these signals as words with modern time series machine learning algorithms. By testing 21 popular words, our findings revealed promising outcomes, showing recognition accuracy ranging from 47.4% to 80% across 10 speakers using the K-Neighbors Time Series Classifier. In addition, we compared the classification accuracy of five popular time series machine learning algorithms. Three random forest classifiers showed comparable accuracy with the K-Neighbors Time Series Classifier, while the Time Series Support Vector Classifier showed lower performance. These findings pave the way for a future where individuals with speech impairments can regain a powerful mode of communication through this innova ti ve technology.","1944-9380","979-8-3503-8624-0","10.1109/NANO61778.2024.10628928","","https://ieeexplore.ieee.org/stamp/stamp.jsp?arnumber=10628928","Stretchable strain sensor;Strain engineering;Speech recognition;Time series classifier","Accuracy;Machine learning algorithms;Time series analysis;Capacitive sensors;Vectors;Wearable devices;Random forests","","","","39","IEEE","22 Aug 2024","8-11 July 2024","8-11 July 2024","IEEE","IEEE Conferences"
"A Spatio-Temporal-Based Concept for Associative Memory Modeling with Memristors","I. K. Chatzipaschalis; I. Tompris; E. Stavroulakis; T. P. Chatzinikolaou; I. -A. Fyrigos; P. Fraidakis; A. Calomarde; R. Gomá; G. C. Sirakoulis; A. Rubio","Department of Electrical and Computer Engineering, Democritus University of Thrace, Xanthi, Greece; Department of Electrical and Computer Engineering, Democritus University of Thrace, Xanthi, Greece; Department of Electrical and Computer Engineering, Democritus University of Thrace, Xanthi, Greece; Department of Electrical and Computer Engineering, Democritus University of Thrace, Xanthi, Greece; Department of Electrical and Computer Engineering, Democritus University of Thrace, Xanthi, Greece; Department of Electrical and Computer Engineering, Democritus University of Thrace, Xanthi, Greece; Department of Electronic Engineering, Universitat Politécnica de Catalunya, Barcelona, Spain; Barcelona Supercomputing Center, Barcelona, Spain; Department of Electrical and Computer Engineering, Democritus University of Thrace, Xanthi, Greece; Department of Electronic Engineering, Universitat Politécnica de Catalunya, Barcelona, Spain",2024 IEEE 24th International Conference on Nanotechnology (NANO),"22 Aug 2024","2024","","","545","550","Spatio-temporal encoding in neural systems refers to the representation of information through the combined spatial and temporal patterns of neuronal activity and plays a fundamental role in various brain biological functions, such as higher cognitive processes, including the memory effect. Memory is an intricate process in human cognition and this bio-inspired function can be replicated by novel hardware components. Memristors can imitate the memory effect as they appear to have non-volatile characteristics, and they can also constitute the switching component of memristive-based oscillators acting as neurons for designing complex network structures in order to replicate the human brain behavior. In this paper, a spatio-temporal encoding scheme is being evaluated under a hardware-oriented concept integrating memristive novel devices, aiming to replicate the way associative memory works, and paving the way for novel approaches in brain-inspired computing systems.","1944-9380","979-8-3503-8624-0","10.1109/NANO61778.2024.10628936","","https://ieeexplore.ieee.org/stamp/stamp.jsp?arnumber=10628936","Associative Memory;Spatio-Temporal Patterns;Hardware;Memristor;Memristive Oscillator","Associative memory;Nonvolatile memory;Computational modeling;Neurons;Memristors;Switches;Encoding","","3","","31","IEEE","22 Aug 2024","8-11 July 2024","8-11 July 2024","IEEE","IEEE Conferences"
"Mycelium-Based ELM Emulation Utilizing Memristive Oscillating Cellular Automata","T. P. Chatzinikolaou; I. Tompris; I. K. Chatzipaschalis; I. -A. Fyrigos; M. -A. Tsompanas; A. Adamatzky; G. C. Sirakoulis","Department of Electrical and Computer Engineering, Democritus University of Thrace, Xanthi, Greece; Department of Electrical and Computer Engineering, Democritus University of Thrace, Xanthi, Greece; Department of Electronic Engineering, Universitat Politécnica de Catalunya, Barcelona, Spain; Department of Electrical and Computer Engineering, Democritus University of Thrace, Xanthi, Greece; Department of Computer Science and Creative Technologies, University of the West of England, Bristol, UK; Department of Computer Science and Creative Technologies, University of the West of England, Bristol, UK; Department of Electrical and Computer Engineering, Democritus University of Thrace, Xanthi, Greece",2024 IEEE 24th International Conference on Nanotechnology (NANO),"22 Aug 2024","2024","","","551","556","Engineered Living Materials (ELMs) represent a novel class of materials that possess intrinsic properties and capabilities inspired by living organisms. Among ELMs, fungal mycelium stands out due to its low-cost manufacturing process, ubiquity in nature, and significant environmental benefits owing to its biodegradability. Modeling mycelium's complex behaviors challenges scientists due to its intricate natural phenomena, leading to the adoption of digital twins for accurate simulations and deeper insights. Memristors, with their unique state-transition capabilities and non-volatility, emerge as promising for implementing a low-power, efficient digital twin of mycelium, demonstrating versatility across various applications beyond conventional hardware limits. This paper explores the use of memristive nanoelectronic circuits to simulate the evolution of biological mycelium hyphae, introducing a novel computational approach, Memristive Oscillating Cellular Au-tomaton (MOCA), to model the dynamic behavior of mycelium. The MOCA design mirrors the activator and suppressor processes observed in reaction-diffusion systems, thus simulating mycelium tip growth and branching patterns. The simulation results demonstrate the successful propagation of oscillating signals across a MOCA grid, reflecting the biological pathways within mycelium.","1944-9380","979-8-3503-8624-0","10.1109/NANO61778.2024.10628662","","https://ieeexplore.ieee.org/stamp/stamp.jsp?arnumber=10628662","Engineered Living Materials;Mycelium;Cellular Automata;Memristor Oscillator;Memristive Digital Twin","Manufacturing processes;Biological system modeling;Simulation;Memristors;Organisms;Digital twins;Nanobioscience","","2","","30","IEEE","22 Aug 2024","8-11 July 2024","8-11 July 2024","IEEE","IEEE Conferences"
"First-Principle Analysis of Elastic Constants of $\beta-(\text{Al}_{\mathrm{x}}\text{Ga}_{1-\mathrm{x}})_{2}\mathrm{O}_{3}$ for Heterogeneous Interface Applications","H. Lim; B. D. Kong","Department of Electrical Engineering, Pohang University of Science and Technology (POSTECH), Pohang, Republic of Korea; Department of Electrical Engineering, Pohang University of Science and Technology (POSTECH), Pohang, Republic of Korea",2024 IEEE 24th International Conference on Nanotechnology (NANO),"22 Aug 2024","2024","","","557","560","Monoclinic $\beta-\text{Ga}_{2}\mathrm{O}_{3}$, with its wide bandgap, shows great potential for high-power electronics, offering high critical electric field strength for FETs and tunability through alloying with Al for enhanced performance. Determining the elastic constants for $(\text{Al}_{\mathrm{x}}\text{Ga}_{1-\mathrm{x}})_{2}\mathrm{O}_{3}$ is crucial, as it enables the prediction of material properties, including piezoelectricity, thereby broadening the potential for advanced device applications. This study uses first-principle calculations to investigate the piezoelectric properties of $\beta-(\text{Al}_{\mathrm{x}}\text{Ga}_{1-\mathrm{x}})_{2}\mathrm{O}_{3}$, focusing on the analysis of elastic constants. Within the field of semiconductor materials science, the structural stability and piezoelectric properties of $\beta-(\text{Al}_{\mathrm{x}}\text{Ga}_{1-\mathrm{x}})_{2}\mathrm{O}_{3}$ alloys, particularly for compositions where $\mathrm{x}=0.25$ and $\mathrm{x}=0.5$, have been meticulously investigated. This study employs first-principle calculations to identify the most stable configurations by analyzing inter-atomic distances between Aluminum atoms, pinpointing the optimal Aluminum positions within the crystal structure for these compositions. The foundation of understanding the material's structural integrity facilitates an in-depth exploration of its piezoelectric characteristics through the calculation of six essential elastic constants C11,C22, C33, C12, C23, and C13. These calculations reveal the material's mechanical and electrical responses under stress, offering critical insights into the trends and behaviors of these elastic constants. This research thus provides a comprehensive overview of the piezoelectric properties of $\beta- (\text{Al}_{\mathrm{x}}\text{Ga}_{1-\mathrm{x}}$)2O3alloys, focusing on the intrinsic properties of the materials. The findings of this research promise to enhance our understanding of $\beta-(\text{Al}_{\mathrm{x}}\text{Ga}_{1-\mathrm{x}})_{2}\mathrm{O}_{3}$ properties, paving the way for advancements in semiconductor technology.","1944-9380","979-8-3503-8624-0","10.1109/NANO61778.2024.10628780","","https://ieeexplore.ieee.org/stamp/stamp.jsp?arnumber=10628780","","Electric potential;Semiconductor materials;Aluminum;Focusing;Piezoelectricity;Atoms;Solids","","1","","13","IEEE","22 Aug 2024","8-11 July 2024","8-11 July 2024","IEEE","IEEE Conferences"
"An Area-Efficient Low-Power Fully Non-Volatile Full-Adder using Reconfigurable Logic","Z. Shen; E. Deng; J. You; Q. Hu; Y. Wang; Y. Gong; B. Wu; W. Liu","Key Laboratory of Aerospace Integrated Circuits and Microsystem, Ministry of Industry and Information Technology, College of Integrated Circuits, Nanjing University of Aeronautics and Astronautics, Nanjing, China; Key Laboratory of Aerospace Integrated Circuits and Microsystem, Ministry of Industry and Information Technology, College of Integrated Circuits, Nanjing University of Aeronautics and Astronautics, Nanjing, China; Key Laboratory of Aerospace Integrated Circuits and Microsystem, Ministry of Industry and Information Technology, College of Integrated Circuits, Nanjing University of Aeronautics and Astronautics, Nanjing, China; Key Laboratory of Aerospace Integrated Circuits and Microsystem, Ministry of Industry and Information Technology, College of Integrated Circuits, Nanjing University of Aeronautics and Astronautics, Nanjing, China; Key Laboratory of Aerospace Integrated Circuits and Microsystem, Ministry of Industry and Information Technology, College of Integrated Circuits, Nanjing University of Aeronautics and Astronautics, Nanjing, China; Key Laboratory of Aerospace Integrated Circuits and Microsystem, Ministry of Industry and Information Technology, College of Integrated Circuits, Nanjing University of Aeronautics and Astronautics, Nanjing, China; Key Laboratory of Aerospace Integrated Circuits and Microsystem, Ministry of Industry and Information Technology, College of Integrated Circuits, Nanjing University of Aeronautics and Astronautics, Nanjing, China; Key Laboratory of Aerospace Integrated Circuits and Microsystem, Ministry of Industry and Information Technology, College of Integrated Circuits, Nanjing University of Aeronautics and Astronautics, Nanjing, China",2024 IEEE 24th International Conference on Nanotechnology (NANO),"22 Aug 2024","2024","","","561","564","The miniaturization of CMOS results in high static power consumption in traditional computer system. Logic-in-memory (LIM) architecture based on emerging non-volatile memory (NVM) can significantly reduce static power consumption by embedding computing and logic functions into NVM. Magnetic tunnel junction (MTJ) is considered as one of the most promising candidates for LIM circuits owing to its high speed, nearly infinite endurance, and 3D back-end integration technology. This paper introduces a reconfigurable LIM circuit integrating spin transfer torque based MTJs (STT-MTJs). Unlike the conventional non-volatile full-adders (NV-FAs) that perform the “Sum” and “Co” operations with two sub-circuits, the proposed circuit can perform both operations. Simulation results based on 28 nm CMOS process design kit and a perpendicular STT-MTJ compact model show that the proposed NV-FA has the advantages of small area and low power consumption.","1944-9380","979-8-3503-8624-0","10.1109/NANO61778.2024.10628974","National Natural Science Foundation of China(grant numbers:92364201); Fundamental Research Funds for the Central Universities(grant numbers:NJ2023020,NS2023021,YAH23009); ","https://ieeexplore.ieee.org/stamp/stamp.jsp?arnumber=10628974","Logic-in-memory;magnetic tunnel junction;reconfigurable;non-volatile full-adder","Semiconductor device modeling;Power demand;Torque;Nonvolatile memory;Simulation;Circuits;Reconfigurable logic","","","","24","IEEE","22 Aug 2024","8-11 July 2024","8-11 July 2024","IEEE","IEEE Conferences"
"Development of Triboelectric Nanoenergy and Nanosystem (Tribo-NENS)","C. Lee; Z. Sun; Z. Zhang","Department of Electrical and Computer Engineering, National University of Singapore, Singapore; Department of Electrical and Computer Engineering, National University of Singapore, Singapore; Department of Electrical and Computer Engineering, National University of Singapore, Singapore",2024 IEEE 24th International Conference on Nanotechnology (NANO),"22 Aug 2024","2024","","","565","569","Recent progress on Triboelectric N anoenergy and Nanosystems (Tribo-NENS) provides a new possibility for realizing low-power smart electronics in the 5G and Internet of Things (IoT) era. Focusing on energy harvesting from natural and human activities, triboelectric nanogenerators power smart systems for various applications, including human-machine interfaces, robotic perception, and smart homes, showcasing versatility and efficiency. Covering advancements in wearable tech, robotic perception, and smart living spaces, the review navigates through current innovations, applications, and future prospects, underlining the critical role of Tribo-NENS in evolving sustainable, intelligent technologies for everyday life.","1944-9380","979-8-3503-8624-0","10.1109/NANO61778.2024.10628879","","https://ieeexplore.ieee.org/stamp/stamp.jsp?arnumber=10628879","","Technological innovation;Reviews;5G mobile communication;Human-machine systems;Focusing;Smart homes;Robot sensing systems","","1","","66","IEEE","22 Aug 2024","8-11 July 2024","8-11 July 2024","IEEE","IEEE Conferences"
"Porous Alumina Assisted Anodizing of Ti/Nb Layers","A. Hoha; A. Poznyak; A. Pligovka","Research and Development Laboratory 4.10 “Nanotechnologies”, Belarusian State University of Informatics and Radioelectronics, Minsk, Belarus; Research and Development Laboratory 4.10 “Nanotechnologies”, Belarusian State University of Informatics and Radioelectronics, Minsk, Belarus; Research and Development Laboratory 4.10 “Nanotechnologies”, Belarusian State University of Informatics and Radioelectronics, Minsk, Belarus",2024 IEEE 24th International Conference on Nanotechnology (NANO),"22 Aug 2024","2024","","","570","573","The three-layer Al/Ti/Nb system onto Si substrates was magnetron sputter-deposited. The titanium/niobium layers in 0.2 M oxalic, orthophosphoric and tartaric solutions were alumina assisted 100 and 200 V potentiostatically anodized and galvanostatically reanodized in 0.5 M boric solution. Titanium oxide (Ti02), niobium oxide (Nb20s) and their mixture were obtained. The current-time and voltage-time response, morphology and composition were investigated.","1944-9380","979-8-3503-8624-0","10.1109/NANO61778.2024.10628746","Belarusian Republican Foundation for Fundamental Research(grant numbers:T23M072); ","https://ieeexplore.ieee.org/stamp/stamp.jsp?arnumber=10628746","","Morphology;Surface morphology;Valves;Silicon;Oxidation;Mesoporous materials;Titanium dioxide","","","","9","IEEE","22 Aug 2024","8-11 July 2024","8-11 July 2024","IEEE","IEEE Conferences"
"Conditional and Multi-Level WRITE Operations on Current-Controlled Memristive Devices for Neuromorphic Applications","M. Melivilu; I. Vourkas; P. A. Vila; F. Palacio; A. Cirera","Dep. of Electronic Engineering, Universidad Tecnica Federico Santa Maria, Valparaiso, Chile; Dep. of Electronic Engineering, Universidad Tecnica Federico Santa Maria, Valparaiso, Chile; Dep. of Electronics and Biomedical Eng., Universitat de Barcelona, Barcelona, Spain; Dep. of Electronics and Biomedical Eng., Universitat de Barcelona, Barcelona, Spain; Dep. of Electronics and Biomedical Eng., Universitat de Barcelona, Barcelona, Spain",2024 IEEE 24th International Conference on Nanotechnology (NANO),"22 Aug 2024","2024","","","574","579","The analog response of memristive devices makes them suitable for various applications, such as multilevel memory and neuromorphic computing. When the devices are voltage-driven, resistive switching is associated with voltage thresholds, representing the minimum required voltage to trigger a SET or RESET. Most simulation models correspond to voltage-controlled memristive devices, and multilevel tuning in such cases can be achieved via a controlled voltage-driven SET process. However, when current drivers are used instead of voltage drivers, a proper assessment of device performance should also consider models of current-controlled devices whose response adheres to current thresholds. To this end, here we provide both the voltage- and the current-controlled version of a behavioral model of memristive devices in a readily available netlist for simulation in LTSpice. We present simulation results using both model versions and show that, to achieve multilevel tuning of current-controlled devices when current-driven, a current divider circuit can enable a controlled RESET process. Finally, we provide experimental results for the controlled switching response of Self-Directed Channel (SDC) bipolar memristive devices by Knowm Inc. Overall, we demonstrate the feasibility of conditional and multilevel switching of current-controlled memristive devices, towards the design of current-based multilevel drivers and in-memory logic based on the conditional switching response triggered via current stimuli.","1944-9380","979-8-3503-8624-0","10.1109/NANO61778.2024.10628600","","https://ieeexplore.ieee.org/stamp/stamp.jsp?arnumber=10628600","memristor;Howland current source;LTSpice netlist;ReRAM;Knowm;voltage divider;current divider","Performance evaluation;Process control;Switches;SPICE;Control systems;Threshold voltage;Logic","","1","","16","IEEE","22 Aug 2024","8-11 July 2024","8-11 July 2024","IEEE","IEEE Conferences"
"Graphene Nanoribbon-Based Analog-to-Digital Conversion","P. Verton; S. Coţofană","department of Quantum and Computer Engineering, Delft University of Technology, Delft, AA, The Netherlands; department of Quantum and Computer Engineering, Delft University of Technology, Delft, AA, The Netherlands",2024 IEEE 24th International Conference on Nanotechnology (NANO),"22 Aug 2024","2024","","","580","585","This paper introduces a novel approach towards Analog-to-Digital Converter (ADC) implementation that combines Graphene Nanoribbon (GNR) devices capabilities to provide augmented (more complex than a switch) functionality with the fact that each output bit $b_{i}, i\in[0, n-1]$ of an n-bit ADC is defined as a periodic symmetric function $F_{i}(V_{\text{in}})$ with period $\frac{V_{\max}}{2^{i}}$, of the ADC input $V_{\text{in}}\in[0, V_{\max}]$. As such, by making use of the Boolean function implementation methodology with two complementary GNRs, the imple-mentation of an n-bit ADC requires 2n GNR devices. To demonstrate our approach we present the implementation of a 4-bit ADC and the evolutionary algorithm that identifies the GNR topologies required for $F_{i}(V_{\text{in}}), i\in[0,3]$ evaluation when $V_{\text{in}}\in[0,200\text{mV}]$. We demonstrate the correct functionality of our proposal by means of SPICE simulations and compare it with state-of-the-art counterparts. The comparison indicates that our approach exhibits around five orders of magnitude lower power consumption, is operating at four orders of magnitude larger sample frequency, requires nine orders of magnitude lower real estate, and, in terms of Walden's figures of merit, scores three orders of magnitude better in time per conversion step and nine in energy per conversion step. The required GNR device topologies are identified by means of an evolutionary algorithm, allowing a design space of many trillions of possible devices to be searched by evaluating the behaviour of only a few hundred thousand different topologies.","1944-9380","979-8-3503-8624-0","10.1109/NANO61778.2024.10628546","","https://ieeexplore.ieee.org/stamp/stamp.jsp?arnumber=10628546","","Time-frequency analysis;Power demand;Graphene;Switches;SPICE;Nanoscale devices;Topology","","1","","34","IEEE","22 Aug 2024","8-11 July 2024","8-11 July 2024","IEEE","IEEE Conferences"
"Graphene-Based Complementary-Style Logic Gate with Memory-Lock","N. C. Laurenciu; C. Timmermans; N. De Groot; S. D. Cotofana","High Energy Physics Department, IMAPP, Radboud Univer-sity, The Netherlands; High Energy Physics Department, IMAPP, Radboud Univer-sity, The Netherlands; High Energy Physics Department, IMAPP, Radboud Univer-sity, The Netherlands; Quantum and Computer Engineering Department, Delft University of Technology, The Netherlands",2024 IEEE 24th International Conference on Nanotechnology (NANO),"22 Aug 2024","2024","","","586","591","As CMOS feature size vertiginously approaches atomic limits, high leakage and power density and exacer-bating IC production costs are prompting for development of new materials, devices, beyond von-Neumann architectures and computing paradigms. Within this context, graphene has emerged as a promising post-Si front runner, owing to its remarkable properties. In this paper, we propose a generic graphene-based complementary-style Boolean gate structure with memory-lock, that allows logic and non-volatile memory co-location. The gate with memory-lock is composed of 2 cells - a pull-up cell performing the gate Boolean function and a pull-down cell performing the inverted Boolean function. Each cell in turn, has a graphene logic layer that carries out Boolean gates computation, and a graphene memory layer for storing the logic state of the gate. As simulation vehicle we considered an inverter gate with memory-lock. Simulation results indicate a current ratio of write/read to/from memory of 1.64.102for gate input low, and of 2.55. 102for gate input high. Furthermore, the inverter with memory-lock exhibits a 128× smaller area footprint when compared to the traditional physically separate logic (e.g., 7nm inverter gate) and memory (e.g., 7nm 6T SRAM cell), establishing the potential of proposed structure with memory-lock for more compact and energy efficient future beyond CMOS nano-electronic implementations, and making it highly promising for high-density computations.","1944-9380","979-8-3503-8624-0","10.1109/NANO61778.2024.10628771","","https://ieeexplore.ieee.org/stamp/stamp.jsp?arnumber=10628771","","Boolean functions;Simulation;Graphene;Memory management;Logic gates;SRAM cells;Inverters","","1","","29","IEEE","22 Aug 2024","8-11 July 2024","8-11 July 2024","IEEE","IEEE Conferences"
"Graphene Nanoribbon Based McCulloch-Pitts Neural Network","F. . -S. Dumitru; M. Enachescu; A. M. Antonescu; N. Cucu-Laurenciu; S. D. Cotofana","Faculty of Electronics, Telecommunications, and Information Technology, National University of Science and Technology Politehnica Bucharest, Romania; Faculty of Electronics, Telecommunications, and Information Technology, National University of Science and Technology Politehnica Bucharest, Romania; Faculty of Electronics, Telecommunications, and Information Technology, National University of Science and Technology Politehnica Bucharest, Romania; High Energy Physics Department, IMAPP, Radboud University, The Netherlands; Faculty of Electrical Engineering, Mathematics and Computer Science, Delft University of Technology, Delft, AA, The Netherlans",2024 IEEE 24th International Conference on Nanotechnology (NANO),"22 Aug 2024","2024","","","592","597","In the context of an artificial intelligence and machine learning landscape that is evolving at an unprecedented pace, we propose a low power, high-speed, mixed-signal graphene nanoribbon-based (GNR) McCulloch-Pitts neuron (MCPN) implementation featuring programmable synaptic weights and inhibitory inputs. By definition, a generic MCPN is comprised of two parts, a weighted summation element and a decision element, called a soma. Our summation element implementation uses three distinct non-rectangular GNR devices, biased under specific conditions, to fulfill the roles of current source, low-side and high-side switches. The programmable excitatory and inhibitory synapses were obtained leveraging GNR SRAM cells and logic gates, hence providing the flexibility needed by real-world applications. The decision element's threshold activation function was implemented using a chain of GNR inverter structures which manifest the function's characteristic in the analog domain. Modulation of the decision element's threshold is achieved indirectly by means of a configurable resistive load which is varied depending on the configuration stored in SRAM. Our benchmark results, obtained using a generic 5 by 5 pixel pattern recognition application, reveal that the GNR-based implementation achieves 3.5× less power consumption, 20 × higher speed, while occupying 3 × less active area when compared to its FinFET analog circuit counterpart.","1944-9380","979-8-3503-8624-0","10.1109/NANO61778.2024.10628801","","https://ieeexplore.ieee.org/stamp/stamp.jsp?arnumber=10628801","","Power demand;Graphene;Neurons;Symbols;Logic gates;FinFETs;SRAM cells","","3","","16","IEEE","22 Aug 2024","8-11 July 2024","8-11 July 2024","IEEE","IEEE Conferences"
"Quaternary MIN Logic Gate with Ballistic Graphene Devices","K. Rallis; K. A. Tsintotas; P. Dimitrakis; A. Rubio; G. C. Sirakoulis","Department of Electrical and Computer Engineering, Democritus University of Thrace, Xanthi, Greece; Department of Electrical and Computer Engineering, Democritus University of Thrace, Xanthi, Greece; National Centre For Scientific Research Demokritos, Agia Paraskevi, Greece; Department of Electronic Engineering, Universitat Politecnica de Catalunya, Barcelona, Spain; Department of Electrical and Computer Engineering, Democritus University of Thrace, Xanthi, Greece",2024 IEEE 24th International Conference on Nanotechnology (NANO),"22 Aug 2024","2024","","","598","603","Owing to its remarkable characteristics, Graphene has become a focal point of interest across numerous research domains, particularly electronics. It is being explored as a potential material for creating nanodevices that could form the basis of both traditional and novel computing circuits. In this work, we investigate the ability of Graphene Nanoribbon-based devices to perform basic quaternary logic (QL) operations. After mentioning the common practices in using Graphene for the realization of Multi-Valued-Logic circuits, we examine the possibility of utilizing the quantum mechanical phenomena that drive the functionality of small-sized Graphene Nanoribbons (GNRs) in the form of Graphene Quantum Point Contacts (GQPCs), in order to provide alternative quaternary logic circuit implementations with special characteristics.","1944-9380","979-8-3503-8624-0","10.1109/NANO61778.2024.10628872","","https://ieeexplore.ieee.org/stamp/stamp.jsp?arnumber=10628872","","Performance evaluation;Simulation;Logic circuits;Graphene;Quantum mechanics;Logic gates;Multivalued logic","","1","","24","IEEE","22 Aug 2024","8-11 July 2024","8-11 July 2024","IEEE","IEEE Conferences"
"Three-Dimensional Logic in Memory Device for Ultra-Low Power Parallel Evolutionary Computing","Z. Zhang; K. Lin; X. Feng; J. Wang; W. Zhao; Y. Zhang","National Key Laboratory of Spintronics, Hangzhou International Innovation Institute, Beihang University, Hangzhou, China; National Key Laboratory of Spintronics, Hangzhou International Innovation Institute, Beihang University, Hangzhou, China; National Key Laboratory of Spintronics, Hangzhou International Innovation Institute, Beihang University, Hangzhou, China; Fert Beijing Institute, MIIT Key Laboratory of Spintronics and School of Integrated Circuit Science and Engineering, Beihang University, Beijing, China; Fert Beijing Institute, MIIT Key Laboratory of Spintronics and School of Integrated Circuit Science and Engineering, Beihang University, Beijing, China; National Key Laboratory of Spintronics, Hangzhou International Innovation Institute, Beihang University, Hangzhou, China",2024 IEEE 24th International Conference on Nanotechnology (NANO),"22 Aug 2024","2024","","","604","609","In this paper, a three-dimensional all-spin parallel evolutionary computing (ASPEC) device is proposed to realize the evolutionary algorithm in a single device instead of a traditional CMOS circuit. A 3D magnetic tunnel junction (MT J) array is used to store the genetic information of the whole population. Using the spin transfer torque (STT) effect with spin diffusion mechanism, we realize a parallel computing scheme for chromosome replication, proliferation, crossover, gene mutation, and selection. Getting benefit from the logic-in-memory (LIM) architecture consisting of MT J arrays, the ASPEC device is not only non-volatile but also avoids memory wall. Our results show that the time complexity of evolutionary algorithms is reduced due to the parallel computing design, and the energy consumption is also significantly cut down owing to non-volatility and its avoidance of Joule heating.","1944-9380","979-8-3503-8624-0","10.1109/NANO61778.2024.10628942","","https://ieeexplore.ieee.org/stamp/stamp.jsp?arnumber=10628942","Magnetic Tunnel Junction;Logic-in-Memory;Evolutionary Algorithm","Three-dimensional displays;Torque;Nonvolatile memory;Evolutionary computation;Computer architecture;Parallel processing;Genetics","","","","19","IEEE","22 Aug 2024","8-11 July 2024","8-11 July 2024","IEEE","IEEE Conferences"
"Spin Wave Majority Gates Cascading by Gilbert Damping Embracement (Can the Devil be Turned into an Angel?)","P. Anagnostou; A. Van Zegbroeck; S. Hamdioui; C. Adelmann; F. Ciubotaru; S. Cotofana","Faculty of Electrical Engineering, Mathematics and Computer Science, Delft University of Technology, Delft, AA, The Netherlands; Faculty of Electrical Engineering, Mathematics and Computer Science, Delft University of Technology, Delft, AA, The Netherlands; Faculty of Electrical Engineering, Mathematics and Computer Science, Delft University of Technology, Delft, AA, The Netherlands; IMEC, Leuven, Belgium; IMEC, Leuven, Belgium; Faculty of Electrical Engineering, Mathematics and Computer Science, Delft University of Technology, Delft, AA, The Netherlands",2024 IEEE 24th International Conference on Nanotechnology (NANO),"22 Aug 2024","2024","","","610","614","Recent theoretical and experimental spintronics developments clearly indicate that Spin Waves (SW) interference based Majority gates (MAJ3) open an alternative road towards ultra low-power circuit implementations potentially capable to outperform CMOS counterparts. However, hurdles still exist, e.g., gate cascading, as due to the very nature of SW interference MAJ3 gates are not input output coherent, i.e., produce output waves with different amplitudes corresponding to ‘weak’ and ‘strong’ majority, which precludes their direct cascading within the SW domain. State of the art designs address this issue by means of hybrid SW-CMOS systems that make use on domain converters, which are energy expensive and diminish if not nullify the ultra-low power promise of the SW-based computing paradigm. In this paper we propose a gate cascading technique that rely on the natural SW amplitude decay while propagating through a magnetic conduit. We demonstrate the concept by constructing the building block $\text{MAJ}3(\text{MAJ}3(\text{In}_{1}, \text{In}_{2}, \text{In}_{3}), \text{In}_{4}, \text{In}_{5})$ and verifying its correct behaviour by means of micromagnetic simulations. We evaluate the proposed design in terms of energy consumption, delay, and area, and our calculations indicate that, when compared with its domain conversion counterpart, our proposal consumes 49.5% less energy, at the expense of 48% area and 76.5% delay overhead, respectively.","1944-9380","979-8-3503-8624-0","10.1109/NANO61778.2024.10628789","","https://ieeexplore.ieee.org/stamp/stamp.jsp?arnumber=10628789","","Energy consumption;Magnetomechanical effects;Roads;Magnetic domains;Interference;Logic gates;Delays","","1","","25","IEEE","22 Aug 2024","8-11 July 2024","8-11 July 2024","IEEE","IEEE Conferences"
"Spin Wave Threshold Majority Gate","A. Van Zegbroeck; F. Ciubotaru; P. Anagnostou; F. Meng; C. Adelmann; S. Hamdioui; S. Cotofana","Faculty of Electrical Engineering, Mathematics and Computer Science, Delft University of Technology, Delft, The Netherlands; IMEC, Leuven, Belgium; Faculty of Electrical Engineering, Mathematics and Computer Science, Delft University of Technology, Delft, The Netherlands; IMEC, Leuven, Belgium; IMEC, Leuven, Belgium; Faculty of Electrical Engineering, Mathematics and Computer Science, Delft University of Technology, Delft, The Netherlands; Faculty of Electrical Engineering, Mathematics and Computer Science, Delft University of Technology, Delft, The Netherlands",2024 IEEE 24th International Conference on Nanotechnology (NANO),"22 Aug 2024","2024","","","615","619","Current Spin Wave (SW) state-of-the-art computing relies on wave interference for achieving low power circuits. Despite recent progress, many hurdles, e.g., gate cascading, fan-out achievement, still exist. In a previous work, we introduced a novel SW phase shift based computation paradigm and demonstrated that an n-input Threshold Logic Gate (TLG) can be implemented with $n$ + 1 phase shifters operating on the same SW. In this paper we further develop this concept by introducing a phase shift amount reading method by means of parametric amplification. We make use of 3-input Majority Gate (MAJ3) as discussion vehicle and introduce a novel majority function evaluation approach which postpone the threshold related calculations to the gate output readout stage. Subsequently, we verify this principle by means of micromagnetic simulations and discus the results. Finally, we utilize the proposed MAJ3 gate to implement a collection of representative logic circuits from the EPFL Combinational Benchmarking Suite and evaluate and compare their area, energy consumption, and Energy Area Product (EAP) with the ones of 7 nm CMOS technology node based counterpart imple-mentations. Our estimations indicate that $\frac{E A P_{C M O S}}{E A P_{S W}}$ average value is 5.25 and 2.2 for a SW transducer feature size of 20 nm and 30 nm, respectively.","1944-9380","979-8-3503-8624-0","10.1109/NANO61778.2024.10628869","","https://ieeexplore.ieee.org/stamp/stamp.jsp?arnumber=10628869","","Energy consumption;Transducers;Logic circuits;Estimation;Interference;Logic gates;Benchmark testing","","2","","18","IEEE","22 Aug 2024","8-11 July 2024","8-11 July 2024","IEEE","IEEE Conferences"
"VNWFET-Based Systolic Array Accelerator for Deep Neural Networks","S. Mannaa; P. -A. Matrangolo; C. Marchand; D. Deleruyelle; B. Deveautour; I. O'Connor; A. Bosio","Ecole Centrale de Lyon, INSA Lyon, CNRS, Universite Claude Bernard Lyon 1, CPE Lyon, INL, UMR5270, Ecully, France; Ecole Centrale de Lyon, INSA Lyon, CNRS, Universite Claude Bernard Lyon 1, CPE Lyon, INL, UMR5270, Ecully, France; Ecole Centrale de Lyon, INSA Lyon, CNRS, Universite Claude Bernard Lyon 1, CPE Lyon, INL, UMR5270, Ecully, France; Ecole Centrale de Lyon, INSA Lyon, CNRS, Universite Claude Bernard Lyon 1, CPE Lyon, INL, UMR5270, Ecully, France; Ecole Centrale de Lyon, INSA Lyon, CNRS, Universite Claude Bernard Lyon 1, CPE Lyon, INL, UMR5270, Ecully, France; Ecole Centrale de Lyon, INSA Lyon, CNRS, Universite Claude Bernard Lyon 1, CPE Lyon, INL, UMR5270, Ecully, France; Ecole Centrale de Lyon, INSA Lyon, CNRS, Universite Claude Bernard Lyon 1, CPE Lyon, INL, UMR5270, Ecully, France",2024 IEEE 24th International Conference on Nanotechnology (NANO),"22 Aug 2024","2024","","","620","625","Vertical Nanowire Field Effect Transistor (VNWFET) is an emerging technology that allows 3D integration thus reducing footprint while maintaining energy-efficient design. In this work, we present a complete toolchain from device to complex logic block synthesis. We developed a VNWFET standard cell library which is based on a real device compact model. This allowed us to successfully synthesize our Neural Network Compute Cube (N2C2); the basic computational unit of the targeted Systolic Array as well as evaluating the design, performance and cost of the N2C2 based on vertical technology.","1944-9380","979-8-3503-8624-0","10.1109/NANO61778.2024.10628674","","https://ieeexplore.ieee.org/stamp/stamp.jsp?arnumber=10628674","Vertical Nanowires;Emerging Technology;Standard Cell Library;Logic Synthesis;Systolic Array;Neural Network","Performance evaluation;Costs;Field effect transistors;Systolic arrays;Libraries;Energy efficiency;Logic","","","","11","IEEE","22 Aug 2024","8-11 July 2024","8-11 July 2024","IEEE","IEEE Conferences"
"Neuromorphic Technology Insights in Spain","X. Iturbe; L. Camuñas-Mesa; B. Linares-Barranco; T. Serrano-Gotarredona; M. B. González; F. Campabadal; J. M. Margarit-Taulé; F. Serra-Graells; L. Terés; P. Lanillos; V. Lopez; J. Bisquert; A. Guerrero; M. López-Vallejo; P. Ituero; E. Juarez; A. Otero; M. Holgado; A. Rubio; R. Rodríguez; R. Picos; E. Miranda; J. Suñé; J. Sort; J. B. Roldan; F. Jiménez; S. Dueñas; H. Castán; A. Cirera; L. Marsal; K. Basterretxea; A. Astarloa; F. Barranco; A. Linares-Barranco; Á. Jiménez; A. Ollero; J. R. Martinez-de-Dios; R. Goma; S. Rodrigues; J. Del Ser; E. Torres; R. Espasa; A. Bofill-Petit; R. Turchetta; S. Goossens; G. Vergara; T. Jonuzi; I. Artundo; U. Sainz; D. Ruiz; D. Gonzalez-Arjona; R. Regada; M. Pedró; A. Aramburu; O. Lara-Rapp; J. P. de Arrilucea; S. Terreri; M. Fernández; M. I. Ulloa; A. Gabarrón","IKERLAN, Basque Research & Technology Alliance (BRTA), Arrasate, Spain; Instituto de Microelectrónica de Sevilla (IMSE-CNM), Universidad de Sevilla, CSIC, Sevilla, Spain; Instituto de Microelectrónica de Sevilla (IMSE-CNM), Universidad de Sevilla, CSIC, Sevilla, Spain; Instituto de Microelectrónica de Sevilla (IMSE-CNM), Universidad de Sevilla, CSIC, Sevilla, Spain; Institut de Microelectrònica de Barcelona (IMB-CNM), CSIC, Bellaterra, Spain; Institut de Microelectrònica de Barcelona (IMB-CNM), CSIC, Bellaterra, Spain; Institut de Microelectrònica de Barcelona (IMB-CNM), CSIC, Bellaterra, Spain; Institut de Microelectrònica de Barcelona (IMB-CNM), CSIC, Bellaterra, Spain; Institut de Microelectrònica de Barcelona (IMB-CNM), CSIC, Bellaterra, Spain; Centro Internacional de Neurociencia Cajal (CINC), CSIC, Madrid, Spain; Instituto de Materiales Avanzados (INAM), Universitat Jaume I (UJI), Castelló, Spain; Instituto de Materiales Avanzados (INAM), Universitat Jaume I (UJI), Castelló, Spain; Instituto de Materiales Avanzados (INAM), Universitat Jaume I (UJI), Castelló, Spain; Laboratorio de Sistemas Integrados (LSI), Universidad Politécnica de Madrid (UPM), Madrid, Spain; Laboratorio de Sistemas Integrados (LSI), Universidad Politécnica de Madrid (UPM), Madrid, Spain; Centro de Investigación en Tecnologías Software y Sistemas Multimedia (CITSEM), UPM, Madrid, Spain; Centro de Electrónica Industrial (CEI), UPM, Madrid, Spain; Grupo de Óptica, Fotónica, y Biofotónica (GOFB), Centro de Tecnología Biomédica (CTB), UPM, Madrid, Spain; Efficient and Robust Integrated Circuits (EFRICS), Universitat Politècnica de Catalunya (UPC), Barcelona, Spain; Efficient and Robust Integrated Circuits (EFRICS), Universitat Politècnica de Catalunya (UPC), Barcelona, Spain; Departamento de Ingeniería Industrial y Construcción, Universitat de les Illes Balears (UIB), Palma, Spain; Enginyeria de Dispositius Electrònics, Universitat Autonoma de Barcelona (UAB), Bellaterra, Spain; Enginyeria de Dispositius Electrònics, Universitat Autonoma de Barcelona (UAB), Bellaterra, Spain; Departament de Física, Institució Catalana de Recerca i Estudis Avanc, ats (ICREA), UAB, Bellaterra, Spain; Departamento de Electrónica y Tecnología de Computadores, Universidad de Granada (UGr), Granada, Spain; Departamento de Electrónica y Tecnología de Computadores, Universidad de Granada (UGr), Granada, Spain; Departamento de Electricidad y Electrónica, Universidad de Valladolid (UVa), Valladolid, Spain; Departamento de Electricidad y Electrónica, Universidad de Valladolid (UVa), Valladolid, Spain; Departament d’Enginyeria Electrònica i Biomèdica, Universitat de Barcelona (UB), Barcelona, Spain; Nanoelectronic and Photonic Systems (NePhoS), Universitat Rovira i Virgili (URV), Tarragona, Spain; Departamento de Tecnología Electrónica, Euskal Herriko Unibertsitatea (UPV/EHU), Bilbo, Spain; Departamento de Tecnología Electrónica, Euskal Herriko Unibertsitatea (UPV/EHU), Bilbo, Spain; Research Centre for Information and Communication Technologies (CITIC), UGr, Granada, Spain; Robotics and Technology of Computers Lab. (RTC), Universidad de Sevilla, Sevilla, Spain; Robotics and Technology of Computers Lab. (RTC), Universidad de Sevilla, Sevilla, Spain; Robotics, Vision, and Control Lab. (GRVC), Universidad de Sevilla, Sevilla, Spain; Robotics, Vision, and Control Lab. (GRVC), Universidad de Sevilla, Sevilla, Spain; Barcelona Supercomputing Center (BSC), Barcelona, Spain; Basque Center for Applied Mathematics (BCAM), Bilbo, Spain; TECNALIA, BRTA, Derio, Spain; Graphenea Semiconductor, Donostia, Spain; Semidynamics, Barcelona, Spain; IMASENIC, Barcelona, Spain; IMASENIC, Barcelona, Spain; Qurv Technologies, Castelldefels, Spain; NIT, Boadilla del Monte, Spain; VLC Photonics, València, Spain; VLC Photonics, València, Spain; IIS Biobizkaia, Barakaldo, Spain; Irisbond, Donostia, Spain; GMV, Tres Cantos, Spain; Thales Alenia Space España, Tres Cantos, Spain; Ficosa, Viladecavalls, Spain; CAF I+D, Beasain, Spain; Crisalion Mobility, Aravaca, Spain; Crisalion Mobility, Aravaca, Spain; PAL Robotics, Barcelona, Spain; Sener, Tres Cantos, Spain; MONDRAGON Corporation, Arrasate, Spain; AESEMI, Alcobendas, Spain",2024 IEEE 24th International Conference on Nanotechnology (NANO),"11 Sep 2024","2024","","","1","11","This paper provides an overview of the main research activities carried out by Spanish organizations in areas related to neuromorphic technologies, spanning physical, materials, circuitry, and architectural levels. It also discusses the potential of these technologies to create competitive advantages for the Spanish industry, and to foster new applications and business opportunities via deep-tech startups – especially related to novel neuromorphic sensing modalities (e.g., Dynamic Vision Sensors).","1944-9380","979-8-3503-8624-0","10.1109/NANO61778.2024.10669907","","https://ieeexplore.ieee.org/stamp/stamp.jsp?arnumber=10669907","","Industries;Image sensors;Neuromorphics;Companies;Vision sensors;Manufacturing;Voltage control","","1","","119","IEEE","11 Sep 2024","8-11 July 2024","8-11 July 2024","IEEE","IEEE Conferences"
