"Document Title",Authors,"Author Affiliations","Publication Title",Date Added To Xplore,"Publication Year","Volume","Issue","Start Page","End Page","Abstract","ISSN",ISBNs,"DOI",Funding Information,PDF Link,"Author Keywords","IEEE Terms","Mesh_Terms",Article Citation Count,Patent Citation Count,"Reference Count","License",Online Date,Issue Date,"Meeting Date","Publisher",Document Identifier
"Welcome","",,2022 IEEE 22nd International Conference on Nanotechnology (NANO),"8 Nov 2022","2022","","","1","2","Presents the message from the conference chairs.","1944-9380","978-1-6654-5225-0","10.1109/NANO54668.2022.9928747","","https://ieeexplore.ieee.org/stamp/stamp.jsp?arnumber=9928747","","","","","","","IEEE","8 Nov 2022","4-8 July 2022","4-8 July 2022","IEEE","IEEE Conferences"
"Mean Circuit Design Using Correlated Random Bitstreams in Stochastic Computing","F. Li; G. Xie; J. Han; Y. Zhang","School of Microelectronics, Hefei University of Technology, Hefei, China; School of Microelectronics, Hefei University of Technology, Hefei, China; Department of Electrical and Computer Engineering, University of Alberta, Edmonton, AB, Canada; School of Microelectronics, Hefei University of Technology, Hefei, China",2022 IEEE 22nd International Conference on Nanotechnology (NANO),"8 Nov 2022","2022","","","4","7","Stochastic computing (SC) is an approximate computing technique that has been considered in recent years as an alternative to conventional binary encoding and is compatible with CMOS technology. Stochastic circuits have the advantages of low power, small area, and high fault tolerance. However, highly accurate computation often takes a lot of time because of the fluctuations in random numbers and the requirement for decorrelation between random bitstreams. In this work, mean circuits are proposed to exploit the correlation between the random bitstreams for an arbitrary number of inputs. With the proposed mean circuit, high-accuracy and low-cost mean filtering designs are implemented. Experimental results indicate that the implementations of mean filtering show 10% and 93% reductions in area and power, compared with multiplexer-based designs.","1944-9380","978-1-6654-5225-0","10.1109/NANO54668.2022.9928609","Fundamental Research Funds for the Central Universities of China(grant numbers:JZ2020HGTA0085,JZ2020HGQA0162); Natural Sciences and Engineering Research Council (NSERC) of Canada(grant numbers:RES0048688); ","https://ieeexplore.ieee.org/stamp/stamp.jsp?arnumber=9928609","Mean circuit;correlated bitstream;stochastic computing","Multiplexing;Fault tolerance;Fluctuations;Correlation;Filtering;Fault tolerant systems;Encoding","","2","","17","IEEE","8 Nov 2022","4-8 July 2022","4-8 July 2022","IEEE","IEEE Conferences"
"Low-Power k Nearest Neighbors Classifiers with Approximate Nanoscale Memories","S. Liu; X. Tang; P. Reviriego; W. Liu; W. Tang; F. Lombardi","Klipsch School of Electrical and Computer Engineering, New Mexico State University, Las Cruces, NM, USA; Klipsch School of Electrical and Computer Engineering, New Mexico State University, Las Cruces, NM, USA; Telematic Engineering Department, Universidad Carlos III de Madrid, Madrid, Spain; College of Electronic and Information Engineering, Nanjing University of Aeronautics and Astronautics, Nanjing, China; Klipsch School of Electrical and Computer Engineering, New Mexico State University, Las Cruces, NM, USA; Department of Electrical and Computer Engineering, Northeastern University, Boston, MA, USA",2022 IEEE 22nd International Conference on Nanotechnology (NANO),"8 Nov 2022","2022","","","8","11","The implementation of machine learning classifiers in embedded devices poses significant challenges in terms of power consumption. In some classifiers, like for example the $k$ nearest neighbors ($k$NNs), the memory accounts for a significant portion of power dissipation and thus, utilizing approximate memories is an attractive option to reduce it. In this paper, the use of approximate memories to implement kNNs classifiers is considered. Efficient schemes that reduce the impact of the errors introduced by the approximate memories on the classification result are proposed and evaluated. The results show that power dissipation of memory can be reduced by 43.75% (24.77%) when using SRAMs (DRAMs), while having a negligible impact on the classifier accuracy.","1944-9380","978-1-6654-5225-0","10.1109/NANO54668.2022.9928731","","https://ieeexplore.ieee.org/stamp/stamp.jsp?arnumber=9928731","","Power demand;Memory management;Voltage;Machine learning;Nanoscale devices;Power dissipation;Standards","","","","12","IEEE","8 Nov 2022","4-8 July 2022","4-8 July 2022","IEEE","IEEE Conferences"
"Highly Accurate and Energy Efficient Stochastic Multipliers","Y. Zhang; L. Xie; J. Han; G. Xie","School of Microelectronics, Hefei University of Technology, Hefei, China; School of Microelectronics, Hefei University of Technology, Hefei, China; School of Microelectronics, Hefei University of Technology, Hefei, China; Department of Electrical and Computer Engineering, University of Alberta, Edmonton, AB, Canada",2022 IEEE 22nd International Conference on Nanotechnology (NANO),"8 Nov 2022","2022","","","12","15","Stochastic computing (SC) has gained interest by virtue of its small area and low power in computing units through encoding numerical values into randomly distributed bitstreams. However, this method not only results in long latency and thus increases energy consumption, but also reduces computing accuracy. Fortunately, stochastic bitstreams can be generated in parallel to reduce the latency. In this paper, parallel and serial multipliers using optimized encoding sequences with high accuracy and low energy consumption are proposed. Experimental results show that the mean squared error (MSE) is only 0.0015 for a 3-bit serial/parallel multiplier. The MSEs of 3-to 8-bit multipliers are reduced by approximately 29% on average compared with existing designs. The serial multiplier reduces the area and energy consumption by approximately 28% and 24% on average. The parallel multiplier reduces the latency and energy consumption by about 78% and 57% on average, respectively. To evaluate the effectiveness of the proposed multipliers, an image multiplication algorithm is implemented. The results show that the proposed multipliers yield higher image qualities than previous designs.","1944-9380","978-1-6654-5225-0","10.1109/NANO54668.2022.9928594","Fundamental Research Funds for the Central Universities of China(grant numbers:JZ2020HGTA0085,JZ2020HGQA0162); ","https://ieeexplore.ieee.org/stamp/stamp.jsp?arnumber=9928594","Stochastic computing;thermometer code;multiplier;image multiplication","Image quality;Energy consumption;Approximation algorithms;Encoding;Hardware;Energy efficiency;Delays","","1","","12","IEEE","8 Nov 2022","4-8 July 2022","4-8 July 2022","IEEE","IEEE Conferences"
"Nanoscale Design of Multi-Layer Perceptrons using Floating-Point Arithmetic Units","F. Niknia; Z. Wang; S. Liu; F. Lombardi","Department of Electrical and Computer Engineering, Northeastern University, Boston, MA, USA; Department of Electrical and Computer Engineering, Northeastern University, Boston, MA, USA; Klipsch School of Electrical and Computer Engineering, New Mexico State University, Las Cruces, NM, USA; Department of Electrical and Computer Engineering, Northeastern University, Boston, MA, USA",2022 IEEE 22nd International Conference on Nanotechnology (NANO),"8 Nov 2022","2022","","","16","19","Deep learning requires powerful designs to process large volume of data during inference while meeting other metrics of high performance such as efficient hardware, operating frequency, power dissipation and latency. In this paper, the shortcomings of current technologies in implementing the forward propagation of Multi-Layer Perceptrons (MLPs) are first investigated. Subsequently, a novel design at nanoscale that combines parallelization and serialization techniques (so hybrid), is proposed to implement a high performance MLP. This design utilizes single precision floating-point arithmetic units and a fully pipelined scheme; it is very flexible because the hardware is independent of the network topology, except for the number of cycles and therefore, the latency. Simulation results for the MNIST dataset show that compared to existing MLP designs found in the technical literature, the proposed design achieves the least power consumption, the highest operating frequency and accuracy; however, it suffers from a slight increase in latency.","1944-9380","978-1-6654-5225-0","10.1109/NANO54668.2022.9928631","","https://ieeexplore.ieee.org/stamp/stamp.jsp?arnumber=9928631","","Training;Power demand;Network topology;Simulation;Pipelines;Nanoscale devices;Hardware","","4","","16","IEEE","8 Nov 2022","4-8 July 2022","4-8 July 2022","IEEE","IEEE Conferences"
"Negative refractive index in Si/Porous SiO2 fishnet metamaterial","D. Bosomtwi; V. E. Babicheva; M. Osinski","Center for High Technology Materials, University of New Mexico, Albuquerque, NM, USA; Department of Electrical and Computer Engineering, University of New Mexico, Albuquerque, NM, USA; Center for High Technology Materials, University of New Mexico, Albuquerque, NM, USA",2022 IEEE 22nd International Conference on Nanotechnology (NANO),"8 Nov 2022","2022","","","24","26","Using full-wave numerical simulations, we show that a metamaterial structure composed of a multilayer Si/porous $\boldsymbol{\text{SiO}_{2}}$ stack of slab fishnets can be designed to have a negative effective index at optical frequencies. Previous studies of zero index or negative refraction at optical frequencies required the use of stack fishnet designs that included metals, making them difficult to integrate into real optical device applications. Our structure features zero refractive index in the wavelength range from 625 nm till 640 nm, which then becomes negative in the wavelength range from 640 nm - 1 $\boldsymbol{\upmu\mathrm{m}}$, reaching the minimum of-1.9 at 1 $\boldsymbol{\upmu\mathrm{m}}$. Since the structure is silicon-based, it can be fabricated using well-established technologies.","1944-9380","978-1-6654-5225-0","10.1109/NANO54668.2022.9928756","","https://ieeexplore.ieee.org/stamp/stamp.jsp?arnumber=9928756","Colloidal nanocrystals;Near-infrared quantum dots;Anti-Stokes emission","Silicon compounds;Optical design;Optical device fabrication;Refractive index;Optical variables control;Optical imaging;Metamaterials","","","","11","IEEE","8 Nov 2022","4-8 July 2022","4-8 July 2022","IEEE","IEEE Conferences"
"A Real-Time Target Tracking Method for SEM Images Based on Template Matching","L. Fang; Z. Qu; L. Zhang; Z. Yang","School of Mechanical and Electric Engineering, Soochow University, Suzhou, China; School of Biomedical Engineering, City University of Hong Kong, Hongkong, China; School of Mechanical and Electric Engineering, Soochow University, Suzhou, China; School of Biomedical Engineering, City University of Hong Kong, Hongkong, China",2022 IEEE 22nd International Conference on Nanotechnology (NANO),"8 Nov 2022","2022","","","28","31","Micro-nano materials and their manufacture have become increasingly commonly used in the field of chip manufacturing as nanotechnology has advanced. In this area, the use of carbon nanotubes (CNTs) to build high-performance three-dimensional micro-nano devices has gotten a lot of interest. The micro-nano manipulation robot system built in the scanning electron microscope (SEM) is currently used to assemble carbon nanotube devices. Secondary electron detectors in SEMs are used to record secondary electron scanning pictures as a perceptual tool for automated assembly visual guidance. This paper describes how SEM images are used to provide visual guidance for the assembly of CNTs. SEM image noise sources and components were investigated. A carbon nanotube image tracking system based on template matching with scale invariance and rotation invariance was suggested, based on noise components and denoising. Its accuracy error is not more than 6 pixels and the frame rate reaches 26.39 FPS which meets the real-time requirements.","1944-9380","978-1-6654-5225-0","10.1109/NANO54668.2022.9928655","National Key Research and Development Program of China(grant numbers:2018YFB1304901); ","https://ieeexplore.ieee.org/stamp/stamp.jsp?arnumber=9928655","","Scanning electron microscopy;Visualization;Matched filters;Target tracking;Software packages;Carbon nanotubes;Real-time systems","","3","","14","IEEE","8 Nov 2022","4-8 July 2022","4-8 July 2022","IEEE","IEEE Conferences"
"Mechatronic Demodulation of Self-Sensing Cantilever for DC-bias free AFM Imaging in Liquid","M. Poik; M. Mayr; T. Hackl; G. Schitter","Automation and Control Institute (ACIN), TU Wien, Vienna, Austria; Automation and Control Institute (ACIN), TU Wien, Vienna, Austria; Automation and Control Institute (ACIN), TU Wien, Vienna, Austria; Automation and Control Institute (ACIN), TU Wien, Vienna, Austria",2022 IEEE 22nd International Conference on Nanotechnology (NANO),"8 Nov 2022","2022","","","35","38","This paper presents the application of mechatronic demodulation for performing dynamic mode AFM measurements with self-sensing cantilevers in liquid. In the proposed approach the bridge circuits with the piezoresistive sensing elements are supplied by an ac voltage that corresponds to the cantilever oscillation frequency. In contrast to conventional read-out circuits, no dc voltages are applied to the piezoresistive elements. Therefore, electrochemical effects leading to a deterioration of the self-sensing cantilever are avoided. This is demonstrated by immersing a self-sensing cantilever in water and comparing microscope images for operation with dc and ac voltages. To verify the feasibility of using mechatronic demodulation for dynamic mode AFM imaging in water the topography of a calibration grating is measured.","1944-9380","978-1-6654-5225-0","10.1109/NANO54668.2022.9928744","Austrian Science Fund(grant numbers:P 31238-N28); Austrian Research Promotion Agency(grant numbers:883916); ","https://ieeexplore.ieee.org/stamp/stamp.jsp?arnumber=9928744","atomic force microscopy;self-sensing cantilever;demodulation;dc-bias free;piezoresistive detection","Mechatronics;Liquids;Phase measurement;Bridge circuits;Surfaces;Calibration;Gratings","","","","11","IEEE","8 Nov 2022","4-8 July 2022","4-8 July 2022","IEEE","IEEE Conferences"
"Influence of Imaging Parameters on AFM Surface Potential Measurements in Aqueous Solutions","T. Hackl; M. Poik; G. Schitter","Automation and Control Institute (ACIN), TU Wien, Vienna, Austria; Automation and Control Institute (ACIN), TU Wien, Vienna, Austria; Automation and Control Institute (ACIN), TU Wien, Vienna, Austria",2022 IEEE 22nd International Conference on Nanotechnology (NANO),"8 Nov 2022","2022","","","39","42","This paper presents surface potential measurements by closed-loop AC-KPFM in aqueous solutions. In contrast to conventional KPFM, the proposed method omits the use of a dc-bias, therefore preventing electrochemical & electrokinetic effects, enabling operation in water. The ability for reproducible surface potential measurements in aqueous solutions is demonstrated and the influence of key imaging parameters on its performance are investigated, in particular the excitation frequency of the drive signal. It is found that proper operation of AC-KPFM in water is only possible in a regime, where movement of the ions in the solution is suppressed. In the case of highly deionized water, an excitation frequency of >30 kHz is necessary to achieve a comparable performance as conventional KPFM operation in air.","1944-9380","978-1-6654-5225-0","10.1109/NANO54668.2022.9928605","Austrian Science Fund FWF(grant numbers:P 31238-N28); Austrian Research Promotion Agency FFG(grant numbers:883916); ","https://ieeexplore.ieee.org/stamp/stamp.jsp?arnumber=9928605","kelvin probe force microscopy;surface potential;aqueous solution;solid-liquid interface","Electric potential;Phase measurement;Force measurement;Microscopy;Kelvin;Frequency measurement;Pressure measurement","","4","","14","IEEE","8 Nov 2022","4-8 July 2022","4-8 July 2022","IEEE","IEEE Conferences"
"Hydrogen Iodide (HI) Neutral Beam Etching for InGaN/GaN Micro-LED","T. Ishihara; D. Ohori; X. Wang; K. Endo; N. Natori; D. Sato; Y. Li; S. Samukawa","Institute of Fluid Science, Tohoku University, Sendai, Japan; Institute of Fluid Science, Tohoku University, Sendai, Japan; National Institute of Advanced Industrial Science and Technology, Tsukuba, Japan; National Institute of Advanced Industrial Science and Technology, Tsukuba, Japan; Showa Denko K.K., Japan; Showa Denko K.K., Japan; Department of Electrical and Computer Engineering, National Chiao Tung University, Hsinchu, Taiwan; Department of Electrical and Computer Engineering, National Chiao Tung University, Hsinchu, Taiwan",2022 IEEE 22nd International Conference on Nanotechnology (NANO),"8 Nov 2022","2022","","","48","51","InGaN and GaN are adopted for high efficiency, wide color, and low power consumption micro-LED. They require a defect-free and high throughput fabrication. The defect-free fabrication has been already provided by Cl2 neutral beam (NB) etching, on the other hand, the issue of the throughput improving is remained. In this study, we demonstrated high-speed, high accuracy, and high throughput etching adopting hydrogen iodide (HI) NB as new etching gas. For the InGaN, HI NB provided the high etching rate due to the higher volatile etching product of InI3 than InCl3 in case of Cl2 NB. The surface etched by HI did not have any etch residue. Additionally, we found that HI NB could realize no reduction of PL emission intensity because of maintaining the defect-free etching surface. Therefore, HI NB could achieve the high throughput and defect-free etching for InGaNand GaN without any IQE reduction.","1944-9380","978-1-6654-5225-0","10.1109/NANO54668.2022.9928699","Japan Science and Technology Agency (JST)(grant numbers:JPMJTR20R9); ","https://ieeexplore.ieee.org/stamp/stamp.jsp?arnumber=9928699","","Fabrication;Iodine compounds;Power demand;Hydrogen;Color;Throughput;Etching","","2","","12","IEEE","8 Nov 2022","4-8 July 2022","4-8 July 2022","IEEE","IEEE Conferences"
"Wettability of ZnO and curcumin decorated Graphene oxide nanocomposite for heavy metal ion removal from water","N. Chakraborty; S. Ghosh Acharyya; A. Roy","Department of Biotechnology, Indian Institute of Technology, Hyderabad, Hyderabad, India; School of Engineering Science and Technology, University of Hyderabad Hyderabad, Hyderabad, India; Department of Biotechnology, Indian Institute of Technology, Hyderabad, Hyderabad, India",2022 IEEE 22nd International Conference on Nanotechnology (NANO),"8 Nov 2022","2022","","","52","55","Hydrophilic nature of nanocomposite is essential for its efficient performance in water purification. The present work focusses on a) synthesis and characterization of graphene oxide- zinc oxide-curcumin (GO-Zn(cur)O) of varying concentration b) enhancing the hydrophilic nature by enhancing the number of functional groups embedded in graphene oxide and c) enhancing the antimicrobial properties by addition of curcumin. The composition of the nanocomposites has been systematically varied and the wettability has been studied. Characterization of the structure of the nanocomposites was done using X ray diffraction, Raman spectroscopy and Fourier transform infrared spectroscopy. The hydrophilicity of GO-Zn(cur)O has been enhanced to 27.06° which would be beneficial for water purification.","1944-9380","978-1-6654-5225-0","10.1109/NANO54668.2022.9928750","SERB; ","https://ieeexplore.ieee.org/stamp/stamp.jsp?arnumber=9928750","","Solvents;X-ray scattering;Purification;II-VI semiconductor materials;Graphene;Raman scattering;Metals","","","","29","IEEE","8 Nov 2022","4-8 July 2022","4-8 July 2022","IEEE","IEEE Conferences"
"Nanostructured Germanium Anode for Lithium-ion Batteries for Aerospace Technologies","V. Diolaiti; A. Andreoli; P. Bernardoni; G. Mangherini; M. A. Ouelhazi; E. Venczia; M. Ricci; R. Z. Proietti; D. Vincenzi","Physics and Earth Science Department, University of Ferrara, Ferrara, Italy; Physics and Earth Science Department, University of Ferrara, Ferrara, Italy; Physics and Earth Science Department, University of Ferrara, Ferrara, Italy; Physics and Earth Science Department, University of Ferrara, Ferrara, Italy; Physics and Earth Science Department, University of Ferrara, Ferrara, Italy; Italian Institute of Technology, Genova, Italy; Italian Institute of Technology, Genova, Italy; Italian Institute of Technology, Genova, Italy; Physics and Earth Science Department, University of Ferrara, Ferrara, Italy",2022 IEEE 22nd International Conference on Nanotechnology (NANO),"8 Nov 2022","2022","","","56","59","Lithium-ion batteries are the major power source for spacecraft such as probes, low Earth orbit satellites and rovers. Their operational lifetime constitutes the main limit to the operability of these devices. Our group focuses on the research and development of thin nano-structured Germanium films to be used as anode for lithium-ion batteries exploiting the Ge high theoretical specific capacity. The thin Germanium film is realized by means of a Low Energy Plasma Enhanced Chemical Vapor Deposition and then it is nano-structured using hydrofluoric acid electrochemical etching. In the present work, the nano-structurization process is introduced since it leads to promising results.","1944-9380","978-1-6654-5225-0","10.1109/NANO54668.2022.9928666","Italian Space Agency (ASI); ","https://ieeexplore.ieee.org/stamp/stamp.jsp?arnumber=9928666","","Lithium-ion batteries;Space vehicles;Satellites;Films;Germanium;Plasmas;Anodes","","5","","7","IEEE","8 Nov 2022","4-8 July 2022","4-8 July 2022","IEEE","IEEE Conferences"
"Gate Modulation Effect in Nano-Scale Epitaxial Aluminum Films on Sapphire Substrate Grown by Molecular Beam Epitaxy","Y. -Y. Gao; J. -S. Wu; C. -C. Liu; K. -J. Su; P. -T. Wu; S. -T. Lo; C. -C. Wu; T. H. Do; S. -D. Lin","Institute of Electronics, National Yang Ming Chiao Tung University, Hsinchu City, Taiwan; Department of Electronic Engineering, National Changhwa University of Education; Institute of Electronics, National Yang Ming Chiao Tung University, Hsinchu City, Taiwan; Institute of Electronics, National Yang Ming Chiao Tung University, Hsinchu City, Taiwan; Institute of Electronics, National Yang Ming Chiao Tung University, Hsinchu City, Taiwan; Department of Electrophysics, National Yang Ming Chiao Tung University; Institute of Electronics, National Yang Ming Chiao Tung University, Hsinchu City, Taiwan; Institute of Electronics, National Yang Ming Chiao Tung University, Hsinchu City, Taiwan; Institute of Electronics, National Yang Ming Chiao Tung University, Hsinchu City, Taiwan",2022 IEEE 22nd International Conference on Nanotechnology (NANO),"8 Nov 2022","2022","","","60","63","Electrical gating for modulating a wide variety of physical properties has enormous applications in semiconductor industry. The strong screening effect in metallic materials, in contrast, hinders them from being affected by applied field. In this work, we present the growth of high-quality epitaxial aluminum films by using molecular beam epitaxy. By scaling down the film thickness to a few nanometers, we have fabricated devices with 1-D and 2-D aluminum channels and observed resistance modulations by deploying the metal-insulator-metal stacked structure. The modulation effect, although quite weak, has been observed in almost all fabricated devices with reasonably small gate leakage. In this work, the correlation between the modulation effect, the film thickness, and the channel width will be discussed.","1944-9380","978-1-6654-5225-0","10.1109/NANO54668.2022.9928656","","https://ieeexplore.ieee.org/stamp/stamp.jsp?arnumber=9928656","","X-ray scattering;Films;Surface resistance;Aluminum;Modulation;Molecular beam epitaxial growth;Logic gates","","1","","9","IEEE","8 Nov 2022","4-8 July 2022","4-8 July 2022","IEEE","IEEE Conferences"
"Fabrication of polymeric nano pillars and evaluation their bactericide properties","N. Ogawa; T. Shimizu; S. Shingubara; T. Ito",NA; NA; NA; NA,2022 IEEE 22nd International Conference on Nanotechnology (NANO),"8 Nov 2022","2022","","","64","66","In this paper, we mimic the nanostructures found in the wings of cicadas, fabricate them on resin, and evaluate their antibacterial and bactericidal properties.","1944-9380","978-1-6654-5225-0","10.1109/NANO54668.2022.9928672","","https://ieeexplore.ieee.org/stamp/stamp.jsp?arnumber=9928672","","Fabrication;Antibacterial activity;Nanostructures;Resins;Polymers","","2","","7","IEEE","8 Nov 2022","4-8 July 2022","4-8 July 2022","IEEE","IEEE Conferences"
"Ultrasound and Magnetic Dual-Mode Stacked Transducer for Sonothrombolysis with a Combination of Nanodroplets and Magnetic Nanoparticles","B. Zhang; H. Wu; X. Jiang","Mechanical Engineering Department, North Carolina State University, Raleigh, NC, USA; Mechanical Engineering Department, North Carolina State University, Raleigh, NC, USA; Mechanical Engineering Department, North Carolina State University, Raleigh, NC, USA",2022 IEEE 22nd International Conference on Nanotechnology (NANO),"8 Nov 2022","2022","","","71","74","It has been observed that ultrasound thrombolysis is more effective and safer than conventional techniques of thrombolysis, such as mechanical thrombectomy or pharmaceutical medication therapies. Recent work also reported that the dual-mode excitation combining magnetic field and ultrasound helped dramatically increase the thrombolysis rate. Therefore, in this work, based on the dual-mode concept, we demonstrated a 4-element stacked transducer with a center frequency of 450 kHz, which can create ultrasonic waves in addition to a high frequency oscillating magnetic field to activate the superparamagnetic iron oxide nanoparticles (SPIONs) and nanodroplets. Under 250 Vpp input voltage, the transducer reached a peak-negative pressure of 3 MPa. The transducer can simultaneously generate ultrasound cavitation and magnetic pulse excitation, thus providing higher thrombolysis efficiency.","1944-9380","978-1-6654-5225-0","10.1109/NANO54668.2022.9928649","National Institutes of Health(grant numbers:ROIHL141967,R41HL154735,R21EB027304); ","https://ieeexplore.ieee.org/stamp/stamp.jsp?arnumber=9928649","","Transducers;Ultrasonic imaging;Ultrasonic transducer arrays;Voltage;Magnetic nanoparticles;Acoustics;Magnetic fields","","","","14","IEEE","8 Nov 2022","4-8 July 2022","4-8 July 2022","IEEE","IEEE Conferences"
"Allostery: A Nanomechanical Communication Perspective","A. O. Nasif; D. Louvaris; N. Rahman","Department of Engineering and Engineering Technology, University of Wisconsin-Oshkosh, Oshkosh, WI, USA; Department of Engineering and Engineering Technology, University of Wisconsin-Oshkosh, Oshkosh, WI, USA; Fox Valley Technical College, Appleton, WI",2022 IEEE 22nd International Conference on Nanotechnology (NANO),"8 Nov 2022","2022","","","75","78","Nanomechanical communication (NMC) is a new mode of information transmission, where information can be exchanged through mechanical movements between two entities coming together and forming a junction. In NMC, unique and repeatable movements can be encoded into information bits. In our earlier work, we looked at some fundamental concepts of NMC and developed a framework based on state transitions. In this paper, we study allostery from the NMC perspective and point out some of the connections between the two.","1944-9380","978-1-6654-5225-0","10.1109/NANO54668.2022.9928671","","https://ieeexplore.ieee.org/stamp/stamp.jsp?arnumber=9928671","","Information processing;Junctions;Nanotechnology","","","","14","IEEE","8 Nov 2022","4-8 July 2022","4-8 July 2022","IEEE","IEEE Conferences"
"An Approach of Mutual Information-based Characterization of Allosteric Macromolecules","D. Louvaris; N. Rahman; A. O. Nasif","Department of Engineering and Engineering Technology, University of Wisconsin-Oshkosh, Oshkosh, WI, USA; Fox Valley Technical College, Appleton, WI; Department of Engineering and Engineering Technology, University of Wisconsin-Oshkosh, Oshkosh, WI, USA",2022 IEEE 22nd International Conference on Nanotechnology (NANO),"8 Nov 2022","2022","","","79","82","Allostery is a fundamental mechanism by which many biological conformational processes are controlled. In this paper, we view the activities of allosteric macromolecules as the dynamics of a spatial network, where the nodes represent intramolecular sites or residues, and the links are the physical connections or bonds. We discuss how mutual information, an information-theoretic quantity, could be used to characterize the spatial relationships among the different intramolecular sites caused by allosteric activities. We envision that such an approach could reduce the apparent complexity of the network by identifying the critical nodes and their interrelationships in allostery. Such a mapping from spatial network to information network may allow information bit representation of allosteric interactions, which coupled with machine learning tools may be used to study complex biological processes and develop new therapeutics.","1944-9380","978-1-6654-5225-0","10.1109/NANO54668.2022.9928758","","https://ieeexplore.ieee.org/stamp/stamp.jsp?arnumber=9928758","","Process control;Biological processes;Machine learning;Complexity theory;Nanobioscience;Mutual information","","","","15","IEEE","8 Nov 2022","4-8 July 2022","4-8 July 2022","IEEE","IEEE Conferences"
"Impact of 3nm Silicon Nanoparticles on Metal Si Schottky Junctions","A. Rezk; A. Nayfeh","Khalifa University, Abu Dhabi, UAE; Khalifa University, Abu Dhabi, UAE",2022 IEEE 22nd International Conference on Nanotechnology (NANO),"8 Nov 2022","2022","","","83","84","Surface states in metal-Si interface play a big role in junction and interface physics. In this paper, we studied the impact of 3nm silicon nanoparticles (Si-NPs) at the metal-Si interface under dark and 1 sun conditions. We dispersed the Si-NPs on a clean p-type silicon wafer by drop casting. The nanoparticles formed a nano-layer coating on the Si substrate surface. The associated Schottky junction performance is assessed, and it is found to be different from non-NP's based junction. Moreover, a physical explanation for this behavior is presented and explained.","1944-9380","978-1-6654-5225-0","10.1109/NANO54668.2022.9928701","","https://ieeexplore.ieee.org/stamp/stamp.jsp?arnumber=9928701","","Nanoparticles;Surface cleaning;Performance evaluation;Silicon;Nanoscale devices;Junctions;Sun","","","","13","IEEE","8 Nov 2022","4-8 July 2022","4-8 July 2022","IEEE","IEEE Conferences"
"Imaging Properties of Microsphere Superlens with Varying Background Refractive Index under Inclined Illumination","S. Li; H. Luo; F. Liu; T. Zhang; X. Wang; H. Yu; L. Liu","Shenyang Ligong University, Shenyang, China; State Key Laboratory of Robotics, Shenyang Institute of Automation, Chinese Academy of Sciences, and the Institutes for Robotics and Intelligent Manufacturing, Shenyang, China; Shenyang Ligong University, Shenyang, China; State Key Laboratory of Robotics, Shenyang Institute of Automation, Chinese Academy of Sciences, and the Institutes for Robotics and Intelligent Manufacturing, Shenyang, China; State Key Laboratory of Robotics, Shenyang Institute of Automation, Chinese Academy of Sciences, and the Institutes for Robotics and Intelligent Manufacturing, Shenyang, China; State Key Laboratory of Robotics, Shenyang Institute of Automation, Chinese Academy of Sciences, and the Institutes for Robotics and Intelligent Manufacturing, Shenyang, China; State Key Laboratory of Robotics, Shenyang Institute of Automation, Chinese Academy of Sciences, and the Institutes for Robotics and Intelligent Manufacturing, Shenyang, China",2022 IEEE 22nd International Conference on Nanotechnology (NANO),"8 Nov 2022","2022","","","85","88","Microsphere lenses can overcome the optical diffraction limit and observe features smaller than 200 nm under white light. Inclined illumination benefits from the second refraction of evanescent waves in the microsphere cavity, which avoids the influence of background noise and can improve the imaging resolution and imaging quality of the microsphere superlens. Currently, microsphere imaging under inclined illumination is always performed using barium titanate microspheres immersed in an aqueous environment. However, the background medium of the microlens varies according to diverse applications. This study investigates the effects of background media on the imaging properties of microsphere superlens under inclined illumination. Experimental results demonstrate that the axial position of the microsphere photonic nanojet changes with the background medium, leading to a change in the magnification and objective distance. The imaging performance of microspheres is related to the refractive index of the immersion medium instead of the material. This study helps to endow microsphere superlens with a more universal application ability.","1944-9380","978-1-6654-5225-0","10.1109/NANO54668.2022.9928762","National Natural Science Foundation of China(grant numbers:61727811,61973298); ","https://ieeexplore.ieee.org/stamp/stamp.jsp?arnumber=9928762","","Optical diffraction;Superresolution;Imaging;Lighting;Refractive index;Titanium compounds;Nanotechnology","","","","32","IEEE","8 Nov 2022","4-8 July 2022","4-8 July 2022","IEEE","IEEE Conferences"
"Ternary Full Adder in CMOS-Memristor Technology","P. Srikanth; B. Srinivasu; N. Kaushik","School Of Computing & Electrical Engineering, Indian Institute of Technology Mandi, Mandi, India; School Of Computing & Electrical Engineering, Indian Institute of Technology Mandi, Mandi, India; School Of Computing & Electrical Engineering, Indian Institute of Technology Mandi, Mandi, India",2022 IEEE 22nd International Conference on Nanotechnology (NANO),"8 Nov 2022","2022","","","89","92","This paper presents a ternary full adder in CMOS-Memeristor technology. The design is based on unary operators and uses a ternary multiplexer to choose a particular unary operator. The paper proposes circuits for ternary unary operators such as cycle operator in CMOS-Memristor technology. The proposed designs are simulated in Cadence using CMOS UMC 130 nm and VTEAM model of memristor. The proposed ternary full adder saves 47 % of energy over a best existing design.","1944-9380","978-1-6654-5225-0","10.1109/NANO54668.2022.9928619","","https://ieeexplore.ieee.org/stamp/stamp.jsp?arnumber=9928619","Adders;Ternary Logic;Memristor","Multiplexing;Semiconductor device modeling;Memristors;Delays;Integrated circuit modeling;Adders;Nanotechnology","","2","","14","IEEE","8 Nov 2022","4-8 July 2022","4-8 July 2022","IEEE","IEEE Conferences"
"Fabrication of Micro/nanostructures on Silicon using a Mixed Multiple Pulses Femtosecond Laser","H. Luo; H. Yu; Y. Wen; S. Li; X. Wang; Y. Qiu; L. Liu","State Key Laboratory of Robotics, Shenyang Institute of Automation, the Institutes for Robotics and Intelligent Manufacturing, Chinese Academy of Sciences, Shenyang, China; State Key Laboratory of Robotics, Shenyang Institute of Automation, the Institutes for Robotics and Intelligent Manufacturing, Chinese Academy of Sciences, Shenyang, China; Institute of Urban Rail Transportation, Southwest Jiaotong University, Chengdu, China; State Key Laboratory of Robotics, Shenyang Institute of Automation, the Institutes for Robotics and Intelligent Manufacturing, Chinese Academy of Sciences, Shenyang, China; State Key Laboratory of Robotics, Shenyang Institute of Automation, the Institutes for Robotics and Intelligent Manufacturing, Chinese Academy of Sciences, Shenyang, China; State Key Laboratory of Robotics, Shenyang Institute of Automation, the Institutes for Robotics and Intelligent Manufacturing, Chinese Academy of Sciences, Shenyang, China; State Key Laboratory of Robotics, Shenyang Institute of Automation, the Institutes for Robotics and Intelligent Manufacturing, Chinese Academy of Sciences, Shenyang, China",2022 IEEE 22nd International Conference on Nanotechnology (NANO),"8 Nov 2022","2022","","","93","96","The effect of femtosecond laser mixed multiple pulses (MMPs) on the surface morphology of silicon was investigated. Based on the microstructure induced by the first laser pulse, several low-energy laser pulses were superimposed to modify the microstructure. In comparison to the effect of traditional multiple pulse (MP) and single pulse (SP) processing on silicon, MMPs have unique advantages such as higher depth than SPs and better surface quality than conventional MPs. Experimental results prove that MMPs can double the depth of microstructures induced by an SP. This method can be extended to nanostructures induced by a single femtosecond laser pulse with high numerical aperture objective and it has the potential of fabricating large scale nanoholes with high aspect ratio in a high throughput.","1944-9380","978-1-6654-5225-0","10.1109/NANO54668.2022.9928651","National Key R&D Program of China(grant numbers:2018YFB1304900); National Natural Science Foundation of China(grant numbers:61727811,61973298); ","https://ieeexplore.ieee.org/stamp/stamp.jsp?arnumber=9928651","","Fabrication;Surface morphology;Surface emitting lasers;Morphology;Apertures;Throughput;Silicon","","","","14","IEEE","8 Nov 2022","4-8 July 2022","4-8 July 2022","IEEE","IEEE Conferences"
"Stable Nanorods on-chip LED for Healthy Indoor Lighting","C. Kang; M. F. Prodanov; K. Mallem; Y. GAO; V. V. Vashchenko; A. K. Srivastava","Department of Electronics and Computer Engineering, State Key Laboratory of Advanced Displays and Optoelectronics Technologies and Centre for Display Research, The Hong Kong University of Science and Technology, Hong Kong, Hong Kong, China; Department of Electronics and Computer Engineering, State Key Laboratory of Advanced Displays and Optoelectronics Technologies and Centre for Display Research, The Hong Kong University of Science and Technology, Hong Kong, Hong Kong, China; Department of Electronics and Computer Engineering, State Key Laboratory of Advanced Displays and Optoelectronics Technologies and Centre for Display Research, The Hong Kong University of Science and Technology, Hong Kong, Hong Kong, China; Department of Electronics and Computer Engineering, State Key Laboratory of Advanced Displays and Optoelectronics Technologies and Centre for Display Research, The Hong Kong University of Science and Technology, Hong Kong, Hong Kong, China; Department of Electronics and Computer Engineering, State Key Laboratory of Advanced Displays and Optoelectronics Technologies and Centre for Display Research, The Hong Kong University of Science and Technology, Hong Kong, Hong Kong, China; Department of Electronics and Computer Engineering, State Key Laboratory of Advanced Displays and Optoelectronics Technologies and Centre for Display Research, The Hong Kong University of Science and Technology, Hong Kong, Hong Kong, China",2022 IEEE 22nd International Conference on Nanotechnology (NANO),"8 Nov 2022","2022","","","97","99","Efficient solid-state lightings with vivid colors are in strong demand for modern society. Among them, LED lighting designs have been implemented into different domains such as education, decoration, medical system, and modern agriculture. However, traditional lighting system based on phosphor materials suffers from unsaturated color and contain a large hazard blue portion due to their limited absorbance. In this paper, we propose a new lighting system based on semiconductor CdSe/ZnxCdl-xS/ZnS and CdSe/CdS/ZnS nanorods for efficient lighting. Stable materials structure design and encapsulation pave the way for the high-quality healthy lighting.","1944-9380","978-1-6654-5225-0","10.1109/NANO54668.2022.9928638","","https://ieeexplore.ieee.org/stamp/stamp.jsp?arnumber=9928638","","Encapsulation;Solid state lighting;Phosphors;Color;Light emitting diodes;Agriculture;Hazards","","","","23","IEEE","8 Nov 2022","4-8 July 2022","4-8 July 2022","IEEE","IEEE Conferences"
"Development of a Robotic 3D Printing Polymer Extruder with Laser and FTIR for Nano-Manufacturing and Characterization","M. J. Beliatis; J. R. Lindberg; B. R. Østergaard; D. Pokorniecki; A. Gross; M. Presser","Department of Technology and Business Development, Aarhus University, Herning, Denmark; Department of Technology and Business Development, Aarhus University, Herning, Denmark; Department of Technology and Business Development, Aarhus University, Herning, Denmark; Department of Technology and Business Development, Aarhus University, Herning, Denmark; Department of Technology and Business Development, Aarhus University, Herning, Denmark; Department of Technology and Business Development, Aarhus University, Herning, Denmark",2022 IEEE 22nd International Conference on Nanotechnology (NANO),"8 Nov 2022","2022","","","100","103","3D printing, especially Fused Deposition Modelling (FDM), offers great advantages when developing prototypes, depositing nanomaterials, and laser Nano-structuring. It can assist product development and Nano-manufacturing by offering low start-up costs, low manufacturing costs, and relatively low production times. However, some major disadvantages follow the technology when using the traditional 3-axis printers. This work presents the development cycle of a robotic 3D printer, as a technology that can combat these disadvantages. The process planning, execution, and documentation methods are presented, additionally, a working prototype is demonstrated along with recommendations and perspectives for further work on the subject.","1944-9380","978-1-6654-5225-0","10.1109/NANO54668.2022.9928719","","https://ieeexplore.ieee.org/stamp/stamp.jsp?arnumber=9928719","","Solid modeling;Three-dimensional displays;Costs;Streaming media;Three-dimensional printing;Product development;Printers","","","","16","IEEE","8 Nov 2022","4-8 July 2022","4-8 July 2022","IEEE","IEEE Conferences"
"Ultra-high energy storage efficiency in La-doped BCZT relaxor ceramic","R. Syal; R. Goel; P. Bansal; S. Garg; A. K. Singh; S. Kumar","Department of Applied Sciences, Punjab Engineering College (Deemed to be University), Chandigarh, India; Department of Applied Sciences, Punjab Engineering College (Deemed to be University), Chandigarh, India; Department of Applied Sciences, Punjab Engineering College (Deemed to be University), Chandigarh, India; Department of Electronics and Communications Engineering, Punjab Engineering College (Deemed to be University), Chandigarh, India; Department of Electronics and Communications Engineering, Punjab Engineering College (Deemed to be University), Chandigarh, India; Department of Applied Sciences, Punjab Engineering College (Deemed to be University), Chandigarh, India",2022 IEEE 22nd International Conference on Nanotechnology (NANO),"8 Nov 2022","2022","","","108","111","BCZT-xLa (x = 0.0, 0.04) ceramics were synthesized by solid state reaction method. Structure, microstructure, dielectric, and energy storage characteristics were investigated. SEM analysis shows the decrease in grain size with La doping. Addition of La disrupted the long-range ordering and promoted the polar nano regions, resulting in significant increase in relaxor behaviour. This leads to slimmer PE loop and outstanding energy storage properties. We observed high storage density (W)~187 mJ/cm3 and efficiency (n)~91.5% in La-doped BCZT ceramics.","1944-9380","978-1-6654-5225-0","10.1109/NANO54668.2022.9928739","","https://ieeexplore.ieee.org/stamp/stamp.jsp?arnumber=9928739","Lead-free ceramics;Relaxor ferroelectrics;Energy storage","Lead acid batteries;Grain size;X-ray scattering;Doping;Lead;Ceramics;Dielectrics","","","","13","IEEE","8 Nov 2022","4-8 July 2022","4-8 July 2022","IEEE","IEEE Conferences"
"High-Performance in-memory Logic Scheme using Unipolar Switching SOT-MRAM","H. Zhu; B. Wu; K. Chen; C. Yan; W. Liu","College of Electronic and Engineering/College of Integrated Circuit, Nanjing University of Aeronautics and Astronautics, Nanjing, China; College of Electronic and Engineering/College of Integrated Circuit, Nanjing University of Aeronautics and Astronautics, Nanjing, China; College of Electronic and Engineering/College of Integrated Circuit, Nanjing University of Aeronautics and Astronautics, Nanjing, China; College of Electronic and Engineering/College of Integrated Circuit, Nanjing University of Aeronautics and Astronautics, Nanjing, China; College of Electronic and Engineering/College of Integrated Circuit, Nanjing University of Aeronautics and Astronautics, Nanjing, China",2022 IEEE 22nd International Conference on Nanotechnology (NANO),"8 Nov 2022","2022","","","112","115","This paper proposes a unipolar switching SOTMRAM based in-memory logic computing (IMC) architecture, allowing AND and MAJ computations to be performed using only basic read and write operations without modifying peripheral circuitry. Further, by optimizing the operation steps, the performance degradation caused by the instability of SOT-MRAM device can be minimized. Our design can reduce the latency (energy) of AND and MAJ operations by 68.5% and 48.4% (44.4% and 31.8%), respectively, compared to the designs for SRAM, STT-MRAM, FRAM and ReRAM.","1944-9380","978-1-6654-5225-0","10.1109/NANO54668.2022.9928764","Natural Science Foundation of Jiangsu Province(grant numbers:BK20210286); National Natural Science Foundation of China(grant numbers:61704005,62022041); ","https://ieeexplore.ieee.org/stamp/stamp.jsp?arnumber=9928764","","Performance evaluation;Degradation;Nonvolatile memory;Ferroelectric films;Random access memory;Switches;Computer architecture","","3","","12","IEEE","8 Nov 2022","4-8 July 2022","4-8 July 2022","IEEE","IEEE Conferences"
"Characterization Technique for Interface Traps in Si Nanosheet GAA MOSFETs through Subthreshold I-V Characteristics","H. B. Yoo; H. Kim; Y. Lee; J. H. Ryu; J. Y. Park; H. J. Yang; J. -H. Bae; D. H. Kim; S. -J. Choi; D. M. Kim","School of Electrical Engineering, Kookmin University, Seoul, Korea; School of Electrical Engineering, Kookmin University, Seoul, Korea; School of Electrical Engineering, Kookmin University, Seoul, Korea; School of Electrical Engineering, Kookmin University, Seoul, Korea; School of Electrical Engineering, Kookmin University, Seoul, Korea; School of Electrical Engineering, Kookmin University, Seoul, Korea; School of Electrical Engineering, Kookmin University, Seoul, Korea; School of Electrical Engineering, Kookmin University, Seoul, Korea; School of Electrical Engineering, Kookmin University, Seoul, Korea; School of Electrical Engineering, Kookmin University, Seoul, Korea",2022 IEEE 22nd International Conference on Nanotechnology (NANO),"8 Nov 2022","2022","","","116","119","The interface trap density $(\boldsymbol{D}_{\text{it}})$ has been recognized as an important parameter in determining the electrical characteristics and reliability of devices with the scaling down. In this work, therefore, we propose a technique for characterization of interface traps in silicon gate-all-around (GAA) nanosheet (NS) MOSFETs. The proposed technique uses a subthreshold current measured in a single device, so it is possible to simply extract $\boldsymbol{D}_{\text{it}}$ in extremely scaled GAA NS MOSFETs. In addition, it is confirmed that the extraction results are independent of the channel length $\boldsymbol{(L_{\text{ch}}=40,90,140\ \text{nm})}$ and width $\boldsymbol{(W_\text{NS} =20,\ 24,\ 26\ \text{nm})}$. It is also confirmed that the results agree analogous to the results extracted through other characterization techniques on the same wafer.","1944-9380","978-1-6654-5225-0","10.1109/NANO54668.2022.9928778","National Research Foundation of Korea; MSIP(grant numbers:2017R1A2B4007820); ","https://ieeexplore.ieee.org/stamp/stamp.jsp?arnumber=9928778","","MOSFET;Current measurement;Gallium arsenide;Semiconductor device reliability;Logic gates;Size measurement;Silicon","","","","17","IEEE","8 Nov 2022","4-8 July 2022","4-8 July 2022","IEEE","IEEE Conferences"
"Graphene-Enabled Silicon-Integrated Photodiode for DUV Imaging","N. Moffat; G. Rius; J. Villegas; G. Pellegrini","IMB-CNM-CSIC, Barcelona; IMB-CNM-CSIC, Barcelona; IMB-CNM-CSIC, Barcelona; IMB-CNM-CSIC, Barcelona",2022 IEEE 22nd International Conference on Nanotechnology (NANO),"8 Nov 2022","2022","","","120","123","We present a novel scalable graphene-silicon hybrid photodiode that enables deep UV imaging. We have a created a photodiode with a reduced dead layer entrance window. Existing photodiodes are limited in sensitivity for low wavelengths due to the low penetration depth of photons of < 400 nm. Typical photodiodes have a junction implant which causes the low penetrating photons to be recombined in this dead layer. Here, we have utilized the near transparent nature of single layer graphene to create a junction with a minimum dead layer. To have a full active bulk volume we have combined a single junction ring (n++ bias ring) with single layer graphene. The graphene acts as a large field plate which overhangs the junction ring, on top of a thin dielectric, and covers the entire active area, 5×5 mm 2. Transient Current Technique measurements have been performed to study the charge uniformity of the device and it has been shown that the charge collected is 100% across the entire area of the detector. Additional characterisations have been performed to evaluate the sensitivity of the device as a function of wavelength in comparison to a device with an ultra-shallow junction implant. The results show that the graphene-enhanced device shows far greater performance in the 200–400 nm wavelength range.","1944-9380","978-1-6654-5225-0","10.1109/NANO54668.2022.9928637","Spanish Ministry of Science and Innovation (MICIN)(grant numbers:RTI2018-094906-B-C22,MCIN/AEI/10.13039/501100011033/); ","https://ieeexplore.ieee.org/stamp/stamp.jsp?arnumber=9928637","DUV Detectors;Graphene-Enhanced;Soft-Xrays;Water-Window","Performance evaluation;Sensitivity;Spontaneous emission;Wavelength measurement;Graphene;Imaging;Implants","","1","","12","IEEE","8 Nov 2022","4-8 July 2022","4-8 July 2022","IEEE","IEEE Conferences"
"Obtaining Cu2O nanoparticles doped with Lanthanum, Magnesium and Manganese using a displacement reaction","M. Guzman; W. Tian; C. Walker; J. E. Herrera","Department of Engineering, Pontifical Catholic University of Peru, Lima, Peru; Department of Chemical and Biochemical Engineering, Western University, London, Canada; Department of Chemical and Biochemical Engineering, Western University, London, Canada; Department of Chemical and Biochemical Engineering, Western University, London, Canada",2022 IEEE 22nd International Conference on Nanotechnology (NANO),"8 Nov 2022","2022","","","124","127","Since cuprous oxide (Cu2O) has a lower band gap (2.17 eV) and a high optical absorption coefficient, it is considered an interesting material for photocatalyst applications. In fact, this semiconductor is promising as it can be used in photovoltaic and photocatalytic applications. Cuprous oxide nanoparticles were obtained by the modified chemical precipitation method. The samples obtained were doped with lanthanum (La), magnesium (Mg) and manganese (Mn) through modified displacement reactions. The doped and un-doped Cu2O nanoparticles were characterized using X-ray diffraction (XRD), X-ray energy dispersive scanning electron microscopy (SEM-EDS), ultraviolet-visible spectroscopy (UV-VIS), and transmission electron microscopy (TEM). The results confirmed the formation of crystalline nanoparticles of Cu2O with a cubic cuprite phase structure. The nanoparticles obtained have average diameters between 12 and 30 nm.","1944-9380","978-1-6654-5225-0","10.1109/NANO54668.2022.9928603","Pontifical Catholic University of Peru; ","https://ieeexplore.ieee.org/stamp/stamp.jsp?arnumber=9928603","cuprous oxide nanoparticles;lanthanum;magnesium;manganese","Nanoparticles;Scanning electron microscopy;Spectroscopy;Optical diffraction;X-ray scattering;Transmission electron microscopy;X-ray diffraction","","","","30","IEEE","8 Nov 2022","4-8 July 2022","4-8 July 2022","IEEE","IEEE Conferences"
"Synthesis of Carbon nanofibers (CNFs) by PECVD using Ni catalyst printed by spark ablation","L. N. Sacco; H. J. van Ginkel; S. Vollebregt","Department of Microelectronics, Delft University of Technology, Delft, CD, The Netherlands; Department of Microelectronics, Delft University of Technology, Delft, CD, The Netherlands; Department of Microelectronics, Delft University of Technology, Delft, CD, The Netherlands",2022 IEEE 22nd International Conference on Nanotechnology (NANO),"8 Nov 2022","2022","","","128","131","The precise control of patterned arrays of carbon nanofibers (CNFs) is an issue of interest in a wide range of applications. In the present work, we report the synthesis of CNFs grown by plasma-enhanced CVD (PECVD) from a Ni catalyst patterned via aerosol printing of nanoparticles (NPs) by a spark ablation technique. The printing speeds were adjusted to vary the catalyst density and characterize the CNFs distribution in the pre-patterned lines. Depending on the printing speed, different CNFs distributions are obtained, ranging from dense vertically-aligned CNFs (VACNFs) to sparse individual CNFs.","1944-9380","978-1-6654-5225-0","10.1109/NANO54668.2022.9928632","","https://ieeexplore.ieee.org/stamp/stamp.jsp?arnumber=9928632","Carbon nanofibers;printing catalyst;spark ablation;vertically-aligned CNFs","Printing;Nanoparticles;Catalysts;Nickel;Plasmas;Electron tubes;Sparks","","3","","22","IEEE","8 Nov 2022","4-8 July 2022","4-8 July 2022","IEEE","IEEE Conferences"
"Effects of Pore Discovery Rate on the Ultrasonic Properties of Nuclear Graphites Undergoing Oxidation","J. B. Spicer; R. M. Paul; C. I. Contescu; J. D. Arregui-Mena; E. Berry; N. C. Gallego","Department of Materials Science and Engineering,, Johns Hopkins University, Baltimore, Maryland, USA; Oak Ridge National Laboratory, Carbon and Composites Group, Oak Ridge, Tennessee, USA; Oak Ridge National Laboratory, Carbon and Composites Group, Oak Ridge, Tennessee, USA; Oak Ridge National Laboratory, Carbon and Composites Group, Oak Ridge, Tennessee, USA; Department of Materials Sci. and Eng., Johns Hopkins University, Baltimore, Maryland, USA; Oak Ridge National Laboratory, Carbon and Composites Group, Oak Ridge, Tennessee, USA",2022 IEEE 22nd International Conference on Nanotechnology (NANO),"8 Nov 2022","2022","","","132","135","- The ultrasonic behaviors of nuclear graphites are heavily influenced by defect structures in these materials. Defects include bulk porosity comprised of pores ranging in size from the nano- to the mesoscale, microcracking and intracrystallite nanocracking (Mrozowski cracks). These structures are affected by oxidation processes which generally increase the overall porosity, but simple models that relate the elastic moduli to porosity do not accurately capture the variation in the moduli that accompany oxidation processes. During oxidation, the porosity increases as chemical reactions occur between exposed surfaces of graphite and a gas phase oxidizing agent. The exposed surfaces include open porosity in the graphite and the reactions on these surfaces take place at basal plane and edge plane sites. As the oxidation proceeds, sufficient material can be removed to open pores that were previously closed allowing them to join the open-pore population with the result that new surfaces are subject to oxidation. The rate at which closed pores become open is known as the pore discovery rate. Differences in reactivity between edge and basal plane sites reduces the connectivity of graphite crystallites and alters the transfer of stresses through the microstructure. Even though the overall oxidation rate governs the generation of porosity, microstructural connectivity in open pores evolves as oxidation progresses and the discovery process causes the open pore population to increase. These processes produce a mean connectivity that depends on site oxidation rates and on the pore discovery rate. This work considers the effects of site reactivities along with the pore discovery rate to assess the impact of the porosity generation process on the ultrasonic behavior of graphite.","1944-9380","978-1-6654-5225-0","10.1109/NANO54668.2022.9928743","U.S. Department of Energy; NEUP; ","https://ieeexplore.ieee.org/stamp/stamp.jsp?arnumber=9928743","","Microscopy;Sociology;Graphite;Oxidation;Acoustics;Distance measurement;Behavioral sciences","","","","10","IEEE","8 Nov 2022","4-8 July 2022","4-8 July 2022","IEEE","IEEE Conferences"
"Green and flexible pMUT based on transparent piezoelectric chitosan thin film","G. de Marzo; V. M. Mastronardi; L. Algieri; F. Vergari; F. Pisano; L. Fachechi; L. Natta; G. Ascanio; F. Rizzi; F. Pisanello; M. De Vittorio","Department of Innovation Engineering, Istituto Italiano di Tecnologia—Center for Biomolecular Nanotechnologies, Università del Salento, Lecce; Department of Innovation Engineering, Istituto Italiano di Tecnologia—Center for Biomolecular Nanotechnologies, Università del Salento, Lecce; Istituto Italiano di Tecnologia—Center for Biomolecular Nanotechnologies, Lecce; Department of Innovation Engineering, Istituto Italiano di Tecnologia—Center for Biomolecular Nanotechnologies, Università del Salento, Lecce; Istituto Italiano di Tecnologia—Center for Biomolecular Nanotechnologies, Lecce; Istituto Italiano di Tecnologia—Center for Biomolecular Nanotechnologies, Lecce; Istituto Italiano di Tecnologia—Center for Biomolecular Nanotechnologies, Lecce; Department of Innovation Engineering, Istituto Italiano di Tecnologia—Center for Biomolecular Nanotechnologies, Università del Salento, Lecce; Istituto Italiano di Tecnologia—Center for Biomolecular Nanotechnologies, Lecce; Istituto Italiano di Tecnologia—Center for Biomolecular Nanotechnologies, Lecce; Department of Innovation Engineering, Istituto Italiano di Tecnologia—Center for Biomolecular Nanotechnologies, Università del Salento, Lecce",2022 IEEE 22nd International Conference on Nanotechnology (NANO),"8 Nov 2022","2022","","","136","139","The development of piezoelectric biomaterials able to combine biocompatibility, flexibility and environmental sustainability is imperative for the development of sustainable and compliant devices for health and environment applications. Additionally, a tailored manufacturing protocol that meets the constraints of biomaterials is required to increase the device's processability and performance. This work presents a novel flexible piezoelectric micromachined ultrasound transducer (pMUT) based on piezoelectric-enhanced and biocompatible chitosan thin film whose tunable fabrication approach makes the device adaptable to configurations that span from planar millimetric arrays until optical fiber-based endoscopes with a footprint smaller than $500\ \mu\mathrm{m}$. The device was tested underwater to evaluate its ultrasound sensing ability in a physiological environment.","1944-9380","978-1-6654-5225-0","10.1109/NANO54668.2022.9928608","","https://ieeexplore.ieee.org/stamp/stamp.jsp?arnumber=9928608","","Performance evaluation;Fabrication;Ultrasonic imaging;Minimally invasive surgery;Endoscopes;Wearable computers;Green products","","2","","15","IEEE","8 Nov 2022","4-8 July 2022","4-8 July 2022","IEEE","IEEE Conferences"
"On-Chip Nanostructured Electrochemical Cells for Enhanced Glucose Monitoring in Bioprocesses","N. I. Rusli; R. Van den Eeckhoudt; F. Ceyssens; I. Taurino; M. Kraft","Dept. of Electrical Eng. (ESAT-MNS), University of Leuven (KU Leuven), Leuven, Belgium; Dept. of Electrical Eng. (ESAT-MNS), University of Leuven (KU Leuven), Leuven, Belgium; Dept. of Electrical Eng. (ESAT-MNS), University of Leuven (KU Leuven), Leuven, Belgium; Dept. of Electrical Eng. (ESAT-MNS), Dept. of Physics and Astronomy (HF), University of Leuven (KU Leuven), Leuven, Belgium; Dept. of Electrical Eng. (ESAT-MNS), University of Leuven (KU Leuven), Leuven, Belgium",2022 IEEE 22nd International Conference on Nanotechnology (NANO),"8 Nov 2022","2022","","","145","148","In this work, we exploit template-free electrodeposition based on chronocoulometry to deposit a homogeneous nanostructured Pt film on a miniaturized Pt electrode. The results demonstrate that the introduction of a nanostructured surface remarkably improves the performance of miniaturized Pt electrode as a glucose sensor. The nanostructured Pt electrode produces larger current response than that of the bare Pt electrode with an identical apparent area. It also had a higher current response and a wider linear range owing to the presence of larger surface area.","1944-9380","978-1-6654-5225-0","10.1109/NANO54668.2022.9928727","","https://ieeexplore.ieee.org/stamp/stamp.jsp?arnumber=9928727","","Electrodes;Sensitivity;Limiting;System-on-chip;Nanostructures;Glucose;Biosensors","","1","","16","IEEE","8 Nov 2022","4-8 July 2022","4-8 July 2022","IEEE","IEEE Conferences"
"Detailed analysis of flow-induced thermal mechanisms in sub-micron MEMS-based VOC biosensors: A design solution for the nanometer scale","R. Perelló-Roig; J. Verd; S. Bota; J. Segura","Dept. of Engineering, Electronic Systems Group (GSE-UIB), University of the Balearic Islands, Palma, Spain; Dept. of Engineering, Electronic Systems Group (GSE-UIB), University of the Balearic Islands, Palma, Spain; Dept. of Engineering, Electronic Systems Group (GSE-UIB), University of the Balearic Islands, Palma, Spain; Dept. of Engineering, Electronic Systems Group (GSE-UIB), University of the Balearic Islands, Palma, Spain",2022 IEEE 22nd International Conference on Nanotechnology (NANO),"8 Nov 2022","2022","","","149","152","While Micro-Nanoelectromechanical (M/NEMS) resonators have been proposed to operate as gas sensors in the biomedical domain for volatile organic compound (VOC) detection, the impact of fluid flow disturbances on their oscillation frequency is a major concern. The gas stream convectively cools down the vibrating beam and induces thermal stress with a consequent undesired impact on its frequency response. This paper investigates and experimentally demonstrates how a 4-anchored plate resonator specifically incorporating folded beam topology largely mitigates such effects compared to common straight beam thanks to allowing for a differential strain. Folded beams provide a thermal gas-induced stress shift from compressive to tensile reducing the temperature coefficient of frequency (TCF) and, consequently, reduces significantly the fluid flow impact. Experimental evidence supports this local phenomenon to be mostly present on sub-micron beams and predicts it to be accentuated in nanoscale beam geometries.","1944-9380","978-1-6654-5225-0","10.1109/NANO54668.2022.9928696","Spanish Ministry of Economy and Competitiveness(grant numbers:TEC2017-88635-R); ","https://ieeexplore.ieee.org/stamp/stamp.jsp?arnumber=9928696","M/NEMS resonators;VOCs;folded beam;thermal stress;CMOS-MEMS;gas sensor","Micromechanical devices;Volatile organic compounds;Resonant frequency;Fluid flow;Nanoscale devices;Resonators;Thermal stresses","","4","","30","IEEE","8 Nov 2022","4-8 July 2022","4-8 July 2022","IEEE","IEEE Conferences"
"Single-molecule Aflatoxin B1 Sensing via Pyrrole-based Molecular Quantum Dot","F. Mo; C. E. Spano; Y. Ardesi; M. R. Roch; G. Piccinini; M. Graziano","Department of Electronics and Telecommunications, Politecnico di Torino, Torino, Italy; Department of Electronics and Telecommunications, Politecnico di Torino, Torino, Italy; Department of Electronics and Telecommunications, Politecnico di Torino, Torino, Italy; Department of Electronics and Telecommunications, Politecnico di Torino, Torino, Italy; Department of Electronics and Telecommunications, Politecnico di Torino, Torino, Italy; Department of Applied Science and Technology, Politecnico di Torino, Torino, Italy",2022 IEEE 22nd International Conference on Nanotechnology (NANO),"8 Nov 2022","2022","","","153","156","We investigate through ab-initio simulations the gold-8PyrroleDiThiol-gold (Au-8PyDT) molecular quantum dot as an amperometric single-molecule sensor for the aflatoxin B1 (AFB1) detection. We study the adsorption of AFB1 onto the Au-8PyDT and we analyze the transport characteristics for the most probable adsorption configuration. We find that a significant current modulation occurs, with around 80% of current decrease in presence of AFB1. Interestingly, the investigated sensor exhibits a voltage-dependent response, that we motivate through a transmission properties analysis. Our results, considering the synthesis simplicity of PolyPyrroles and their non-toxicity, motivate future research efforts in this direction.","1944-9380","978-1-6654-5225-0","10.1109/NANO54668.2022.9928694","","https://ieeexplore.ieee.org/stamp/stamp.jsp?arnumber=9928694","","Electric potential;Sensitivity;Adsorption;Quantum dots;Modulation;Feature extraction;Real-time systems","","3","","22","IEEE","8 Nov 2022","4-8 July 2022","4-8 July 2022","IEEE","IEEE Conferences"
"Multi-parameter RF based Characterization of Nanoparticles and Biomolecules","A. Mazumder; S. Azeemuddin; T. K. Sau; P. Bhimalapuram; A. Biswas","Center for VLSI and Embedded Systems Technology, IIIT Hyderabad; Center for VLSI and Embedded Systems Technology, IIIT Hyderabad; Center of Computational Natural Science and Bioinformatics, IIIT-Hyderabad; Center of Computational Natural Science and Bioinformatics, IIIT-Hyderabad; Center of Computational Natural Science and Bioinformatics, IIIT-Hyderabad",2022 IEEE 22nd International Conference on Nanotechnology (NANO),"8 Nov 2022","2022","","","157","160","In this work, we explore the use of Radio frequency (RF) based sensing in uniquely identifying nanoparticles and biosamples by utilizing multi-parameter characterization. Most conventional RF sensors suffer from an inability to perform proper identification due to the dependence of the methodology on a single parameter variation. This paper combats this drawback by proposing a technique that extracts multiple parameters from the frequency response of a narrow band, IDC based RF sensor for performing the analysis. Furthermore, to illustrate the method, the identification is performed for different samples, including Biotin, BSA-conjugated Biotin, Gold Nanorods and Silica-coated Goldnanospheres. The results indicate that multi-parameter characterization yields unique spectral signatures for all samples, and thus identification can efficiently be performed.","1944-9380","978-1-6654-5225-0","10.1109/NANO54668.2022.9928625","","https://ieeexplore.ieee.org/stamp/stamp.jsp?arnumber=9928625","","Radio frequency;Nanoparticles;Gold;Molecular biophysics;Sensor phenomena and characterization;Frequency response;Libraries","","2","","13","IEEE","8 Nov 2022","4-8 July 2022","4-8 July 2022","IEEE","IEEE Conferences"
"Highly sensitive electrospun SnO2-ZnO composite nanofibers for low concentration ethanol detection","S. K. Lalwani; A. Debnath; Sunny","Department of Electronics and Communication, Indian Institute of Information Technology, Allahabad; Department of Electronics and Communication, Indian Institute of Information Technology, Allahabad; Department of Electronics and Communication, Indian Institute of Information Technology, Allahabad",2022 IEEE 22nd International Conference on Nanotechnology (NANO),"8 Nov 2022","2022","","","161","164","The present work demonstrates the sub-ppm detection of ethanol using electrospun SnO2-ZnO composite nanofibers on interdigitated gold electrodes (IDGE). The fabricated sensor has shown excellent % response of 43.4 % at 0.5 ppm and 371 % at 100 ppm of ethanol. The sensor is appreciably selective towards ethanol and has shown fast response and recovery. The high % response of the sensor is attributed to the high specific surface area and low crystallite size of 55.43 nm. The adsorption reaction process at n-n heterojunction interface is used to explain the ethanol sensing mechanism of the composite. Further, XRD, XPS and FESEM analysis have been done to study the crystal structure, valence states and surface morphology of the SnO2-ZnO composite.","1944-9380","978-1-6654-5225-0","10.1109/NANO54668.2022.9928591","","https://ieeexplore.ieee.org/stamp/stamp.jsp?arnumber=9928591","Metal oxide;Electrospinning;Nanofiber;% response;Low concentration","Temperature sensors;X-ray scattering;Ethanol;Nanocomposites;Heterojunctions;Sensors;Time factors","","3","","19","IEEE","8 Nov 2022","4-8 July 2022","4-8 July 2022","IEEE","IEEE Conferences"
"Lithium yttrium ytterbium fluoride nanocrystals for laser cooling applications","S. I. Gharde; M. V. Reymatias; Q. T. Nguyen; L. N. Elam; S. A. Ivanov; J. D. Watt; D. L. Huber; M. Osiński","Center for High Technology Materials, University of New Mexico, Albuquerque, NM, USA; Center for High Technology Materials, University of New Mexico, Albuquerque, NM, USA; Center for High Technology Materials, University of New Mexico, Albuquerque, NM, USA; Center for High Technology Materials, University of New Mexico, Albuquerque, NM, USA; Los Alamos National Laboratory, Center for Integrated Nanotechnologies, Albuquerque, NM, USA; Los Alamos National Laboratory, Center for Integrated Nanotechnologies, Albuquerque, NM, USA; Sandia National Laboratories, Center for Integrated Nanotechnologies, Albuquerque, NM, USA; Center for High Technology Materials, University of New Mexico, Albuquerque, NM, USA",2022 IEEE 22nd International Conference on Nanotechnology (NANO),"8 Nov 2022","2022","","","165","168","This paper reports on successful synthesis and comprehensive characterization of lithium yttrium ytterbium fluoride nanocrystals. The Yb content was varied between 1% and 10%. The nanocrystals emit in near-infrared, with the emission spectrum extending from 960 nm to 1060 nm when excited with the 900-nm light. Strong anti-Stokes photoluminescence was observed when using excitation wavelengths ranging from 1000 nm to 1020 nm. The temperature dependence of the Stokes and anti-Stokes photoluminescence was measured over the range from 10 °C till 70 °C. These nanocrystals have a high potential to be used in optical cooling applications.","1944-9380","978-1-6654-5225-0","10.1109/NANO54668.2022.9928601","ONR(grant numbers:N00014-18-1-2739,N00014-19-1-2117); U.S. Department of Energy (DOE)(grant numbers:89233218CNA000001); Sandia National Laboratories(grant numbers:DE-NA-0003525); ","https://ieeexplore.ieee.org/stamp/stamp.jsp?arnumber=9928601","Colloidal nanocrystals;Near-infrared quantum dots;Anti-Stokes emission;LiY1-xYbxF4","Temperature measurement;Temperature dependence;Nanocrystals;Stimulated emission;Wavelength measurement;Quantum dots;Ytterbium","","","","11","IEEE","8 Nov 2022","4-8 July 2022","4-8 July 2022","IEEE","IEEE Conferences"
"Estimating the Process Variation Effects of Stacked Gate All Around Si Nanosheet CFETs Using Artificial Neural Network Modeling Framework","R. Butola; Y. Li; S. R. Kola; M. -H. Chuang; C. Akbar","Department of Electrical Engineering and Computer Engineering, Parallel and Scientific Computing Laboratory, Electrical Engineering and Computer Science International Graduate Program, National Yang Ming Chiao Tung University, Hsinchu, Taiwan; Department of Electrical Engineering and Computer Engineering, Institute of Communications Engineering, Institute of Biomedical Engineering, and Center for mm Wave Smart Radar System and Technologies, National Yang Ming Chiao Tung University, Hsinchu, Taiwan; Department of Electrical Engineering and Computer Engineering, Parallel and Scientific Computing Laboratory, Electrical Engineering and Computer Science International Graduate Program, National Yang Ming Chiao Tung University, Hsinchu, Taiwan; Parallel and Scientific Computing Laboratory and Institute of Communications Engineering National Yang Ming Chiao Tung University, Hsinchu, Taiwan; Parallel and Scientific Computing Laboratory and Institute of Communications Engineering National Yang Ming Chiao Tung University, Hsinchu, Taiwan",2022 IEEE 22nd International Conference on Nanotechnology (NANO),"8 Nov 2022","2022","","","170","173","We for the first time report a novel machine learning (ML) approach to model the effects of varying process parameters on DC characteristics of stacked gate all around (GAA) Si nanosheet (NS) complementary-FETs (CFETs) using an artificial neural network (ANN) model. Process parameters that have predominant effects on device characteristics are considered and used as input features to the ANN model; and, their effects on DC characteristics are modeled. Major figures of merit (FoMs) are further extracted accurately from the transfer characteristics in much less computational time as compared to 3D device simulation. The performance of the ANN model is further evaluated using the coefficient of determination, R2-score, which is more than 96%. It shows that the ANN model successfully learned the information from the dataset; thus, the ANN model exhibits the competency in device modeling of emerging CFETs.","1944-9380","978-1-6654-5225-0","10.1109/NANO54668.2022.9928645","Ministry of Science and Technology (MOST)(grant numbers:MOST 110-2221-E-A49-139,MOST 110-2218-E-492-003-MBK,MOST 109-2221-E-009-033,MOST 109-2634-F-009-030); ","https://ieeexplore.ieee.org/stamp/stamp.jsp?arnumber=9928645","","Training;Solid modeling;Three-dimensional displays;Computational modeling;Gallium arsenide;Artificial neural networks;Logic gates","","5","","16","IEEE","8 Nov 2022","4-8 July 2022","4-8 July 2022","IEEE","IEEE Conferences"
"Low Temperature Effects on the Operation of Nanomaterials Based Electronic Devices","R. Nekovei; A. Verma","Electrical Engineering & Computer Science Department, Texas A&M University-Kingsville, Kingsville, Texas, USA; Electrical Engineering & Computer Science Department, Texas A&M University-Kingsville, Kingsville, Texas, USA",2022 IEEE 22nd International Conference on Nanotechnology (NANO),"8 Nov 2022","2022","","","174","177","In this work we investigate the effects of low temperature on the performance of a nano device. Modeling the behavior of gate-all-around (GAA) field-effect transistor (FET) is achieved with Ensemble Monte Carlo (EMC) simulations, with a semiconducting zigzag single-wall carbon nanotube (CNT) - (49,0) as the active channel. The principal electron scattering mechanisms considered include single lowest radial breathing mode (RBM) phonons, as well as longitudinal acoustic (LA) and optical (LO) phonons. In this work, EMC simulations are conducted self-consistently with the electrostatic solver to calculate device currents. A wide-range of temperature is considered - from 4 °K to 220 °K. Steady-state results show that for this wide range of temperature, and appropriate gate/source-drain voltages, the transistor operates properly, and electrons deliver up to a fraction of microwatt power. The power delivered is found to be relatively similar across the temperatures considered. The differences are attributed to the difference in electron-phonon scattering rates for different temperatures.","1944-9380","978-1-6654-5225-0","10.1109/NANO54668.2022.9928597","NASA; Jet Propulsion Laboratory; Office of Naval Research; ","https://ieeexplore.ieee.org/stamp/stamp.jsp?arnumber=9928597","single-wall semiconducting carbon nanotube (CNT);gate-all-around field-effect transistor (GAA-FET)","Semiconductor device modeling;Performance evaluation;Temperature distribution;Scattering;Phonons;Logic gates;Carbon nanotubes","","1","","6","IEEE","8 Nov 2022","4-8 July 2022","4-8 July 2022","IEEE","IEEE Conferences"
"Simulation of Mos2 based Asymmetric Nano-Channel Rectifier","S. Garg; B. Sharma; G. M. Khanal; N. Gupta; A. K. Singh; R. Syal; S. Kumar; S. R. Kasjoo","Dept. of Electronics and Comm. Engg., Semiconductor Research Centre, Punjab Engineering College (Deemed to be University), Chandigarh, India; Dept. of Electronics and Comm. Engg., Semiconductor Research Centre, Punjab Engineering College (Deemed to be University), Chandigarh, India; Dept. of Electronics and Comm. Engg., Semiconductor Research Centre, Punjab Engineering College (Deemed to be University), Chandigarh, India; Dept. of Electronics and Comm. Engg., Semiconductor Research Centre, Punjab Engineering College (Deemed to be University), Chandigarh, India; Dept. of Electronics and Comm. Engg., Semiconductor Research Centre, Punjab Engineering College (Deemed to be University), Chandigarh, India; Applied Sciences Department, Punjab Engineering College (Deemed to be University), Chandigarh, India; Applied Sciences Department, Punjab Engineering College (Deemed to be University), Chandigarh, India; School of Microelectronic Engineering, Universiti Malaysia Perlis, Kangar, Malaysia",2022 IEEE 22nd International Conference on Nanotechnology (NANO),"8 Nov 2022","2022","","","178","181","Molybdenum disulfide (MoS2) has been utilized to demonstrate rectification behavior in an asymmetric channel similar to a diode-like I-V response. The demonstrated asymmetric device called self-switching diode is simulated by Silvaco TCAD software. The large signal analysis has been performed to estimate the frequency response. The diode shows NEP and responsivity of 6.50 nW/Hz1/2 and 59.11 V/W, respectively. The diode can be used for radio frequency (RF) rectification as it has a cut-off frequency of ~191 MHz.","1944-9380","978-1-6654-5225-0","10.1109/NANO54668.2022.9928647","Science and Engineering Research Board (SERB); ","https://ieeexplore.ieee.org/stamp/stamp.jsp?arnumber=9928647","RF (radio frequency);rectifier;two-dimensional material;self-switching diode (SSD);transition metal dichalcogenide (TMDC);asymmetric nano-channel","Radio frequency;Performance evaluation;Analytical models;Cutoff frequency;Rectifiers;Nanoscale devices;Software","","1","","12","IEEE","8 Nov 2022","4-8 July 2022","4-8 July 2022","IEEE","IEEE Conferences"
"Exploiting Nanoelectronic Properties of Memory Chips for Prevention of IC-Counterfeiting","S. Chakraborty; T. Das; M. Suri","Department of Electrical Engineering, Indian Institute of Technology, Delhi, India; Department of Electrical Engineering, Indian Institute of Technology, Delhi, India; Department of Electrical Engineering, Indian Institute of Technology, Delhi, India",2022 IEEE 22nd International Conference on Nanotechnology (NANO),"8 Nov 2022","2022","","","182","185","This study presents a methodology for anti-counterfeiting of Non-Volatile Memory (NVM) chips. In particular, we experimentally demonstrate a generalized methodology for detecting (i) Integrated Circuit (IC) origin, (ii) recycled or used NVM chips, and (iii) identification of used locations (addresses) in the chip. Our proposed methodology inspects latency and variability signatures of Commercial-Off-The-Shelf (COTS) NVM chips. The proposed technique requires low-cycle (~100) pre-conditioning and utilizes Machine Learning (ML) algorithms. We observe different trends in evolution of latency (sector erase or page write) with cycling on different NVM technologies from different vendors. ML assisted approach is utilized for detecting IC manufacturers with 95.1% accuracy obtained on prepared test dataset consisting of 3 different NVM technologies including 6 different manufacturers (9 types of chips).","1944-9380","978-1-6654-5225-0","10.1109/NANO54668.2022.9928659","DST(grant numbers:DST/TDT/AMT/2017/159(G)); ","https://ieeexplore.ieee.org/stamp/stamp.jsp?arnumber=9928659","","Integrated circuits;Machine learning algorithms;Nonvolatile memory;Machine learning;Market research;Nanotechnology","","","","21","IEEE","8 Nov 2022","4-8 July 2022","4-8 July 2022","IEEE","IEEE Conferences"
"Photoelectric Characterization of a Single Layer of CNTs using CAFM","Y. Abbas; M. Baker; M. Rezeq","Department of Physics and System, Chip Lab, Khalifa University, Abu Dhabi, UAE; Department of Electrical and Computer Engineering and System, Chip Lab, Khalifa University, Abu Dhabi, UAE; Department of Physics and System, Chip Lab, Khalifa University, Abu Dhabi, UAE",2022 IEEE 22nd International Conference on Nanotechnology (NANO),"8 Nov 2022","2022","","","186","189","Detailed investigations for the photoelectric characteristics of a single-layer of carbon nanotubes (CNTs) have been performed using a conductive mode atomic force microscope (CAFM). The diluted CNTs were drop-casted on a SiO2/n-Si substrate followed by annealing in N2 ambient for 2 hours at 70°C. Individual CNTs were identified using the AC imaging mode of atomic force microscope (AFM). Subsequently, the electrical measurements were performed using CAFM with an Au-coated tip placed directly on the CNTs. A lower turn-on voltage is observed for the shorter wavelength of light illuminated on the CNTs, compared to that of a long light wavelength, indicating higher energy electrons are excited to the conduction band of the CNT.","1944-9380","978-1-6654-5225-0","10.1109/NANO54668.2022.9928657","","https://ieeexplore.ieee.org/stamp/stamp.jsp?arnumber=9928657","","Atomic measurements;Atomic force microscopy;Scanning electron microscopy;Wavelength measurement;Force;Electric variables;Carbon nanotubes","","","","29","IEEE","8 Nov 2022","4-8 July 2022","4-8 July 2022","IEEE","IEEE Conferences"
"Phase Chirality Induced Meta-Atoms for Holographic Displays","T. Naeem; H. S. Khaliq; M. Zubair; T. Tauqeer; M. Q. Mehmood; Y. Massoud","Electrical Engineering Department, MicroNano Lab, Information Technology University (ITU) of the Punjab, Lahore, Pakistan; Electrical Engineering Department, MicroNano Lab, Information Technology University (ITU) of the Punjab, Lahore, Pakistan; Electrical Engineering Department, MicroNano Lab, Information Technology University (ITU) of the Punjab, Lahore, Pakistan; Electrical Engineering Department, MicroNano Lab, Information Technology University (ITU) of the Punjab, Lahore, Pakistan; Electrical Engineering Department, MicroNano Lab, Information Technology University (ITU) of the Punjab, Lahore, Pakistan; Innovative Technologies Laboratories (ITL), Electrical and Computer Engineering, King Abdullah University of Science and Technology (KAUST), Thuwal, Saudi Arabia",2022 IEEE 22nd International Conference on Nanotechnology (NANO),"8 Nov 2022","2022","","","190","193","Full phase manipulation is the fundamental requirement for biomedical imaging and optical display applications. To enhance the capability of the existing devices, it is crucial to introduce extra degree of freedom which increases the efficiency and utilization of the devices. In this work, we proposed a chiral structure whose phase for cross-polarized components of circularly polarized (CP) light does not overlap, thus providing an extra degree of freedom. This asymmetric property introduces phase chirality in the proposed structure, enabling us to control the phase independently of each CP light component. For the proof of concept, spin-decoupled holography is demonstrated over the visible domain under distinct CP light. The wideband response of the device is demonstrated with high fidelity results. This work will lead us to new applications for polarimetric imaging and sensing of biomedical samples.","1944-9380","978-1-6654-5225-0","10.1109/NANO54668.2022.9928662","","https://ieeexplore.ieee.org/stamp/stamp.jsp?arnumber=9928662","Chiral Structure;spin-decoupled holography;light spin manipulation","Optical polarization;Optical device fabrication;Phase control;Holography;Optical variables control;Optical imaging;Nanoscale devices","","3","","24","IEEE","8 Nov 2022","4-8 July 2022","4-8 July 2022","IEEE","IEEE Conferences"
"Dual-Mode Chiral Meta-Holography through All-Dielectric Nano-Surfaces in Visible Regime","H. S. Khaliq; T. Naeem; K. Riaz; M. Zubair; M. Q. Mehmood; Y. Massoud","Innovative Technologies Laboratories (ITL), King Abdullah University of Science and Technology (KAUST), Electrical and Computer Engineering, Thuwal, Saudi Arabia; Department of Electrical and Computer Engineering, COMSATS University Islamabad, Lahore, Pakistan; Department of Electrical Engineering, MicroNano Lab, Information Technology University (ITU), Lahore, Pakistan; Department of Electrical Engineering, MicroNano Lab, Information Technology University (ITU), Lahore, Pakistan; Department of Electrical Engineering, MicroNano Lab, Information Technology University (ITU), Lahore, Pakistan; Innovative Technologies Laboratories (ITL), King Abdullah University of Science and Technology (KAUST), Electrical and Computer Engineering, Thuwal, Saudi Arabia",2022 IEEE 22nd International Conference on Nanotechnology (NANO),"8 Nov 2022","2022","","","194","197","Chiro-optical effects have numerous applications in optical displays, chiral sensing, and chiral imaging. The simultaneous control of amplitude, phase, and polarization with chirality in metasurfaces provides a compact and cost-effective solution for these applications. Here, we propose a planar all-dielectric metasurface based on anisotropic nano-bars instead of conventional chiral structures to avoid the fabrication complexities and the narrow bandwidth at the nanoscale. The fundamental meta-atom of the proposed metasurface contains a pair of nano-bars introducing giant chiro-optical effects in dual transmission mode at wide bandwidth of visible regime. The proposed meta-nano-surface provides the maximum asymmetric transmission of ~77%. For the proof of concept, the phase mask of an image is encoded into the meta-nano-surface to reproduce chiral meta-hologram for circularly polarized light at RGB wavelengths. The demonstrated design provides a route to realize giant chiro-optical effects for promising application in optical displays, circular dichroism spectroscopy, circular polarizers, security, and imaging.","1944-9380","978-1-6654-5225-0","10.1109/NANO54668.2022.9928670","","https://ieeexplore.ieee.org/stamp/stamp.jsp?arnumber=9928670","All-dielectric;Chiral Metasurfaces;Chiro-Optical effects;Asymmetric Transmission;Chiral Sensing;Chiral Imaging","Spectroscopy;Optical polarization;Optical device fabrication;Bandwidth;Optical imaging;Metasurfaces;Nanoscale devices","","4","","20","IEEE","8 Nov 2022","4-8 July 2022","4-8 July 2022","IEEE","IEEE Conferences"
"Novel Spin-decoupled Holographic Meta-displays","I. Javed; M. A. Naveed; M. Zubair; A. K. Goyal; M. Q. Mehmood; Y. Massoud","Electrical Engineering Department, MicroNano Lab, Information Technology University (ITU) of the Punjab, Lahore, Pakistan; Electrical Engineering Department, MicroNano Lab, Information Technology University (ITU) of the Punjab, Lahore, Pakistan; Electrical Engineering Department, MicroNano Lab, Information Technology University (ITU) of the Punjab, Lahore, Pakistan; Innovative Technologies Laboratories (ITL), Electrical and Computer Engineering, King Abdullah University of Science and Technology (KAUST), Thuwal, Saudi Arabia; Electrical Engineering Department, MicroNano Lab, Information Technology University (ITU) of the Punjab, Lahore, Pakistan; Innovative Technologies Laboratories (ITL), Electrical and Computer Engineering, King Abdullah University of Science and Technology (KAUST), Thuwal, Saudi Arabia",2022 IEEE 22nd International Conference on Nanotechnology (NANO),"8 Nov 2022","2022","","","198","201","Many modern applications like entertainment displays, data encryption, security, and virtual reality (VR) technology require asymmetric light manipulation. Symmetric spin-orbit interactions (SOI) apply a limit in achieving an asymmetrical metahologram. However, different reported asymmetric SOI's based on propagation and geometric phase mergence techniques effectively break this limit at the expense of design complexity and greater computation cost. This work proposes a novel helicity multiplexing technique that breaks all the aforementioned barriers in achieving on-axis dual side holograms. Benefiting from the geometric phase modulation of anisotropic nano-resonating antennas, we have employed a single unit cell to achieve helicity multiplexing. A low extinction coefficient material a-Si:H is used for device analysis. Due to the simple single unit cell-based designing technique, simulation and fabrication complexities were significantly reduced. As a result, based on the helicity and incidence direction of electromagnetic wave, we have achieved highly transmissive dual holographic images in the visible band. Our simulated efficiencies are 55%, 75%, and 80% for the blue $\boldsymbol{(\lambda=488\ \text{nm})}$, green $\boldsymbol{(\lambda=532}$ nm), and red light $\boldsymbol{(\lambda=633\ \text{nm})}$.","1944-9380","978-1-6654-5225-0","10.1109/NANO54668.2022.9928775","","https://ieeexplore.ieee.org/stamp/stamp.jsp?arnumber=9928775","Helicity-multiplexing;holography;Meta-displays;Spin-orbit interactions","Multiplexing;Solid modeling;Costs;Phase modulation;Electromagnetic scattering;Virtual reality;Complexity theory","","4","","24","IEEE","8 Nov 2022","4-8 July 2022","4-8 July 2022","IEEE","IEEE Conferences"
"Pseudo non-diffracting beam array through high-indexed dielectric metaplate","I. Javed; M. A. Naveed; M. Zubair; M. Q. Mehmood; Y. Massoud","Electrical Engineering Department, MicroNano Lab, Information Technology University (ITU) of the Punjab, Lahore, Pakistan; Electrical Engineering Department, MicroNano Lab, Information Technology University (ITU) of the Punjab, Lahore, Pakistan; Electrical Engineering Department, MicroNano Lab, Information Technology University (ITU) of the Punjab, Lahore, Pakistan; Electrical Engineering Department, MicroNano Lab, Information Technology University (ITU) of the Punjab, Lahore, Pakistan; Innovative Technologies Laboratories (ITL), Electrical and Computer Engineering, King Abdullah University of Science and Technology (KAUST), Thuwal, Saudi Arabia",2022 IEEE 22nd International Conference on Nanotechnology (NANO),"8 Nov 2022","2022","","","202","205","Highly non-diffracting Bessel beams have gathered an excessive amount of significance due to their several applications ranging from optical communication, and displays to trapping and manipulation. The array of Bessel beams with multiple orders is generated by utilizing geometric metasurfaces to have full phase control over the optical properties of light. In prior works, Bessel beams are realized with optical metasurfaces of titanium dioxide (TiO2) and gallium nitride (GaN) but they have bottlenecks in terms of complex and expensive fabrication. Here, in this manuscript, we have represented a single-layer optical metasurface based on gallium phosphide (GaP) for Bessel beam generation. The proposed metasurface has high transmission efficiency in the visible regime and is capable of producing four Bessel beams of arbitrary orders without the accumulation of extra complexities in conventional nano-rectangular pillar geometry. Due to the property of orbital angular momentum, these arbitrary order Bessel beams have a high capacity for data storage. Thus, they provide an appropriate platform for numerous interesting phenomena of data encryption and information storage.","1944-9380","978-1-6654-5225-0","10.1109/NANO54668.2022.9928777","","https://ieeexplore.ieee.org/stamp/stamp.jsp?arnumber=9928777","Optical metasurfaces;Gallium phosphide;Bessel beam;PB-phase","Gallium;Optical device fabrication;Metasurfaces;Optical variables control;Geometrical optics;Orbits;Optical fiber communication","","5","","26","IEEE","8 Nov 2022","4-8 July 2022","4-8 July 2022","IEEE","IEEE Conferences"
"Challenges in Electron Beam Lithography of Silicon Nanostructures","C. Cakirlar; G. Galderisi; C. Beyer; M. Simon; T. Mikolajick; J. Trommer","NaMLab gGmhH, Dresden, Germany; NaMLab gGmhH, Dresden, Germany; NaMLab gGmhH, Dresden, Germany; NaMLab gGmhH, Dresden, Germany; NaMLab gGmhH, Dresden, Germany; NaMLab gGmhH, Dresden, Germany",2022 IEEE 22nd International Conference on Nanotechnology (NANO),"8 Nov 2022","2022","","","207","210","The fabrication of semiconductor nano-structures is one of the most important tools for microelectronic research. Due to the high gate coupling achieved in nanowires, they provide an excellent vehicle for the demonstration of emerging semiconductor devices. Top-down fabrication has been shown vital in terms of alignment, uniformity, and flexibility of the fabricated structures. In this work we review the most important challenges in Electron Beam Lithography patterning for semiconductor nano-structures and exemplify them on our own laboratory results. Electron beam lithography processes on Silicon-On-Insulator substrates are discussed, which yield horizontal and vertical nanowires, as well as special research structures, such as Hall bars. Measures are given to analyze and diminish undesired effects like proximity and line-edge roughness. As an example of how these measures can be successfully employed, we show a reconfigurable field effect transistor built on a dense nanowire array.","1944-9380","978-1-6654-5225-0","10.1109/NANO54668.2022.9928629","","https://ieeexplore.ieee.org/stamp/stamp.jsp?arnumber=9928629","Electron beam lithography;nanopatterning;silicon nanowires;proximity effect;transistor arrays;reconfigurable field effect transistors;SOI;top-down","Fabrication;Semiconductor device measurement;Electron beams;Lithography;Silicon-on-insulator;Proximity effects;Silicon","","8","","27","IEEE","8 Nov 2022","4-8 July 2022","4-8 July 2022","IEEE","IEEE Conferences"
"Monocrystalline ZnO Nanorods Thin-film based Schottky Barrier Diode","S. T. Armoot; G. M. Ali","Electrical Engineering Department, College of Engineering, Mustansiriyah University, Baghdad, Iraq; Electrical Engineering Department, College of Engineering, Mustansiriyah University, Baghdad, Iraq",2022 IEEE 22nd International Conference on Nanotechnology (NANO),"8 Nov 2022","2022","","","211","214","This work presented the fabrication, characterization, and simulation of a planar Pd/monocrystalline ZnO/Al Schottky barrier diode. The monocrystalline ZnO nanorods thin films were grown on n-type Si $< \mathbf{111} >$ wafers by hydrothermal process. The XRD and SEM analysis investigated the crystalline structure and surface morphology of ZnO thin films. The I-V characteristics were measured and analyzed in the bias voltage range from −2 V to 2 V at room temperature. According to thermionic emission theory, the electrical parameters are calculated such as saturation current, ideality factor, barrier height, the rectification ratio Simulation of this Schottky diode is conducted using SILVANO TCAD software for 2D-numerical simulated analysis. The comparison of obtained I-V simulation results shows good agreement with those obtained from experimental work.","1944-9380","978-1-6654-5225-0","10.1109/NANO54668.2022.9928680","","https://ieeexplore.ieee.org/stamp/stamp.jsp?arnumber=9928680","Monocrystalline;ZnO;Nanorods;Schottky","Temperature measurement;Schottky diodes;Temperature distribution;X-ray scattering;Voltage measurement;II-VI semiconductor materials;Thermionic emission","","","","17","IEEE","8 Nov 2022","4-8 July 2022","4-8 July 2022","IEEE","IEEE Conferences"
"A Low-Cost and Robust Latch Protected against Triple Node Upsets in Nanoscale CMOS based on Source-Drain Cross-Coupled Inverters","A. Yan; S. Song; Y. Chen; J. Cui; Z. Huang; X. Wen","School of Computer Science and Technology, Anhui University, Hefei, China; School of Computer Science and Technology, Anhui University, Hefei, China; School of Computer Science and Technology, Anhui University, Hefei, China; School of Computer Science and Technology, Anhui University, Hefei, China; School of Electronics, Hefei University of Technology, Hefei, China; Graduate School of Computer Science and Systems Engineering, Kyushu Institute of Technology, Fukuoka, Japan",2022 IEEE 22nd International Conference on Nanotechnology (NANO),"8 Nov 2022","2022","","","215","218","This paper proposes a novel low-cost and robust latch, namely LRLPT, protected against triple-node upsets (TNUs) in nano-scale CMOS. The storage part of the latch comprises interlocked source-drain cross-coupled inverters forming redundant feedback loops to robustly store values. Simulation results demonstrate all key TNUs' recovery of the proposed latch. Simulation results also demonstrate that the proposed latch can save 69.67% delay, 37.51% silicon area and 71.77% delay-area-power product (DAPP) compared to the state-of-the-art TNU-recovery reference latch of the same-type.","1944-9380","978-1-6654-5225-0","10.1109/NANO54668.2022.9928674","NSFC of China(grant numbers:61974001,61874156); ","https://ieeexplore.ieee.org/stamp/stamp.jsp?arnumber=9928674","","Feedback loop;Latches;Simulation;Decentralized applications;Inverters;Silicon;Nanoscale devices","","3","","20","IEEE","8 Nov 2022","4-8 July 2022","4-8 July 2022","IEEE","IEEE Conferences"
"Synthesis of Nanoporous Type A and X Zeolite Mixtures from Biomass Combustion Fly Ash for Post-Combustion Carbon Capture","B. Petrovic; M. Gorbounov; S. Özmen; P. Clough; S. M. Soltani","Department of Chemical Engineering, Brunel University London, Uxbridge, United Kingdom; Department of Chemical Engineering, Brunel University London, Uxbridge, United Kingdom; Energy and Power Theme, School of Water, Energy and Environment, Cranfield University, Cranfield, United Kingdom; Energy and Power Theme, School of Water, Energy and Environment, Cranfield University, Cranfield, United Kingdom; Department of Chemical Engineering, Brunel University London, Uxbridge, United Kingdom",2022 IEEE 22nd International Conference on Nanotechnology (NANO),"8 Nov 2022","2022","","","221","224","In this study, improved nanoporous zeolites for use in post-combustion carbon capture have been synthesised from industrial-grade biomass combustion fly ash generated in one of the largest biomass combustion power plants in the UK. The method of nanoporous zeolite synthesis follows an alkaline fusion-assisted hydrothermal procedure. The nanoporous zeolites have been characterised by scanning electron microscopy (SEM), energy dispersive X-ray spectroscopy (EDS), X-ray diffraction (XRD) and Fourier-transform infrared spectroscopy (FTIR). The presence of two crystalline structures, Faujasite and Linde Type A has been confirmed by the characterisation results. The CO2 adsorption investigations were conducted via thermogravimetric analysis (TGA) to estimate the uptake capacity of the prepared adsorbents. TGA studies suggest that the improved nanoporous adsorbent, evaluated under 100 mol % CO2 at atmospheric pressure, has an equilibrium capacity of over 1.6 mmolCO2/g at 50°C, a two-fold increase from our previous study with a crystalline structure confirmed by XRD.","1944-9380","978-1-6654-5225-0","10.1109/NANO54668.2022.9928679","Engineering and Physical Sciences Research Council (EPSRC), UK; Brunel University London, UK; ","https://ieeexplore.ieee.org/stamp/stamp.jsp?arnumber=9928679","","Fly ash;Spectroscopy;Scanning electron microscopy;X-ray scattering;Adsorption;X-ray diffraction;Combustion","","","","23","IEEE","8 Nov 2022","4-8 July 2022","4-8 July 2022","IEEE","IEEE Conferences"
"High Binding Density Coatings for Biomolecules on Plasmonic Gratings and Their Sensing Applications","C. M. Darr; C. J. Mathai; K. Gangopadhyay; S. Gangopadhyay; S. Bok","Department of Biomedical, Biological and Chemical Engineering, University of Missouri, Columbia, MO, USA; Department of Electrical Engineering and Computer Science, University of Missouri, Columbia, MO, USA; NA; Department of Electrical Engineering and Computer Science, University of Missouri, Columbia, MO, USA; Department of Engineering, Southern Utah University, Cedar City, UT, USA",2022 IEEE 22nd International Conference on Nanotechnology (NANO),"8 Nov 2022","2022","","","230","233","The COVID-19 pandemic has exposed a critical need for advances in high-throughput and high-resolution epidemiological testing devices with both high clinical sensitivity and specificity. Curbing the rapid spread of emerging diseases requires detection of biomarkers for disease at extremely sparse levels from body fluids. Sample preprocessing prior to detection is often used to increase the amount of biomarker in a patient sample to detectable limits, including polymerase chain reaction (PCR). Alternatively, the sensor might be designed to amplify intrinsic signal, improving the signal generated by sparsely distributed molecules without sample preprocessing. Identifying more stable and highly dense binding surfaces is critical to improving shelf-life, reducing binding protocol complexity, and expanding to a wider range of applications. Polystyrene well plates after exposure to gamma radiation are commonly used for high-density binding substrates. Herein, we present the development of a stable, ultra-thin polystyrene film on plasmonic gratings and demonstrate bioconjugation comparable to commercially available well plates without the need for surface activation (e.g., nuclear irradiation). Testing using Rhodamine Red X-labeled antibody bound to the plasmonic gratings showed a factor of 63.8 times brighter fluorescence signal than commercial Nunc MaxiSorp® plates using the same concentration of biomolecule.","1944-9380","978-1-6654-5225-0","10.1109/NANO54668.2022.9928624","National Science Foundation(grant numbers:2047894); ","https://ieeexplore.ieee.org/stamp/stamp.jsp?arnumber=9928624","","Radiation effects;Silver;Tuberculosis;Biomarkers;Plasmons;Gratings;Coatings","","2","","5","IEEE","8 Nov 2022","4-8 July 2022","4-8 July 2022","IEEE","IEEE Conferences"
"Scalable fabrication of metallic nanogaps using CMOS-based 10 nm spacer lithography","D. Chryssikos; M. Heigl; E. Kounoupioti; K. Neumeier; R. Wieland; M. Tornow","Technical University of Munich, Munich, Germany; Fraunhofer Research Institution for Microsystems and Solid State Technologies (EMFT), Munich, Germany; Technical University of Munich, Munich, Germany; Fraunhofer Research Institution for Microsystems and Solid State Technologies (EMFT), Munich, Germany; Fraunhofer Research Institution for Microsystems and Solid State Technologies (EMFT), Munich, Germany; Technical University of Munich, Munich, Germany",2022 IEEE 22nd International Conference on Nanotechnology (NANO),"8 Nov 2022","2022","","","234","237","Constant progress in nanofabrication has been one of the main enablers of Moore's law. However, most state-of-the-art laboratory nanofabrication techniques suffer from poor scalability and low throughput. In this work, we present, as a proof of concept, the fabrication of a ∼10 nm wide and ∼45-50 nm tall silicon nitride spacer, which is then used to define nanogaps in a subsequently evaporated Cr/Au top layer. The entire process is scalable, and the spacer fabrication process is compatible with complementary metal-oxide-semiconductor (CMOS) technology, relying on established deposition and etching techniques. Our introduced nanopatterning technique may lend itself to becoming an attractive, cost-efficient alternative to common nanolithographic techniques for applications in nanoelectronics, nanophotonics and nanoscale sensing.","1944-9380","978-1-6654-5225-0","10.1109/NANO54668.2022.9928620","German Research Foundation(grant numbers:TO266/10-1); Federal Ministry of Education and Research(grant numbers:16FMD01K,16FMD02,16FMD03); ","https://ieeexplore.ieee.org/stamp/stamp.jsp?arnumber=9928620","","Fabrication;Semiconductor device modeling;Nanophotonics;Nanofabrication;Nanopatterning;Scalability;Silicon nitride","","","","17","IEEE","8 Nov 2022","4-8 July 2022","4-8 July 2022","IEEE","IEEE Conferences"
"Patterning of fine-features in nanoporous films synthesized by spark ablation","X. Ji; H. J. van Ginkel; D. Hu; A. Schmidt-Ott; H. van Zeijl; S. Vollebregt; G. Zhang","Dept. of Electronic Components Technology and Materials, Delft University of Technology, CD Delft, Netherlands; Dept. of Electronic Components Technology and Materials, Delft University of Technology, CD Delft, Netherlands; Dept. of Electronic Components Technology and Materials, Delft University of Technology, CD Delft, Netherlands; Faculty of Applied Sciences, Delft University of Technology, CJ Delft, Netherlands; Dept. of Electronic Components Technology and Materials, Delft University of Technology, CD Delft, Netherlands; Dept. of Electronic Components Technology and Materials, Delft University of Technology, CD Delft, Netherlands; Dept. of Electronic Components Technology and Materials, Delft University of Technology, CD Delft, Netherlands",2022 IEEE 22nd International Conference on Nanotechnology (NANO),"8 Nov 2022","2022","","","238","241","Advances in semiconductor device manufacturing technologies are enabled by the development and application of novel materials. Especially one class of materials, nanoporous films, became building blocks for a broad range of applications, such as gas sensors and interconnects. Therefore, a versatile fabrication technology is needed to integrate these films and meet the trend towards device miniaturization and high integration density. In this study, we developed a novel method to pattern nanoporous thin films with high flexibility in material selection. Herein, Au and ZnO nanoparticles were synthesized by spark ablation and printed on a Ti/TiO2 adhesion layer, which was exposed by a lithographic stencil mask. Subsequently, the photoresist was stripped by a cost-efficient lift-off process. Nanoporous patterned features were thus obtained and the finest feature has a gap width of $0.6\ \mu \mathbf{m}$ and a line width of $2 \mu \mathbf{m}$. Using SEM and profilometers to investigate the structure of the films, it was demonstrated that the lift-off process had a minor impact on the microstructure and thickness. The samples presented a rough surface and high porosity, indicating a large surface-to-volume ratio. This is supported by the measured conductivity of Au nanoporous film, which is 12% of the value for bulk Au. As lithographic stencil printing is compatible with conventional lithographic pattering, this method enables further application on mass production of various nanoporous film-based devices in the future.","1944-9380","978-1-6654-5225-0","10.1109/NANO54668.2022.9928705","NWO(grant numbers:729.001.023,agreement); ","https://ieeexplore.ieee.org/stamp/stamp.jsp?arnumber=9928705","Nanoporous film;Spark ablation;Nanoparticle;Lift-off;Nanofabrication","Printing;Gold;II-VI semiconductor materials;Films;Zinc oxide;Nanoscale devices;Surface roughness","","","","14","IEEE","8 Nov 2022","4-8 July 2022","4-8 July 2022","IEEE","IEEE Conferences"
"Development of Nanoporosity on a Biomass Combustion Ash-derived Carbon for CO2 Adsorption","M. Gorbounov; B. Petrovic; S. Özmen; P. Clough; D. Bekmuratova; S. M. Soltani","Department of Chemical Engineering, Brunel University London, Uxbridge, United Kingdom; Department of Chemical Engineering, Brunel University London, Uxbridge, United Kingdom; Energy and Power Theme, School of WaterEnergy and Environment, Cranfield University, Cranfield, United Kingdom; Energy and Power Theme, School of WaterEnergy and Environment, Cranfield University, Cranfield, United Kingdom; Department of Chemical Engineering, Brunel University London, Uxbridge, United Kingdom; Department of Chemical Engineering, Brunel University London, Uxbridge, United Kingdom",2022 IEEE 22nd International Conference on Nanotechnology (NANO),"8 Nov 2022","2022","","","245","248","Carbonaceous adsorbents are one of the most widely-used materials used for the removal of chemical species in gaseous and aqueous media. However, the route from precursor to activated carbon is riddled with myriad techniques and steps, that entail additional costs. Such expenses could be minimized via waste valorization e.g. biomass combustion bottom ash which has been used in this work. In order to develop surface nanoporosity, the waste-derived carbon was thermally treated, increasing the CO2 adsorption capacity by nearly twofold and thus, producing a cost-effective sorbent for post-combustion CO2 capture. The effectiveness of such “unconventional” activation route has been verified using Scanning Electron Microscopy, Fourier-Transform Infrared Spectroscopy as well as Proximate Analysis and the CO2 adsorption data obtained via Thermogravimetric Analysis (TGA). The proposed material and method could serve as a viable alternative to the current methods for decarbonization of the UK power sector through in-situ waste valorization.","1944-9380","978-1-6654-5225-0","10.1109/NANO54668.2022.9928660","Engineering and Physical Sciences Research Council (EPSRC), UK; Brunel University London, UK; ","https://ieeexplore.ieee.org/stamp/stamp.jsp?arnumber=9928660","","Scanning electron microscopy;Costs;Adsorption;Carbon dioxide;Low-carbon economy;Ash;Combustion","","3","","13","IEEE","8 Nov 2022","4-8 July 2022","4-8 July 2022","IEEE","IEEE Conferences"
"Multiphysics FEA Simulation for Polymer Nanocomposite Laser Ultrasound Transducer","S. Liu; H. Kim; W. -Y. Chang; W. Huang; X. Jiang; J. E. Ryu","Department of Mechanical and Aerospace Engineering, North Carolina State University, Raleigh, USA; Department of Mechanical and Aerospace Engineering, North Carolina State University, Raleigh, USA; Department of Mechanical and Aerospace Engineering, North Carolina State University, Raleigh, USA; Department of Mechanical and Aerospace Engineering, North Carolina State University, Raleigh, USA; Department of Mechanical and Aerospace Engineering, North Carolina State University, Raleigh, USA; Department of Mechanical and Aerospace Engineering, North Carolina State University, Raleigh, USA",2022 IEEE 22nd International Conference on Nanotechnology (NANO),"8 Nov 2022","2022","","","249","252","In this study, the acoustic output of candle soot nanoparticles(CSNP)/PDMS laser ultrasound transducer (LUT) was predicted by a multiscale hierarchical simulation method. Firstly, the carbon/PDMS composites' effective properties were estimated by the nanoscale unit model. Secondly, a LUT model was developed in COMSOL by coupling Wave Optics, Heat Transfer, Structural Mechanics and Acoustics modules, and the acoustic output at the LUT surface was predicted using the properties parameters generated by the model in the first step. Lastly, the near-field wave proportion was calculated theoretically. For CSNP/PDMS LUT, our hierarchical model had high accuracy on both time and frequency domain output.","1944-9380","978-1-6654-5225-0","10.1109/NANO54668.2022.9928742","U.S. Department of Energy(grant numbers:DE-NE0008708); National Science Foundation(grant numbers:2031558); NCSU; ","https://ieeexplore.ieee.org/stamp/stamp.jsp?arnumber=9928742","nanocomposite;photoacoustic;laser ultrasound transducer;FEA;multiscale;multiphysics","Ultrasonic imaging;Transducers;Surface acoustic waves;Predictive models;Laser modes;Optics;Acoustics","","","","29","IEEE","8 Nov 2022","4-8 July 2022","4-8 July 2022","IEEE","IEEE Conferences"
"On the Subthreshold Performance of Topological Insulator Field Effect Transistors under Momentum Relaxation Scattering","A. Basak; K. Jana; S. Banerjee; B. Muralidharan","Department of Electrical Engineering, Indian Institute of Technology Bombay, Mumbai, India; Department of Electrical Engineering, Indian Institute of Technology Bombay, Mumbai, India; Department of Electronics and Telecommunication Engineering, Jadavpur University, Jadavpur, India; Department of Electrical Engineering, Indian Institute of Technology Bombay, Mumbai, India",2022 IEEE 22nd International Conference on Nanotechnology (NANO),"8 Nov 2022","2022","","","253","256","The Rashba-facilitated topological quantum field-effect (TQFE) in monolayer 2D-Xenes provides interesting play-ground to actuate subthermionic operation in 2D topological insulator FETs (TI-FETs). Delving into the physics of the quantum field-effect transition between the non-trivial topological phase and the trivial band insulator phase is required to develop effective device design strategies. Our investigation of viable device structures underlines the challenges that one needs to overcome in order to fully tap the potential of TQFE in surpassing the Boltzmann's limit on the subthreshold swing (SS). Based on our thorough investigation of intricate band translation physics associated to the topological phase transition, we successfully demonstrate a gating method with additional design considerations that beats the thermionic limit, but at the cost of sacrificing the dissipationless ON-state conduction. We then proceed with the study of the effect of momentum relaxation on our proposed TI-FET performance in an experimentally relevant regime in the presence of scatterers. Our work thus underlines the operational criteria and trade-offs involved for building TI-FETs that can overcome the Boltzmann's tyranny.","1944-9380","978-1-6654-5225-0","10.1109/NANO54668.2022.9928610","","https://ieeexplore.ieee.org/stamp/stamp.jsp?arnumber=9928610","","Performance evaluation;Costs;Design methodology;Field effect transistors;Buildings;Scattering;Nanoscale devices","","","","16","IEEE","8 Nov 2022","4-8 July 2022","4-8 July 2022","IEEE","IEEE Conferences"
"Theoretical Analysis of Dielectric Assisted Tamm Mode Excitation","A. K. Goyal; K. P. Pradhan; Y. Massoud","Innovative Technologies Laboratories (ITL), King Abdullah University of Science and Technology (KAUST), Thuwal, Saudi Arabia; ECE Department, Indian Institute of Information Technology, Design and Manufacturing (IIITDM), Kancheepuram, Chennai, India; Innovative Technologies Laboratories (ITL), King Abdullah University of Science and Technology (KAUST), Thuwal, Saudi Arabia",2022 IEEE 22nd International Conference on Nanotechnology (NANO),"8 Nov 2022","2022","","","257","260","In this paper, a dielectric material assisted excitation mechanism is proposed to confine Tamm Modes at the dielectric-air interface. The performance analysis of proposed structure is performed using transfer matrix method (TMM). The design comprises a bilayer one-dimensional photonic crystal structure having a top defect layer. The defect layer thickness, and incident angles are optimized to confirm the Tamm mode confinement at an operating wavelength of 632.8nm. The proposed structure shows a strong Tamm mode localization for a defect layer thickness of 210nm. Whereas an evanescent Tamm mode is also excited for a lower defect layer thickness of around 170nm.","1944-9380","978-1-6654-5225-0","10.1109/NANO54668.2022.9928633","","https://ieeexplore.ieee.org/stamp/stamp.jsp?arnumber=9928633","","Reflectivity;Dielectric materials;Photonic crystals;Optical variables measurement;Performance analysis;Optical sensors;Optical reflection","","2","","29","IEEE","8 Nov 2022","4-8 July 2022","4-8 July 2022","IEEE","IEEE Conferences"
"Intelligent Modeling of Electrical Characteristics of Multi-Channel Gate All Around Silicon Nanosheet MOSFETs Induced by Work Function Fluctuation","C. Akbar; Y. Li; W. -L. Sung","Parallel and Scientific Computing Laboratory, Institute of Communications Engineering, National Yang Ming Chiao Tung University, Hsinchu, Taiwan; Parallel and Scientific Computing Laboratory, Institute of Communications Engineering, National Yang Ming Chiao Tung University, Hsinchu, Taiwan; Parallel and Scientific Computing Laboratory, Institute of Communications Engineering, National Yang Ming Chiao Tung University, Hsinchu, Taiwan",2022 IEEE 22nd International Conference on Nanotechnology (NANO),"8 Nov 2022","2022","","","261","264","Intelligent model (IM) of device and performance prediction is an emerging methodology in the IC industry. This paper for the first time presents an optimized intelligent model approach based on an artificial neural network (ANN) to study the effects of a crucial source of variation, i.e., work function fluctuation (WKF) of multi-channel (MC) gate-all-around (GAA) silicon (Si) nanosheet (NS) MOSFET. Various fluctuated devices are simulated and their ID-VG curves, as well as their extracted electrical properties, are investigated using IM based ANN algorithm. These predicted electrical properties are estimated accurately and show that on-current (ION) is decreased from top contacts to the bottom source/drain contact as the electrostatic potential (V) is decreasing in MC GAA Si NS MOSFET. IM-based ANN methodology has negligible computational cost as compared to 3D device simulation. Therefore, this intelligent modeling approach can be utilized to accelerate the device simulation for advanced semiconductor nano-devices.","1944-9380","978-1-6654-5225-0","10.1109/NANO54668.2022.9928611","Ministry of Science and Technology (MOST), Taiwan(grant numbers:MOST 110-2221-E-A49-139,MOST 110-2218-E-492 -003-MBK,MOST 109-2221-E-009-033,MOST 109-2634-F-009-030); Ministry of Education in Taiwan; ","https://ieeexplore.ieee.org/stamp/stamp.jsp?arnumber=9928611","","Semiconductor device modeling;MOSFET;Fluctuations;Computational modeling;Gallium arsenide;Artificial neural networks;Logic gates","","1","","17","IEEE","8 Nov 2022","4-8 July 2022","4-8 July 2022","IEEE","IEEE Conferences"
"A Novel Graphene Nanoribbon XOR Gate Design","K. Rallis; G. C. Sirakoulis; I. Karafyllidis; A. Rubio; P. Dimitrakis",Democritus University of Thrace; Democritus University of Thrace; Democritus University of Thrace; Universitat Politècnica De Catalunya; NCSR Demokritos,2022 IEEE 22nd International Conference on Nanotechnology (NANO),"8 Nov 2022","2022","","","265","268","Graphene is a 2D material with spectacular properties. Its elasticity and biocompatibility make it appropriate for stretchable electronics and bioelectronics applications respectfully. In this work, we present the design of a Graphene Nanoribbon (GNR) based XOR gate and a 3-input XOR gate, extending the universal set of AND, NOT, OR gates already presented in literature, and verifying their operation by computing its conductance. Our proposed topology allows XOR gate scaling from 2-inputs to 3-inputs with zero increase in active area. Moreover, it operates when deposited on a wide range of substrates, due to the lack of back gate bias, enabling its possible use in stretchable and biocompatible electronics applications.","1944-9380","978-1-6654-5225-0","10.1109/NANO54668.2022.9928686","Generalitat de Catalunya(grant numbers:MCIN/AEI/10.13039/501100011033,PID2019-103869RB-C33,391); ","https://ieeexplore.ieee.org/stamp/stamp.jsp?arnumber=9928686","Graphene;Nanoribbon;Nanoelectronic Circuits","Photonic band gap;Logic circuits;Graphene;Logic gates;Elasticity;Logic functions;Nanoscale devices","","3","","22","IEEE","8 Nov 2022","4-8 July 2022","4-8 July 2022","IEEE","IEEE Conferences"
"Process Flow Modelling and Characterisation of Stacked Gate-All-Around Nanosheet Transistors","K. Mumba; S. Cai; K. Kalna","Department of Electronic & Electrical Engineering, Faculty of Science & Engineering, Swansea University Bay Campus, Swansea, Wales, United Kingdom; Department of Electronic & Electrical Engineering, Faculty of Science & Engineering, Swansea University Bay Campus, Swansea, Wales, United Kingdom; Faculty of Science & Engineering, Nanoelectronic Devices Computational Group, Swansea University Bay Campus, Swansea, Wales, United Kingdom",2022 IEEE 22nd International Conference on Nanotechnology (NANO),"8 Nov 2022","2022","","","271","274","A fabrication process of stacked n-type gate-all-around (GAA) triple nanosheet (NS) field-effect transistors (FETs) is modelled by the 3D Victory Process (TCAD by Silvaco). The modelling confirms that the NS FET process flow is highly compatible with the FinFET fabrication. To verify the accuracy of the process modelling, carrier transport in the NS FET is simulated by the 3D Victory Device using quantum corrected drift-diffusion. Simulated ID-VG characteristics at drain biases of 0.05 V and 0.7 V are in a very good agreement with experimental data, including the sub-threshold region. The 1st NS channel provides the largest contribution to current density, while additional channels still contribute by a good increase to current density. The stacked GAA NS FETs are proved to be the cost-effective and performance-fitting solution for the sub-5 nm CMOS technology nodes.","1944-9380","978-1-6654-5225-0","10.1109/NANO54668.2022.9928725","","https://ieeexplore.ieee.org/stamp/stamp.jsp?arnumber=9928725","","Fabrication;Solid modeling;Three-dimensional displays;Field effect transistors;Gallium arsenide;Molecular beam epitaxial growth;Tunneling","","4","","18","IEEE","8 Nov 2022","4-8 July 2022","4-8 July 2022","IEEE","IEEE Conferences"
"Compact Model for Oxygen Engineered Yttrium Oxide-Based Resistive Switching Devices","F. Aguirre; E. Piros; L. Alff; C. Hochberger; J. Gehrunger; S. Petzold; N. Kaiser; E. Jalaguier; E. Nolot; C. Charpin-Nicolle; T. Vogel; L. Molina-Luna; J. Suñé; E. Miranda","Departament d'Enginyeria Electrònica, Universitat Autònoma De Barcelona, Spain; Advanced Thin Film Technology Division, Institute of Materials Science, Technische Universität, Darmstadt, Germany; Advanced Thin Film Technology Division, Institute of Materials Science, Technische Universität, Darmstadt, Germany; Department of Electrical and Information Engineering, Computer systems Group, Technische Universität, Darmstadt, Germany; Department of Electrical and Information Engineering, Computer systems Group, Technische Universität, Darmstadt, Germany; Advanced Thin Film Technology Division, Institute of Materials Science, Technische Universität, Darmstadt, Germany; Advanced Thin Film Technology Division, Institute of Materials Science, Technische Universität, Darmstadt, Germany; CEA, Leti, France; CEA, Leti, France; CEA, Leti, France; Advanced Thin Film Technology Division, Institute of Materials Science, Technische Universität, Darmstadt, Germany; Advanced Electron Microscopy Division, Institute of Materials Science, Technische Universität, Darmstadt, Germany; Departament d'Enginyeria Electrònica, Universitat Autònoma De Barcelona, Spain; Departament d'Enginyeria Electrònica, Universitat Autònoma De Barcelona, Spain",2022 IEEE 22nd International Conference on Nanotechnology (NANO),"8 Nov 2022","2022","","","275","278","This paper reports a material-oriented behavioural compact model for bipolar-type memristive devices. The model is written for the SPICE simulator and specifically deals with oxygen engineered yttrium oxide layers as the switching material. The model is able to represent not only the hysteretic I-V loop as many other memristor models do but, importantly, also its dependence on the oxygen content of the dielectric film. The starting point of our proposal is the dynamic memdiode model, which is modified appropriately so as to incorporate statistical information about the device electrical characteristics extracted from a large measurements database. In this way, the switching behaviour of the structures (low and high current states, set and reset voltages, etc.) as a function of the oxide stoichiometry can be tested before fabrication. A similar strategy can be applied to any other material-related fabrication parameter. Remarkably, this option opens up a new dimension for circuit designers.","1944-9380","978-1-6654-5225-0","10.1109/NANO54668.2022.9928654","Federal Ministry of Education and Research (BMBF)(grant numbers:16ESE0298,16MEE0154); DFG(grant numbers:AL 560/13-2,384682067,MO 3010/3-1,AL 560/21-1); European Research Council (ERC)(grant numbers:805359-FOXON); Ministerio de Ciencia, Innovacion y Universidades, Spain(grant numbers:TEC2017-84321-C4-4-R,PCI2018-093107); ","https://ieeexplore.ieee.org/stamp/stamp.jsp?arnumber=9928654","RRAM;Compact model;SPICE;Memristor;Yttrium;Resistive Switching","Fabrication;Systematics;Oxygen;Fitting;Memristors;Switches;SPICE","","","","15","IEEE","8 Nov 2022","4-8 July 2022","4-8 July 2022","IEEE","IEEE Conferences"
"A simulation study of FET-based nanoelectrodes for active intracellular neural recordings","F. Leva; P. Palestri; L. Selmi","Dipartimento di Ingegneria Enzo Ferrari, University of Modena and Reggio Emilia, Modena, Italy; Polytechnic department of Engineering and Architecture, University of Udine Udine, Italy; Dipartimento di Ingegneria Enzo Ferrari, University of Modena and Reggio Emilia, Modena, Italy",2022 IEEE 22nd International Conference on Nanotechnology (NANO),"8 Nov 2022","2022","","","279","282","Active FET-based nanoelectrodes are promising candidates to serve as sensors for neural signal recording. Based on a multiscale-multiphysics TCAD modelling framework, we study the interaction of two representative nanoelectrode archi-tectures in intracellular contact with neurons. The methodology is explained, and DC, AC, and transient simulations are exten-sively used to compare the main performance metrics of the proposed structures. The lateral coating of the nanoelectrode results to be a key-parameter to control the sensor performance.","1944-9380","978-1-6654-5225-0","10.1109/NANO54668.2022.9928642","","https://ieeexplore.ieee.org/stamp/stamp.jsp?arnumber=9928642","neural recording;intracellular sensing;TCAD;modelling;Hodgkin-Huxley","Neurons;Symbols;Predictive models;Biomembranes;Numerical models;Sensors;Recording","","2","","18","IEEE","8 Nov 2022","4-8 July 2022","4-8 July 2022","IEEE","IEEE Conferences"
"A FinFET Design for Superior High-Voltage Performance","K. Oh; H. Kim; B. D. Kong; C. -K. Baek","Department of Electrical Engineering, Pohang University of Science and Technology (POSTECH), Pohang, South Korea; Department of Convergence IT Engineering, Pohang University of Science and Technology (POSTECH), Pohang, South Korea; Department of Electrical Engineering, Pohang University of Science and Technology (POSTECH), Pohang, South Korea; Department of Electrical Engineering, Pohang University of Science and Technology (POSTECH), Pohang, South Korea",2022 IEEE 22nd International Conference on Nanotechnology (NANO),"8 Nov 2022","2022","","","283","286","To mitigate the trade-off between breakdown voltage (VBD) and on-resistance (Ron) of high-voltage FinFETs, we propose the DMGFP-FF, in which a high-k field plate (FP) and dual material gate (DMG) are simultaneously applied to a conventional drain-extended FinFET. We analyze electric field, drain induced barrier lowering (DIBL), impact ionization, electron velocity and density of DMGFP-FF and SMG-FF using TCAD simulation. FP induces a charge variation in the drain extension (DE) resulting in electric field dispersion in gate-off state and electron accumulation in gate-on state. DMG forms a step-potential which induces electric field dispersion and DIBL suppression in gate-off state, and accelerates electrons in the channel in gate-on state. Consequently, as DMGFP-FF has high VBDand low Ron, the $\boldsymbol{V}_{\boldsymbol{\text{BD}}}-\boldsymbol{R}_{\boldsymbol{\text{on}}}$ trade-off is drastically reduced.","1944-9380","978-1-6654-5225-0","10.1109/NANO54668.2022.9928741","IDEC; ","https://ieeexplore.ieee.org/stamp/stamp.jsp?arnumber=9928741","","Analytical models;High-voltage techniques;Logic gates;FinFETs;Impact ionization;Semiconductor process modeling;High-k dielectric materials","","1","","13","IEEE","8 Nov 2022","4-8 July 2022","4-8 July 2022","IEEE","IEEE Conferences"
"Spin-Transfer Torque Magnetic Tunnel Junction Model Based on Fokker-Planck Equation for Stochastic Circuit Simulations","H. Liu; T. Ohsawa","Graduate School of Information, Production and Systems, Waseda University, Kitakyushu, Japan; Graduate School of Information, Production and Systems, Waseda University, Kitakyushu, Japan",2022 IEEE 22nd International Conference on Nanotechnology (NANO),"8 Nov 2022","2022","","","287","290","A spin-transfer torque magnetic tunnel junction (STT-MTJ) model is proposed which is based on Fokker-Planck equation and described by Verilog-A for stochastic circuit simulations by SPICE. A new framework to calculate the magnetization angle makes the model usable widely in STT-MT J applications. The model can be applied to general situations in which the electrical current flowing through an MTJ changes its strength and direction in time. The CPU time for simulation of a large-scale circuit is shown to be much shorter than the model which is based on stochastic Landau-Lifshitz-Gilbert-Slonczewsky (s-LLGS) equation with a Langevin field. The model is applied to a leaky integrate-and-fire (LIF) neuron circuit for spiking neural networks (SNNs).","1944-9380","978-1-6654-5225-0","10.1109/NANO54668.2022.9928695","University of Tokyo; Waseda University; ","https://ieeexplore.ieee.org/stamp/stamp.jsp?arnumber=9928695","","Semiconductor device modeling;Torque;Circuit simulation;Simulation;Neurons;Stochastic processes;Mathematical models","","1","","26","IEEE","8 Nov 2022","4-8 July 2022","4-8 July 2022","IEEE","IEEE Conferences"
"Design and Analysis of A Majority Logic Based Imprecise 6–2 Compressor for Approximate Multipliers","Y. Zhang; C. He; T. Zhang; J. Han; G. Xie","School of Microelectronics, Hefei University of Technology, Hefei, China; School of Microelectronics, Hefei University of Technology, Hefei, China; Department of Electrical and Computer Engineering, University of Alberta, Edmonton, AB, Canada; Department of Electrical and Computer Engineering, University of Alberta, Edmonton, AB, Canada; School of Microelectronics, Hefei University of Technology, Hefei, China",2022 IEEE 22nd International Conference on Nanotechnology (NANO),"8 Nov 2022","2022","","","291","294","Approximate computing is an emerging paradigm for trading off computing accuracy to reduce energy consumption and design complexity in a variety of applications, for which exact computation is not a critical requirement. Different from conventional designs using AND-OR and XOR gates, the majority gate is widely used in many emerging nanotechnologies. An ultra-efficient 6–2 compressor is proposed in this paper. It is composed of two majority gates that lead to low energy consumption and high hardware efficiency. The proposed compressor is utilized in the approximate partial product reduction of a modified $\boldsymbol{8\times 8}$ Dadda multiplier with a truncated structure. Experimental results show that this multiplier realizes a significant reduction in hardware cost, especially in terms of power and area, on average by up to 40% and 31% respectively, compared to exact and state-of-the-art designs. The application of image multiplication is also presented to assess the practicability of the multiplier. The results show that the proposed multiplier results in images with higher quality in peak signal to noise ratio (PSNR) and mean structural similarity index metric (MSSIM) compared to other designs.","1944-9380","978-1-6654-5225-0","10.1109/NANO54668.2022.9928768","","https://ieeexplore.ieee.org/stamp/stamp.jsp?arnumber=9928768","Approximate computing;majority logic;compressor;multiplier;image multiplication","Measurement;Energy consumption;Image coding;PSNR;Costs;Logic gates;Hardware","","6","","14","IEEE","8 Nov 2022","4-8 July 2022","4-8 July 2022","IEEE","IEEE Conferences"
"Circuit Topology and Synthesis Flow Co-Design for the Development of Computational ReRAM","C. Fernandez; I. Vourkas; A. Rubio","Dept. of Electronic Engineering, Universidad Tecnica Federico Santa Maria (UTFSM), Valparaiso, Chile; Dept. of Electronic Engineering, Universidad Tecnica Federico Santa Maria (UTFSM), Valparaiso, Chile; Dept. of Electronic Engineering, Universitat Politècnica de Catalunya (UPC), Barcelona, Spain",2022 IEEE 22nd International Conference on Nanotechnology (NANO),"8 Nov 2022","2022","","","395","398","Emerging memory technologies will play a decisive role in the quest for more energy-efficient computing systems. Computational ReRAM structures based on resistive switching devices (memristors) have been explored for in-memory computations using the resistance of ReRAM cells for storage and for logic I/O representation. Such approach presents three major challenges: the support for a memristor-oriented logic style, the ad-hoc design of memory array driving circuitry for memory and logic operations, and the development of dedicated synthesis tools to instruct the multi-level operations required for the execution of an arbitrary logic function in memory. This work contributes towards the development of an automated design flow for ReRAM-based computational memories, highlighting some important HW-SW co-design considerations. We briefly present a case study concerning a synthesis flow for a nonstateful logic style and the co-design of the underlying 1T1R crossbar array driving circuit. The prototype of the synthesis flow is based on the ABC tool and the Z3 solver. It executes fast owing to the level-by-level mapping of logic gates. Moreover, it delivers a mapping that minimizes the logic function latency through parallel logic operations, while also using the less possible ReRAM cells.","1944-9380","978-1-6654-5225-0","10.1109/NANO54668.2022.9928734","","https://ieeexplore.ieee.org/stamp/stamp.jsp?arnumber=9928734","memristor;resistive RAM;in-memory computing;logic synthesis;electronic design automation;ratioed logic","Resistance;Memory management;Prototypes;Memristors;Switches;Logic gates;Logic functions","","1","","13","IEEE","8 Nov 2022","4-8 July 2022","4-8 July 2022","IEEE","IEEE Conferences"
"A resistance switching device exhibiting potentiation and depression under the same voltage polarity","D. J. Mannion; W. H. Ng; A. Mehonic; T. J. Kenyon","Department of Electronic & Electrical Engineering, Univeristy College London (UCL), London, United Kingdom; Department of Electronic & Electrical Engineering, Univeristy College London (UCL), London, United Kingdom; Department of Electronic & Electrical Engineering, Univeristy College London (UCL), London, United Kingdom; Department of Electronic & Electrical Engineering, Univeristy College London (UCL), London, United Kingdom",2022 IEEE 22nd International Conference on Nanotechnology (NANO),"8 Nov 2022","2022","","","299","302","In this study we present a resistance switching device that exhibits analogue potentiation and depression of conductance in the same polarity. This is in contrast to devices studied previously which exhibit potentiation and depression in opposite polarities. This has the potential to reduce complexity of the surrounding circuitry in neuromorphic computing by only requiring voltage pulses of a single polarity. In this paper, we detail how to induce this unique behaviour in devices as well as how to tune its properties to a desired response.","1944-9380","978-1-6654-5225-0","10.1109/NANO54668.2022.9928726","","https://ieeexplore.ieee.org/stamp/stamp.jsp?arnumber=9928726","neuromorphic;synapse;resistance switching;memristor","Resistance;Rails;Electric potential;Neuromorphic engineering;Power supplies;Voltage;Switches","","1","","17","IEEE","8 Nov 2022","4-8 July 2022","4-8 July 2022","IEEE","IEEE Conferences"
"Quantum-Classical Variational Approaches with Single-Qubit Operation on Near-Term Quantum Processors","T. Miki; D. Tsukayama; R. Okita; M. Shimada; J. Shirakashi","Department of Electrical and Electronic Engineering, Tokyo University of Agriculture & Technology, Koganei, Tokyo, Japan; Department of Electrical and Electronic Engineering, Tokyo University of Agriculture & Technology, Koganei, Tokyo, Japan; Department of Electrical and Electronic Engineering, Tokyo University of Agriculture & Technology, Koganei, Tokyo, Japan; Department of Electrical and Electronic Engineering, Tokyo University of Agriculture & Technology, Koganei, Tokyo, Japan; Department of Electrical and Electronic Engineering, Tokyo University of Agriculture & Technology, Koganei, Tokyo, Japan",2022 IEEE 22nd International Conference on Nanotechnology (NANO),"8 Nov 2022","2022","","","303","306","Currently developed quantum devices have the potential to show a computational advantage if quantum applications exploit the devices efficiently. Variational quantum algorithms (VQAs) combine a quantum processor with a classical computer to minimize the expectation value of a problem Hamiltonian. An important element of VQAs is the state-preparation circuit, referred to as variational quantum circuit. To improve the ability for solving combinatorial optimizations with VQAs, we show that the variational quantum circuit with single-qubit gates only can find the ground state more quickly. We demonstrate our VQA by using real quantum processors through IBM Quantum. As a result, the variational circuit with single-qubit gates takes four times smaller numbers of function evaluations than that with entangling gates, such as controlled-X gates.","1944-9380","978-1-6654-5225-0","10.1109/NANO54668.2022.9928623","","https://ieeexplore.ieee.org/stamp/stamp.jsp?arnumber=9928623","","Performance evaluation;Quantum computing;Quantum algorithm;Stationary state;Qubit;Logic gates;Noise measurement","","","","37","IEEE","8 Nov 2022","4-8 July 2022","4-8 July 2022","IEEE","IEEE Conferences"
"Dynamically Reconfigurable Cryogenic Spiking Neuron based on Superconducting Memristor","M. M. Islam; S. Alam; M. S. Hossain; A. Aziz","Department of Electrical Engineering and Computer Science, University of Tennessee, Knoxville, TN, USA; Department of Electrical Engineering and Computer Science, University of Tennessee, Knoxville, TN, USA; Dept. of Physics, Princeton University, Princeton, NJ, USA; Department of Electrical Engineering and Computer Science, University of Tennessee, Knoxville, TN, USA",2022 IEEE 22nd International Conference on Nanotechnology (NANO),"8 Nov 2022","2022","","","307","310","We propose an artificial neuron topology that can be electronically reconfigured and dynamically tuned to alter its spiking rate ($f_{SPIKE}$). Our design employs two interacting cryogenic oscillators, both comprising a superconducting nanowire (ScNW) and a superconducting memristor (ScM). The two ScMs can be programmed into two resistive states through controlled current flow, collectively leading to four resistive combinations. The proposed neuron exhibits major changes in its $f_{SPIKE}$ depending on the states of the ScM pair. Moreover, the spike rates can be further tuned by invoking gradual changes in the external bias current. To facilitate dynamic and independent programming of the ScMs, we employ a heater cryotron that selectively channels the bias current through the ScMs. We demonstrate (through simulations) minimum and maximum $f_{SPIKE}$ of ∼750 KHz and ∼2.5 MHz, respectively. We observe two distinct spike amplitudes ($\sim 1\ \mu \mathrm{V}$ and $\sim 1.8\ \mu \mathrm{V}$) in the neuronal oscillations. The proposed neuron consumes (estimated) ∼10 atto-Joule per spike (without considering the cooling energy).","1944-9380","978-1-6654-5225-0","10.1109/NANO54668.2022.9928634","Air Force Research Laboratory(grant numbers:FA8750-21-1-1018); ","https://ieeexplore.ieee.org/stamp/stamp.jsp?arnumber=9928634","Cryogenic;Heater Cryotron;Memristor;Oscillator;Nanowire;Neuron;Spiking;Superconductor","Histograms;Neuromorphics;Neurons;Memristors;Cryogenics;Switches;Programming","","6","","20","IEEE","8 Nov 2022","4-8 July 2022","4-8 July 2022","IEEE","IEEE Conferences"
"Recent Advances and Challenges of Magnetic Scaffolds for Tumor Hyperthermia and Tissue Engineering","M. B. Lodi","Department of Electrical and Electronic Engineering, University of Cagliari, Cagliari, Italy",2022 IEEE 22nd International Conference on Nanotechnology (NANO),"8 Nov 2022","2022","","","317","320","Biomedicine is seeking multifunctional tools for multimodal effective treatments. Biomaterials functionalized with magnetic nanoparticles are promising candidates for developing innovative tissue engineering devices, through magnetically targeted drug delivery strategies, and for radiofrequency magnetic hyperthermia against tumors. This work deals with the summary of the most recent advances about magnetic scaffolds, while providing theoretical and numerical models for studying their use for biomedical applications, and with the outline of the challenges and future perspective of this class of functional nanocomposite biomaterials.","1944-9380","978-1-6654-5225-0","10.1109/NANO54668.2022.9928627","","https://ieeexplore.ieee.org/stamp/stamp.jsp?arnumber=9928627","hyperthermia;magnetic nanoparticles;scaffolds;tissue engineering;tumors","Radio frequency;Targeted drug delivery;Tissue engineering;Magnetic devices;Magnetic nanoparticles;Numerical models;Hyperthermia","","2","","12","IEEE","8 Nov 2022","4-8 July 2022","4-8 July 2022","IEEE","IEEE Conferences"
"Functionalized Mesoporous Silica Nanoparticles for Drug Delivery to Glioblastoma Multiforme","N. Ž. Knežević; N. Ilić; G. N. Kaluđerović","BioSense Institute, University of Novi Sad, Novi Sad, Serbia; University of Applied Sciences Merseburg, Merseburg, Germany; Department of Engineering and Natural Sciences, University of Applied Sciences Merseburg, Merseburg, Germany",2022 IEEE 22nd International Conference on Nanotechnology (NANO),"8 Nov 2022","2022","","","321","324","Mesoporous silica nanoparticles (MSN) are covalently functionalized with Ir(III)-based complex and further characterized by nitrogen sorption, SEM, FTIR, EDS, TGA, DSC, DLS and zeta potential measurements. Controlled, pH-responsive delivery Ir(III)-complexes was noticed and demonstrated for efficient treatment of glioblastoma multiforme (GBM) cells upon exposure to acidification.","1944-9380","978-1-6654-5225-0","10.1109/NANO54668.2022.9928669","","https://ieeexplore.ieee.org/stamp/stamp.jsp?arnumber=9928669","","Silicon compounds;Nanoparticles;Drug delivery;Mesoporous materials;Nitrogen;Nanotechnology","","1","","21","IEEE","8 Nov 2022","4-8 July 2022","4-8 July 2022","IEEE","IEEE Conferences"
"In-situ Raman spectroscopy investigation on the effect of heat treatment on a UDMA-TEGDMA copolymer nanocomposite doped with gold nanorods","A. Bonyár; A. Borók; M. Szalóki; I. Rigó; M. Veres","Department of Electronics Technology, Faculty of Electrical Engineering and Informatics, Budapest University of Technology and Economics, Budapest, Hungary; Department of Electronics Technology, Faculty of Electrical Engineering and Informatics, Budapest University of Technology and Economics, Budapest, Hungary; Department of Biomaterials and Prosthetic Dentistry, Faculty of Dentistry, University of Debrecen, Debrecen, Hungary; Wigner Research Centre for Physics, Budapest, Hungary; Wigner Research Centre for Physics, Budapest, Hungary",2022 IEEE 22nd International Conference on Nanotechnology (NANO),"8 Nov 2022","2022","","","325","328","The effects of heat treatment on a urethane dimethacrylate (UDMA) - triethylene glycol dimethacrylate (TEGDMA) copolymer with and without gold nanorod doping were investigated with in-situ Raman spectroscopy. The copolymer was prepared in 3:1 ratio, and $25\ \text{nm} \times 85\ \text{nm}$ gold nanorods in 0.1236 m/m% concentration were doped into the mixture. Heating and cooling cycles were applied between 30°C to 140°C, and two characteristic vibration bands at 1447 cm−1 (C-H bond) and 1638 cm−1 (methacrylate C=C stretching) were monitored with in-situ Raman spectroscopy with 532 nm excitation. The measured peak intensities were used to calculate the degree of conversion $(DC)$ of the polymers. The effect of gold nanorod doping and thermal treatments on the $DC$ is discussed.","1944-9380","978-1-6654-5225-0","10.1109/NANO54668.2022.9928673","European Union(grant numbers:VEKOP-2.3.2-16-2016-00011); European Social Fund; ","https://ieeexplore.ieee.org/stamp/stamp.jsp?arnumber=9928673","","Heating systems;Vibrations;Gold;Spectroscopy;Heat treatment;Wavelength measurement;Raman scattering","","1","","8","IEEE","8 Nov 2022","4-8 July 2022","4-8 July 2022","IEEE","IEEE Conferences"
"An Early Diagnostic Nano Method for Chronic Kidney Disease Using Surface Enhanced Raman Spectroscopy","D. Hu; A. McClelland; T. H. Zeng","Class of 2024, Phillips Exeter Academy, Exeter, NH, USA; Center for Nanoscale Systems, Harvard University, Cambridge, MA, USA; Academy for Advanced Research and Development, Cambridge, MA, USA",2022 IEEE 22nd International Conference on Nanotechnology (NANO),"8 Nov 2022","2022","","","329","332","Chronic Kidney Disease (CKD) is a common cause of death in the United States, often attributed to late diagnosis. In many cases, CKD develops without any symptoms and progresses into renal failure. Thus, early detection methods are important to starting treatments. Currently clinical diagnosis of CKD depends on the patients' Glomerular Filtration Rate (GFR), which directly involves the detection of patient's creatinine concentration in their blood samples. However, the clinical method is slow, costly, and requires laboratory work. To provide better solutions for this clinical problem, in this innovative research, a novel nano-analysis method has been explored through Surface Enhanced Raman Spectroscopy (SERS) with the use of silver nanoparticles (Ag NPs). This nano-analysis method has the advantages of simplicity, low cost, speed, high sensitivities and the potential to be turned into a point of care device. In this project, we also include the analysis of another biomarker of CKD, cystatin-c, increasing the accuracy of GFR estimation equations. We have demonstrated this new nano analysis method with synthetic blood samples. Results showed SERS has potential for use of a screening method of CKD. We demonstrated detection of creatinine at ∼1mg/dL with average error of 3.5% and detection of cystatin-c at ∼1mg/L with an average error of 16%.","1944-9380","978-1-6654-5225-0","10.1109/NANO54668.2022.9928598","Harvard University; ","https://ieeexplore.ieee.org/stamp/stamp.jsp?arnumber=9928598","Chronic Kidney Disease;GFR;SERS;Serum Creatinine","Nanoparticles;Silver;Sensitivity;Filtration;Raman scattering;Point of care;Estimation","","","","14","IEEE","8 Nov 2022","4-8 July 2022","4-8 July 2022","IEEE","IEEE Conferences"
"Classification of DNA Sequences: Performance Evaluation of Multiple Machine Learning Methods","Y. Wang; V. Khandelwal; A. K. Das; M. P. Anantram","Dept. of Electrical and Computer Engineering, University of Washington, Seattle, USA; Interlake High School, Bellevue, USA; Dept. of Computer Science and Electrical Engineering, Eastern Washington University, Cheney, USA; Dept. of Electrical and Computer Engineering, University of Washington, Seattle, USA",2022 IEEE 22nd International Conference on Nanotechnology (NANO),"8 Nov 2022","2022","","","333","336","Polymerase chain reaction (PCR) has long been the mainstay in genetic sequencing and identification. Irrespective of whether short read or long read technologies are adopted, PCR methods are generally time consuming and expensive. Recently, an all-electronic approach, the so-called Single Molecule Break Junction (SMBJ) method, has been proposed as a possible alternative to PCR. In this article, we evaluate the performance of four different classifier models on the current signatures of ten short strand sequences, including a pair that differs by a single mismatch. We find that a gradient boosted tree classifier model achieves impressive accuracies, ranging from approximately 96% for molecules differing by a single mismatch to 99.5% otherwise.","1944-9380","978-1-6654-5225-0","10.1109/NANO54668.2022.9928773","","https://ieeexplore.ieee.org/stamp/stamp.jsp?arnumber=9928773","","Performance evaluation;Sequential analysis;DNA;Real-time systems;Distance measurement;Polymers;Labeling","","2","","6","IEEE","8 Nov 2022","4-8 July 2022","4-8 July 2022","IEEE","IEEE Conferences"
"Introduction of nanoscale positive controls for nanotoxicology: A new aspect of utilization of stability-enhanced Gold-Polyethyleneimine conjugates (Au-PEIs)","T. J. Cho; V. Hackley; V. Reipa; A. Tona; C. Sims; N. Farkas","Materials Measurement Science Division National, Institute of Standards and Technology, Gaithersburg, MD, USA; Materials Measurement Science Division National, Institute of Standards and Technology, Gaithersburg, MD, USA; Biosystems and Biomaterials Division, National Institute of Standards and Technology, Gaithersburg, MD, USA; Biosystems and Biomaterials Division, National Institute of Standards and Technology, Gaithersburg, MD, USA; Materials Science and Engineering Division, National Institute of Standards and Technology, Gaithersburg, MD, USA; Microsystem and Nanotechnology Division, National Institute of Standards and Technology, Gaithersburg, MD, USA",2022 IEEE 22nd International Conference on Nanotechnology (NANO),"8 Nov 2022","2022","","","337","340","We report on a stability-enhanced suspension of gold-polyethyleneimine conjugates (Au-PEIs), prepared by an optimized synthetic process. The physicochemical properties of Au-PEIs were characterized using several analytical instruments including dynamic light scattering, UV-Vis, transmission electron microscope, and atomic force microscope. The nanoparticles in this report have shown excellent colloidal stability to avoid particle-particle interactions in various aqueous environments, which is very critical to become effective materials in nanomedicine. Most importantly, the cytotoxicity of Au-PEIs has been investigated by cell viability assays using a variety of cell lines (CHO K1, HeLa, and A549) and has significant toxicity in common, appeared to be more toxic than a traditional positive control (CdSO4). This suggests the potential for use as a universal nanoscale positive control material in nanotoxicity studies.","1944-9380","978-1-6654-5225-0","10.1109/NANO54668.2022.9928706","","https://ieeexplore.ieee.org/stamp/stamp.jsp?arnumber=9928706","gold nanoparticles;polyethyleneimine;colloidal stability;nanotoxicity;nanoscale positive control","Nanoparticles;Atomic force microscopy;Gold;Toxicology;Transmission electron microscopy;Light scattering;Nanoscale devices","","1","","12","IEEE","8 Nov 2022","4-8 July 2022","4-8 July 2022","IEEE","IEEE Conferences"
"Trace PFAS Detection in Water Sources Using Silver Nanoparticles for Surface-Enhanced Raman Spectroscopy (SERS)","T. Huang; A. McClelland; T. H. Zeng","Class of 2024, Wellesley High School, Wellesley, MA, USA; Center for Nanoscale Systems, Harvard University, Cambridge, MA, USA; Academy for Advanced Research and Development, Cambridge, MA, USA",2022 IEEE 22nd International Conference on Nanotechnology (NANO),"8 Nov 2022","2022","","","342","345","Per- and polyfluoroalkyl substances (PFASs) are a family of environmentally persistent, industrial chemicals. PFAS exposure has been identified as a public health threat, with water considered as a major pathway for PFAS exposure. Current PFAS analysis methods are time-consuming, not sensitive enough, and not easily accessible, obstructing the advancement of already limited PFAS research and the creation of public health regulations. This project's objective was to explore an alternate, more sensitive method for the detection of trace PFASs. Surface-enhanced Raman spectroscopy (SERS) was chosen as an analytical method for PFAS analysis. 40nm silver nanoparticles (AgNPs) were used to achieve the localized surface plasmon resonance (LSPR) effect of SERS. The SERS method is able to detect PFAS levels as low as 20 femtograms per liter in less than 30 seconds. The SERS method shows potential to advance research investigations of PFAS pollution by being faster, more sensitive, and easier to use.","1944-9380","978-1-6654-5225-0","10.1109/NANO54668.2022.9928684","Harvard University; ","https://ieeexplore.ieee.org/stamp/stamp.jsp?arnumber=9928684","PFAS;PFOA;PFOS;SERS;Ag Nanoparticles","Nanoparticles;Silver;Surface contamination;Raman scattering;Water pollution;Regulation;Public healthcare","","7","","15","IEEE","8 Nov 2022","4-8 July 2022","4-8 July 2022","IEEE","IEEE Conferences"
"Comparison of Different Approaches used for Estimation of Electrostatics in UTB devices","N. V. Mishra; H. Kansal; R. Solanki; A. S. Medury","Department of Electrical Engineering and Computer Science, Indian Institute of Science Education and Research, Bhopal, MP, India; Department of Electrical Engineering and Computer Science, Indian Institute of Science Education and Research, Bhopal, MP, India; Department of Electrical Engineering and Computer Science, Indian Institute of Science Education and Research, Bhopal, MP, India; Department of Electrical Engineering and Computer Science, Indian Institute of Science Education and Research, Bhopal, MP, India",2022 IEEE 22nd International Conference on Nanotechnology (NANO),"8 Nov 2022","2022","","","347","350","With the scaling of SOI channel and oxide thicknesses in Ultra-thin Body (UTB) devices, Quantum Confinement Effects (QCEs) becomes significant and need to be considered for accurate estimation of electrostatics parameters such as electron density inside the channel. In this work, we propose to use a $sp^{3}d^{5}s^{\ast}$ Tight-Binding (TB) scheme by suitably selecting the significant k-points around the band minima, which makes this approach computationally efficient while being accurate to account for Quantum Confinement Effects. Thus through comparison of electrostatics obtained from other approaches, such as Effective Mass Approximation (EMA) used by SCHRED and Density Gradient Approach (DGM) used in TCAD, we show the importance of using the TB based approach as it is shown to be far more accurate in considering Quantum confinement effects compared to other existing approaches.","1944-9380","978-1-6654-5225-0","10.1109/NANO54668.2022.9928722","(SERB), Government of India(grant numbers:ECR/2017/000011); ","https://ieeexplore.ieee.org/stamp/stamp.jsp?arnumber=9928722","","Potential well;Channel estimation;Estimation;Logic gates;Nanoscale devices;Computational efficiency;Effective mass","","1","","11","IEEE","8 Nov 2022","4-8 July 2022","4-8 July 2022","IEEE","IEEE Conferences"
"Tuneable Breakdown Voltage in Amorphous Silicon P-I-N Photo-detectors for Single Photon Imaging","S. S. Panda; Z. Li; B. Choubey","Institute of Analogue Circuits and Image Sensors, University of Siegen, Siegen, Germany; Institute of Analogue Circuits and Image Sensors, University of Siegen, Siegen, Germany; Institute of Analogue Circuits and Image Sensors, University of Siegen, Siegen, Germany",2022 IEEE 22nd International Conference on Nanotechnology (NANO),"8 Nov 2022","2022","","","355","358","Single Photon Avalanche Diodes (SPAD) have been widely used as the photo-detectors of choice in CMOS single photon imagers. These are p-n diodes which are biased at a voltage higher than its breakdown voltage and hence, suffer from high power requirements. Additionally, the breakdown voltage of such diodes is predetermined by the fabrication process and cannot be tuned easily. Reducing the breakdown voltage in such diodes can result in reduced power consumption, consequently, enabling the design of low power imagers. In this paper, we present a novel hydrogenated amorphous silicon (a-Si:H) p-i-n diode operating in avalanche mode for single photon imaging applications. Built with nanometer dimensions, simulation results demonstrate that breakdown voltage tunability of these diodes can be achieved by varying the thin film layer thickness and doping concentration of each layer, leading to breakdown voltage as low as 6 V.","1944-9380","978-1-6654-5225-0","10.1109/NANO54668.2022.9928715","","https://ieeexplore.ieee.org/stamp/stamp.jsp?arnumber=9928715","","Semiconductor device modeling;Power demand;Simulation;Imaging;Doping;Amorphous silicon;Semiconductor process modeling","","3","","13","IEEE","8 Nov 2022","4-8 July 2022","4-8 July 2022","IEEE","IEEE Conferences"
"Fabrication and Characterization of Self-Assembled Thin Films with Cerium Dioxide Nanoparticles and Polymer","D. M. Topasna; M. Lopez; F. M. Mateja; T. E. Daigneau","Department of Physics and Astronomy, Virginia Military Institute, Lexington, VA, USA; Department of Physics and Astronomy, Virginia Military Institute, Lexington, VA, USA; Department of Physics and Astronomy, Virginia Military Institute, Lexington, VA, USA; Department of Physics and Astronomy, Virginia Military Institute, Lexington, VA, USA",2022 IEEE 22nd International Conference on Nanotechnology (NANO),"8 Nov 2022","2022","","","359","362","We present results on the fabrication, optical properties, and morphology of ionic self-assembled monolayers thin films that incorporate 25- nm cerium dioxide nanoparticles and poly(styrene sulfonic acid sodium salt). The films were characterized by UV-Vis spectroscopy, SEM, EDS, and AFM techniques. Our measurements indicate a uniform buildup of the layers and homogeneous coverage of the substrate. Transmittance at 360 nm decreases by 3% for each layer of CeO2, while there is negligible change in transmittance when the polymer layer is added.","1944-9380","978-1-6654-5225-0","10.1109/NANO54668.2022.9928728","VMI Jackson-Hope Wetmore Fund; ","https://ieeexplore.ieee.org/stamp/stamp.jsp?arnumber=9928728","","Nanoparticles;Temperature sensors;Self-assembly;Temperature;Sodium;Optical device fabrication;Cerium","","","","21","IEEE","8 Nov 2022","4-8 July 2022","4-8 July 2022","IEEE","IEEE Conferences"
"Improvement in non-volatile ferroelectric storage properties of metal-ferroelectric-insulating-silicon (MFIS) FETs using Al-LiNbO3-HfO2-Si structure","A. Debnath; S. K. Lalwani; S. Singh; Sunny","Department of Electronics and communication, Indian Institute of Information Technology-Allahabad, INDIA; Department of Electronics and communication, Indian Institute of Information Technology-Allahabad, INDIA; Department of Electronics and communication, Indian Institute of Information Technology-Allahabad, INDIA; Department of Electronics and communication, Indian Institute of Information Technology-Allahabad, INDIA",2022 IEEE 22nd International Conference on Nanotechnology (NANO),"8 Nov 2022","2022","","","363","366","The RF sputtering deposition of HfO2 as a high dielectric insulating material and LiNbO3 as the perovskite ferroelectric material, to fabricate the Metal - Ferroelectric - Insulator - Semiconductor (MFIS) structure for the application in non-volatile memory storage is investigated. The interfacial layer between the substrate and the ferroelectric film generally causes deleterious effects in the capacitance, yet the other distinctive properties of the interfacial layers provide advantageous results. The inserted HfO2 insulating layer thickness is optimized at 10 nm and the ferroelectric film has a thickness of 30 nm deposited. The leakage current is reduced by a factor of 10 and the improved memory window of 2.3 V for the voltage sweep of + 10 V to −10 V is obtained. Endurance of (∼1011 cycles) is achieved. The low coercive voltage of ∼2.4 V during the polarization characterization of the structure also shows its potential for low-power memory application.","1944-9380","978-1-6654-5225-0","10.1109/NANO54668.2022.9928630","","https://ieeexplore.ieee.org/stamp/stamp.jsp?arnumber=9928630","RF sputtering;Ferroelectrics;perovskite;memory window;endurance","Radio frequency;Ferroelectric films;Nonvolatile memory;Voltage;Perovskites;Hafnium compounds;Magnetic field induced strain","","","","21","IEEE","8 Nov 2022","4-8 July 2022","4-8 July 2022","IEEE","IEEE Conferences"
"Fantastic bonding: makes fabrication on Kapton films effortless for 2D material devices","S. S. Yarajena; A. K. Naik","Centre for Nano Science and Engineering, Indian Institute of Science, Bangalore, India; Centre for Nano Science and Engineering, Indian Institute of Science, Bangalore, India",2022 IEEE 22nd International Conference on Nanotechnology (NANO),"8 Nov 2022","2022","","","367","370","In this study, we propose a simple temporary bonding method to bond Kapton films to the carrier wafer (silicon). It involves using a clean elastomer film as an intermediate layer for bonding. After the fabrication process, the substrate can be auto-released just by controlling the acetone (solvent) treatment time. The proposed method does not require any specialized equipment for the bonding. Using this method, we have fabricated 2D-material-based devices on Kapton films bonded to the carrier wafer using conventional nanofabrication methods. Devices fabricated on the released Kapton films are tested by performing strain-dependent electrical characterization. The technique presented would be of significant interest to fabricate devices on Kapton substrates for piezotronics, wearable electronics, sensors, and many others.","1944-9380","978-1-6654-5225-0","10.1109/NANO54668.2022.9928714","","https://ieeexplore.ieee.org/stamp/stamp.jsp?arnumber=9928714","","Fabrication;Performance evaluation;Solvents;Films;Wearable computers;Sensor phenomena and characterization;Silicon","","1","","15","IEEE","8 Nov 2022","4-8 July 2022","4-8 July 2022","IEEE","IEEE Conferences"
"Obtaining Cu2O nanoparticles doped with Lanthanum, Magnesium and Manganese using a displacement reaction","M. Guzman; W. Tian; C. Walker; J. E. Herrera","Department of Engineering, Pontifical Catholic University of Peru, Lima, Peru; Department of Chemical and Biochemical Engineering, Western University, London, Canada; Department of Chemical and Biochemical Engineering, Western University, London, Canada; Department of Chemical and Biochemical Engineering, Western University, London, Canada",2022 IEEE 22nd International Conference on Nanotechnology (NANO),"8 Nov 2022","2022","","","371","374","Since cuprous oxide (Cu2O) has a lower band gap (2.17 eV) and a high optical absorption coefficient, it is considered an interesting material for photocatalyst applications. In fact, this semiconductor is promising as it can be used in photovoltaic and photocatalytic applications. Cuprous oxide nanoparticles were obtained by the modified chemical precipitation method. The samples obtained were doped with lanthanum (La), magnesium (Mg) and manganese (Mn) through modified displacement reactions. The doped and un-doped Cu2O nanoparticles were characterized using X-ray diffraction (XRD), X-ray energy dispersive scanning electron microscopy (SEM-EDS), ultraviolet-visible spectroscopy (UV-VIS), and transmission electron microscopy (TEM). The results confirmed the formation of crystalline nanoparticles of Cu2O with a cubic cuprite phase structure. The nanoparticles obtained have average diameters between 12 and 30 nm.","1944-9380","978-1-6654-5225-0","10.1109/NANO54668.2022.9928683","Pontifical Catholic University of Peru; ","https://ieeexplore.ieee.org/stamp/stamp.jsp?arnumber=9928683","cuprous oxide nanoparticles;lanthanum;magnesium;manganese","Nanoparticles;Scanning electron microscopy;Spectroscopy;Optical diffraction;X-ray scattering;Transmission electron microscopy;X-ray diffraction","","","","30","IEEE","8 Nov 2022","4-8 July 2022","4-8 July 2022","IEEE","IEEE Conferences"
"Effect of ac magnetic field on single qubit gate operation in noisy environment","Y. Tiwari; T. Sarkar; V. S. Poonia","Department of Electronics and Communication, Indian Institute of Technology, Roorkee, Uttrakhand, India; Department of Electrical Engineering, Indian Institute of Technology, Roorkee, Uttrakhand, India; Department of Electronics and Communication, Indian Institute of Technology, Roorkee, Uttrak-hand, India",2022 IEEE 22nd International Conference on Nanotechnology (NANO),"8 Nov 2022","2022","","","375","378","Quantum dot-based single spin qubit systems are resilient towards charge noise and are primarily affected by the noise due to magnetic interactions. Qubit interaction with the environment causes relaxation and decoherence of their quantum states. Hyperfine interaction due to spin of nuclei surrounding the electron and phononic interaction due to spin-orbit interaction are the dominant mechanisms through which GaAs-based quantum dot (QD) qubits undergo decoherence. The external control parameters i.e. static and ac magnetic fields are directly related to the decoherence. This limits the range of values of these parameters for which gate operations can be done successfully. In this work, using a single qubit NOT gate operation, we investigate the impact of varying static and ac magnetic fields on decoherence suppression. We report an increment in the usable range of the static magnetic field value with an increase in ac magnetic field strength in low and high static magnetic field regimes.","1944-9380","978-1-6654-5225-0","10.1109/NANO54668.2022.9928639","","https://ieeexplore.ieee.org/stamp/stamp.jsp?arnumber=9928639","","Qubit;Quantum dots;Logic gates;Quantum state;Magnetic noise;Magnetic fields;Noise measurement","","2","","12","IEEE","8 Nov 2022","4-8 July 2022","4-8 July 2022","IEEE","IEEE Conferences"
"An Improved Electro-Kinetic Model for Material Transport on Cr Thin Films","S. N. Ghosh; S. Talukder","Department of Electrical Engineering & Computer Science, Indian Institute of Science Education & Research Bhopal, Bhopal, India; Department of Electrical Engineering & Computer Science, Indian Institute of Science Education & Research Bhopal, Bhopal, India",2022 IEEE 22nd International Conference on Nanotechnology (NANO),"8 Nov 2022","2022","","","381","384","Material transport in liquid phase is observed when high magnitude electric field is applied on chromium (Cr) thin films. The high electric field assist in the initiation of a chemical reaction that results in formation of a liquid material. The liquid material appears to flow out in a radially symmetric manner from the negative electrode. The material transport phenomena on Cr thin films are used for a lithography process, known as electrolithography (ELG). Various electrical parameters can be varied in order to control the rate of material transport. However, it is crucial to understand how the electrical properties of the material evolve, which will help us to control the electrical parameters efficiently in order to get steady patterns. In this paper, an improved model is proposed to help understand this material transport phenomenon from an electrical aspect and help attain a greater command over the ELG process. The proposed model is verified using experimental results.","1944-9380","978-1-6654-5225-0","10.1109/NANO54668.2022.9928596","","https://ieeexplore.ieee.org/stamp/stamp.jsp?arnumber=9928596","Electromigration;Electric field;Mass Transport;Modelling","Electrodes;Liquids;Lithography;Chromium;Chemical reactions;Electric fields;Nanotechnology","","2","","14","IEEE","8 Nov 2022","4-8 July 2022","4-8 July 2022","IEEE","IEEE Conferences"
"Modeling and Simulation of DNA Origami based Electronic Read-only Memory","A. De; H. Mohammad; Y. Wang; R. Kubendran; A. K. Das; M. P. Anantram","Electronics and Telecommunication Engineering, Jadavpur University, Kolkata, India; Electrical and Computer Engineering, University of Washington, Seattle, USA; Electrical and Computer Engineering, University of Washington, Seattle, USA; Electrical and Computer Engineering, University of Pittsburg, Pittsburg, USA; Computer Science and Electrical Engineering, Eastern Washington University, Cheney, USA; Electrical and Computer Engineering, University of Washington, Seattle, USA",2022 IEEE 22nd International Conference on Nanotechnology (NANO),"8 Nov 2022","2022","","","385","388","Deoxyribonucleic acid (DNA) has emerged as a promising building block for designing next-generation ultra-high density storage devices. Although DNA is highly durable and extremely high density in nature, its potential as the basis of storage devices is currently hindered by limitations such as expensive and complex fabrication processes and time-consuming read-write operations. In this article, we propose the use of a DNA crossbar array architecture for an electrically-readable Read-Only Memory (DNA-ROM). For DNA-ROM, we have chosen two DNA strands for representing Bit 1 and Bit 0 respectively. DNA charge transport has been studied through a ‘contact-DNA-contact’ setup. The results obtained from the DNA charge transport study have been used to analyze the crossbar array. The performance has been analyzed by loading an image onto a 128×128 crossbar. For this application, we have observed a bit error rate of 4.52% and power consumption of 6.75 µW.","1944-9380","978-1-6654-5225-0","10.1109/NANO54668.2022.9928676","NSF(grant numbers:1807391); ","https://ieeexplore.ieee.org/stamp/stamp.jsp?arnumber=9928676","Deoxyribose Nucleic Acid (DNA);Nanoelectronics;Memory Storage","Performance evaluation;Power demand;Loading;DNA;Prototypes;Memory;Data models","","4","","24","IEEE","8 Nov 2022","4-8 July 2022","4-8 July 2022","IEEE","IEEE Conferences"
"Exploring the stacking of devices in a vertical nanowire to implement IC","E. Amat; A. del Moral; V. Soler; J. Bausells; F. Perez-Murano","Institute of Microelectronics of Barcelona (IMB-CNM, CSIC), Bellaterra, Spain; Institute of Microelectronics of Barcelona (IMB-CNM, CSIC), Bellaterra, Spain; Institute of Microelectronics of Barcelona (IMB-CNM, CSIC), Bellaterra, Spain; Institute of Microelectronics of Barcelona (IMB-CNM, CSIC), Bellaterra, Spain; Institute of Microelectronics of Barcelona (IMB-CNM, CSIC), Bellaterra, Spain",2022 IEEE 22nd International Conference on Nanotechnology (NANO),"8 Nov 2022","2022","","","389","392","Stacking devices in a 3D configuration by using a vertical topology are the next step to reduce electronic devices and circuits area foot-print. We propose the realization of a CMOS inverter by multiple sequential deposition of inter-metal and metal layers around a vertical NW. This new device concept is simulated and optimized by using Sentaurus 3D TCAD simulations. We prove the suitability of this proposal and analyze the influence of different device design parameters to enhance its performance.","1944-9380","978-1-6654-5225-0","10.1109/NANO54668.2022.9928769","","https://ieeexplore.ieee.org/stamp/stamp.jsp?arnumber=9928769","","Semiconductor device modeling;Performance evaluation;Solid modeling;Three-dimensional displays;Stacking;Nanoscale devices;Topology","","2","","16","IEEE","8 Nov 2022","4-8 July 2022","4-8 July 2022","IEEE","IEEE Conferences"
"Physics-inspired Ising Computing with Ring Oscillator Activated p-bits","N. A. Aadit; A. Grimaldi; G. Finocchio; K. Y. Camsari","Department of Electrical and Computer Engineering, University of California, Santa Barbara, Santa Barbara, CA, USA; Department of Mathematical and Computer Sciences, Physical Sciences and Earth Sciences, University of Messina, Messina, Italy; Department of Mathematical and Computer Sciences, Physical Sciences and Earth Sciences, University of Messina, Messina, Italy; Department of Electrical and Computer Engineering, University of California, Santa Barbara, Santa Barbara, CA, USA",2022 IEEE 22nd International Conference on Nanotechnology (NANO),"8 Nov 2022","2022","","","393","396","The nearing end of Moore's Law has been driving the development of domain-specific hardware tailored to solve a special set of problems. Along these lines, probabilistic computing with inherently stochastic building blocks (p-bits) have shown significant promise, particularly in the context of hard optimization and statistical sampling problems. p-bits have been proposed and demonstrated in different hardware substrates ranging from small-scale stochastic magnetic tunnel junctions (sMTJs) in asynchronous architectures to large-scale CMOS in synchronous architectures. Here, we design and implement a truly asynchronous and medium-scale p-computer (with $\approx \mathbf{800}\ \mathbf{p}-\mathbf{bits}$) that closely emulates the asynchronous dynamics of sMTJs in Field Programmable Gate Arrays (FP-GAs). Using hard instances of the planted Ising glass problem on the Chimera lattice, we evaluate the performance of the asynchronous architecture against an ideal, synchronous design that performs parallelized (chromatic) exact Gibbs sampling. We find that despite the lack of any careful synchronization, the asynchronous design achieves parallelism with comparable algorithmic scaling in the ideal, carefully tuned and parallelized synchronous design. Our results highlight the promise of massively scaled p-computers with millions of free-running p-bits made out of nanoscale building blocks such as stochastic magnetic tunnel junctions.","1944-9380","978-1-6654-5225-0","10.1109/NANO54668.2022.9928681","National Science Foundation(grant numbers:CCF 2106260); Samsung GRO program; ","https://ieeexplore.ieee.org/stamp/stamp.jsp?arnumber=9928681","p-bits;combinatorial optimization;planted Ising;Chimera lattice;asynchronous computing;massive parallelism;magnetic tunnel junctions","Semiconductor device modeling;Ring oscillators;Architecture;Computer architecture;Hardware;Synchronization;Junctions","","11","","19","IEEE","8 Nov 2022","4-8 July 2022","4-8 July 2022","IEEE","IEEE Conferences"
"Coherently coupled quantum oscillators for quantum reservoir computing","J. Dudas; J. Grollier; D. Marković","Unité Mixte de Physique CNRS, Thales, Université Paris-Saclay,, Palaiseau, France; Unité Mixte de Physique CNRS, Thales, Université Paris-Saclay,, Palaiseau, France; Unité Mixte de Physique CNRS, Thales, Université Paris-Saclay,, Palaiseau, France",2022 IEEE 22nd International Conference on Nanotechnology (NANO),"8 Nov 2022","2022","","","397","400","We analyze the properties of a quantum system composed of two coherently coupled quantum oscillators and show through simulations that it fulfills the two properties required for reservoir computing: non-linearity and fading memory. We first show that the basis states of this system apply a set of nonlinear transformations on the input signals and thus can implement neurons. We then show that the system exhibits a fading memory that can be controlled by its dissipation rates. Finally we show that a strong coupling between the oscillators is important in order to ensure complex dynamics and to populate a number of basis state neurons that is exponential in the number of physical devices.","1944-9380","978-1-6654-5225-0","10.1109/NANO54668.2022.9928763","","https://ieeexplore.ieee.org/stamp/stamp.jsp?arnumber=9928763","","Fading channels;Couplings;Quantum system;Quantum computing;Neurons;Memory management;Reservoirs","","2","","20","IEEE","8 Nov 2022","4-8 July 2022","4-8 July 2022","IEEE","IEEE Conferences"
"Computing with Memristor-based Nonlinear Oscillators","G. Zoppo; F. Marrone; M. Bonnin; F. Corinto","Department of Electronics and Telecommunications, Politecnico di Torino, Turin, Italy; Department of Electronics and Telecommunications, Politecnico di Torino, Turin, Italy; Department of Electronics and Telecommunications, Politecnico di Torino, Turin, Italy; Department of Electronics and Telecommunications, Politecnico di Torino, Turin, Italy",2022 IEEE 22nd International Conference on Nanotechnology (NANO),"8 Nov 2022","2022","","","401","404","Among the recent disruptive technologies, volatile/nonvolatile memory-resistor (memristor) has attracted the researchers' attention as a fundamental computation element. It has been experimentally shown that memristive elements can emulate synaptic dynamics and are even capable of supporting spike timing dependent plasticity (STDP), an important adaptation rule for neuromorphic computing systems. The overall goal of this work is to provide an unconventional computing platform exploiting memristor-based nonlinear oscillators described by means of phase deviation equations. Experimental results show that the approach significantly outperforms conventional architectures used for pattern recognition tasks.","1944-9380","978-1-6654-5225-0","10.1109/NANO54668.2022.9928754","Ministero dell'Istruzione, dell'Università e della Ricerca(grant numbers:2017LSCR4K-003); ","https://ieeexplore.ieee.org/stamp/stamp.jsp?arnumber=9928754","","Phased arrays;Computational modeling;Neural networks;Mathematical models;Numerical models;Timing;Pattern recognition","","","","20","IEEE","8 Nov 2022","4-8 July 2022","4-8 July 2022","IEEE","IEEE Conferences"
"A coherent Ising machine based on a network of 100,000 degenerate optical parametric oscillator pulses","T. Honjo; K. Inaba; T. Inagaki; T. Ikuta; Y. Yamada; H. Takesue","NTT Basic Research Laboratories, NTT Corporation, Atsugi, Kanagawa, Japan; NTT Basic Research Laboratories, NTT Corporation, Atsugi, Kanagawa, Japan; NTT Basic Research Laboratories, NTT Corporation, Atsugi, Kanagawa, Japan; NTT Basic Research Laboratories, NTT Corporation, Atsugi, Kanagawa, Japan; NTT Basic Research Laboratories, NTT Corporation, Atsugi, Kanagawa, Japan; NTT Basic Research Laboratories, NTT Corporation, Atsugi, Kanagawa, Japan",2022 IEEE 22nd International Conference on Nanotechnology (NANO),"8 Nov 2022","2022","","","405","408","Coherent Ising machines (CIMs) are increasingly anticipated as a new computer that can solve combinatorial optimization problems. CIMs use degenerate optical parametric oscillator pulses as artificial spins. We constructed a 100,512-spin coherent Ising machine, the world's largest. Our CIM can find good solutions to maximum cut problems of 100,000-node graphs ~1000 times faster than simulated annealing. Furthermore, it provides both very good scores and a broad distribution when we operate it near the phase transition point.","1944-9380","978-1-6654-5225-0","10.1109/NANO54668.2022.9928658","","https://ieeexplore.ieee.org/stamp/stamp.jsp?arnumber=9928658","","Simulated annealing;Optical fiber networks;Benchmark testing;Nonlinear optics;Oscillators;Optimization;Nanotechnology","","2","","27","IEEE","8 Nov 2022","4-8 July 2022","4-8 July 2022","IEEE","IEEE Conferences"
"MemComputing vs. Quantum Computing: some analogies and major differences","M. Di Ventra","Department of Physics, University of California, San Diego La Jolla, CA, USA",2022 IEEE 22nd International Conference on Nanotechnology (NANO),"8 Nov 2022","2022","","","409","412","Quantum computing employs some quantum phenomena to process information. It has been hailed as the future of computing but it is plagued by serious hurdles when it comes to its practical realization. MemComputing is a new paradigm that instead employs non-quantum dynamical systems and exploits time non-locality (memory) to compute. It can be efficiently emulated in software and its path towards hardware is more straightforward. I will discuss some analogies between these two computing paradigms, and the major differences that set them apart.","1944-9380","978-1-6654-5225-0","10.1109/NANO54668.2022.9928720","National Science Foundation(grant numbers:2034558); ","https://ieeexplore.ieee.org/stamp/stamp.jsp?arnumber=9928720","","Quantum computing;Software algorithms;Software;Hardware;Dynamical systems;Physics;Optimization","","","","12","IEEE","8 Nov 2022","4-8 July 2022","4-8 July 2022","IEEE","IEEE Conferences"
"Aerosol-Assisted plasma deposition of nanocomposite thin films","C. Simonnet; D. Parmar; V. Pozsgay; M. Feron; G. Carnide; M. L. Kahn; L. Stafford; R. Clergereaux","Sciences and Technologies of Plasma, université de Montréal and de Toulouse - Laplace; Laplace, Université de Toulouse, Toulouse, France; Laplace, Université de Toulouse, Toulouse, France; Laplace, Université de Toulouse, Toulouse, France; LCC-CNRS, Toulouse, France; LCC-CNRS, Toulouse, France; department of physics, université de Montréal, av Thérèse, QC, Canada; Sciences and Technologies of Plasma, université de Montréal and de Toulouse - Laplace",2022 IEEE 22nd International Conference on Nanotechnology (NANO),"8 Nov 2022","2022","","","413","416","Aerosol injection is an appealing method for plasma thin film deposition. It enables to use liquids as well as dispersions independently on their characteristics. Here, nanocomposite thin films are formed by pulsed injection of a colloidal solution in low-pressure plasma. We discuss the effects of pulsed aerosol injection parameters on the balance of matter.","1944-9380","978-1-6654-5225-0","10.1109/NANO54668.2022.9928716","","https://ieeexplore.ieee.org/stamp/stamp.jsp?arnumber=9928716","","Nanoparticles;Time-frequency analysis;Liquids;Aerosols;Plasmas;Sputtering;Nanotechnology","","","","18","IEEE","8 Nov 2022","4-8 July 2022","4-8 July 2022","IEEE","IEEE Conferences"
"Hybrid Photodetection Mechanisms Tuned with Tunneling","H. H. Yoon; H. A. Fernandez; F. Nigmatulin; Y. Dai; F. Ahmed; X. Cui; X. Bai; D. Li; M. Du; H. Lipsanen; Z. Sun","Department of Electronics and Nanoengineering, Aalto University, Aalto, Finland; Department of Electronics and Nanoengineering, Aalto University, Aalto, Finland; Department of Electronics and Nanoengineering, Aalto University, Aalto, Finland; Advanced Research Institute of Multidisciplinary Sciences, Beijing Institute of Technology, Beijing, China; Department of Electronics and Nanoengineering, Aalto University, Aalto, Finland; Department of Electronics and Nanoengineering, Aalto University, Aalto, Finland; Department of Electronics and Nanoengineering, Aalto University, Aalto, Finland; Department of Electronics and Nanoengineering, Aalto University, Aalto, Finland; Department of Electronics and Nanoengineering, Aalto University, Aalto, Finland; Department of Electronics and Nanoengineering, Aalto University, Aalto, Finland; Department of Electronics and Nanoengineering, Aalto University, Aalto, Finland",2022 IEEE 22nd International Conference on Nanotechnology (NANO),"8 Nov 2022","2022","","","427","430","In this paper, we report two strategies for realizing the hybrid photodetection mechanisms for high-performance broadband photodetectors built with tunable van der Waals (vdW) heterojunction interfaces. All electrically-controlled photoresponse tuned by the atomically-thin tunneling barrier and bandgap contrast across the vdW heterojunction interfaces can be used to adjust the tunneling resistance and suppress the dark current. Adjusting the hybrid photodetection through the switching operation can lead to an optimized optical switching ratio covering from the ultra-violet to the mid-infrared ranges. The representative device structures suitable for each strategy (1) naturally formed oxidation layer (2) energy band alignment, and their characterization exhibit how the hybrid gauge of the photodetection mechanisms can be tuned by quantum tunneling and charge trapping at the vdW heterointerfaces.","1944-9380","978-1-6654-5225-0","10.1109/NANO54668.2022.9928704","","https://ieeexplore.ieee.org/stamp/stamp.jsp?arnumber=9928704","","Resistance;Photonic band gap;Optical switches;Ultraviolet sources;Tunneling;Heterojunctions;Photodetectors","","","","27","IEEE","8 Nov 2022","4-8 July 2022","4-8 July 2022","IEEE","IEEE Conferences"
"Sustainable manufacturing process for wafer-scale uniform semiconductor nanostructures","Y. J. Kim; S. -H. Shin; Z. -J. Zhao; J. -H. Jeong; M. Kim","School of Electrical and Electronic Engineering, Nanyang Technological University, Singapore, Singapore; School of Electrical and Electronic Engineering, Nanyang Technological University, Singapore, Singapore; Institute of Smart City and Intelligent Transport, Southwest Jiaotong University, Chengdu, China; Nano-Convergence Mechanical Systems Research Division, Korea Institute of Machinery and Materials, Daejeon, South Korea; School of Electrical and Electronic Engineering, Nanyang Technological University, Singapore, Singapore",2022 IEEE 22nd International Conference on Nanotechnology (NANO),"8 Nov 2022","2022","","","435","438","In this paper, we report the direct chemisorption-assisted nanotransfer method based on the melting point lowering effect. This transfer method provides the efficient transfer printing of metal template layers onto 6-in wafer scale with excellent uniformity without using chemical adhesive layers. We further demonstrate the fabrication of silicon nanowire photodetectors with high aspect ratio by metal assisted chemical etching. Our results provide an unprecedented nanofabrication approach for next-generation applications such as energy harvesting, optoelectronics, and photonic devices.","1944-9380","978-1-6654-5225-0","10.1109/NANO54668.2022.9928760","","https://ieeexplore.ieee.org/stamp/stamp.jsp?arnumber=9928760","","Printing;Scalability;Metals;Semiconductor nanostructures;Silicon;Photodetectors;Temperature control","","","","18","IEEE","8 Nov 2022","4-8 July 2022","4-8 July 2022","IEEE","IEEE Conferences"
"Nanorods for Lighting and Display","A. K. Srivastava; C. Kang; M. F. Prodanov","Department of Electronics and Computer Engineering, State Key Laboratory of Advanced Displays and Optoelectronics Technologies, Centre for Display Research, The Hong Kong University of Science and Technology, Hong Kong, China; Department of Electronics and Computer Engineering, State Key Laboratory of Advanced Displays and Optoelectronics Technologies, Centre for Display Research, The Hong Kong University of Science and Technology, Hong Kong, China; Department of Electronics and Computer Engineering, State Key Laboratory of Advanced Displays and Optoelectronics Technologies, Centre for Display Research, The Hong Kong University of Science and Technology, Hong Kong, China",2022 IEEE 22nd International Conference on Nanotechnology (NANO),"8 Nov 2022","2022","","","444","446","Semiconductor nanorods have brought a lot of attentions to the modern society due to their excellent optical properties. Both display and solid state lighting industry are pursuing higher efficiency and better color performance. In this paper, we propose a new healthy lighting system based on semiconductor gradient alloyed $\mathbf{CdSe}/{\mathbf{Zn}}_{\mathbf{x}}\mathbf{Cd}_{\mathbf{1}-\mathbf{x}}\mathbf{S}/\mathbf{ZnS}$ and CdSe/CdS/ZnS nanorods for efficient lighting. Stable materials structure design and encapsulation pave the way for next-generation high-quality healthy lighting and high efficiency display.","1944-9380","978-1-6654-5225-0","10.1109/NANO54668.2022.9928693","RGC of Hong Kong SAR(grant numbers:26 202 019); ","https://ieeexplore.ieee.org/stamp/stamp.jsp?arnumber=9928693","","Encapsulation;Solid state lighting;Color;Agriculture;Next generation networking;Nanotechnology","","1","","24","IEEE","8 Nov 2022","4-8 July 2022","4-8 July 2022","IEEE","IEEE Conferences"
"Stochastic resonance effect in binary STDP performed by RRAM devices","E. Salvador; R. Rodriguez; J. Martin-Martinez; A. Crespo-Yepes; E. Miranda; M. Nafria; A. Rubio; V. Ntinas; G. C. Sirakoulis","Electronic Engineering Dept.,, Universitat Autònoma de Barcelona (UAB), Barcelona, Spain; Electronic Engineering Dept.,, Universitat Autònoma de Barcelona (UAB), Barcelona, Spain; Electronic Engineering Dept.,, Universitat Autònoma de Barcelona (UAB), Barcelona, Spain; Electronic Engineering Dept.,, Universitat Autònoma de Barcelona (UAB), Barcelona, Spain; Electronic Engineering Dept.,, Universitat Autònoma de Barcelona (UAB), Barcelona, Spain; Electronic Engineering Dept.,, Universitat Autònoma de Barcelona (UAB), Barcelona, Spain; Electronic Engineering Department, Universitat Politècnica de Catalunya (UPC), Barcelona, Spain; Electronic Engineering Department, Universitat Politècnica de Catalunya (UPC), Barcelona, Spain; Dept. of Electrical & Computer Engineering, Democritus University of Thrace (DUTh), Xanthi, Greece",2022 IEEE 22nd International Conference on Nanotechnology (NANO),"8 Nov 2022","2022","","","449","452","The beneficial role of noise in the binary spike time dependent plasticity (STDP) learning rule, when implemented with memristors, is experimentally analyzed. The two memristor conductance states, which emulate the neuron synapse in neuromorphic architectures, can be better distinguished if a gaussian noise is added to the bias. The addition of noise allows to reach memristor conductances which are proportional to the overlap between pre- and post-synaptic pulses.","1944-9380","978-1-6654-5225-0","10.1109/NANO54668.2022.9928738","","https://ieeexplore.ieee.org/stamp/stamp.jsp?arnumber=9928738","Stochastic resonance;RRAM;memristor;resistive switching;STDP;neuromorphic systems","Resistance;Performance evaluation;Neuromorphics;Stochastic resonance;Gaussian noise;Neurons;Memristors","","2","","15","IEEE","8 Nov 2022","4-8 July 2022","4-8 July 2022","IEEE","IEEE Conferences"
"Random Telegraph Noise of MIS and MIOS Silicon Nitride memristors at different resistance states","N. Vasileiadis; P. Loukas; A. Mavropoulis; P. Normand; I. Karafyllidis; G. C. Sirakoulis; P. Dimitrakis","Institute of Nanoscience and Nanotechnology, NCSR Demokritos, Agia Paraskevi, Attica, Greece; Institute of Nanoscience and Nanotechnology, NCSR Demokritos, Agia Paraskevi, Attica, Greece; Institute of Nanoscience and Nanotechnology, NCSR Demokritos, Agia Paraskevi, Attica, Greece; Institute of Nanoscience and Nanotechnology, NCSR Demokritos, Agia Paraskevi, Attica, Greece; Electrical and Computer Engineering Department, Democritus University of Thrace, Xanthi, Greece; Electrical and Computer Engineering Department, Democritus University of Thrace, Xanthi, Greece; Institute of Nanoscience and Nanotechnology, NCSR Demokritos, Agia Paraskevi, Attica, Greece",2022 IEEE 22nd International Conference on Nanotechnology (NANO),"8 Nov 2022","2022","","","453","456","Resistive memories (RRAM) are promising candidates for replacing present nonvolatile memories and realizing storage class memories; hence resistance switching devices are of particular interest. These devices are typically memristive, with a large number of discrete resistance levels and in some configurations, they perform as analog memories. Noise studies have been used to enlighten further the resistance switching mechanism in these devices. Recently, a strong interest arose on the noise generated by RRAM/memristors because due to their inherent stochasticity can be used for cryptography and other security applications. In this work, two fully CMOS compatible memristive devices both with silicon nitride as switching material, were examined in terms of multi-level resistance operation. Using appropriate SET/RESET pulse sequences through a flexible analog tuning protocol, four stable resistance states were investigated through random telegraph noise measurements and analysis. A possible model enlightening the role of silicon nitride defects in the observed noise signals at different resistive states is presented.","1944-9380","978-1-6654-5225-0","10.1109/NANO54668.2022.9928707","MIS(grant numbers:5131411); ","https://ieeexplore.ieee.org/stamp/stamp.jsp?arnumber=9928707","","Resistance;Semiconductor device modeling;Performance evaluation;Protocols;Nonvolatile memory;Silicon nitride;Switches","","2","","16","IEEE","8 Nov 2022","4-8 July 2022","4-8 July 2022","IEEE","IEEE Conferences"
"Deep Memristive Cellular Neural Networks for Image Classification","A. Horváth; A. Ascoli; R. Tetzlaff","Faculty of Information Technology and Bionics, Peter Pazmany Catholic University, Budapest; Institut für Grundlagen der Elektrotechnik und Elektronik, Technische Universität Dresden, Dresden; Institut für Grundlagen der Elektrotechnik und Elektronik, Technische Universität Dresden, Dresden",2022 IEEE 22nd International Conference on Nanotechnology (NANO),"8 Nov 2022","2022","","","457","460","We present simulation results of a deep cellular neural network leveraging memristive dynamics to classify images from standard datasets. We have investigated the use of both volatile (NbO2-Mott) and non-volatile (TaOx) memristive devices as output nonlinearity in neural networks. We simulated deep neural networks using these devices and compared their image classification accuracies on commonly investigated datasets to traditional convolutional and cellular architectures of similar complexity. Our results reveal that the exploitation of memristive dynamics in cellular structures can increase classification accuracy by more than 2.5 percent as compared to the traditional convolutional implementations.","1944-9380","978-1-6654-5225-0","10.1109/NANO54668.2022.9928688","","https://ieeexplore.ieee.org/stamp/stamp.jsp?arnumber=9928688","Cellular Neural Networks;Memristor","Deep learning;Simulation;Memristors;Cells (biology);Mathematical models;Complexity theory;Cellular neural networks","","3","","22","IEEE","8 Nov 2022","4-8 July 2022","4-8 July 2022","IEEE","IEEE Conferences"
"A Mathematical Formulation of the Wire Resistance Problem in Memristor Crossbars","G. Zoppo; A. Korkmaz; F. Marrone; S. -i. Yi; S. Palermo; R. S. Williams; F. Corinto","Department of Electronics and Telecommunications, Politecnico di Torino, Turin, Italy; Department of Electrical and Computer Engineering, Texas A&M University, College Station, TX, USA; Department of Electronics and Telecommunications, Politecnico di Torino, Turin, Italy; Department of Electrical and Computer Engineering, Texas A&M University, College Station, TX, USA; Department of Electrical and Computer Engineering, Texas A&M University, College Station, TX, USA; Department of Electrical and Computer Engineering, Texas A&M University, College Station, TX, USA; Department of Electronics and Telecommunications, Politecnico di Torino, Turin, Italy",2022 IEEE 22nd International Conference on Nanotechnology (NANO),"8 Nov 2022","2022","","","461","464","Memristor crossbars have become promising candidates for accelerating linear algebra computation. The array structure allows strong parallel computing capability and enables data storage for reducing the energy cost due to data migration. Despite their fascinating potentiality for neuromorphic applications, the resistance of metal wire can detrimentally affect the performance of the circuit. This phenomenon is particularly enhanced when dealing with large crossbars. Several schemes to mitigate this issue were proposed, but an exact solution of the wire resistance effect has never been provided. To understand the degradation of the system's accuracy due to the presence of wire resistance, this work provides a closed-form mathematical description of the wire resistance contribution when performing a matrix-vector multiplication. This formulation allows to evaluate the influence of both vertical and horizontal interconnecting lines and enables the correct computation of the effective conductance matrix and the voltage drop. Future works aim to combine these results with the current approaches used to compensate the output deviation and to provide mathematical tools that mitigate this critical systematic effect.","1944-9380","978-1-6654-5225-0","10.1109/NANO54668.2022.9928702","Ministero dell'Istruzione, dell'Università e della Ricerca (MIUR)(grant numbers:2017LSCR4K-003); ","https://ieeexplore.ieee.org/stamp/stamp.jsp?arnumber=9928702","Accuracy;Analog Computation;Crossbars;Memristor;Wire Resistance","Resistance;Systematics;Neuromorphics;Wires;Memristors;Integrated circuit interconnections;Metals","","2","","12","IEEE","8 Nov 2022","4-8 July 2022","4-8 July 2022","IEEE","IEEE Conferences"
"Towards Efficient RRAM-based Quantized Neural Networks Hardware: State-of-the-art and Open Issues","O. Krestinskaya; L. Zhang; K. N. Salama","King Abdullah University of Science and Technology, Saudi Arabia; King Abdullah University of Science and Technology, Saudi Arabia; King Abdullah University of Science and Technology, Saudi Arabia",2022 IEEE 22nd International Conference on Nanotechnology (NANO),"8 Nov 2022","2022","","","465","468","The increasing amount of data processed on edge and demand for reducing the energy consumption for large neural network architectures have initiated the transition from traditional von Neumann architectures towards in-memory computing paradigms. Quantization is one of the methods to reduce power and computation requirements for neural networks by limiting bit precision. Resistive Random Access Memory (RRAM) devices are great candidates for Quantized Neural Networks (QNN) implementations. As the number of possible conductive states in RRAMs is limited, a certain level of quantization is always considered when designing RRAM-based neural networks. In this work, we provide a comprehensive analysis of state-of-the-art RRAM-based QNN implementations, showing where RRAMs stand in terms of satisfying the criteria of efficient QNN hardware. We cover hardware and device challenges related to QNNs and show the main unsolved issues and possible future research directions.","1944-9380","978-1-6654-5225-0","10.1109/NANO54668.2022.9928590","","https://ieeexplore.ieee.org/stamp/stamp.jsp?arnumber=9928590","RRAM;QNN;Hardware;Quantization","Training;Neural network hardware;Measurement;Quantization (signal);Limiting;Resistive RAM;Computer architecture","","6","","27","IEEE","8 Nov 2022","4-8 July 2022","4-8 July 2022","IEEE","IEEE Conferences"
"Direct Comparison of the SET Kinetics of a TiOx/Al2O3-based Memristive Cell in Filamentary- and Area-Mode","S. Aussen; F. Cüppers; R. Waser; S. Hoffmann-Eifert","Peter Grünberg Institute (PGI 7&10), Forschungszentrum Jülich GmbH, JARA-FIT, Jülich, Germany; Peter Grünberg Institute (PGI 7&10), Forschungszentrum Jülich GmbH, JARA-FIT, Jülich, Germany; Peter Grünberg Institute (PGI 7&10), Forschungszentrum Jülich GmbH, JARA-FIT, Jülich, Germany; Peter Grünberg Institute (PGI 7&10), Forschungszentrum Jülich GmbH, JARA-FIT, Jülich, Germany",2022 IEEE 22nd International Conference on Nanotechnology (NANO),"8 Nov 2022","2022","","","469","472","Memristive devices based on the valence change mechanism (VCM) are promising candidates for emerging memories and neuromorphic applications. Aggressive scaling requirements provoke a discussion on the optimum performance between two operational modes of redox-based memristive devices. These are the standard filamentary-mode and the area-dependent mode characterized by an abrupt and a gradual SET transition from the high to low resistance state, respectively. The strong nonlinearity of the switching dynamics requires comparison of the SET kinetics rather than selected switching curves. In this work, titanium oxide/aluminum oxide-based crossbar-type devices are studied which enable stable resistive switching in the filamentary- and area-mode in the same physical device. With this, a quantitative comparison of the two switching modes with respect to the SET kinetics is enabled. This work shows clear differences between the switching modes and provides experimental guidance for proper device selection depending on the constraints of the intended application.","1944-9380","978-1-6654-5225-0","10.1109/NANO54668.2022.9928687","German Research Foundation (DFG)(grant numbers:SFB917); Federal Ministry of Education and Research (BMBF, Germany)(grant numbers:16ME0398K,03ZU1106AB); ","https://ieeexplore.ieee.org/stamp/stamp.jsp?arnumber=9928687","","Resistance;Performance evaluation;Power demand;Neuromorphics;Schottky barriers;Switches;Titanium","","2","","28","IEEE","8 Nov 2022","4-8 July 2022","4-8 July 2022","IEEE","IEEE Conferences"
"Chemical Activation of Recycled Carbon Fibres for Application as Porous Adsorbents in Aqueous Media","J. Taylor; S. Babamohammadi; G. Troisi; S. M. Soltani","Department of Chemical Engineering, Brunel University London, Uxbridge, United Kingdom; Department of Chemical Engineering, Brunel University London, Uxbridge, United Kingdom; Department of Mechanical Engineering, Brunel University London, Uxbridge, United Kingdom; Department of Chemical Engineering, Brunel University London, Uxbridge, United Kingdom",2022 IEEE 22nd International Conference on Nanotechnology (NANO),"8 Nov 2022","2022","","","476","479","The carbon fibre reinforced polymer (CFRP) industry has rapidly expanded over recent due to a range of benefits, including high mechanical strength and low weight. However, issues arise when the products reach their end-of-life (EoL). At present, pyrolysis is the only method for recycling CFRPs at scale. The process is still relatively new, resulting in stigma around the reapplication of recycled fibres within many industries due to the compromised mechanical stability. In order to increase the sustainability of the industry, alternative EoL pathways must be identified. Virgin carbon fibres (vCFs) have been successfully applied as adsorbents; however, there appears to be a gap in the literature when considering their recycled counterparts. In this study, chemical activation of industrial-grade recycled carbon fibres (rCFs) using NaOH has been investigated, together with vCF as proof of concept. The adsorption capacity of methylene blue (MB) was investigated to determine the degree of activation. The UV-visible spectrometry results indicated a maximum MB removal efficiency of 21.83 % and 21.80 % for activated-vCF (AvCF) and activated-rCF (ArCF), respectively; indicating that rCF are a promising precursor for applications as adsorbents in aqueous media, despite the higher levels of impurities when compared to the virgin counterpart.","1944-9380","978-1-6654-5225-0","10.1109/NANO54668.2022.9928646","","https://ieeexplore.ieee.org/stamp/stamp.jsp?arnumber=9928646","","Industries;Spectroscopy;Adsorption;Media;Recycling;Polymers;Carbon","","2","","25","IEEE","8 Nov 2022","4-8 July 2022","4-8 July 2022","IEEE","IEEE Conferences"
"Nanosensing of a miRNA Biomarker for COVID-19 Patients Suffering Cerebrovascular Problems","J. Lei; A. McClelland; T. H. Zeng","Class of 2023, Boston Univeristy Academy, Boston, MA, U.S.A.; Center for Nanoscale Systems, Harvard University, Cambridge, MA, USA; Academy for Advanced Research and Development, Cambridge, MA, USA",2022 IEEE 22nd International Conference on Nanotechnology (NANO),"8 Nov 2022","2022","","","480","483","Levels of microRNAs (miRNAs) within extracellular vesicles (EVs) have been demonstrated to be useful diagnostic and prognostic biomarkers in several disease states. Testing the level of miRNA24 plays an important role in potential clinic application: it deciphers neuroimmune functions in COVID19 patients by categorizing them into post CBV disorder COVID19 patients and non-CBV COVID19 patients, and thus helps the follow-up recovery of the blood-brain barrier (BBB) in COVID19 patients. This research has demonstrated a nano analysis method for trace detection of miRNA24 for COVID19 patients through Surface Enhanced Raman Spectroscopy with silver nanoparticles. With a lowest concentration of 1 Attomole, the primary research has achieved miRNA24 Raman signals over 100 to 600 times enhanced, evidencing the high sensitivity of this nano-sensing. Continued research to find the standard calibration curve that may be used for the trace diagnosis of miRNA24 in samples is undergoing. Further investigation of relative concentrations in post CBV and non-CBV samples for categorizing COVID19 patients will be studied. Finally, follow-up of the BBB disorder and assistance of recovery in COVID19 patients is in our plans near future.","1944-9380","978-1-6654-5225-0","10.1109/NANO54668.2022.9928644","","https://ieeexplore.ieee.org/stamp/stamp.jsp?arnumber=9928644","cerebrovascular;blood-brain barrier;miR-24-3p;COVID-19;SERS;silver nanoparticles","COVID-19;Nanoparticles;Silver;Sensitivity;Raman scattering;Biomarkers;Extracellular","","1","","8","IEEE","8 Nov 2022","4-8 July 2022","4-8 July 2022","IEEE","IEEE Conferences"
"Pulse-Driven Analog Circuits Containing Memristors in the Light of Generalized Concept of Duality","D. Biolek; Z. Biolek; V. Biolková; Z. Kolka","University of Defence Brno and Brno University of Technology, Czech Republic; University of Defence Brno and Brno University of Technology, Czech Republic; Department of Radio Electronics, Brno University of Technology, Czech Republic; Department of Radio Electronics, Brno University of Technology, Czech Republic",2022 IEEE 22nd International Conference on Nanotechnology (NANO),"8 Nov 2022","2022","","","484","487","Bio-inspired electronic circuits are frequently modeled via memristors that respond to a series of driving pulses. This work analyses memristive circuits from the point of view of the generalized concept of duality. Depending on specific duality rules, the circuit can be transformed such that each element in the circuit changes its position in Chua's table of nonlinear elements. The resulting circuit, although consisting of quite different elements, provides equivalent behavior in transformed coordinates. It enables synthesizing nonlinear applications of memristive circuits on the basis of well-known applications from the world of conventional electronics, and also helping to understand the behavior of networks combining conventional analog components and memristors.","1944-9380","978-1-6654-5225-0","10.1109/NANO54668.2022.9928729","Czech Science Foundation(grant numbers:20-26849S); ","https://ieeexplore.ieee.org/stamp/stamp.jsp?arnumber=9928729","","Biological system modeling;Memristors;Voltage;Analog circuits;Behavioral sciences;Integrated circuit modeling;Nanotechnology","","2","","21","IEEE","8 Nov 2022","4-8 July 2022","4-8 July 2022","IEEE","IEEE Conferences"
"Synthesis of Silver Nanoparticles by Vitamin C for Public Health Applications","J. Lei; A. McClelland; T. H. Zeng","Class of 2023 Boston Univeristy Academy, Boston, MA, U.S.A.; Center for Nanoscale Systems, Harvard University, Cambridge, MA, USA; Academy for Advanced Research and Development, Cambridge, MA, USA",2022 IEEE 22nd International Conference on Nanotechnology (NANO),"8 Nov 2022","2022","","","488","491","This research provides a green chemistry method to synthesize silver nanoparticles. This study used Vitamin C as both the capping and reducing agent in the synthesis of silver nanoparticles, in which silver nitrate was used as the silver source material. Different sized silver nanoparticles were obtained by controlling the reaction time under the fixed reaction ratios. Centrifugation was used to purify the obtained nanoparticles. The characterizations of the silver nanoparticles were performed using UV-Vis spectroscopy for optical absorption detection, Raman spectroscopy for surface chemical modification analysis, and transmission electron microscope (TEM) for direct observations. Stable silver nanoparticles ranging from 10nm to 40nm were produced. Continued research directions include the study of particle size distribution versus reaction conditions (time, pH, concentrations of silver nitrate and vitamin C), the TEM samples preparation for high quality nanoparticles observation, and the exploration of optimized Ag NP samples obtained from this research for public health applications.","1944-9380","978-1-6654-5225-0","10.1109/NANO54668.2022.9928735","National Science Foundation(grant numbers:ECCS-2025158); ","https://ieeexplore.ieee.org/stamp/stamp.jsp?arnumber=9928735","nanoparticles;Vitamin C;UV-Vis spectroscopy;Raman spectroscopy;TEM","Nanoparticles;Silver;Spectroscopy;Optical microscopy;Transmission electron microscopy;Raman scattering;Optical imaging","","2","","7","IEEE","8 Nov 2022","4-8 July 2022","4-8 July 2022","IEEE","IEEE Conferences"
"Plasmonic fiberoptic absorbance biosensor (P-FAB) for evaluation of the antibody stability upon evanescent wave excitation at 280 nm","A. K. Shamlee J; B. V V R Sai","Department of Biotechnology and Department of Applied Mechanics., Indian Institute of Technology, Madras, Chennai, India; Department of Biotechnology and Department of Applied Mechanics., Indian Institute of Technology, Madras, Chennai, India",2022 IEEE 22nd International Conference on Nanotechnology (NANO),"8 Nov 2022","2022","","","492","495","Intrinsic optical absorption of proteins at 280 nm facilitates the realization of label-free fiberoptic absorbance biosensor (FAB) using U-bent fiber optic probes with high evanescent wave absorbance (EWA) sensitivity. However, the antibodies subjected to EW-based UV excitation may undergo denaturation, leading to an undesirable loss of assay sensitivity. Here, the human immunoglobulin G (HIgG) antibody immobilized U-bent silica fiberoptic probes were subjected to an EW-based UV excitation of 0,1, 3, and 6 hours. Its influence on their antigen-binding activity was determined by means of EWA response (at 530 nm) to a direct immunoassay with plasmonic labeled anti-HIgG.","1944-9380","978-1-6654-5225-0","10.1109/NANO54668.2022.9928736","MoE; ","https://ieeexplore.ieee.org/stamp/stamp.jsp?arnumber=9928736","","Proteins;Optical fibers;Temperature sensors;Silicon compounds;Sensitivity;Plasmons;Biosensors","","","","9","IEEE","8 Nov 2022","4-8 July 2022","4-8 July 2022","IEEE","IEEE Conferences"
"Analysis of perovskite-silicon tandem solar cells using a semi-analytical model","K. Ganesh; R. Padmanabhan","Electrical Engineering, Indian Institute of Technology Palakkad, Kerala, India; Electrical Engineering, Indian Institute of Technology Palakkad, Kerala, India",2022 IEEE 22nd International Conference on Nanotechnology (NANO),"8 Nov 2022","2022","","","496","499","Perovskite-silicon tandem solar cells show enhanced efficiencies due to the broader absorption of the solar spectrum. Luminescent coupling is generally observed in multi-junction solar cells, where a fraction of emitted photons from the higher bandgap optically active layer are absorbed by the lower bandgap optically active layer, and converted to photocurrent. Therefore, it is necessary to model the current-voltage characteristics of perovskite-silicon tandem solar cells to understand the impact of luminescent coupling on the performance of these devices. In our work, we have a semi-analytical framework to obtain the current-voltage characteristics of multijunction perovskite-silicon tandem solar cell, accounting for the presence and absence of luminescent coupling. We have compared the calculated current-voltage characteristics with experimentally measured data reported in literature.","1944-9380","978-1-6654-5225-0","10.1109/NANO54668.2022.9928740","SERB(grant numbers:SRG/2019/001433); ","https://ieeexplore.ieee.org/stamp/stamp.jsp?arnumber=9928740","perovskite-silicon tandem solar cell;analytical model;luminescent coupling","Couplings;Voltage measurement;Stimulated emission;Photonic band gap;Photovoltaic cells;Current measurement;Current-voltage characteristics","","","","20","IEEE","8 Nov 2022","4-8 July 2022","4-8 July 2022","IEEE","IEEE Conferences"
"Organophosphate Pesticides Sensor using Copper Oxide Nanorods Modified on Screen-Printed Carbon Electrodes","P. Bulpakdi; P. Dhanasomboon; S. Sungkobol; C. Thanachayanont; P. Pungetmongkol","Faculty of Engineering, International School of Engineering (ISE), Chulalongkorn University, Bangkok, Thailand; Faculty of Engineering, International School of Engineering (ISE), Chulalongkorn University, Bangkok, Thailand; Faculty of Engineering, International School of Engineering (ISE), Chulalongkorn University, Bangkok, Thailand; National Metal and Materials Technology Center (MTEC), Thailand's National Research, National Science and Technology Development Agency (NSTDA), Pathum Thani, Thailand; Faculty of Engineering, International School of Engineering (ISE), Chulalongkorn University, Bangkok, Thailand",2022 IEEE 22nd International Conference on Nanotechnology (NANO),"8 Nov 2022","2022","","","500","503","Non-enzymatic electrochemical sensor is a promising platform for pesticide residue analysis due to its high performance, low cost, and fast analysis. This work synthesized copper oxide nanorods on a screen-printed carbon electrode through an anodization process. The modified electrodes were used to analyze organophosphate pesticides (i.e. chlorpyrifos and parathion) by cyclic voltammetry. The copper oxide modified electrode has achieved the average peak current of $\mathbf{60}.\mathbf{3} \boldsymbol{\mu} \mathbf{A}$ from cyclic voltammetry with 6.75% RSD. In addition, the calibration plot of chlorpyrifos and parathion were well fitted with log-linear $(\mathbf{R}^{\mathbf{2}}=\mathbf{0}.\mathbf{98})$ and power $(\mathbf{R}^{\mathbf{2}}=\mathbf{0}.\mathbf{94})$ regression model with a corresponding LOD of $\mathbf{3}.\mathbf{41}\ \boldsymbol{\boldsymbol{\mu}} \mathbf{M}$ and $\mathbf{6}.\mathbf{83}\ \boldsymbol{\mu}\mathbf{M}$, respectively.","1944-9380","978-1-6654-5225-0","10.1109/NANO54668.2022.9928712","Chulalongkorn University Research(grant numbers:CU_GR_63_37_21_05,number); ","https://ieeexplore.ieee.org/stamp/stamp.jsp?arnumber=9928712","","Electrodes;Costs;Interference;Reproducibility of results;Nanoscale devices;Calibration;Copper","","1","","17","IEEE","8 Nov 2022","4-8 July 2022","4-8 July 2022","IEEE","IEEE Conferences"
"Analog Resistance Switching in Single Tungsten Oxide Nanoparticle Devices","S. Artmeier; J. Hiltz; S. Milliken; J. G. C. Veinot; M. Tornow","Department of Electrical and Computer Engineering, Molecular Electronics, Technical University of Munich, Garching b. München, Germany; Department of Chemistry, University of Alberta, Edmonton, Alberta, Canada; Department of Chemistry, University of Alberta, Edmonton, Alberta, Canada; Department of Chemistry, University of Alberta, Edmonton, Alberta, Canada; Department of Electrical and Computer Engineering, Molecular Electronics, Technical University of Munich, Garching b. München, Germany",2022 IEEE 22nd International Conference on Nanotechnology (NANO),"8 Nov 2022","2022","","","504","507","Analog resistance switching in single tungsten oxide (WOx) nanoplatelets (NPs) with $\sim 100\ \text{nm}$ edge length sandwiched in-between a tungsten (W) and a palladium (Pd) electrode is reported. The top contact, individually aligned to each NP, was fabricated using a combination of tailored planarization techniques, nanolithography and sputter deposition. Electrical characterization revealed pronounced analog resistive switching behavior of this material composition, with gradually increasing or decreasing maximum currents for a sequence of positive or negative voltage sweeps, respectively. The switching can be assigned to a formed oxygen vacancy path in the WOx layer. Chemically synthesized NPs with analog switching behavior are promising nanoscale building blocks for the bottom-up formation of 3D memristive structures, which may eventually self-assemble into complex neuromorphic computing circuitry.","1944-9380","978-1-6654-5225-0","10.1109/NANO54668.2022.9928711","Deutsche Forschungsgemeinschaft(grant numbers:IRTG2022); ","https://ieeexplore.ieee.org/stamp/stamp.jsp?arnumber=9928711","","Resistance;Three-dimensional displays;Self-assembly;Tungsten;Switches;Voltage;Nanoscale devices","","","","17","IEEE","8 Nov 2022","4-8 July 2022","4-8 July 2022","IEEE","IEEE Conferences"
"Protein-Templated Fluorescent Metal Nanoclusters as Photonic Pressure Sensors for Neuronal Cells","K. J. Perry; P. Roberts; R. T. Agans; S. M. Hussain; S. P. Karna; R. K. Gupta","U.S. Army Research laboratory, Oak Ridge Associated Universities (ORAU), MD, USA; Hopkins Extreme Materials Institute, Johns Hopkins University, Baltimore, MD; Henry M. Jackson Foundation for the Advancement of Military Medicine, Bethesda, Maryland; Molecular Mechanisms Branch, Human Centered ISR Division, Airman Systems Directorate, AFRL, Ohio; DEVCOM Research Laboratory Weapons and Materials Directorate, FCDD-RLW, MD; DoD Blast Injury Research Program Coordinating Office, US Army Medical Research and Materiel Command, MD",2022 IEEE 22nd International Conference on Nanotechnology (NANO),"8 Nov 2022","2022","","","508","510","Protein-templated metal nanoclusters offer a multifunctional biocompatible platform for a wide range of applications, ranging from biomedical imaging to chem-bio detection and quantification. Here, we show that the reverse-micelle (MC) confined BSA-templated Au nanoclusters (BSA-AuNC) exhibit a linear relationship on the internal pressure. We also demonstrate successful in situ synthesis of fluorescence AuNCs in healthy Human microglial cells (HMic). These experiments suggest that with appropriate engineering, fluorescent metal nanoclusters (fMNCs) can be used as a non-invasive, photonic sensor at cellular level.","1944-9380","978-1-6654-5225-0","10.1109/NANO54668.2022.9928622","","https://ieeexplore.ieee.org/stamp/stamp.jsp?arnumber=9928622","","Proteins;Pressure sensors;Protein engineering;Gold;Fluorescence;Distance measurement;Injuries","","","","5","IEEE","8 Nov 2022","4-8 July 2022","4-8 July 2022","IEEE","IEEE Conferences"
"Modified Co-doped ZnO nanostructures on SPCE for Xanthine detection in early food spoilage","R. Arampongpun; P. Ounsawatdipong; K. Trakoontiwakorn; C. Thanachayanont; P. Pungetmongkol","Faculty of Engineering, International School of Engineering (ISE), Chulalongkorn University, Bangkok, Thailand; Faculty of Engineering, International School of Engineering (ISE), Chulalongkorn University, Bangkok, Thailand; Faculty of Engineering, International School of Engineering (ISE), Chulalongkorn University, Bangkok, Thailand; National Metal and Materials Technology Center (MTEC), one of Thailand's National Research, National Science and Technology Development Agency (NSTDA), Pathum, Thani, Thailand; Faculty of Engineering, International School of Engineering (ISE), Chulalongkorn University, Bangkok, Thailand",2022 IEEE 22nd International Conference on Nanotechnology (NANO),"8 Nov 2022","2022","","","511","514","Co-doped ZnO nanostructures were fabricated using electrodeposition method on screen printed carbon electrodes. Physical properties of synthesized Co-doped ZnO nanomaterials were studied using EPMA and elemental analysis. The electrochemical analysis was studied using cyclic voltammetry for electrode evaluation and xanthine measurement. The results showed that Co-Zn nanostructures were uniformly deposited on SPCE. Modified electrodes demonstrated good repeatability and electrical performance, and applied for xanthine measurement. Xanthine can be quantified with our electrodes and presented a negative log-linear relationship. We believe that the developed electrode has great potential towards xanthine-sensitive biosensor for early meat spoilage detection.","1944-9380","978-1-6654-5225-0","10.1109/NANO54668.2022.9928589","","https://ieeexplore.ieee.org/stamp/stamp.jsp?arnumber=9928589","","Electrodes;Electric potential;Sensitivity;II-VI semiconductor materials;Electric variables measurement;Zinc oxide;Nanomaterials","","","","17","IEEE","8 Nov 2022","4-8 July 2022","4-8 July 2022","IEEE","IEEE Conferences"
"Biosynthesized AgNP modified Glassy Carbon Electrode as a label-free non faradaic impedance sensor for bacteria detection","R. Patel; M. S. Islam; B. Pramanick","Centre for Research in Nanotechnology and Science, Indian Institute of Technology Bombay, Mumbai, India; School of Electrical Sciences, Indian Institute of Technology Goa, India; School of Electrical Sciences, Centre of Excellence in Particulates Colloids and Interfaces, Indian Institute of Technology Goa, India",2022 IEEE 22nd International Conference on Nanotechnology (NANO),"8 Nov 2022","2022","","","515","518","Gold standard techniques for detection of bacterial cells in their various stages of growth and death require time, skilled labor and sophisticated laboratory facilities including instruments and environment. Herein, we have developed a bio modified Carbon-Microelectromechanical Systems (C-MEMS) derived glassy carbon electrode (GCE) to detect bacterial cellsin their lag as well as log phases of growth using non-faradaic electrochemical impedance spectroscopy (nf-EIS) measurements. The absence of any labeling molecule and the use of no redox indicators make the measurement system simpler and more precise. The investigations were carried out to detect Shigella bacteria concentrations in the growth milk medium. The electrode is bio modified using silver nanoparticles (AgNPs) which are green synthesized using Azadirachta indica. This paper highlights the synthesis of AgNPs as well as its characterization using standard analytical techniques. The synthesized nanoparticles have been proven as an antibacterial agent using standard bioassay technique and this has been employed to detect the decrease in cell concentration using nf-EIS. These results help pave the way for rapid antibacterial testing at the point-of-need, which is currently a major challenge in water quality control. The biosynthesized AgNPs enhance bacteria detection and the preliminary results obtained is satisfactory. It can be concluded from the results that the Glassy Carbon sensor is a potential candidate for water quality monitoring application and our present research is in line with that.","1944-9380","978-1-6654-5225-0","10.1109/NANO54668.2022.9928698","Department of Science and Technology (DST), Government of India; ","https://ieeexplore.ieee.org/stamp/stamp.jsp?arnumber=9928698","","Electrodes;Nanoparticles;Silver;Microorganisms;Impedance measurement;Water quality;Antibacterial activity","","1","","16","IEEE","8 Nov 2022","4-8 July 2022","4-8 July 2022","IEEE","IEEE Conferences"
"Majority Logic-based Approximate Recoding Adders for High-radix Booth Multipliers","T. Zhang; H. Jiang; W. Liu; F. Lombardi; L. Liu; J. Han","Department of Electrical and Computer Engineering, University of Alberta, Edmonton, AB, Canada; Department of Micro-Nano Electronic, Shanghai Jiao Tong University, Shanghai, China; College of Electronic and Information Engineering, Nanjing University of Aeronautics and Astronautics, Nanjing, China; Department of Electrical and Computer Engineering, Northeastern University, Boston, MA, USA; School of Integrated Circuits, Tsinghua University, Beijing, China; Department of Electrical and Computer Engineering, University of Alberta, Edmonton, AB, Canada",2022 IEEE 22nd International Conference on Nanotechnology (NANO),"8 Nov 2022","2022","","","519","522","Approximate computing permits the improvement of hardware efficiency with a relaxation of accuracy for nanoscale technologies and devices. Instead of conventional Boolean logic, voter-based majority logic (ML) is widely applicable to many emerging nanotechnologies. High-radix Booth multipliers, such as radix-8 and radix-16 multipliers, suffer from high complexity when generating odd multiples of the multiplicand. In this paper, designs of approximate recording adders (ARAs) based on ML with no carry propagation are proposed to alleviate this issue. For calculating the triple and 5×of the multiplicand, a 2-bit ARA and a 3-bit ARA are designed to compute the sum of 1× and 2× multiplicand, and the sum of 1× and 4× multiplicand, respectively. Moreover, a 4-bit ARA is especially developed for computing 7× of the multiplicand as the addition of −1× and 8× of the multiplicand. The proposed ARAs show advantages in hardware evaluated by delay and gate complexity, as well as in accuracy; for example, in a 16 × 16 radix-8 multiplier, the use of 2-bit ARAs achieves a reduction of 77% in the area-delay product with a normalized mean error distance of 7.51 × 10–4for computing the triple multiplicand.","1944-9380","978-1-6654-5225-0","10.1109/NANO54668.2022.9928723","NSERC(grant numbers:RES0048688); NSFC(grant numbers:62022041,62104127); NSF(grant numbers:CCF-1953961,1812467); China Scholarship Council; ","https://ieeexplore.ieee.org/stamp/stamp.jsp?arnumber=9928723","","Measurement;Approximate computing;Logic gates;Hardware;Recording;Complexity theory;Delays;Adders;Nanoscale technology","","","","15","IEEE","8 Nov 2022","4-8 July 2022","4-8 July 2022","IEEE","IEEE Conferences"
"Implementation of IMPLY-based Memristive Subtractor","N. Kaushik; B. Srinivasu","School of Computing & Electrical Engineering, Indian Institute of Technology Mandi, Mandi, India; School of Computing & Electrical Engineering, Indian Institute of Technology Mandi, Mandi, India",2022 IEEE 22nd International Conference on Nanotechnology (NANO),"8 Nov 2022","2022","","","523","526","Memristive technology is the fast emerging alternative to the traditional computing architectures because of its In-Memory-Computation (IMC) capability and low area footprint. Subtraction is a basic arithmetic operation in microprocessors and digital signal processing applications. An IMPLY-based one-bit subtractor is proposed with five memristors and requires nineteen computational steps. Further, this paper presents two multi-bit subtractor designs. One is a serial approach, which has less number of memristors, while the second design is a parallel approach with less number of computational steps. In particular, a 32-bit serial subtractor takes 67 memristors and parallel subtractor takes 174 steps to compute the output. A 32-bit subtractor designed in parallel approach has a better Figure-of-Merit with a 29% improvement compared to the best existing design.","1944-9380","978-1-6654-5225-0","10.1109/NANO54668.2022.9928713","","https://ieeexplore.ieee.org/stamp/stamp.jsp?arnumber=9928713","IMPLY;subtractor;memristor;adder","Microprocessors;Memristors;Digital signal processing;Computer architecture;Computational efficiency;Nanotechnology;Arithmetic","","5","","15","IEEE","8 Nov 2022","4-8 July 2022","4-8 July 2022","IEEE","IEEE Conferences"
"Hysteresis Associated with Intrinsic-Oxide Traps in Gate-Tunable Tetrahedral CVD-MoS2 Memristor","V. Kurtash; S. Mathew; S. Thiele; T. Scheler; J. Reiprich; B. Hähnlein; J. Stauffenberg; E. Manske; S. Narasimha; S. Abedin; H. O. Jacobs; J. Pezoldt","FG Nanotechnologie Institut für Mikro- und Nanolektronik and Institut für Mikro- und Nanotechnologien MacroNano® and Institut für Werkstofftechnik; FG Nanotechnologie Institut für Mikro- und Nanolektronik and Institut für Mikro- und Nanotechnologien MacroNano® and Institut für Werkstofftechnik; FG Nanotechnologie Institut für Mikro- und Nanolektronik and Institut für Mikro- und Nanotechnologien MacroNano® and Institut für Werkstofftechnik; FG Werkstoffe der Elektrotechnik, Institut für Physik; FG Nanotechnologie Institut für Mikro- und Nanolektronik and Institut für Mikro- und Nanotechnologien MacroNano® and Institut für Werkstofftechnik; FG Technische Physik I, Institut für Physik; FG Fertigungs- und Präzisionsmesstechnik, Institut für Prozessmessund Sensortechnik, Technische Universität Ilmenau, Ilmenau, Germany; FG Fertigungs- und Präzisionsmesstechnik, Institut für Prozessmessund Sensortechnik, Technische Universität Ilmenau, Ilmenau, Germany; FG Nanotechnologie Institut für Mikro- und Nanolektronik and Institut für Mikro- und Nanotechnologien MacroNano® and Institut für Werkstofftechnik; FG Nanotechnologie Institut für Mikro- und Nanolektronik and Institut für Mikro- und Nanotechnologien MacroNano® and Institut für Werkstofftechnik; FG Nanotechnologie Institut für Mikro- und Nanolektronik and Institut für Mikro- und Nanotechnologien MacroNano® and Institut für Werkstofftechnik; FG Nanotechnologie Institut für Mikro- und Nanolektronik and Institut für Mikro- und Nanotechnologien MacroNano® and Institut für Werkstofftechnik",2022 IEEE 22nd International Conference on Nanotechnology (NANO),"8 Nov 2022","2022","","","527","530","We introduce back gated memristor based on CVD-grown 30–40 nm thick MoS2 channel. The device demonstrates bipolar behaviour and the measurements are consistent with the simulations performed within the intrinsic-oxide traps model. This confirms the theory that the source of hysteresis in thin-film MoS2 memristors is charge trapping on MoS2/SiO2 interface and the grain boundaries. The impact of back gate voltage bias, voltage sweep range and channel area on memristive effect was studied and quantified using hysteresis area. Hysteresis in bipolar memristors can be tuned by back gate voltage, which makes these devices promising for neuromorphic computing.","1944-9380","978-1-6654-5225-0","10.1109/NANO54668.2022.9928717","Carl Zeiss Foundation(grant numbers:P2018-01-002); ","https://ieeexplore.ieee.org/stamp/stamp.jsp?arnumber=9928717","Memristor;charge trapping;neuromorphic computing;2D transitional metal dichalcogenides (MX2)","Grain boundaries;Performance evaluation;Electron traps;Computational modeling;Memristors;Logic gates;Data models","","2","","14","IEEE","8 Nov 2022","4-8 July 2022","4-8 July 2022","IEEE","IEEE Conferences"
"Threshold Switch Assisted Memristive Memory with Enhanced Read Distinguishability","S. Alam; M. M. Islam; J. Hutchins; N. Cady; S. Gupta; G. Rose; A. Aziz","Department of Electrical Engineering and Computer Science, University of Tennessee, Knoxville, TN, USA; Department of Electrical Engineering and Computer Science, University of Tennessee, Knoxville, TN, USA; Department of Electrical Engineering and Computer Science, University of Tennessee, Knoxville, TN, USA; College of Nanoscale Science and Engineering, SUNY Polytechnic Institute, Albany, NY, USA; School of Electrical and Computer Engineering, Purdue University, West Lafayette, IN, USA; Department of Electrical Engineering and Computer Science, University of Tennessee, Knoxville, TN, USA; Department of Electrical Engineering and Computer Science, University of Tennessee, Knoxville, TN, USA",2022 IEEE 22nd International Conference on Nanotechnology (NANO),"8 Nov 2022","2022","","","531","534","We present a technique to improve the distinguishability of the stored memory states in a memristive (resistive) random-access memory (ReRAM) cell, utilizing controlled phase transitions in an augmented threshold switch (TS). Oxide memristors exhibit significant device-to-device and cycle-to-cycle variations between the low and high resistive states. This leads to degraded distinguishability during the read operation and makes it challenging to design sense amplifiers. To circumvent this major issue, here we propose to augment volatile threshold switches with the ReRAM cell and trigger selective phase transitions to enhance the overall cell resistance ratio. We first analyze the biasing constraints to successfully implement our technique in a memristive memory cell. We keep the TS in the metallic state during write operations. Whereas for read operations, we ensure that the TS remains in the insulating (metallic) state when the memristor in the ReRAM is in high (low) resistance state. With proper co-design, our technique can improve the read current ratio and sense margin of conventional ReRAM cells by up to $\sim 10\mathbf{X}$ and $\sim 5\mathbf{X}$ (respectively), with iso-cell area. Our approach has negligible impact on the write performance, contingent upon the appropriate choice of TS and memristor pair.","1944-9380","978-1-6654-5225-0","10.1109/NANO54668.2022.9928710","Air Force Research Laboratory(grant numbers:FA8750-21-1-1018); ","https://ieeexplore.ieee.org/stamp/stamp.jsp?arnumber=9928710","Memristor;Non-volatile;Phase transition;ReRAM;Sense Margin;Threshold Switch","Resistance;Memristors;Switches;Control systems;Stability analysis;Thermal stability;Nanotechnology","","6","","18","IEEE","8 Nov 2022","4-8 July 2022","4-8 July 2022","IEEE","IEEE Conferences"
"ImageSplit: Modular Memristive Neural Network","E. M; R. Chithra; A. James",NA; NA; NA,2022 IEEE 22nd International Conference on Nanotechnology (NANO),"8 Nov 2022","2022","","","535","538","In this paper, we present an input regulated modular neural network architecture for realising large neural networks. The proposed network become scalable in design for hardware by splitting an input image into non-overlapping blocks to be processed individually by small sized neural network blocks. Classification is done by fusing the class decisions detected from each individual block. We test this approach on three different datasets using various deep neural network architectures. The analog computation of the proposed splitting technique were evaluated using memristive-crossbar neural network architectures in SPICE tool. The results obtained show that splitting and processing an image in multiple small sized network gives higher accuracy as compared to processing the image as a whole in a larger single network. The area and power requirements of the neural network hardware architecture with the proposed splitting technique was computed and compared with the non-splitting case.","1944-9380","978-1-6654-5225-0","10.1109/NANO54668.2022.9928772","","https://ieeexplore.ieee.org/stamp/stamp.jsp?arnumber=9928772","Modular neural networks;Image splitting;Deep Neural Network;convolutional neural networks;ResNet50;VGG16;Intel image;STL-10;CIFAR-10","Neural network hardware;Degradation;Deep learning;Shape;Neural networks;Computer architecture;Network architecture","","","","12","IEEE","8 Nov 2022","4-8 July 2022","4-8 July 2022","IEEE","IEEE Conferences"
"Unconventional Logic on Unipolar CBRAM Based Oscillators","T. P. Chatzinikolaou; I. -A. Fyrigos; S. Kitsios; P. Bousoulas; M. -A. Tsompanas; D. Tsoukalas; G. C. Sirakoulis","Department of Electrical and Computer Engineering, Democritus University of Thrace, Xanthi, Greece; Department of Electrical and Computer Engineering, Democritus University of Thrace, Xanthi, Greece; Department of Applied Physics, National Technical University of Athens, Athens, Greece; Department of Applied Physics, National Technical University of Athens, Athens, Greece; Department of Electrical and Computer Engineering, Democritus University of Thrace, Xanthi, Greece; Department of Applied Physics, National Technical University of Athens, Athens, Greece; Department of Electrical and Computer Engineering, Democritus University of Thrace, Xanthi, Greece",2022 IEEE 22nd International Conference on Nanotechnology (NANO),"8 Nov 2022","2022","","","539","542","Plenty of unconventional computing techniques aim to compete with, if not outperform, traditional computers in solving high-complexity problems. The classical von Neumann computing architecture depends on centralized and sequential data processing, while biological nervous systems work on principles of distributed, parallel, and event-driven operations. Spiking or oscillation based computing is emerging as a valuable candidate on implementing these principles in circuit level. In this work we are exploiting the unipolar behavior of fabricated CBRAM devices to design a memristor-based oscillator capable of performing computations through oscillation interactions. A compact physical CBRAM model has been utilized, which has been fitted in the fabricated devices, to extract an accurate and realistic circuit simulation.","1944-9380","978-1-6654-5225-0","10.1109/NANO54668.2022.9928664","Hellenic Foundation for Research and Innovation (H.F.R.I.); ","https://ieeexplore.ieee.org/stamp/stamp.jsp?arnumber=9928664","CBRAM;CBRAM modelling;Memristor Oscillators;Wave Propagation","Performance evaluation;Low voltage;Neuromorphic engineering;Computational modeling;Integrated circuit interconnections;Nervous system;Behavioral sciences","","2","","30","IEEE","8 Nov 2022","4-8 July 2022","4-8 July 2022","IEEE","IEEE Conferences"
"Stochastic Resonance Exploration in Current-driven ReRAM Devices","A. Cirera; I. Vourkas; A. Rubio; M. Perez","Dept. of Electronics and Biomedical Eng., Universitat de Barcelona, Barcelona, Spain; Dept. of Electronic Engineering, Universidad Tecnica Federico Santa Maria, Valparaiso, Chile; Dept. of Electronic Engineering, Universitat Politècnica de Catalunya, Barcelona, Spain; Dept. of Electronic Engineering, Universidad Tecnica Federico Santa Maria, Valparaiso, Chile",2022 IEEE 22nd International Conference on Nanotechnology (NANO),"8 Nov 2022","2022","","","543","546","Advances in emerging resistive random-access memory (ReRAM) technology show promise for its use in future computing systems, enabling neuromorphic and memory-centric computing architectures. However, one aspect that holds back the widespread practical use of ReRAM is the behavioral variability of resistive switching devices. In this context, a radically new path towards ReRAM-based electronics concerns the exploitation of noise and the Stochastic Resonance (SR) phenomenon as a mechanism to mitigate the impact of variability. While SR has been already demonstrated in ReRAM devices and its potential impact has been analyzed for memory applications, related works have only focused on voltage input signals. In this work we present preliminary results concerning the exploration of SR in current-driven ReRAM devices, commercially available by Knowm Inc. Our results indicate that additive noise of amplitude σ = 0.125uA can stabilize the cycling performance of the devices, whereas higher noise amplitude improves the HRS-LRS resistance window, thus could affect positively the Bit Error Rate (BER) metric in ReRAM memory applications.","1944-9380","978-1-6654-5225-0","10.1109/NANO54668.2022.9928748","","https://ieeexplore.ieee.org/stamp/stamp.jsp?arnumber=9928748","memristor;stochastic resonance;resistive switching;ReRAM;Knowm;voltage-controlled current source","Performance evaluation;Additive noise;Resistance;Stochastic resonance;Bit error rate;Switches;Voltage","","6","","20","IEEE","8 Nov 2022","4-8 July 2022","4-8 July 2022","IEEE","IEEE Conferences"
"Bidirectional Transition between Threshold and Bipolar Switching in Ag/SiO2/ITO Memristors","Z. Li; P. D. Böruer; H. Schmidt; P. H. Bolívar; B. Choubey","Chair of Analogue Circuits and Image Sensors, University of Siegen, Germany; Chair of High Frequency and Quantum Technology, University of Siegen, Germany; Institute of Solid State Physics, Friedrich-Schiller University of Jena, Germany; Chair of High Frequency and Quantum Technology, University of Siegen, Germany; Chair of Analogue Circuits and Image Sensors, University of Siegen, Germany",2022 IEEE 22nd International Conference on Nanotechnology (NANO),"8 Nov 2022","2022","","","547","550","We report a reproducible memristor utilising a Ag/SiO2/ITO structure and having inherent threshold switching and bipolar memory switching. The device transitions from threshold to bipolar switching, as is well known by providing suitable compliance currents. We report that we can achieve the reverse switching from bipolar to threshold by applying an external current source. We can then transition between these two mechanisms at will by applying different voltage and current biases. Furthermore, we also report this structure being fabricated using simple sputtering mechanism.","1944-9380","978-1-6654-5225-0","10.1109/NANO54668.2022.9928635","","https://ieeexplore.ieee.org/stamp/stamp.jsp?arnumber=9928635","","Fabrication;Memristors;Switches;Artificial intelligence;Sputtering;Nanotechnology","","6","","16","IEEE","8 Nov 2022","4-8 July 2022","4-8 July 2022","IEEE","IEEE Conferences"
"Analog Nanobiosensing of Continuous Disease State: System Models and Relationships to Fuzzy Set Theory","Y. Chen; M. Wu; S. Shi","School of Life Science and Technology, University of Electronic Science and Technology of China, Chengdu, China; School of Life Science and Technology, University of Electronic Science and Technology of China, Chengdu, China; Yangtze Delta Region Institute (Quzhou) & School of Life Science and Technology, University of Electronic Science and Technology of China, Quzhou, China",2022 IEEE 22nd International Conference on Nanotechnology (NANO),"8 Nov 2022","2022","","","551","554","We propose a new framework of analog nanobiosensing (ANNA), which refers to a nanobiosensing process that produces an output “analogous” to the underlying continuous disease state (DS). This is in contrast to the traditional discrete nanobiosensing where the number of DSs is finite, effectively leading to the act of classifying. We present a mathematical model of ANNA including a generic representation of the continuous DS that converts the linguistic variable of DS $\mathrm{S}$ into a normalized numerical variable $s$, a surjective sensing function $\mathcal{F}$ that maps one set defined on universe $\mathbb{S}$ (i.e., collection of all s) to another set defined on universe $\mathbb{O}$ (i.e., collection of all sensing outputs $o$), and a generic sensing performance measure that is dependent on the inverse image of $o$ under function $\mathcal{F}$. Furthermore, we analyze the framework from a fuzzy-set-theoretic perspective, which provides additional insight into the design and optimization of ANNA.","1944-9380","978-1-6654-5225-0","10.1109/NANO54668.2022.9928732","National Natural Science Foundation of China(grant numbers:62171106); ","https://ieeexplore.ieee.org/stamp/stamp.jsp?arnumber=9928732","Continuous health state;analog nanobiosensing;fuzzy set theory;computational nanobiosensing","Estimation error;Linguistics;Continuous time systems;Fuzzy set theory;Mathematical models;Sensors;Noise measurement","","","","7","IEEE","8 Nov 2022","4-8 July 2022","4-8 July 2022","IEEE","IEEE Conferences"
"A Full-time-utilization Optimization Approach for Computational Nanobiosensing","S. Shi; Z. Wang; Y. Chen; Q. Liu; Q. Zhang","Yangtze Delta Region Institute (Quzhou), University of Electronic Science and Technology of China, Quzhou, China; School of Life Science and Technology, University of Electronic Science and Technology of China, Chengdu, China; School of Life Science and Technology, University of Electronic Science and Technology of China, Chengdu, China; School of Life Science and Technology, University of Electronic Science and Technology of China, Chengdu, China; Department of Computer Science, City University of Hong Kong, Hong Kong",2022 IEEE 22nd International Conference on Nanotechnology (NANO),"8 Nov 2022","2022","","","555","558","We have proposed a novel framework of computational nanobiosensing (CONA) by transforming the early tumor detection process into an in vivo function optimization problem. The tumor is viewed as the global optimal solution, which is to be searched for by the nanorobots that act as the computational agents. The external control and tracking devices are used to perform actuation and imaging of nanorobots, which correspond to the optimization and learning processes of CONA, respectively. Our previous investigations are based on the protocol that the nanorobot control and tracking are alternating processes, which means that the optimization procedure does not fully utilize the available time for computing. Considering that the parallel execution of control and tracking is a superior way to realize real-time steering of nanorobots, we propose a full-time-utilization (FTU) optimization approach in this paper to improve the performance of CONA. Some in silico experiments are carried out in a 3D search space to demonstrate the superiority of the proposed FTU optimization approach compared to the previous partial-time-utilization (PTU) one.","1944-9380","978-1-6654-5225-0","10.1109/NANO54668.2022.9928588","National Natural Science Foundation of China(grant numbers:62102071,62071101,62171106); ","https://ieeexplore.ieee.org/stamp/stamp.jsp?arnumber=9928588","computational nanobiosensing;nanorobots;tumor detection;real-time steering;in vivo optimization","Performance evaluation;Three-dimensional displays;Target tracking;Protocols;Process control;Real-time systems;Nanoscale devices","","","","9","IEEE","8 Nov 2022","4-8 July 2022","4-8 July 2022","IEEE","IEEE Conferences"
"Nanobiosensing from an In Vivo Multi-objective Optimization Perspective","Z. Jiang; S. Shi; Y. Chen; S. Yao","School of Life Science and Technology, University of Electronic Science and Technology of China, Chengdu, China; Yangtze Delta Region Institute (Quzhou), University of Electronic Science and Technology of China, Quzhou, China; School of Life Science and Technology, University of Electronic Science and Technology of China, Chengdu, China; School of Life Science and Technology, University of Electronic Science and Technology of China, Chengdu, China",2022 IEEE 22nd International Conference on Nanotechnology (NANO),"8 Nov 2022","2022","","","561","564","In our study, due to the inefficiency of conventional medical imaging techniques for early tumor detection, we use an external magnetic field to guide nanoswimmers in high-risk tissue region to move through the biological gradient field (BGF) induced by tumor tissue and search for the tumor location. Since a tumor can generate multiple BGFs, we propose a novel framework named in vivo multi-objective optimization by viewing the BGFs as optimizable objective functions. Furthermore, we propose two computing techniques based on the traditional particle swarm optimization to solve this in vivo computational problem. Some simulation experiments are carried out by comparing the proposed techniques to the traditional brute-force search. The results show that both of the proposed techniques perform better than the brute-force search method for nanobiosensing.","1944-9380","978-1-6654-5225-0","10.1109/NANO54668.2022.9928661","National Natural Science Foundation of China(grant numbers:62171106,62102071); ","https://ieeexplore.ieee.org/stamp/stamp.jsp?arnumber=9928661","cancer detection;nanoswimmer;swarm intelligence;multi-objective particle swarm algorithm","In vivo;Simulation;Biological tissues;Search problems;Linear programming;Nanobioscience;Magnetic fields","","","","11","IEEE","8 Nov 2022","4-8 July 2022","4-8 July 2022","IEEE","IEEE Conferences"
"Wigner Dynamics of Electron Quantum Superposition States in a Confined and Opened Quantum Dot","M. Ballicchia; M. Nedjalkov; J. Weinbub","Institute for Microelectronics, TU Wien, Austria; Institute for Microelectronics, TU Wien, Austria; Christian Doppler Laboratory for High Performance TCAD, Institute for Microelectronics, TU Wien, Austria",2022 IEEE 22nd International Conference on Nanotechnology (NANO),"8 Nov 2022","2022","","","565","568","Wigner function approaches provide a unique ability to investigate the dynamics of electron quantum superposition states. Such states are essential to many solid-state nanotechnologies, e.g., coherent single-electron sources. Here, we study the coherent dynamics of an electron captured by a quantum dot using one-dimensional Wigner quantum transport simulations, revealing the manifesting oscillations in the probability density. We verify our solution with a Schrödinger solution to establish a frame of reference. In addition, we study the electron ejection process from the quantum dot into a quantum channel. The time-dependent Wigner solution provides us with the ability to analyze the quantum evolution in terms of phase space and concepts of classical mechanics. Our results show a clear correlation between barrier ejection timing and shape of the channel-injected, superposed states.","1944-9380","978-1-6654-5225-0","10.1109/NANO54668.2022.9928753","Austrian Science Fund(grant numbers:P33609); ","https://ieeexplore.ieee.org/stamp/stamp.jsp?arnumber=9928753","","Correlation;Shape;Quantum dots;Quantum channels;Quantum mechanics;Timing;Oscillators","","","","20","IEEE","8 Nov 2022","4-8 July 2022","4-8 July 2022","IEEE","IEEE Conferences"
"Performing Stateful Logic Using Spin-Orbit Torque (SOT) MRAM","B. Hoffer; S. Kvatinsky","Andrew and Erna Viterbi Faculty of Electrical and Computer Engineering, Technion - Israel Institute of Technology, Haifa, Israel; Andrew and Erna Viterbi Faculty of Electrical and Computer Engineering, Technion - Israel Institute of Technology, Haifa, Israel",2022 IEEE 22nd International Conference on Nanotechnology (NANO),"8 Nov 2022","2022","","","571","574","Stateful logic is a promising processing-in-memory (PIM) paradigm to perform logic operations using emerging nonvolatile memory cells. While most stateful logic circuits to date focused on technologies such as resistive RAM, we propose two approaches to designing stateful logic using spin-orbit torque (SOT) MRAM. The first approach utilizes the separation of read and write paths in SOT devices to perform logic operations. In contrast to previous work, our method utilizes a standard memory structure, and each row can be used as input or output. The second approach uses voltage-gated SOT switching to allow stateful logic in denser memory arrays. We present array structures to support the two approaches and evaluate their functionality using SPICE simulations in the presence of process variation and device mismatch.","1944-9380","978-1-6654-5225-0","10.1109/NANO54668.2022.9928606","","https://ieeexplore.ieee.org/stamp/stamp.jsp?arnumber=9928606","","Performance evaluation;Torque;Resistive RAM;Switches;Logic gates;Parallel processing;SPICE","","7","","18","IEEE","8 Nov 2022","4-8 July 2022","4-8 July 2022","IEEE","IEEE Conferences"
"Improved switching performance of a Molybdenum Oxide-based bi-layer resistive memory","T. Zhang; K. Sun; I. Zeimpekis; R. Huang","School of Electronics and Computer Science, University of Southampton, Southampton, United Kingdom; School of Physics, University of Southampton, Southampton, United Kingdom; Optoelectronics Research Centre, University of Southampton, Southampton, United Kingdom; School of Electronics and Computer Science, University of Southampton, Southampton, United Kingdom",2022 IEEE 22nd International Conference on Nanotechnology (NANO),"8 Nov 2022","2022","","","575","578","In this paper, an atomic layer deposited memristor based on Al2O3/MoO3 bi-layer structure is reported. Compared with the single layer MoO3 based device, the bi-layer memristor demonstrates the improved bipolar switching behaviors including better endurance, higher ON/OFF ratio, and higher uniformity of the programming voltages. Space-charge-limited current (SCLC) model is used to explain the current conduction in our memristor. The formation and rupture of conductive oxygen vacancy-based filaments are illustrated as the proposed mechanism for the observed resistive switching behavior.","1944-9380","978-1-6654-5225-0","10.1109/NANO54668.2022.9928600","","https://ieeexplore.ieee.org/stamp/stamp.jsp?arnumber=9928600","Resistive memory;MoO3;atomic layer deposition;bipolar switching","Performance evaluation;Nonvolatile memory;Neuromorphic engineering;Memristors;Switches;Programming;Nanoscale devices","","1","","15","IEEE","8 Nov 2022","4-8 July 2022","4-8 July 2022","IEEE","IEEE Conferences"
