"Document Title",Authors,"Author Affiliations","Publication Title",Date Added To Xplore,"Publication Year","Volume","Issue","Start Page","End Page","Abstract","ISSN",ISBNs,"DOI",Funding Information,PDF Link,"Author Keywords","IEEE Terms","Mesh_Terms",Article Citation Count,Patent Citation Count,"Reference Count","License",Online Date,Issue Date,"Meeting Date","Publisher",Document Identifier
"[Front matter]","",,2021 IEEE 21st International Conference on Nanotechnology (NANO),"26 Aug 2021","2021","","","1","42","Conference proceedings front matter may contain various advertisements, welcome messages, committee or program information, and other miscellaneous conference information. This may in some cases also include the cover art, table of contents, copyright statements, title-page or half title-pages, blank pages, venue maps or other general information relating to the conference that was part of the original conference proceedings.","1944-9380","978-1-6654-4156-8","10.1109/NANO51122.2021.9514280","","https://ieeexplore.ieee.org/stamp/stamp.jsp?arnumber=9514280","","","","","","","IEEE","26 Aug 2021","28-30 July 2021","28-30 July 2021","IEEE","IEEE Conferences"
"Fabrication and simulations of high-aspect-ratio nanopores for polymer-based resistive pulse sensors","J. -A. Berkenbrock; G. Wells; M. Mail; T. Scherer; S. Achenbach","Department of Electrical and Computer Engineering, University of Saskatchewan, Saskatoon, Canada; Synchrotron Laboratory for Micro and Nano Devices, Canadian Light Source, Saskatoon, Canada; Karlsruhe Nano Micro Facility, Institute of Nanotechnology, Karlsruhe Institute of Technology, Karlsruhe, Germany; Karlsruhe Nano Micro Facility, Institute of Nanotechnology, Karlsruhe Institute of Technology, Karlsruhe, Germany; Department of Electrical and Computer Engineering, University of Saskatchewan, Saskatoon, Canada",2021 IEEE 21st International Conference on Nanotechnology (NANO),"26 Aug 2021","2021","","","1","2","Summary form only given, as follows. The complete presentation was not made available for publication as part of the conference proceedings. Microfluidic devices are a class of Micro Electromechanical Systems (MEMS) intended for fluids manipulation, mostly liquids, in the order of microliters and below. The global market of micro and nanofluidic devices has experienced continuous growth over the past few years. In 2020, this market was valued at over USD 4.6 billion in conservative terms, and it is predicted to keep a growth rate of somewhat between 13 and 23% in the next half-decade. Microdevices are characterized by having at least one dimension in the micrometre range, as well as nanodevices, have it in the nanometer scale. The main applications to micro and nanofluidic devices are drug delivery, pharmaceutical and biotechnology research, clinical and point-of-care (POC) diagnostics. Companies working in this field experienced a surge in demand with the rise of the COVID-19 pandemic. For the rapid testing against SARS-CoV-2, testing devices became necessary for screening populations afar from testing centers and health care facilities. The development of micro-and nano detectors for new viruses is challenging even with all the background acquired from working with other viruses. One long-standing detection approach was established in 1953 by W. Coulter for counting cells, a method which is known as Resistive Pulse Sensor (RPS) or Coulter counter. In short, an RPS refers to two chambers filled with electrolyte solution and connected by a single orifice. The target delivered in one chamber shall flow through the orifice to the other chamber led by electrochemical forces. The translocation of the targets causes partial and non-permanent obstruction of the orifice. By monitoring the electric current during this assay, it induces the formation of a pulse-like shape representing a pulse of resistance. In the following decades, this method was adapted to the submicrometric scale with advances in micro-and nanofabrication techniques. The fabrication of such micro detectors is often based on photolithography, but some emergent and alternative techniques are becoming more common. Focused ion beam (FIB) is one of these unconventional approaches that allow for patterning high aspect ratio structures into a mixture of materials. A challenge to pattern composite materials (e.g., sandwich-like membranes), which might be based on polymers and metals, raises from the different physical properties of materials. The sensitivity and applicability of RPS are directly dependant on the shape and quality of the final structure. For instance, wall smoothness is one of the parameters that should be considered when choosing a fabrication approach. In this work, we will present an advanced nanofabrication design based on focused ion beam technology to drill a nanopore into a polymer-metal-polymer membrane. The intricate structure to be presented in this work was chosen to avoid fabrication artifacts described previously. Numerical simulations will be also provided for comparison with a trivial cylindrical design.","1944-9380","978-1-6654-4156-8","10.1109/NANO51122.2021.9514281","","https://ieeexplore.ieee.org/stamp/stamp.jsp?arnumber=9514281","","Fabrication;COVID-19;Nanofabrication;Shape;Orifices;Nanoscale devices;Coronaviruses","","","","16","IEEE","26 Aug 2021","28-30 July 2021","28-30 July 2021","IEEE","IEEE Conferences"
"The application of the plasmonic nanopaper in the optical-based sensing approaches","B. Heli; A. Ajji","Département de génie chimique, 3SPack, CREPEC, Polytechnique Montréal, Montréal, Québec, Canada; Département de génie chimique, 3SPack, CREPEC, Polytechnique Montréal, Montréal, Québec, Canada",2021 IEEE 21st International Conference on Nanotechnology (NANO),"26 Aug 2021","2021","","","146","146","This study presents novel optical sensors by utilizing bacterial cellulose (BC) as a nano-based platform. The myriads of BC features such as optical transparency, mechanical strength, nanofibers structure, flexibility, and abundant functional groups, make this natural biopolymer a perfect substrate to create a new generation of optical biosensors. Importantly, the coupling of BC with advantageous nanomaterials (e.g., plasmonic nanoparticles and biomolecule) leads to the emergence of multifunctional nanocomposites. On the other hand, BCs embedded with plasmonic nanoparticles (such as Ag and Au), named a plasmonic nanopaper, benefit the outstanding characteristics of both. Hence, the resulted BC impregnated with AgNP or AuNP revealed a plasmonic peak at 470 and 530 nm through the UV-vis absorbance spectra, respectively.","1944-9380","978-1-6654-4156-8","10.1109/NANO51122.2021.9514314","","https://ieeexplore.ieee.org/stamp/stamp.jsp?arnumber=9514314","","Plasmons;Optical fiber sensors;Nanoparticles;Microorganisms;Optical fibers;Biomedical optical imaging;Ammonia","","","","","IEEE","26 Aug 2021","28-30 July 2021","28-30 July 2021","IEEE","IEEE Conferences"
"Study of Anisotropy on Ferromagnetic Electrodes of a Magnetic Tunnel Junction-Based Molecular Spintronics Device (MTJMSD)","B. R. Dahal; M. Savadkoohi; E. Mutunga; A. Grizzle; C. D'Angelo; P. Tyagi","Center for Nanotechnology Research and Education, Mechanical Engineering, University of the District of Columbia, Washington DC, USA; Center for Nanotechnology Research and Education, Mechanical Engineering, University of the District of Columbia, Washington DC, USA; Center for Nanotechnology Research and Education, Mechanical Engineering, University of the District of Columbia, Washington DC, USA; Center for Nanotechnology Research and Education, Mechanical Engineering, University of the District of Columbia, Washington DC, USA; Center for Nanotechnology Research and Education, Mechanical Engineering, University of the District of Columbia, Washington DC, USA; Center for Nanotechnology Research and Education, Mechanical Engineering, University of the District of Columbia, Washington DC, USA",2021 IEEE 21st International Conference on Nanotechnology (NANO),"26 Aug 2021","2021","","","437","437","Summary form only given. The complete presentation was not made available for publication as part of the conference proceedings. We will report a theoretical Monte Carlo Simulation (MCS) study to explain the impact of anisotropy on the magnetic tunnel junction-based molecular spintronics device (MTJMSD) equilibrium properties and related experimental observations. We ran Markov process for 500 Million iterations to reach the equilibrium state and recorded MTJMSD properties magnetization (M) of each electrode and the whole device. We also studied the energy variation of the MTJMSD system with time as a function of FM electrode anisotropy. Experimentally designed FM electrodes of MTJMSD contain multi-layers of different ferromagnetic materials. These materials possess in-plane and out-of-plane magnetic anisotropy (A) characteristics. To understand the competing effect of in-plane and out-of-plane A, we have computationally applied A. Here, ALx and Aly represent out-of-plane and in-plane anisotropy, respectively. We have studied contour plots (ALx and ALy dependence of M) to understand the overall M of MTJMSD. On the diagonal region in which ALx and ALy are equal, the magnetization of left FM electrodes possessed its maximum value. Interestingly, the M of MTJMSD is lower in this reason due to the opposite spin orientation of the left FM electrode compared to the right FM electrode. We found that increasing A strength starts exhibiting diverse domain structures within an FM electrode. Increasing A was found to create stripe-shaped domains with opposite spins. However, the application of equal magnitude of ALx and ALy cancels the strip domain formation. A factor was effective even when all the coupling effects get nullified due to thermal energy induced disorders in the MTJMSD. This research is supported by National Science Foundation-CREST Award (Contract # HRD- 1914751), Department of Energy/National Nuclear Security Agency (DE-FOA-0003945).","1944-9380","978-1-6654-4156-8","10.1109/NANO51122.2021.9514324","","https://ieeexplore.ieee.org/stamp/stamp.jsp?arnumber=9514324","","Magnetic tunneling;Electrodes;Frequency modulation;Anisotropic magnetoresistance;Nanotechnology;Spintronics;Magnetization","","","","","IEEE","26 Aug 2021","28-30 July 2021","28-30 July 2021","IEEE","IEEE Conferences"
"Impact of Spin Fluctuation on the magnetic properties of Magnetic Tunnel Junction-Based Molecular Spintronic Device (MTJMSD)","M. Savadkoohi; B. R. Dahal; E. Mutungo; A. Grizzle; C. D'Angelo; P. Tyagi","Center for Nanotechnology Research and Education, Mechanical Engineering, University of the District of Columbia, Washington, USA; Center for Nanotechnology Research and Education, Mechanical Engineering, University of the District of Columbia, Washington, USA; Center for Nanotechnology Research and Education, Mechanical Engineering, University of the District of Columbia, Washington, USA; Center for Nanotechnology Research and Education, Mechanical Engineering, University of the District of Columbia, Washington, USA; Center for Nanotechnology Research and Education, Mechanical Engineering, University of the District of Columbia, Washington, USA; Center for Nanotechnology Research and Education, Mechanical Engineering, University of the District of Columbia, Washington, USA",2021 IEEE 21st International Conference on Nanotechnology (NANO),"26 Aug 2021","2021","","","216","216","Summary form only given, as follows. The complete presentation was not made available for publication as part of the conference proceedings. Striking advancement of science over the last few decades has doubled the need of having faster and more efficient electronic devices. Magnetic tunnel junction-based molecular spintronic devices (MTJMSDs) are potential platforms for futuristic computers and may significantly reduce power consumption and enhance processing speed [1], [2]. Using transport properties of electrons, MTJMSD creates conductive molecular channels between two FM electrodes (FMEs). In our previous work, we investigated the effect of several factors on MTJMSDs' magnetic properties through Monte Carlo Simulation (MCS). Our results showed that i) Molecule-FMEs' coupling strength and nature ii) FMEs' length and thickness and iii) thermal energy have determinative effect on MTJMSD magnetic behavior [3]. For our initial comprehension, we constrained our earlier studies to just electrons' transport properties via molecular channels. In this research we took one step further towards realization of MTJMSD magnetic properties and investigated the effect of spin fluctuation (SF) as well. Here, we report the result of an extreme case where molecules made a strong antiFM coupling with one electrode and a strong FM coupling with another one at room temperature (KT=0.1 of the Curie temperature) for a fixed device size. Our preliminary results show that MTJMSD's need more iteration counts to attain equilibrium state in the presence of SFs. According to our MCS results, 16 molecules can induce antiFM coupling between FMEs in both with and without SF cases. However, the spatial orientation of M is noisier in the presence of SF despite doing 500 million simulation counts. The correlation results agree with spatial orientation of electrodes and molecules' magnetic moment. Based on our observation, there is a strong negative/antiferromagnetic correlation between FMEs when there is no SF. However, there are multiple pockets of average to high negative correlation between FMEs and molecules while applying SF effect. To complement our study and gain a better understanding of the role of SF on MTJMSD's magnetic properties, we will also investigate time evolution of energy, magnetic susceptibility and coupling energy required for transition from low to high magnetization.","1944-9380","978-1-6654-4156-8","10.1109/NANO51122.2021.9514317","","https://ieeexplore.ieee.org/stamp/stamp.jsp?arnumber=9514317","","Couplings;Electrodes;Frequency modulation;Correlation;Temperature;Fluctuations;Thermal energy","","","","3","IEEE","26 Aug 2021","28-30 July 2021","28-30 July 2021","IEEE","IEEE Conferences"
"Cycle PUF: A Cycle operator based PUF in Carbon Nanotube FET Technology","B. Srinivasu; A. Chattopadhyay","School of Computing and Electrical Engineering, Indian Institute of Technology Mandi, Mandi, India; School of Computer Science and Engineering, Nanyang Technological University, Singapore",2021 IEEE 21st International Conference on Nanotechnology (NANO),"26 Aug 2021","2021","","","13","16","This paper proposes a ternary cycle operator-based PUF in CNFET technology. The PUF is designed using ternary unary operators and mainly uses cycle operators in the ternary logic, hence named as cycle PUF. The proposed PUF is a delay based design using cycle operators $A^{1}$ and $A^{2}$. These operators with their intrinsic addition capability, they provide better randomness. A delay line is designed using cycle operators $A^{1}$ and $A^{2}$. The delay line provides random delay at the output through process variations of the CNT. Monte-Carlo simulations reveal that the proposed PUF is generating 51.2% of 0's and 48.7% of 1's.","1944-9380","978-1-6654-4156-8","10.1109/NANO51122.2021.9514291","","https://ieeexplore.ieee.org/stamp/stamp.jsp?arnumber=9514291","PUF;Carbon Nanotube FET;Emerging Devices;Unary operators","Monte Carlo methods;Conferences;Delay lines;Multivalued logic;Nanoscale devices;Delays;CNTFETs","","6","","23","IEEE","26 Aug 2021","28-30 July 2021","28-30 July 2021","IEEE","IEEE Conferences"
"Self-rectifying self-limited Resistive switching in Au/Al2O3/FTO Devices","J. Arya Lekshmi; T. Nandha Kumar; A. F. Haider; K. B. Jinesh","Electrical Engineering Department, University of Nottingham, Selangor, Malaysia; Electrical Engineering Department, University of Nottingham, Selangor, Malaysia; Electrical Engineering Department, University of Nottingham, Selangor, Malaysia; Department of Physics, Indian Institute of Space Science and Technology (IIST), Trivandrum, Kerala, India",2021 IEEE 21st International Conference on Nanotechnology (NANO),"26 Aug 2021","2021","","","17","20","In this paper, filament-based resistive switching of Au/ Al2O3/FTO device stack is discussed. The proposed device exhibited a self-limited, self-rectified, asymmetric current-voltage characteristic with excellent Roff/Ron ratio >400 and rectification ratio >200. Also, the device has shown good retention(>103) property. Moreover, it has been observed that the device exhibits non-zero crossover characteristics predominantly seen in negatively formed devices, emulating the behavior of a one diode-one RRAM combination. Besides, it is reported that by modulating the input voltage sweeps, we can fine-tune the device characteristics to achieve asymmetric, analog, or digital switching properties to use in desired applications.","1944-9380","978-1-6654-4156-8","10.1109/NANO51122.2021.9514299","","https://ieeexplore.ieee.org/stamp/stamp.jsp?arnumber=9514299","","Performance evaluation;Current measurement;Conferences;Current-voltage characteristics;Memristors;Switches;Reliability","","","","16","IEEE","26 Aug 2021","28-30 July 2021","28-30 July 2021","IEEE","IEEE Conferences"
"Understanding Electron Transport in oxygen decorated Zigzag Graphene nanoribbons for nanoscale interconnects","S. Agrawal; A. Srivastava; G. Kaushal","CNTL laboratory, Advanced Materials Research Group, Atal Bihari Vajpayee Indian Institute of Information Technology and Management, Gwalior, India; CNTL laboratory, Advanced Materials Research Group, Atal Bihari Vajpayee Indian Institute of Information Technology and Management, Gwalior, India; VLSI Design lab, Atal Bihari Vajpayee Indian Institute of Information Technology and Management, Gwalior, India",2021 IEEE 21st International Conference on Nanotechnology (NANO),"26 Aug 2021","2021","","","21","24","Density functional theory with non-equilibrium Green's function has been used to extract the current voltage behaviour, fermi velocities and dynamical parameters of Oxygen (O) doped Zigzag Graphene Nano ribbons (GNRs). The Zigzag GNR has been subjected to monovacancy, and decorated with oxygen impurities at three possible sites around the Monovacancy (MV). The transport properties of these structures have been analysed in terms of transmission spectrum, I- V characteristics, transmission pathways and the dynamical parameters (kinetic inductance and quantum capacitance) of oxygen decorated ZGNRs. It has been observed that both linear I- V characteristics and improved dynamical parameters of 20- MVZGNR are relatively suitable for interconnect application in comparison to its other counterparts.","1944-9380","978-1-6654-4156-8","10.1109/NANO51122.2021.9514303","","https://ieeexplore.ieee.org/stamp/stamp.jsp?arnumber=9514303","","Inductance;Oxygen;Impurities;Graphene;Density functional theory;Nanoscale devices;Nanoribbons","","2","","15","IEEE","26 Aug 2021","28-30 July 2021","28-30 July 2021","IEEE","IEEE Conferences"
"A Study of Coulomb Explosion Induced by Freestanding Carbon Nanotube During Field Emission","J. A. Liu; Y. Sun; S. Chen; E. Cheraghi; J. Wang; Z. Xie; J. T. W. Yeow","Department of Systems Design Engineering, University of Waterloo, Waterloo, Ontario, Canada; Department of Systems Design Engineering, University of Waterloo, Waterloo, Ontario, Canada; Department of Systems Design Engineering, University of Waterloo, Waterloo, Ontario, Canada; Department of Systems Design Engineering, University of Waterloo, Waterloo, Ontario, Canada; Department of Systems Design Engineering, University of Waterloo, Waterloo, Ontario, Canada; Department of Systems Design Engineering, University of Waterloo, Waterloo, Ontario, Canada; Department of Systems Design Engineering, University of Waterloo, Waterloo, Ontario, Canada",2021 IEEE 21st International Conference on Nanotechnology (NANO),"26 Aug 2021","2021","","","27","30","Low-density patterned Carbon Nanotube (CNT) field emitter is important for applications that require an addressable electron emission source. However, coulomb explosion, that occurs on freestanding CNTs when coulomb repulsion exceeds the limit of van der Waals force, will be induced by low-density patterned CNT field emitters. The coulomb explosion is the main reason cause the short lifetime of low-density patterned CNT field emitters and the direct failure of the CNT field emission (FE) process by inducing a strong arcing between CNT cathode and Indium tin oxide (ITO) anode. Therefore, study the phenomenon of CNT FE induced coulomb explosion and the causes are the keys to increase the lifetime and stability of low-density patterned CNT field emitters.","1944-9380","978-1-6654-4156-8","10.1109/NANO51122.2021.9514323","","https://ieeexplore.ieee.org/stamp/stamp.jsp?arnumber=9514323","","Conferences;Indium tin oxide;Force;Carbon nanotubes;Explosions;Iron;Electron emission","","","","8","IEEE","26 Aug 2021","28-30 July 2021","28-30 July 2021","IEEE","IEEE Conferences"
"Nano-Modified Screen-Printed Electrodes for the Determination of Organic Pollutants","A. Di Tinno; A. Cataldo; L. Ferrigno; A. Maffucci; S. Bellucci; L. Micheli","Dept. of Electrical and Information Engineering, The University of Cassino and Southern Lazio, Cassino, Italy; INFN-LNF, Frascati, Roma, Italy; Dept. of Electrical and Information Engineering, The University of Cassino and Southern Lazio, Cassino, Italy; Dept. of Electrical and Information Engineering, The University of Cassino and Southern Lazio, Cassino, Italy; INFN-LNF, Frascati, Roma, Italy; Dept. of Science and Chemical Technologies, University of Rome Tor Vergata, Roma, Italy",2021 IEEE 21st International Conference on Nanotechnology (NANO),"26 Aug 2021","2021","","","34","37","This paper deals with low-cost sensors to detect the presence of organic pollutants, based on the voltammetric response of Screen Printed Electrodes (SPE). Modified SPEs are here proposed, by using graphene nanoplatelets that represent a low cost version of graphene, characterized by an easier and more scalable production compared to pure graphene. Improved sensing performance are experimentally observed with these surface modifications to the detection of an aromatic organic compound.","1944-9380","978-1-6654-4156-8","10.1109/NANO51122.2021.9514354","","https://ieeexplore.ieee.org/stamp/stamp.jsp?arnumber=9514354","","Electrodes;Sensitivity;Surface contamination;Graphene;Production;Materials reliability;Tools","","3","","13","IEEE","26 Aug 2021","28-30 July 2021","28-30 July 2021","IEEE","IEEE Conferences"
"The contributions of nanowires and nanowire-nanowire junctions in chemiresistors based on metal oxide nanowire networks","A. Ponzoni","National Institute of Optics, National Research Council (CNR-INO), Unit of Brescia, Brescia, Italy",2021 IEEE 21st International Conference on Nanotechnology (NANO),"26 Aug 2021","2021","","","38","41","This work reports the analysis of chemiresistors based on nanowire networks, decoupling the relative contributions of elementary nanowires and nanowire-nanowire junctions in the macroscopic response of the film. The relationship between the response of microscopic elements and the macroscopic film is established on the basis of the network theory. Results indicate that the film, depending on the material and network properties, may exhibit a junction-like or a mixed junction/nanowire behavior.","1944-9380","978-1-6654-4156-8","10.1109/NANO51122.2021.9514316","","https://ieeexplore.ieee.org/stamp/stamp.jsp?arnumber=9514316","","Microscopy;Conferences;Schottky barriers;Metals;Sensors;Chemical elements;Junctions","","","","19","IEEE","26 Aug 2021","28-30 July 2021","28-30 July 2021","IEEE","IEEE Conferences"
"Fabrication of highly selective NO2 gas sensor for low ppm detection","V. R. Naganaboina; S. G. Singh","Electrical Engineering Department, Indian Institute of Technology, Hyderabad, Telangana, India; Electrical Engineering Department, Indian Institute of Technology, Hyderabad, Telangana, India",2021 IEEE 21st International Conference on Nanotechnology (NANO),"26 Aug 2021","2021","","","42","45","Nitrogen dioxide (NO2) is one of the most harmful and highly toxic gas, and it is continuously released into the environment from automotive emissions, industrial emissions, and agriculture activities. According to the American Conference of Governmental Industrial Hygienists (ACGIH), the threshold limit value (TLV) of NO2 is up to 3 ppm for 8 h time-weighted average and 5 ppm for 15 min period. Therefore, the efficient detection of low concentration of NO2 gas is significant for monitoring human health in the near above-mentioned sources. In this aspect, transition metal dichalcogenides (TMDs) based gas sensor holds a promising potential for detecting the toxic gas due to their inherent properties such as, high surface to volume ratio and small intrinsic dimension. Among TMDs, tin disulfide (SnS2) has become a promising sensing material in gas sensing applications, owing to its physical affinity, planar crystal structure, and high specific surface area. Herein, SnS2 was synthesized by hydrothermal method and characterized by X-ray diffraction (XRD) and Raman spectroscopy. Subsequently, the chemiresistive gas sensor was fabricated by depositing SnS2 on the glass substrate which has gold (Au) interdigitated electrode pattern. The fabricated sensor was explored for detecting various gases such as CO, CO2, SO2, NH3, and NO2 at different temperatures (27°C, 60°C, 100°C, 150°C, 200°C, and 250°C) and a maximum response of 24.5% was obtained for 6 ppm NO2 gas at a temperature of 100°C, which demonstrates that the sensor is a highly selective among the other gases. Furthermore, the sensor was utilized to detect the range of NO2 concentrations from 1.5 ppm to 6 ppm at an optimum temperature of 100°C and the results revealed that the experimental detection limit is 1.5 ppm, and the response of the sensor was also observed to be a power law behavior. In addition, the plausible sensing mechanism was explored by use of surface charge transfer to NO2 gas and energy barrier modulation at the surface of SnS2.","1944-9380","978-1-6654-4156-8","10.1109/NANO51122.2021.9514292","","https://ieeexplore.ieee.org/stamp/stamp.jsp?arnumber=9514292","","Temperature sensors;Gold;X-ray scattering;Raman scattering;X-ray diffraction;Tin;Sensors","","7","","18","IEEE","26 Aug 2021","28-30 July 2021","28-30 July 2021","IEEE","IEEE Conferences"
"Leakage Resilient Laser Sensor for Self Calibrated Interferometry using Orthogonal Nano-Fabrication","N. Z. Azeemi","Department of Research and Innovation, IEEE Council Member Sensors and Systems, Skyline University College, Sharjah Academic City, Sharjah, UAE",2021 IEEE 21st International Conference on Nanotechnology (NANO),"26 Aug 2021","2021","","","48","51","Nanomaterial dynamics intrinsically exhibit higher order of visual scanning complexities, result into wholly or partially to the poor scanning instrumentations. Non-invasive instrumentation provides nondestructive, reliable and precise control in Industrial Process Regulation (IPR), where a chemical compound or material surface are always a Point-of-Care (PoC). The increase demand for smart instruments put forth additional constraints on decision indicators at various stages, such as Instrument-in-Loop (IiL) to facilitate better Time-to-Deployment (ToD) in a given scenario, such as handheld measuring instrument. In the same vein, growing trends towards analytical instrumentation cascading smart Lab-On-a-Chip (IoT sensing nodes) has shifted the emphasis on sensitivity as well as robustness tailoring Product Specific Environment (PSE). This work presents a hybrid laser actuated scanning mechanism, rastered back and forth 3-D imaging technique enabling Microscopy to its widest application in biological and material sciences and hence brought forward inevitable challenge of predicting large missing or incorrect data obtained during experiments. Our Confocal Self Calibrated Interferometry augmented with Laser sensor fabricated at miniaturization technology to 7nm scale encourages us to tailor the demand in non-invasive instrumentation, which are widely used in scanning of microorganisms both in-vitro and ex-vitro experiments as well as monitoring. The laser leakage at tip is controlled by PI controllers based on two orthogonal channel tube adjustments and successively in laser reflector lens, Photo Multiplier Tube (PMT), and Data Acquisition Unit (DAU). We exploit the dead time transfer function characteristics to simplify our model which is an inherent feature of Scanning Luminance Microscopes (SLM) and Scanning Electron Microscopes (SEM). We found that the scattering mode for ambient light and fluorescent mode, the nanocarriers leakage induces large particles distributed equilibrium mostly in region 15 nm to 62 nm. We consider the robustness of the thermal infusion of our sensor, the change in any temperature over a neighborhood of 4°C, 14°C, 24°C and results are shown as fitting indicators directly associated with the gap length in a photon multiplier tube gaps. The attributed spectrum exceeded pathway in the Fabry-Perot cavity corresponds to asynchronous yet orthogonally coherent or non-coherent reflected laser actuation. We expose our results for error propagation across various grid patterns over a 1 mm2 section.","1944-9380","978-1-6654-4156-8","10.1109/NANO51122.2021.9514310","","https://ieeexplore.ieee.org/stamp/stamp.jsp?arnumber=9514310","Laser Sensor;Confocal Microscopes;Smart Instrumentation;Lab on Chip;IoT","Temperature sensors;Scanning electron microscopy;Laser theory;Instruments;Microscopy;Laser noise;Robustness","","","","31","IEEE","26 Aug 2021","28-30 July 2021","28-30 July 2021","IEEE","IEEE Conferences"
"A Tunable Wide Flat-Top Band-Pass Plasmonic Filter based on Tilted T-Junction Resonators at Near-Infrared","S. M. Ebadi; J. Örtegren","Department of Natural Sciences, Mid Sweden University, Sundsvall, Sweden; Department of Natural Sciences, Mid Sweden University, Sundsvall, Sweden",2021 IEEE 21st International Conference on Nanotechnology (NANO),"26 Aug 2021","2021","","","54","55","A highly efficient and compact wide flat-top band-pass filter at NIR is realized in a MIM plasmonic waveguide. Besides, simulation results reveal that through tuning the length of resonators, a broadband band-pass transmission can be easily achieved.","1944-9380","978-1-6654-4156-8","10.1109/NANO51122.2021.9514278","","https://ieeexplore.ieee.org/stamp/stamp.jsp?arnumber=9514278","","Band-pass filters;Optical filters;Wireless communication;Simulation;Resonator filters;Optical resonators;Plasmons","","","","11","IEEE","26 Aug 2021","28-30 July 2021","28-30 July 2021","IEEE","IEEE Conferences"
"Displacement Profile of Micromachined Nano-Electro-Mechanical-Ultrasonic Pressure Sensor: A Comparative Analysis","A. G. Dastidar; R. C. Tiwari; R. Maity; N. P. Maity","Mizoram University (A Central University), Aizawl; Department of Physics, Mizoram University, Aizawl, India; Department of Electronics and Communication Engineering, Mizoram University, Aizawl, India; Department of Electronics and Communication Engineering, Mizoram University, Aizawl, India",2021 IEEE 21st International Conference on Nanotechnology (NANO),"26 Aug 2021","2021","","","60","63","The present study aims to unveil the efficacy of three different theoretical models namely both sides clamped circular plates model, clamped circular model with nonlocal plate theory (modified for nano scale) and membrane displacement model using silicon nitride (Si3N4) capacitive micromachined ultrasonic transducer (CMUT). To address the edge effects in calculation of capacitance of CMUT which should not be neglected in case of small dimension like micrometer or less, Landau & Lifschitz method of fringing has been incorporated in all these three models to precisely compute the displacement profiles. To validate these analytical models, the Finite Element Modelling (FEM) model has been built with COMSOL. The thorough investigation for various radius and thickness of the diaphragm of the CMUT has been done to reveal the superiority of a particular analytical model depending on the CMUT dimension.","1944-9380","978-1-6654-4156-8","10.1109/NANO51122.2021.9514350","","https://ieeexplore.ieee.org/stamp/stamp.jsp?arnumber=9514350","","Ultrasonic transducers;Analytical models;Micrometers;Atmospheric modeling;Computational modeling;Silicon nitride;Predictive models","","6","","24","IEEE","26 Aug 2021","28-30 July 2021","28-30 July 2021","IEEE","IEEE Conferences"
"Elastomeric Stamp-Assisted Exfoliation and Transfer of Patterned Graphene Layers","F. S. Irani; M. K. Yapici","Faculty of Engineering and Natural Sciences, Sabanci University, Istanbul, TR, Turkey; Faculty of Engineering and Natural Sciences, Sabanci University, Istanbul, TR, Turkey",2021 IEEE 21st International Conference on Nanotechnology (NANO),"26 Aug 2021","2021","","","64","67","Graphene with its mechanical strength and superior electrical and thermal conductivity is an interesting material for microelectronics. Despite its favorable properties, graphene has not fully transitioned as a mainstream electronic material due to challenges involved in its patterning and integration to standard device fabrication process flows. In this study, an elastomeric stamp-assisted exfoliation and transfer approach has been developed, where patterned graphene layers were seamlessly transferred by contact with a polydimethylsiloxane (PDMS) stamp with an applied weight of ~ 30 grams or less. With the approach presented herein, lengthy wet etching cycles to remove the underlying nickel or copper precursors during CVD-growth of graphene have been eliminated. Results indicate that the proposed technique is capable of direct, etch-free transfer of various graphene patterns up to ~ 50 µm in size and with high yield. Optical microscopy, SEM imaging, atomic force microscopy (AFM), and Raman spectroscopy characterization of transferred layers demonstrate retainment of the pristine graphene quality after the elastomeric stamp-assisted exfoliation and transfer process with no contamination or damage on the transferred graphene patterns.","1944-9380","978-1-6654-4156-8","10.1109/NANO51122.2021.9514360","Scientific and Technological Research Council of Turkey(grant numbers:117E271); ","https://ieeexplore.ieee.org/stamp/stamp.jsp?arnumber=9514360","","Atomic force microscopy;Wet etching;Solvents;Optical microscopy;Atom optics;Graphene;Thermal conductivity","","","","11","IEEE","26 Aug 2021","28-30 July 2021","28-30 July 2021","IEEE","IEEE Conferences"
"Towards more reasonable identifications of the symmetries in noisy digital images from periodic and aperiodic crystals","P. Moeck","Department of Physics, Nano-Crystallography Group, Portland State University, Portland, OR",2021 IEEE 21st International Conference on Nanotechnology (NANO),"26 Aug 2021","2021","","","68","71","A geometric form of information theory allows for reasonable, i.e. probabilistic, evidence-ranking based, and generalized noise-level dependent, classifications of the crystallographic and quasicrystallographic symmetries in noisy digital images. Such classifications are based solely on the image pixel intensity values, justifiable assumptions about the aggregate distribution of generalized noise in the images, asymptotic extrapolations to zero-noise images, and rational symmetry model selections with maximized predictive accuracy in the presence of both symmetry-inclusion relations and pseudo-symmetries. Preferring a well developed geometric form of information theory over a theoretically possible geometric-Bayesian approach for these classifications is the only subjective choice made. Using digital data planes and assuming approximately Gaussian distributed generalized noise, reasonable crystallographic and quasicrystallographic symmetry classifications can be made for noisy images from both scanning probe and transmission electron microscopes. A binary type classification of structurally very similar materials into either a quasicrystal or one of its rational/crystalline approximants based on the approximate point symmetries in their noisy digital images is proposed here for the first time.","1944-9380","978-1-6654-4156-8","10.1109/NANO51122.2021.9514320","","https://ieeexplore.ieee.org/stamp/stamp.jsp?arnumber=9514320","","Scanning electron microscopy;Transmission electron microscopy;Digital images;Microscopy;Predictive models;Probabilistic logic;Noise measurement","","2","","26","IEEE","26 Aug 2021","28-30 July 2021","28-30 July 2021","IEEE","IEEE Conferences"
"First Principle Study of Electronic Property of Doped/Undoped Graphene Structure for Interconnect Application","V. R. Kumbhare; P. P. Paltani; M. K. Majumder","Department of Electronics and Communication Engineering, Dr. SPM IIIT, Naya Raipur, C.G., India; Department of Electronics and Communication Engineering, Dr. SPM IIIT, Naya Raipur, C.G., India; Department of Electronics and Communication Engineering, Dr. SPM IIIT, Naya Raipur, C.G., India",2021 IEEE 21st International Conference on Nanotechnology (NANO),"26 Aug 2021","2021","","","77","80","Emerging trends in the VLSI industry open a new way to explore the electronic behavior of the novel graphene due to fundamental limitations (physical and geometrical) of silicon CMOS technology. In order to accomplish it, the structural behavior of graphene under the influence of different intercalation doping materials is investigated using spin-polarized density functional theory (DFT) and nonequilibrium Green's function (NEGF). This work considers three different graphene structures such as an armchair, zigzag, and (3, 2) chiral configurations to demonstrate the transmission spectrum for doped and pristine multi-layered graphene nanoribbon (MLGNR). Further, pristine graphene is compared with the different intercalation doped materials such as Lithium (Li), Ferric chloride (FeCl3), Arsenic pentafluoride (AsF5), and Molybdenum pentachloride (MoCl5) to observe the transmission in the central channel region. It is evident that the intercalated Li doping on zigzag MLGNR provides 71.60%, 95.12%, and 88.23% higher transmission in the central channel region compared to pristine zigzag, armchair, and (3, 2) chiral structures, respectively. Therefore, it is observed that intercalation doping is a suitable choice to improve the metallic nature of MLGNR structure that can be a better choice for nanoscale interconnect application.","1944-9380","978-1-6654-4156-8","10.1109/NANO51122.2021.9514343","","https://ieeexplore.ieee.org/stamp/stamp.jsp?arnumber=9514343","","Industries;Graphene;Doping;Very large scale integration;Market research;Lithium;Nanoscale devices","","","","19","IEEE","26 Aug 2021","28-30 July 2021","28-30 July 2021","IEEE","IEEE Conferences"
"Foldable paper based triboelectric nanogenerator for green energy harvesting","D. Kim; J. Park; Y. T. Kim","Department of IT Fusion Technology, IT Fusion Technology Research Center, Chosun University, Republic of Korea; Department of IT Fusion Technology, IT Fusion Technology Research Center, Chosun University, Republic of Korea; Department of IT Fusion Technology, IT Fusion Technology Research Center, Chosun University, Republic of Korea",2021 IEEE 21st International Conference on Nanotechnology (NANO),"26 Aug 2021","2021","","","96","99","As the demand for low-carbon and eco-friendly energy is increasing and the use of wearable devices is soaring, the triboelectric nanogenerator (TENG), which can economically harvest energy, is in the spotlight. Among many materials, paper is considered a promising substrate and frame material for self-powered TENG due to its high accessibility, flexibility, and biocompatibility. Here, we present a new structure of foldable paper based TENG (FP-TENG) composed of paper and PTFE/Si-rubber. The double-folded FP-TENG generates voltages and currents of 153 V and 2.2 µA, respectively, and shows excellent durability without signal degradation under 5,000 cycles of external force. A watch strap was manufactured with FP-TENG and integrated with an electronic watch pannel to supply power, and several LEDs were turned on. Therefore, FP-TENG is expected to be utilized as a promising eco-friendly energy source for small electronic devices.","1944-9380","978-1-6654-4156-8","10.1109/NANO51122.2021.9514313","National Research Foundation of Korea; Ministry of Education(grant numbers:2018R1A6A1A03015496); NIPA; ","https://ieeexplore.ieee.org/stamp/stamp.jsp?arnumber=9514313","","Degradation;Wearable computers;Conferences;Green products;Force;Light emitting diodes;Nanoscale devices","","","","10","IEEE","26 Aug 2021","28-30 July 2021","28-30 July 2021","IEEE","IEEE Conferences"
"Hierarchical Faceted Cesium Tin Iodide Superparticles for Solar based CO2 Reduction","S. S. Joshi","Department of Mechanical Engineering, Functional Materials Laboratory, G S Mandal's Marathwada Institute of Technology, Aurangabad, Maharashtra, India",2021 IEEE 21st International Conference on Nanotechnology (NANO),"26 Aug 2021","2021","","","100","103","The current global scenario demands more focused mitigation activities and the implementation of stern policies with regards to ever-increasing atmospheric carbon dioxide (CO2) emissions. Over the past few decades, it has caused much concern, thus dramatically driving the ongoing carbon capture, utilization, and sequestration (CCUS) research. Alluring it sounds, but a far easier CO2 utilization alternative is its catalytic conversion to value-added fuels, for which, the use of solar irradiation represents an eventual and economical solution. Hierarchical lead-free all-inorganic halide perovskites are greatly documented for optoelectronics and photovoltaic applications but have rarely been used for CO2 photoreduction. Herein, we report on the synthesis of cesium tin iodide (CsSnI3) and its employability as photocatalysts to convert CO2 gas into value-added hydrocarbon fuels. Under the natural sunlight, artificial solar, and ultraviolet (UV) illumination, the hierarchical CsSnI3 superparticles progressively produced and infused electrons under ambient conditions, thereby catalyzing CO2 reduction to carbon monoxide (CO) at a rate of ~89,~75, and 8 μmol/g with selectivity over 90, 85 and 32%, respectively. The study presented here is foreseen to open many new opportunities towards the utilization of lead-free all-inorganic halide perovskite materials for energy generation through carbon emission utilization.","1944-9380","978-1-6654-4156-8","10.1109/NANO51122.2021.9514300","DST; ","https://ieeexplore.ieee.org/stamp/stamp.jsp?arnumber=9514300","","Photovoltaic systems;Technological innovation;Iodine compounds;Radiation effects;Lighting;Carbon dioxide;Tin","","","","8","IEEE","26 Aug 2021","28-30 July 2021","28-30 July 2021","IEEE","IEEE Conferences"
"Synthesis and experimental investigation of zinc oxide and praseodymium oxide fused metal oxide nanostructures","P. Bhaskar; M. G. Veena; B. S. Madhukar","Research Scholar at Department of Electronics and Communication Engineering, Sri Jayachamarajendra College of Engineering, JSS Science and Technology University, JSS Technical Institutions Campus, Mysuru, Karnataka, India; Department of Electronics and Communication Engineering, Sri Jayachamarajendra College of Engineering, JSS Science and Technology University, JSS Technical Institutions, Campus, Mysuru, Karnataka, India; Department of Chemistry, Sri Jayachamarajendra College of Engineering, JSS Science and Technology University, JSS Technical Institutions Campus, Mysuru, Karnataka, India",2021 IEEE 21st International Conference on Nanotechnology (NANO),"26 Aug 2021","2021","","","104","107","This paper encapsulates the synthesis of zinc oxide (ZnO) nanoparticles with different weight percentages of praseodymium oxide (PrO2), by low-cost environmentally friendly solution combustion synthesis (SCS) method. In this procedure metal nitrates are used as oxidizer with glycine as fuel for the synthesis of nanoparticles. This procedure involves propagation of self-sustained exothermic reactions in aqueous or sol-gel media. The structural, morphological and optical properties of the prepared nanoparticles are examined by powder X-ray Diffraction (XRD), High-Resolution Transmission Electron Microscopy (HRTEM) and ultra violet visible near infra-red (UV - Vis NIR) spectroscopy. The XRD patterns of the samples confirm that the average crystalline size of the praseodymium added ZnO samples decreases from 37.32 nm to 18.776 nm, when the praseodymium content increases from 5 to 20% by weight. The HRTEM and Selected Area Electron Diffraction (SAED) data clearly show the morphology and structure of the samples. Furthermore, the UV - vis spectra validate the presence of praseodymium content in the ZnO samples.","1944-9380","978-1-6654-4156-8","10.1109/NANO51122.2021.9514345","STIC; ","https://ieeexplore.ieee.org/stamp/stamp.jsp?arnumber=9514345","Solution combustion synthesis;powder X-ray;morphology;selected area electron diffraction;UV - Visible spectra","Nanoparticles;X-ray scattering;II-VI semiconductor materials;Ultraviolet sources;Morphology;Metals;X-ray diffraction","","","","15","IEEE","26 Aug 2021","28-30 July 2021","28-30 July 2021","IEEE","IEEE Conferences"
"The nanofluids application in a twin-screw electromechanical hydrolyser","N. Zablodskiy; S. Kovalchuk; R. Chuenko; O. Romanenko; V. Gritsyuk","The National University of Life and Environmental Sciences of Ukraine, Kyiv, Ukraine; The National University of Life and Environmental Sciences of Ukraine, Kyiv, Ukraine; The National University of Life and Environmental Sciences of Ukraine, Kyiv, Ukraine; The National University of Life and Environmental Sciences of Ukraine, Kyiv, Ukraine; Kharkiv National University of Radio Electronics, Kharkiv, Ukraine",2021 IEEE 21st International Conference on Nanotechnology (NANO),"26 Aug 2021","2021","","","108","111","The analysis of the electromechanical device with nanofluid filling is performed in the work. The principle of operation of this machine is developed theoretically. Mechanical characteristics, spatial representation of heating and distribution density of magnetic induction were obtained by numerical analysis by the finite element method. According to the simulation results, by applying the nanofluid in the device, an increase in the electromagnetic moment is achieved, heat exchange conditions are improved.","1944-9380","978-1-6654-4156-8","10.1109/NANO51122.2021.9514326","Ministry of Education and Science of Ukraine(grant numbers:110/21-pr-2020); ","https://ieeexplore.ieee.org/stamp/stamp.jsp?arnumber=9514326","","Performance evaluation;Electromagnetic heating;Torque;Power demand;Simulation;Rotors;Nanoscale devices","","1","","8","IEEE","26 Aug 2021","28-30 July 2021","28-30 July 2021","IEEE","IEEE Conferences"
"Generate while Sensing - Intelligent Imaging with Memristive Pixel-CNN","A. Bakambekova; O. Krestinskaya; A. P. James","King Abdullah University of Science and Technology, Saudi Arabia; King Abdullah University of Science and Technology, Saudi Arabia; IIITM - K/Digital University, Kerala",2021 IEEE 21st International Conference on Nanotechnology (NANO),"26 Aug 2021","2021","","","112","115","Gated Pixel Convolution Neural Network (Pix-eICNN) is a computationally intensive network that is useful for generating visual data. The prediction and generating pixels is a challenging but useful task for many fields such as forensics, machine vision and robotics. However, implementing PixeICNN in edge devices is a challenging task due to learning complexity and computational limits. In this paper, we present the design of neuro-memristive circuits for computing PixelCNN cells in analog domain as a coprocessor unit in edge devices. The architecture was designed using 180nm CMOS technology and carbon-chalcogenide memristive devices. On-chip area of the proposed architecture unit is 24.756mm2, while power depends on the size of the input image and the configuration of the overall network. The power required to generate the images sequentially is 154.336mW.","1944-9380","978-1-6654-4156-8","10.1109/NANO51122.2021.9514312","","https://ieeexplore.ieee.org/stamp/stamp.jsp?arnumber=9514312","","Training;Visualization;Image edge detection;Memristors;Computer architecture;Logic gates;Robot sensing systems","","1","","13","IEEE","26 Aug 2021","28-30 July 2021","28-30 July 2021","IEEE","IEEE Conferences"
"Reservoir Computing System using Biomolecular Memristor","M. R. Hossain; J. S. Najem; T. Rahman; M. S. Hasan","Department of Electrical and Computer Engineering, University of Mississippi, University, MS, USA; Department of Mechanical Engineering, The Pennsylvania State University, University Park, PA, USA; Department of Information & Computer Sciences, University of Massachusetts Amherst, Amherst, USA; Department of Electrical and Computer Engineering, University of Mississippi, University, MS, USA",2021 IEEE 21st International Conference on Nanotechnology (NANO),"26 Aug 2021","2021","","","116","119","Reservoir Computing (RC) is a highly efficient machine learning algorithm specially suited for processing temporal dataset. RC system extracts features from input by projecting them into a high dimensional space. A major advantage of RC framework is that it only requires the readout layer to be trained which significantly reduces the training cost for complex temporal data. In recent years, memristors have become extremely popular in neuromorphic applications due to their attractive analogy to biological synapses. Alamethicin-doped, synthetic biomembrane can emulate key synaptic functions due to its volatile memristive property which can enable learning and computation. In contrast to its solid-state counterparts, this two-terminal biomolecular memristor features similar structure, switching mechanism, and ionic transport modality as biological synapses while consuming considerably lower power. In this work, we have shown biomolecular memristor-based reservoir system to solve tasks such as classification and time-series analysis in a simulation based environment. Our work may pave the way towards highly energy efficient and biocompatible memristor-based reservoir computing systems capable of handling complex temporal tasks in hardware in the near future.","1944-9380","978-1-6654-4156-8","10.1109/NANO51122.2021.9514305","","https://ieeexplore.ieee.org/stamp/stamp.jsp?arnumber=9514305","Reservoir computing;temporal data;biomolecular memristor;synapse;classification;time series analysis","Training;Neuromorphics;Time series analysis;Memristors;Switches;Reservoirs;Feature extraction","","4","","11","IEEE","26 Aug 2021","28-30 July 2021","28-30 July 2021","IEEE","IEEE Conferences"
"Copper-MWCNT Composite: A Solution to Breakdown in Copper Interconnects","B. Kumari; S. Pandranki; M. Sahoo; R. Sharma","Indian Institute of Technology (Indian School of Mines), Dhanbad, India; Indian Institute of Technology (Indian School of Mines), Dhanbad, India; Indian Institute of Technology (Indian School of Mines), Dhanbad, India; Indian Institute of Technology, Ropar, Punjab, India",2021 IEEE 21st International Conference on Nanotechnology (NANO),"26 Aug 2021","2021","","","122","125","In this work, Cu-MWCNT composite is recommended as a potential solution to diminish breakdown in copper interconnects caused due to self- heating. Cu-MWCNT composite is less affected by temperature variation as compared to copper interconnect by 33%. To support this deduction, lateral temperature profiles of copper and Cu-MWCNT composite are compared which shows that copper interconnect reaches a higher temperature point due to self-heating as compared to Cu-MWCNT composite interconnect. Delay in Cu-MWCNT composite interconnect turned out to be lesser than copper interconnect. Also, increase in the fraction of MWCNT in Cu-MWCNT composite ($F_{MWCNT}$) leads to decrease in delay. Cu-MWCNT composite with higher $F_{MWCNT}$ experiences lesser Noise Delay Product (NDP) among all the alternatives which makes it most advantageous in terms of signal integrity. NDP of Cu-MWCNT composite interconnects are almost constant with increase in temperature making it immune to thermal effects. MWCNT has the highest reliability in terms of breakdown power ($P_{BD}$) while 1 mm long Cu-MWCNT composite (with $F_{MWCNT}=0.6$) when compared to copper has 61% improvement in breakdown power. Cu-MWCNT composite interconnect is much better than copper interconnect specially for longer wire and higher $F_{MWCNT}$ in terms of $NDP/P_{BD}$ ratio. Our analysis recommends long Cu-MWCNT composite (with $F_{MWCNT}> 0.6$) interconnects to replace copper interconnects as a solution to increased self-heating in copper leading to its breakdown and also improvement in signal integrity aspects.","1944-9380","978-1-6654-4156-8","10.1109/NANO51122.2021.9514276","","https://ieeexplore.ieee.org/stamp/stamp.jsp?arnumber=9514276","","Temperature measurement;Resistance;Electric breakdown;Wires;Delays;Thermal analysis;Copper","","","","16","IEEE","26 Aug 2021","28-30 July 2021","28-30 July 2021","IEEE","IEEE Conferences"
"Impact of HZO and HSO thin film ferroelectric on FDSOI NCFET","R. R. Shaik; K. P. Pradhan","Department of ECE, IIITDM Kancheepuram, Chennai, India; Department of ECE, IIITDM Kancheepuram, Chennai, India",2021 IEEE 21st International Conference on Nanotechnology (NANO),"26 Aug 2021","2021","","","126","129","In this work, negative capacitance effect of MFMIS type FDSOI NCFET is investigated considering two well known thin film ferroelectric materials HZO (Zirconium doped HfO2) and HSO (Silicon doped HfO2). The investigations are carried out in a TCAD environment where the gate charge is extracted from the TCAD simulation and subsequently computed ferro voltage across the ferroelectric capacitor to find the effective gate voltage in the gate-stack. The obtained values are then subjected to variation in ferroelectric thickness to predict the onset of hysteresis for both HZO and HSO ferroelectric materials. It has been observed that the HZO ferroelectric offers superior improvement in sub-threshold slope (SS), peak-gm and off-current at lower ferroelectric thickness with the expense of gate-induced-drain-leakage (GIDL) and lower endurance to hysteresis. On the other hand, the HSO ferroelectric predicts improvement in SS, peak-gm and off-current with superior control in GIDL where the device has higher endurance towards hysteresis in-spite of ferroelectric thickness under sub-10 nm regime.","1944-9380","978-1-6654-4156-8","10.1109/NANO51122.2021.9514307","","https://ieeexplore.ieee.org/stamp/stamp.jsp?arnumber=9514307","ferroelectric;FDSOI;HSO;HZO;NCFET","Zirconium;Ferroelectric materials;Conferences;Computational modeling;Silicon-on-insulator;Logic gates;Silicon","","4","","20","IEEE","26 Aug 2021","28-30 July 2021","28-30 July 2021","IEEE","IEEE Conferences"
"Tunable Optical Absorption of Graphene Quantum Dots with Transition Metal Adatom","D. H. Kim; A. H. Kulahlioglu; H. W. Han; B. D. Kong","Department of Electrical Engineering, Pohang University of Science and Technology (POSTECH), Pohang, South Korea; Interdisciplinary Center for Scientific Computing, Ruprecht-Karls University, Heidelberg, Germany; Department of Electrical Engineering, Pohang University of Science and Technology (POSTECH), Pohang, South Korea; Department of Electrical Engineering, Pohang University of Science and Technology (POSTECH), Pohang, South Korea",2021 IEEE 21st International Conference on Nanotechnology (NANO),"26 Aug 2021","2021","","","130","133","This work presents an analysis of the optical properties of transition metal adatom-graphene quantum dot complexes (TM-GQDs). TM-GQDs with five metals (Cr, Mo, W, Pd, and Pt) and pristine GQDs were investigated to explore the possibility of engineering the optical characteristics. By Density Functional Theory and Time-Dependent Density Functional Theory, excited energy states and absorption spectra were analyzed. As a function of graphene quantum dot sizes and TMs, significant changes in HOMO-LUMO levels and optical transition energies were observed. The HOMO-LUMO gaps and energy levels in the visible range clearly indicate the adatom induced energy level shifts, showing smaller energy gaps in TM-GQDs than the pristine GQDs. The calculated THz absorption spectra show strong dependency on the size and adatom mass of TM-GQDs. The tunable optical properties of the TM-GQDs can be utilized as optical sources for future display applications.","1944-9380","978-1-6654-4156-8","10.1109/NANO51122.2021.9514357","National Research Foundation of Korea(grant numbers:2021M3F3A2A03017770); ","https://ieeexplore.ieee.org/stamp/stamp.jsp?arnumber=9514357","","Absorption;Quantum dots;Graphene;Metals;Photoluminescence;Density functional theory;Market research","","","","19","IEEE","26 Aug 2021","28-30 July 2021","28-30 July 2021","IEEE","IEEE Conferences"
"Inverse Design of Graphene FET by Deep Neural Network","G. M. Seo; C. -K. Baek; B. D. Kong","Department of Electrical Engineering, Pohang University of Science and Technology (POSTECH), Pohang, Republic of Korea; Department of Convergence IT Engineering, Pohang University of Science and Technology (POSTECH), Pohang, Republic of Korea; Department of Electrical Engineering, Pohang University of Science and Technology (POSTECH), Pohang, Republic of Korea",2021 IEEE 21st International Conference on Nanotechnology (NANO),"26 Aug 2021","2021","","","134","137","We propose deep neural networks to uncover the relationship between the gate shape and the electrical response of graphene field effect transistors. A deep neural network is used to efficiently optimize a transport gap for a graphene field effect transistor that utilizes the pseudo-optic negative reflection at a p-n junction. Using the finite-difference-time-domain method for massless Dirac fermions, the electrical responses of graphene field effect transistors with arbitrary gate shapes were calculated, and the results were used to train a deep neural network. It turns out that the trained deep neural network was not only able to foresee the graphene pseudo-optic response for a specific gate shape but also to provide an optimized design for a desired electrical response by the inverse design.","1944-9380","978-1-6654-4156-8","10.1109/NANO51122.2021.9514338","National Research Foundation of Korea(grant numbers:2021M3F3A2A03017770); ","https://ieeexplore.ieee.org/stamp/stamp.jsp?arnumber=9514338","","Deep learning;Radio frequency;Performance evaluation;Shape;Graphene;Field effect transistors;Logic gates","","2","","23","IEEE","26 Aug 2021","28-30 July 2021","28-30 July 2021","IEEE","IEEE Conferences"
"mm-Wave Surface Acoustic Wave Filter based on Hexagonal Boron Nitride","S. H. Yoon; C. -K. Baek; B. D. Kong","Department of Electrical Engineering, Pohang University of Science and Technology (POSTECH), Pohang, Republic of Korea; Department of Creative IT Engineering, Pohang University of Science and Technology (POSTECH), Pohang, Republic of Korea; Department of Electrical Engineering, Pohang University of Science and Technology (POSTECH), Pohang, Republic of Korea",2021 IEEE 21st International Conference on Nanotechnology (NANO),"26 Aug 2021","2021","","","138","141","We show that the operating frequency of surface acoustic wave filter can be significantly improved by adopting an emerging two-dimensional material: hexagonal boron nitride. Electromechanical properties estimated from first principles' analysis revealed that the material has the potential to realize RF filters in mm-Wave. The following piezoelectric simulation demonstrated an operation frequency as high as 36 GHz, which corresponds to Ka-band (from 26.5 to 40 GHz), with the insertion loss of 3 dB. This was achieved with the 150 nm period interdigital transducer on hexagonal boron nitride. Fabricating this scale of metal gratings is not very difficult with advanced lithography technology. As such, a low-power RF filter for 5G and beyond can be realized with the surface acoustic wave of hexagonal boron nitride.","1944-9380","978-1-6654-4156-8","10.1109/NANO51122.2021.9514353","","https://ieeexplore.ieee.org/stamp/stamp.jsp?arnumber=9514353","","Radio frequency;Boron;Transducers;Surface acoustic waves;Lithography;SAW filters;Surface acoustic wave devices","","2","","18","IEEE","26 Aug 2021","28-30 July 2021","28-30 July 2021","IEEE","IEEE Conferences"
"Effect of point defects in armchair graphene nanoribbons for biosensing of Methanethiol biomarkers: A DFT Study","P. Singh; P. A. Sohi; M. Kahrizi","Department of Electrical and Computer Engineering, Concordia University, Montreal, Quebec, Canada; Department of Electrical and Computer Engineering, Concordia University, Montreal, Quebec, Canada; Department of Electrical and Computer Engineering, Concordia University, Montreal, Quebec, Canada",2021 IEEE 21st International Conference on Nanotechnology (NANO),"26 Aug 2021","2021","","","142","145","In this study, we probe the surface engineered (vacancy and Stone Wales defective) hydrogen passivated armchair graphene nanoribbon with a width of 7 atoms as a biosensing material to detect methanethiol biomarkers. Induction of defects results in the decrement of the bandgap by the formation of the trapping states. After geometry optimisation, it is found that only vacancy induced armchair graphene nanoribbon can form strong binding with the biomarker, whereas Stone Wales defect induced armchair graphene nanoribbon show disassociation with the biomarker by having positive adsorption energy. Using density functional theory, the electronic properties of a vacancy-induced armchair graphene nanoribbon with and without adsorption of methanethiol are calculated, showing that methanethiol adsorption leads to increment in the bandgap of the host material by eliminating the trapping states. The work function and electron affinity change after adsorption. As there are significant changes in the electronic properties, vacancy induced armchair graphene nanoribbon show high sensing capabilities toward methanethiol biomarkers.","1944-9380","978-1-6654-4156-8","10.1109/NANO51122.2021.9514321","Natural Sciences and Engineering Research Council of Canada; ","https://ieeexplore.ieee.org/stamp/stamp.jsp?arnumber=9514321","","Photonic band gap;Adsorption;Graphene;Discrete Fourier transforms;Biomarkers;Sensors;Biosensors","","1","","21","IEEE","26 Aug 2021","28-30 July 2021","28-30 July 2021","IEEE","IEEE Conferences"
"Testing Standard Model extensions with optically levitated nanoparticle sensors","E. Howard; I. Chowdhury","Macquarie University, Sydney, NSW, Australia; Macquarie University, Sydney, NSW, Australia",2021 IEEE 21st International Conference on Nanotechnology (NANO),"26 Aug 2021","2021","","","147","150","We propose the use of optically levitated nanosensors for precision searches of predicted extensions of the Standard Model of particle physics in a low energy effective theory, by means of short-range non-Newtonian force sensing. © 2021 The Authors","1944-9380","978-1-6654-4156-8","10.1109/NANO51122.2021.9514341","","https://ieeexplore.ieee.org/stamp/stamp.jsp?arnumber=9514341","","High energy physics;Optical design;Quantum mechanics;Optical variables measurement;Predictive models;Tools;Optical sensors","","1","","16","IEEE","26 Aug 2021","28-30 July 2021","28-30 July 2021","IEEE","IEEE Conferences"
"Highly selective room temperature operated ammonia sensor synthesized using electrospun yttrium doped SnO2 nanofibers","U. Nirbhay; A. Beniwal; S. K. Lalwani; Sunny","Department of Electronics & Communication Engineering, Indian Institute of Information Technology, Allahabad, Prayagraj, India; Department of Electronics & Communication Engineering, Indian Institute of Information Technology, Allahabad, Prayagraj, India; Department of Electronics & Communication Engineering, Indian Institute of Information Technology, Allahabad, Prayagraj, India; Department of Electronics & Communication Engineering, Indian Institute of Information Technology, Allahabad, Prayagraj, India",2021 IEEE 21st International Conference on Nanotechnology (NANO),"26 Aug 2021","2021","","","151","154","Yttrium (Y) doped SnO2 nanofibers were successfully synthesized and used for detecting low ammonia concentrations at room temperature (RT). Electrospinning followed by calcination method was used to synthesize the Y doped SnO2 nanofibers for various Y concentrations, among which $5 wt$.% Y doped SnO2 nanofibers (average diameter ~90 nm) demonstrated the best response. To analyze the selectivity of the sensor, the sensing properties were also studied for other analytes like acetone, methanol and ethanol, along with ammonia. The% response was observed to be 237%under 10 ppm of ammonia, which is found to be 2.7, 5.3 and 6.6 times higher as compared to acetone (87.5%), ethanol (44.4%) and methanol (36%) responses at 10 ppm, respectively, defining the excellent selectivity of the sensor towards ammonia detection. The fabricated sensor manifests fast response and recovery times i.e. less than a minute. The structural and morphological characteristics of Y doped SnO2 nanofibers were characterized using X-ray diffraction (XRD) and scanning electron microscopy (SEM), respectively.","1944-9380","978-1-6654-4156-8","10.1109/NANO51122.2021.9514344","","https://ieeexplore.ieee.org/stamp/stamp.jsp?arnumber=9514344","","Temperature sensors;Ammonia;Scanning electron microscopy;Temperature;X-ray scattering;Ethanol;Surface morphology","","","","17","IEEE","26 Aug 2021","28-30 July 2021","28-30 July 2021","IEEE","IEEE Conferences"
"Rapid identification and quantitative analysis of anthrax protective antigen based on surface-enhanced Raman scattering and convolutional neural networks","P. Sha; P. Dong; J. Deng; X. Wu","Colleage of Intelligence Science and Technology, National University of Defense Technology, Changsha, Hunan, China; Colleage of Intelligence Science and Technology, National University of Defense Technology, Changsha, Hunan, China; School of Electronic Information and Electrical engineering, Changsha University, Changsha, Hunan, China; Colleage of Intelligence Science and Technology, National University of Defense Technology, Changsha, Hunan, China",2021 IEEE 21st International Conference on Nanotechnology (NANO),"26 Aug 2021","2021","","","155","158","A label-free detection method of the anthrax protective antigen (PA) based on surface-enhanced Raman scattering (SERS) was proposed. Au nanorods (AuNRs) substrates were prepared to realize the sensitive detection of PA. One-dimensional convolution neural network (1D-CNN) was used to process the Raman spectrum to achieve the qualitative and quantitative analysis of PA. The qualitative identification accuracy of PA under the interference of Human Serum Albumin (HSA) could reach 99.17%. In the quantitative prediction of PA concentration, the ability of CNN model (R2=0.856) was higher than that of the traditional partial least squares (PLS) method, which provides support for SERS quantitative analysis. Therefore, CNN could effectively identify and predict PA concentration with Raman spectrum, which would be helpful to expand the application of SERS technology in the field of the diagnosis of infectious disease.","1944-9380","978-1-6654-4156-8","10.1109/NANO51122.2021.9514272","National Natural Science Foundation of China(grant numbers:51475468,51605486); ","https://ieeexplore.ieee.org/stamp/stamp.jsp?arnumber=9514272","","Analytical models;Statistical analysis;Biological system modeling;Raman scattering;Neural networks;Predictive models;Convolutional neural networks","","2","","17","IEEE","26 Aug 2021","28-30 July 2021","28-30 July 2021","IEEE","IEEE Conferences"
"Low-cost and Portable Creatinine Electrochemical Sensor for Non-invasive Chronic Kidney Disease Monitoring","T. Hongboontry; S. Ponwaranon; S. Sirijongdee; C. Thanachayanont; P. Pungetmongkol","International, School of Engineering (ISE), Faculty of Engineering, Chulalongkorn University, Bangkok, Thailand; International, School of Engineering (ISE), Faculty of Engineering, Chulalongkorn University, Bangkok, Thailand; International, School of Engineering (ISE), Faculty of Engineering, Chulalongkorn University, Bangkok, Thailand; National Metal and Materials Technology Center (MTEC), one of Thailand's National Research, National Science and Technology Development Agency (NSTDA), Pathum, Thani, Thailand; International School of Engineering (ISE), Faculty of Engineering, Chulalongkorn University, Bangkok, Thailand",2021 IEEE 21st International Conference on Nanotechnology (NANO),"26 Aug 2021","2021","","","159","162","Creatinine, a metabolized product of phosphocreatine in muscles, is excreted via urine by kidneys. Creatinine concentration in urine is an indicator of renal function for a patient with chronic kidney disease. A single-use and portable screen-printed carbon electrode with copper oxide nanostructure was developed for creatinine detection via copper-creatinine complex formation. SEM was deployed to visualize the copper oxide nanostructure. Creatinine measurement was performed in 0.1 M PBS at pH 6.5 with a smartphone application and portable near-field communication potentiostat. Five chemicals were tested as interferences. The CuO/SPCE shows linear and repeatable responses of creatinine from 0–30 mM, which makes it an appealing alternative for quick and reliable CRE detection.","1944-9380","978-1-6654-4156-8","10.1109/NANO51122.2021.9514318","","https://ieeexplore.ieee.org/stamp/stamp.jsp?arnumber=9514318","creatinine;copper oxide;screen-printed carbon electrode;electrochemical analysis","Visualization;Interference;Muscles;Copper;Reliability;Carbon;Kidney","","11","","13","IEEE","26 Aug 2021","28-30 July 2021","28-30 July 2021","IEEE","IEEE Conferences"
"Modification of contacts and channel properties in two-dimensional field-effect transistors by 10 keV electron beam irradiation","A. Di Bartolomeo; A. Grillo; A. Pelella; E. Faella; M. Passacantando; N. Martucciello; F. Giubileo","Physics Department “E. R. Caianiello”, University of Salerno, and CNR-Spin, Fisciano, Italy; Physics Department “E. R. Caianiello”, University of Salerno, and CNR-Spin, Fisciano, Italy; Physics Department “E. R. Caianiello”, University of Salerno, and CNR-Spin, Fisciano, Italy; Physics Department “E. R. Caianiello”, University of Salerno, and CNR-Spin, Fisciano, Italy; Department of Physical and Chemical Science, University of L'Aquila, and CNR-SPIN L'Aquila, L’Aquila, Italy; CNR-SPIN Salerno, Fisciano, Italy; CNR-SPIN Salerno, Fisciano, Italy",2021 IEEE 21st International Conference on Nanotechnology (NANO),"26 Aug 2021","2021","","","165","168","We report a systematic electrical characterization of Mos2 and PdSe2 based FETs, with Ti/Au and Pd/Au contacts respectively, to investigate the effect of electron beam irradiation on the transistor channel current, threshold voltage, and contact resistance. We use a 10 keV electron beam inside a scanning electron microscope to irradiate the channel and/or the contact regions of the transistors and perform in-situ electrical measurements profiting of high precision metallic nanoprobes working as the source and the drain contacts. For Mos2 based devices, we investigate the effect of electron irradiation either on the contact region or on the channel regions. Irradiation of the contact region causes an improvement of the transistor conduction by lowering the contact resistance, which we explain in terms of Schottky barrier reduction at the metal/Moxa interfaces. The irradiation with fluence below 100 e−/nm2 on Mos2 channel region increases the device conductance and shifts the threshold voltage towards more negative voltages. For PdS2 based devices, electron beam irradiation with larger fluence up to 4200 e−/nm2 is detrimental to the conduction properties of the device, causing modification of the conduction from n-type to p-type, likely due to the accumulation of negative charges at the Si/SiO2 interface. Moreover, charge carrier mobility is reduced by the formation of defects both in the PdSe2 nanosheets and at the Si/Si02 interface.","1944-9380","978-1-6654-4156-8","10.1109/NANO51122.2021.9514329","","https://ieeexplore.ieee.org/stamp/stamp.jsp?arnumber=9514329","","Radiation effects;Scanning electron microscopy;Systematics;Electron beams;Field effect transistors;Schottky barriers;Contact resistance","","","","25","IEEE","26 Aug 2021","28-30 July 2021","28-30 July 2021","IEEE","IEEE Conferences"
"Design of CNFET-based Low-Power Ternary Sequential Logic circuits","S. Gadgil; C. Vudadha",NA; NA,2021 IEEE 21st International Conference on Nanotechnology (NANO),"26 Aug 2021","2021","","","169","172","Scaling of transistors beyond a certain limit is giving rise to problems in the traditional CMOS (Complementary - Metal-Oxide-Semiconductor) technology. This has lead researchers to explore newer technologies like the CNFET(Carbon-Nanotube-Field-Effect- Transistor). Design of ternary logic circuits using CNFETs has been gaining interest recently which gives benefits for power consumption, interconnection etc when compared to binary logic. Various ternary sequential circuits have been implemented in literature. This paper proposes a new designs for sequential circuits like D-latch and D-flipflop. The proposed successor-predecessor based latch design is multiplexer based that optimises power consumption when compared to existing designs. Ternary flipflop is also designed using the proposed mux based latch design. All the proposed designs are simulated using HSPICE and a standard Stanford CNFET model. Simulation results for the proposed successor-predecessor based D-latch design and proposed D-flipflop design shows an improvement of upto 36% and 51% in power respectively, as compared to designs existing in literature.","1944-9380","978-1-6654-4156-8","10.1109/NANO51122.2021.9514328","","https://ieeexplore.ieee.org/stamp/stamp.jsp?arnumber=9514328","CNFET;Ternary Logic;Successor;Predecessor;D-latch;D-flipflop","Multiplexing;Power demand;Latches;Simulation;Multivalued logic;Sequential circuits;CNTFETs","","2","","14","IEEE","26 Aug 2021","28-30 July 2021","28-30 July 2021","IEEE","IEEE Conferences"
"Degradation Mechanisms in a Proton Irradiated HEMT with 3DEG Conduction and 3DHG as a Back Barrier","K. Sehra; V. Kumari; M. Gupta; M. Mishra; D. S. Rawal; M. Saxena","Department of Electronic Science, University of Delhi South Campus, Delhi, India; Department of Electronics, Maharaja Agrasen College, University of Delhi, Delhi, India; Department of Electronic Science, University of Delhi South Campus, Delhi, India; Solid State Physics Laboratory, Defence Research & Development Organization, Delhi, India; Solid State Physics Laboratory, Defence Research & Development Organization, Delhi, India; Department of Electronics, Deen Dayal Upadhyaya College, University of Delhi, Delhi, India",2021 IEEE 21st International Conference on Nanotechnology (NANO),"26 Aug 2021","2021","","","173","176","This work evaluates the degradation mechanisms of the proton irradiated HEMTs incorporating graded AlGaN layers that support 3DEG for the conduction and 3DHG as a back barrier and subsequently evaluating it for dosimeter applications. The results presented demonstrate the deleterious effects of the proton fluence on the device's transfer characteristics in creating a bottleneck towards the flow of carriers in the 3DEG sheet. However, the trench gate arrangement with HfO2 insulator controlling the bottleneck for the device operation remains intact even at a high proton fluence.","1944-9380","978-1-6654-4156-8","10.1109/NANO51122.2021.9514295","","https://ieeexplore.ieee.org/stamp/stamp.jsp?arnumber=9514295","","Protons;Degradation;HEMTs;Logic gates;Insulators;Threshold voltage;Hafnium compounds","","2","","22","IEEE","26 Aug 2021","28-30 July 2021","28-30 July 2021","IEEE","IEEE Conferences"
"Modeling and Simulation of DG SOI N FinFET 10 nm using Hafnium Oxide","A. Lazzaz; K. Bousbahi; M. Ghamnia","physics department, University of Oran Ahmed Ben Bella Oran1, Algeria; ESGEE d'Oran, Algeria; physics department, University of Oran1 Ahmed Ben Bella Oran1, Algeria",2021 IEEE 21st International Conference on Nanotechnology (NANO),"26 Aug 2021","2021","","","177","180","This paper explores the modeling and simulation of DG SOI (Semiconductor On Insulator) N FinFET 10 nm with Hafnium Oxide by using SILVACO TCAD Atlas Software. The major critical parameters like ION, IOFF are evaluated in order to estimate the performance of the device. The Berkeley PTM (Predictive Technology Model) parameters for 10 nm nodes are used.","1944-9380","978-1-6654-4156-8","10.1109/NANO51122.2021.9514308","","https://ieeexplore.ieee.org/stamp/stamp.jsp?arnumber=9514308","","Performance evaluation;Semiconductor device modeling;Sensitivity;Metals;Logic gates;FinFETs;Hafnium oxide","","7","","12","IEEE","26 Aug 2021","28-30 July 2021","28-30 July 2021","IEEE","IEEE Conferences"
"A Surface Potential and Drain Current Model for Tri-Gate FinFET: Analysis of Below 10nm Channel Length","S. Panchanan; R. Maity; N. P. Maity","Mizoram University (A Central University), Aizawl; Department of Electronics and Communication Engineering, Mizoram University (A Central University), Aizawl, India; Department of Electronics and Communication Engineering, Mizoram University (A Central University), Aizawl, India",2021 IEEE 21st International Conference on Nanotechnology (NANO),"26 Aug 2021","2021","","","181","184","A drain current model based on Lambert W function is analyzed for lightly doped (undoped) short channel tri gate FinFET (TG-FinFET). The channel length modulation (CLM), the effect of series resistance, mobility degradation and saturation velocity are included in the drain current model. Quantum mechanical effect (QME) is also included to achieve precise drain current for such a small channel device. The model is inspected mainly for two fin widths with two dielectric materials namely, silicon dioxide (SiO2) and hafnium oxide (HfO2). A complete study of electrical parameters including surface potential and the threshold voltage are addressed for both the dielectric materials. The threshold voltage is cross-examined by reported experimental results.","1944-9380","978-1-6654-4156-8","10.1109/NANO51122.2021.9514273","","https://ieeexplore.ieee.org/stamp/stamp.jsp?arnumber=9514273","","Silicon compounds;Resistance;Electric potential;Analytical models;Dielectric materials;Quantum mechanics;Modulation","","2","","22","IEEE","26 Aug 2021","28-30 July 2021","28-30 July 2021","IEEE","IEEE Conferences"
"Electron Transport in Trans-polyacetylene with Heterogeneous Electrodes: A DFT Study","K. Gaurav; A. Srivastava","Computational Nanoscience and Technology Laboratory, Advanced Materials Research Group, Atal Bihari Vajpayee-Indian Institute of Information Technology and Management, Gwalior, India; Computational Nanoscience and Technology Laboratory, Advanced Materials Research Group, Atal Bihari Vajpayee-Indian Institute of Information Technology and Management, Gwalior, India",2021 IEEE 21st International Conference on Nanotechnology (NANO),"26 Aug 2021","2021","","","185","188","The conducting polymers are the highly studied class of functional materials for their applications in the various technological field. Trans-polyacetylene is a conducting polymer having n repetitive units of $(-\mathrm{C}=\mathrm{C}-)_{n}$, indicating inherent conjugation in nature. In the present work, a two-probe model of pristine and defects (hybridization and torsion) induced trans-polyacetylene with the semi-infinite zigzag graphene nanoribbon (ZGNR) electrodes have been modeled and employed to analyze the transport properties, within the framework of Density Functional Theory (DFT) and Non-Equilibrium Green's Function (NEGF) formalisms. We report that the incorporation of hybridization and torsion defects decreases the drive current. Moreover, the hybridization defect has caused about 75 times reduction in the drive current at 2V, whereas both hybridization and torsion defects shows a reduction by about 21 times with respect to the pristine model. The computed transmission spectrum, transmission pathways, and molecular projected self-consistent Hamiltonian (MPSH) eigenstates, very well comprehend the degradation of drive current in the altered models.","1944-9380","978-1-6654-4156-8","10.1109/NANO51122.2021.9514309","","https://ieeexplore.ieee.org/stamp/stamp.jsp?arnumber=9514309","","Electrodes;Degradation;Analytical models;Computational modeling;Discrete Fourier transforms;Graphene;Density functional theory","","","","9","IEEE","26 Aug 2021","28-30 July 2021","28-30 July 2021","IEEE","IEEE Conferences"
"2D transition metal dichalcogenides nanosheets as gate modulated cold electron emitters","F. Giubileo; E. Faella; A. Pelella; A. Grillo; M. Passacantando; A. Di Bartolomeo","CNR-SPIN Salerno, Fisciano, Italy; Physics Department “E. R. Caianiello”, University of Salerno, and CNR-Spin, Fisciano, Italy; Physics Department “E. R. Caianiello”, University of Salerno, and CNR-Spin, Fisciano, Italy; Physics Department “E. R. Caianiello”, University of Salerno, and CNR-Spin, Fisciano, Italy; Department of Physical and Chemical Science, University of L'Aquila, and CNR-SPIN L'Aquila, L'Aquila, Italy; Physics Department “E. R. Caianiello”, University of Salerno, and CNR-Spin, Fisciano, Italy",2021 IEEE 21st International Conference on Nanotechnology (NANO),"26 Aug 2021","2021","","","189","192","We report a detailed investigation of the field emission properties of transition metal dichalcogenides, namely MoS2 and WSe2, taking advantage of an experimental setup realized inside a scanning electron microscope equipped with nano-manipulated probe-tips, used for positioning a tip-shaped anode at a nanometric distance from the emitting surface. For n-type WSe2 monolayer on Si/SiO2 substrate, we show that electrons can be extracted also from the flat part of the flake with a current intensity up to few nanoamperes. More interestingly, we demonstrate that the field emission current can be modulated by the back-gate voltage that controls the n-type doping of the WSe2 monolayer. Similarly, we demonstrate that monolayer MoS2 flakes are suitable for gate-controlled field emission devices, opening the way to the development of new field emission transistors based on ultrathin materials.","1944-9380","978-1-6654-4156-8","10.1109/NANO51122.2021.9514271","","https://ieeexplore.ieee.org/stamp/stamp.jsp?arnumber=9514271","","Two dimensional displays;Doping;Logic gates;Nanoscale devices;Silicon;Sulfur;Transistors","","1","","35","IEEE","26 Aug 2021","28-30 July 2021","28-30 July 2021","IEEE","IEEE Conferences"
"Si Nanopillar/SiGe Composite Structure for Thermally Managed Nano-devices","D. Ohori; M. Murata; A. Yamamoto; K. Endo; M. -H. Chuang; M. -Y. Lee; Y. Li; J. -H. Tarng; Y. -J. Lee; S. Samukawa","Institute of Fluid Science, Tohoku University, Sendai, Japan; National Institute of Advanced Industrial Science and Technology (AIST), Tsukuba, Japan; National Institute of Advanced Industrial Science and Technology (AIST), Tsukuba, Japan; Institute of Fluid Science, Tohoku University, Sendai, Japan; Department of Electrical and Computer Engineering, National Chiao Tung University, Hsinchu, Taiwan; Department of Electrical and Computer Engineering, National Chiao Tung University, Hsinchu, Taiwan; Department of Electrical and Computer Engineering, National Chiao Tung University, Hsinchu, Taiwan; Department of Electrical and Computer Engineering, National Chiao Tung University, Hsinchu, Taiwan; Taiwan Semiconductor Research Institute, Hsinchu, Taiwan; Institute of Fluid Science, Tohoku University, Sendai, Japan",2021 IEEE 21st International Conference on Nanotechnology (NANO),"26 Aug 2021","2021","","","199","202","We have demonstrated a thermally managed Si nanopillar/SiGe composite structure. Our fabricated defect-free Si nanopillar channel structure showed a 1/100 times lower thermal conductivity than Si bulk thanks to the control of the phonon transports. The results of thermal conductivity measurements clarified that the nanopillar structure could eliminate electron-phonon scattering. As such, this structure represents a promising solution for advanced CMOS technologies.","1944-9380","978-1-6654-4156-8","10.1109/NANO51122.2021.9514289","","https://ieeexplore.ieee.org/stamp/stamp.jsp?arnumber=9514289","","Nanocomposites;Simulation;Conductivity;Thermal conductivity;Thermal management;Silicon;Energy states","","1","","13","IEEE","26 Aug 2021","28-30 July 2021","28-30 July 2021","IEEE","IEEE Conferences"
"Surface wettability of nanopillar array structures fabricated by bio-template ultimate top-down processes","S. Takeuchi; D. Ohori; T. Ishida; M. Tanaka; M. Sota; Y. Li; J. -H. Tarng; K. Endo; S. Sarnukawa","Institute of Fluid Science, Tohoku University, Aoba-ku, Sendai, Japan; Institute of Fluid Science, Tohoku University, Aoba-ku, Sendai, Japan; Nagase & Co., Ltd., Chuo-ku, Japan; Nagase & Co., Ltd., Chuo-ku, Japan; Nagase & Co., Ltd., Chuo-ku, Japan; Department of Electrical and Computer Engineering, National Chiao Tung University, Hsinchu, Taiwan; Department of Electrical and Computer Engineering, National Chiao Tung University, Hsinchu, Taiwan; National Institute of Advanced Industrial Science and Technology, Tsukuba, Japan; Institute of Fluid Science, Tohoku University, Aoba-ku, Sendai, Japan",2021 IEEE 21st International Conference on Nanotechnology (NANO),"26 Aug 2021","2021","","","203","206","We made nanopillars with intervals of several tens of nanometers and diameter, and examined wettability. When the interval is narrow, the capillary phenomenon can be suppressed and hydrophobicity is realized. On the other hand, when the interval was widened, the wettability decreased due to the capillary phenomenon. As a result, it was found that the Cassie-Baxter model with filling factor gives a hydrophobic effect as the wetting property becomes narrower.","1944-9380","978-1-6654-4156-8","10.1109/NANO51122.2021.9514287","","https://ieeexplore.ieee.org/stamp/stamp.jsp?arnumber=9514287","","Conferences;Biological system modeling;Filling;Nanostructures;Surface treatment","","","","9","IEEE","26 Aug 2021","28-30 July 2021","28-30 July 2021","IEEE","IEEE Conferences"
"Motor Skills Learning for CNT Pick-up of Micro-Nano Robotic Manipulator in SEM","C. Han; L. Zhang; Z. Yang","School of Mechanical and Electric Engineering, Soochow University, Suzhou, China; School of Mechanical and Electric Engineering, Soochow University, Suzhou, China; School of Mechanical and Electric Engineering, Soochow University, Suzhou, China",2021 IEEE 21st International Conference on Nanotechnology (NANO),"26 Aug 2021","2021","","","217","220","The task of picking-up carbon nanotube (CNT) by the atomic force microscope (AFM) cantilever in the scanning electron microscope (SEM) was divided into several meta-tasks in this paper, and the motor skills of the complete task were learned from the simple meta-tasks, so as to learn the motor skills of the micro-nano robotic manipulator. Firstly, according to the motion characteristics and working environment of the manipulator, a segmentation criterion was established to divide the manipulation tasks into several different meta-tasks. Secondly, the motion trajectories of the same meta-tasks divided by multiple demonstration was filtered by moving average filter, and procrustes dynamic time warping (pDTW) was used for timing alignment. Then, Gaussian mixture model (GMM) was used to characterize the motion characteristics of the meta-tasks, and the optimal motion trajectories of the meta-tasks were generated by Gaussian mixture regression (GMR). Finally, according to the optimal meta-task trajectories, Dynamic Movement Primitive (DMP) was used to learn the motor skills of meta-tasks, and the meta-tasks library was recorded and created. We learned the motor skills of micro-nano robotic manipulator working in micro-nano environment, which laid a foundation for autonomous movement to complete tasks in the future.","1944-9380","978-1-6654-4156-8","10.1109/NANO51122.2021.9514297","National Key Research and Development Program of China(grant numbers:2018YFB1304901); ","https://ieeexplore.ieee.org/stamp/stamp.jsp?arnumber=9514297","","Scanning electron microscopy;Motion segmentation;Dynamics;Libraries;Trajectory;Timing;Task analysis","","1","","13","IEEE","26 Aug 2021","28-30 July 2021","28-30 July 2021","IEEE","IEEE Conferences"
"Enhancing the Sensitivity of a Class of Sensors: A Data-Based Engineering Approach","P. G. López-Cárdenas; E. Alcalá; J. D. Sánchez-Torres; E. Araujo","Department of Mathematics and Physics, Research Laboratory on Optimal Design, Devices and Advanced Materials, ITESO, Tlaquepaque, Jalisco, Mexico; Department of Mathematics and Physics, Research Laboratory on Optimal Design, Devices and Advanced Materials, ITESO, Tlaquepaque, Jalisco, Mexico; Department of Mathematics and Physics, Research Laboratory on Optimal Design, Devices and Advanced Materials, ITESO, Tlaquepaque, Jalisco, Mexico; Department of Mathematics and Physics, Research Laboratory on Optimal Design, Devices and Advanced Materials, ITESO, Tlaquepaque, Jalisco, Mexico",2021 IEEE 21st International Conference on Nanotechnology (NANO),"26 Aug 2021","2021","","","221","224","This paper's primary motivation is developing non-invasive glucose monitoring methods and devices by detecting hydrogen peroxide in fluids like tears, sweat, or saliva since it is a subproduct molecule of various biochemical processes directly correlated with glucose concentration. The availability of those mentioned tools could facilitate the rapid development of reliable and cheap sensors without the complications of using invasive methods, especially when blood samples are repeatedly required. Therefore, this work aims to lay the foundations for developing non-invasive and highly sensitive glucose detection methods as the ultimate proposal. Consequently, contributing to track and control the high glucose levels that cause significant health and economic problems in our society. Thus, this paper presents an approach for enhancing the hydrogen peroxide sensitivity in sensors nanostructured with nanowires. In contrast to most of the standard design methodologies, this scheme does not rely on phenomenological models but experimental data and statistical modeling. Firstly, for a sensor with a given design, the data obtained with cyclic voltammetry allows finding the potential at which the sensor's response is the highest for hydrogen peroxide's concentrations ranging from 0 to 20 millimoles. Secondly, after calculating the optimal potential, a linear regression correctly relates current density with the concentration, representing the sensor's sensitivity as such a linear model's slope. Finally, using planar (non- nanostructured) sensors as a benchmark, a statistical test allows concluding that the sensitivity is significantly higher for nanostructured sensors using gold and nickel self-supported nanowires arrays than planar.","1944-9380","978-1-6654-4156-8","10.1109/NANO51122.2021.9514352","","https://ieeexplore.ieee.org/stamp/stamp.jsp?arnumber=9514352","","Gold;Sensitivity;Hydrogen;Sensor phenomena and characterization;Nickel;Glucose;Nanowires","","3","","14","IEEE","26 Aug 2021","28-30 July 2021","28-30 July 2021","IEEE","IEEE Conferences"
"Application of Nanoporous Carbon, Extracted from Biomass Combustion Ash, in CO2 Adsorption","M. Gorbounov; B. Petrovic; A. Lahiri; S. M. Soltani","Department of Chemical Engineering, Brunel University London, Uxbridge, United Kingdom; Department of Chemical Engineering, Brunel University London, Uxbridge, United Kingdom; Department of Chemical Engineering, Brunel University London, Uxbridge, United Kingdom; Department of Chemical Engineering, Brunel University London, Uxbridge, United Kingdom",2021 IEEE 21st International Conference on Nanotechnology (NANO),"26 Aug 2021","2021","","","229","232","Bioenergy with Carbon Capture and Storage has been regarded as one of the most prominent technologies in the battle against climate change as stated in the latest Intergovernmental Panel on Climate Change reports. However, solid residues generated during the combustion of biomass pose a separate set of environmental and economic challenges that must be addressed. In order to utilise the full potential of this waste stream, an effective nanoporous carbonaceous adsorbent for CO2 capture has been directly prepared via a simple and low-cost extraction technique from industrial-grade biomass combustion bottom ash generated at a UK power plant. The adsorbent characterisation data (via Scanning Electron Microscopy-Energy Dispersive X-ray Spectroscopy as well as Fourier- Transform Infrared Spectroscopy) agrees well with the CO2 adsorption curves obtained through thermogravimetric analysis (TGA). The TGA results have revealed a CO2 adsorption capacity of 0.73 mmol/g at 25°C and 1 atm under a pure CO2 gas stream, thus, proposing a promising and viable route towards in-situ decarbonisation of the biomass combustion sector in the UK via effective waste valorisation.","1944-9380","978-1-6654-4156-8","10.1109/NANO51122.2021.9514288","","https://ieeexplore.ieee.org/stamp/stamp.jsp?arnumber=9514288","","Climate change;Scanning electron microscopy;Adsorption;Microscopy;Low-carbon economy;Solids;Combustion","","8","","19","IEEE","26 Aug 2021","28-30 July 2021","28-30 July 2021","IEEE","IEEE Conferences"
"Biomass Combustion Fly Ash-Derived Nanoporous Zeolites for Post-Combustion Carbon Capture","B. Petrovic; M. Gorbounov; A. Lahiri; S. M. Soltani","Department of Chemical Engineering, Brunel University London, Uxbridge, United Kingdom; Department of Chemical Engineering, Brunel University London, Uxbridge, United Kingdom; Department of Chemical Engineering, Brunel University London, Uxbridge, United Kingdom; Department of Chemical Engineering, Brunel University London, Uxbridge, United Kingdom",2021 IEEE 21st International Conference on Nanotechnology (NANO),"26 Aug 2021","2021","","","233","236","Achieving negative CO2 emissions via the combustion of sustainable biomass - known as bioenergy with carbon capture and storage - is inherently linked to the co-production of a significant amount of potentially hazardous waste combustion fly ash. Valorisation of this solid waste stream presents obvious economic, social, and environmental incentives within the context of waste utilisation and environmental protection. However, the origin of the biomass (the regional plantation) used during the combustion, dictates the physicochemical properties of this solid residue, making it suitable for specific applications while rendering it less favourable for others. In this study, a nanoporous zeolite as a CO2 adsorbent has been synthesised from industrial-grade biomass combustion fly ash generated in one of the largest biomass combustion power plants in the UK. The method of nanoporous zeolite synthesis follows a fusion-assisted hydrothermal procedure and the produced nanoporous zeolite has been characterised by X-ray diffraction. The CO2 adsorption investigations were conducted via thermogravimetric analysis to estimate the uptake capacity of the prepared adsorbents. TGA studies suggest that the nanoporous adsorbent, run under 100 mol% CO2 at atmospheric pressure, has an equilibrium capacity of over 0.8 mmolCO2/g at 50°C. The characterisation results are in good agreement with our CO2 adsorption data, demonstrating the nanoporous structure of our synthesised waste-derived zeolites.","1944-9380","978-1-6654-4156-8","10.1109/NANO51122.2021.9514342","","https://ieeexplore.ieee.org/stamp/stamp.jsp?arnumber=9514342","","Fly ash;Waste materials;Adsorption;X-ray diffraction;Solids;Rendering (computer graphics);Combustion","","6","","26","IEEE","26 Aug 2021","28-30 July 2021","28-30 July 2021","IEEE","IEEE Conferences"
"Size Based Characterization of Gold Nano Particles using Machine Learning Approach","P. Senoamadi; S. Krishnannair; L. Sikhwivhilu","Department of Mathematical Sciences, University of Zululand, Kwadlangezwa, South Africa; Department of Mathematical Sciences, University of Zululand, Kwadlangezwa, South Africa; Mintek, Randburg, South Africa",2021 IEEE 21st International Conference on Nanotechnology (NANO),"26 Aug 2021","2021","","","239","242","In drug delivery, there is a need for precision in reporting particles parameters. Studies have shown that absorbency of drugs in the blood stream depends on the size of the nanoparticle. The shape and size of nanoparticles (NPs) matter the most, hence the distribution of NP depends on the size and shape of NPs. By synthesizing and characterizing the NPs, we are able to cluster and get the amount of a certain type of morphology and accurate size determination. Moreover, the size distribution of a particle plays a more important goal as it possesses an increase in the usability of a diagnostic and therapeutic tool in medicine. The shape and size distribution of NPs is important for the delivery of drugs and for the cure or treatment of several chronic diseases such as cancer. Hence it is important to get the accurate size distribution of NPs for better results. Gold nano particles (AuNPs) where measured manually by the use of transmission electron microscope, hence, in most cases human error could play part in terms of inaccurate measurements. The digital images of AnNPs contain noise, making it difficult to get accurate measurements using the transmission microscope. AuNPs were measured in terms of their width and length. This study focused on the characterization of AuNPs collected by the transmission electron microscope using machine learning approaches. Image preprocessing and processing techniques are used for extracting the features (length and width) of AuNPs. In this study, filtering techniques such as Gaussian blur, Median and Mean filtering techniques are employed for noise removal to increase the precision in estimating the size of NPs. Unsupervised machine learning algorithm such as K-means and Otsu are used to perform image segmentation of the filtered nano images for the accurate extraction of particles' features such as length and width. The size measurements obtained using the machine learning approaches are compared with the measurements taken by the transmission electron microscope (TEM) for error estimation in the size distributions of NPs. The results showed that machine learning approaches provided accurate measurements of most of the NPs as compared to TEM. Therefore, it is recommended that machine learning approaches can be used to estimate the size of NPs so that the shapes can be described better and classified during the synthesis process.","1944-9380","978-1-6654-4156-8","10.1109/NANO51122.2021.9514311","MINTEK; ","https://ieeexplore.ieee.org/stamp/stamp.jsp?arnumber=9514311","","Nanoparticles;Atmospheric measurements;Transmission electron microscopy;Shape;Microscopy;Measurement uncertainty;Machine learning","","2","","9","IEEE","26 Aug 2021","28-30 July 2021","28-30 July 2021","IEEE","IEEE Conferences"
"Emerging Technology Solutions Towards REASSURED Point-of-Need Diagnostics","S. Smith; K. Land; T. -H. Joubert","Department of Electrical, Electronic and Computer Engineering, University of Pretoria, Hatfield, Pretoria, South Africa; Department of Electrical, Electronic and Computer Engineering, University of Pretoria, Hatfield, Pretoria, South Africa; Department of Electrical, Electronic and Computer Engineering, University of Pretoria, Hatfield, Pretoria, South Africa",2021 IEEE 21st International Conference on Nanotechnology (NANO),"26 Aug 2021","2021","","","265","268","The need for effective point-of-need health and environmental diagnostics in low and middle income countries (LMICs) is more crucial than ever. This work explores emerging criteria and technologies to address the limitations of current point-of-need solutions. Local developments in South Africa towards this goal are highlighted, utilizing additive manufacturing technologies which combine paper-based diagnostic and printed electronic platforms. Establishment of a pipeline, from undergraduate engineering students and laboratory infrastructure to industry partners using a decentralized manufacturing approach are also discussed as a map for developing novel, low-cost solutions for improving the quality of life of those who need it most.","1944-9380","978-1-6654-4156-8","10.1109/NANO51122.2021.9514275","","https://ieeexplore.ieee.org/stamp/stamp.jsp?arnumber=9514275","","Industries;Conferences;Pipelines;Three-dimensional printing;Manufacturing;Engineering students;Nanotechnology","","5","","21","IEEE","26 Aug 2021","28-30 July 2021","28-30 July 2021","IEEE","IEEE Conferences"
"Probing Human Osteogenic Differentiation Using Double-Stranded Locked Nucleic Acid Biosensors","Y. Zhao; R. Yang; Z. Bousraou; S. Wang","Department of Chemistry, Chemical and Biomedical Engineering, University of New Haven, West Haven, CT, USA; Department of Chemistry, Chemical and Biomedical Engineering, University of New Haven, West Haven, CT, USA; Department of Chemistry, Chemical and Biomedical Engineering, University of New Haven, West Haven, CT, USA; Department of Chemistry, Chemical and Biomedical Engineering, University of New Haven, West Haven, CT, USA",2021 IEEE 21st International Conference on Nanotechnology (NANO),"26 Aug 2021","2021","","","273","276","Human mesenchymal stem cells (hMSCs) have great potential for tissue engineering and regenerative medicine due to their self-renewal and multi-differentiation properties. However, the cellular and molecular mechanisms that govern osteogenic differentiation are poorly understood due to a lack of effective tools to detect gene expression at single cell level. Here, we present a double-stranded locked nucleic acid biosensor to investigate gene expression analysis during hMSCs osteogenic differentiation. We first demonstrated this biosensor for gene expression analysis in single hMSCs. We next investigated the regulatory role of Notchl-D1l4 signaling in osteogenic differentiation. Our findings provide evidence that Notchl-D1l4 signaling is involved in hMSCs osteogenic differentiation. Inhibition of Notchl-D1l4 signaling significantly decreased osteogenic differentiation and D1l4 expression.","1944-9380","978-1-6654-4156-8","10.1109/NANO51122.2021.9514340","","https://ieeexplore.ieee.org/stamp/stamp.jsp?arnumber=9514340","","Conferences;Tissue engineering;Stem cells;Tools;Gene expression;Biosensors;Nanotechnology","","3","","5","IEEE","26 Aug 2021","28-30 July 2021","28-30 July 2021","IEEE","IEEE Conferences"
"How Spatiality Impacts In Silico Experiments of Nanoparticle-Cell Interactions","N. R. Stillman; S. Hauert","Department of Cell and Developmental Biology, University College, London, UK; Department of Engineering Mathematics, University of Bristol, UK",2021 IEEE 21st International Conference on Nanotechnology (NANO),"26 Aug 2021","2021","","","279","282","Nanomedicine, the use of nanoparticles as therapeutic or diagnostic vectors, is expected to be improved through the use of in silico methods which allow for prototype nanoparticle designs to be tested before synthesis and in vitro/in vivo validation. Here, we show that the choice of modelling framework can impact predictions of tissue penetration, focussing specifically on the role of spatial effects for nanoparticles internalised into a cell. We demonstrate that spatial reaction diffusion simulations differ from the well mixed approximation, especially when nanoparticles have large diffusion coefficient and high binding affinity. We expect these results to be of interest to both the in silico community as well as those using these models to optimise nanoparticle designs before real world validation.","1944-9380","978-1-6654-4156-8","10.1109/NANO51122.2021.9514334","","https://ieeexplore.ieee.org/stamp/stamp.jsp?arnumber=9514334","","Nanoparticles;Conferences;Prototypes;Morphology;Predictive models;Nanomedicine;Nanotechnology","","1","","8","IEEE","26 Aug 2021","28-30 July 2021","28-30 July 2021","IEEE","IEEE Conferences"
"Embryonic development of fully biocompatible organic light-emitting diodes","B. F. E. Matarèse","Department of Physics, West Cambridge Site, Cambridge, UK",2021 IEEE 21st International Conference on Nanotechnology (NANO),"26 Aug 2021","2021","","","284","287","Prototype fully biocompatible organic light-emitting diodes are investigated, with a view to creating a suitable and high-performance light source as a medical implant device. A selection of organic LED materials that have potential suitability for the biological environment are examined. First, the biocompatibility of selected OLED materials was evaluated by the study of cell adhesion and cytotoxicity of HeLa cells cultured on the candidate materials. Thus it was possible to design a device structure composed entirely of biocompatible materials. Second, the characterization of the electroluminescence properties of the prototype OLED is shown and its limitation evaluated. Third, the aqueous stability of the fully biocompatible light source is examined. There is strong evidence that fully biocompatible and stable light-emitting implant devices can be easily constructed. This is the first time a fully biocompatible organic light-emitting diode, albeit embryonic, is reported, with the hope that it may lead to further research to optimize the device performance. Some suggestions on suitable device properties towards in vivo transition are provided.","1944-9380","978-1-6654-4156-8","10.1109/NANO51122.2021.9514327","","https://ieeexplore.ieee.org/stamp/stamp.jsp?arnumber=9514327","organic light-emitting diode OLED;light emitting polymer LEPs;Super Yellow SY-PPV;biocompatible;gold bioelectrode;bioelectronics;medical light source implant","Performance evaluation;In vivo;Conferences;Prototypes;Implants;Organic light emitting diodes;Electroluminescence","","3","","12","IEEE","26 Aug 2021","28-30 July 2021","28-30 July 2021","IEEE","IEEE Conferences"
"Effects of Nanocrack Behavior on Radiation-Induced, Elastic Modulus Changes in Nuclear Graphites","J. B. Spicer","Department of Materials Science and Engineering, Johns Hopkins University, Baltimore, MD, USA",2021 IEEE 21st International Conference on Nanotechnology (NANO),"26 Aug 2021","2021","","","289","292","The elastic responses of nuclear graphites depend not only on the graphitic content itself but are largely dictated by the microstructural constitution of the material. The types of raw materials combined with the manufacturing processes used to produce the graphite yield the microstructural content which primarily includes graphite filler, graphitized pitch binder, and voids/defects that typically occupy approximately 20% of the volume. Among these microstructural components, porosity, microcracking (considered to be part of voids/defects) and intracrystallite nanocracking (Mrozowski cracks) heavily influence the overall properties of the material including the elastic moduli. Models describing the elastic moduli of porous, polycrystalline graphite materials have been developed to interpret experimental determinations of Young's modulus and shear modulus in oxidized graphites, and these include the effects of nano/microcracks. This work will demonstrate the role that the effects of neutron irradiation on Mrozowski cracks could have on the phenomenon of turnaround in nuclear graphites and will present directions to be pursued to account for microstructure-related effects that generally occur as a result of neutron irradiation.","1944-9380","978-1-6654-4156-8","10.1109/NANO51122.2021.9514294","NEUP(grant numbers:00118687); ","https://ieeexplore.ieee.org/stamp/stamp.jsp?arnumber=9514294","","Radiation effects;Young's modulus;Manufacturing processes;Graphite;Production;Neutrons;Market research","","","","9","IEEE","26 Aug 2021","28-30 July 2021","28-30 July 2021","IEEE","IEEE Conferences"
"Next-generation Packaging Enabled by an Engineered Copper Nanomaterial","R. M. Stoltenberg; A. Capanzana; A. Vega; N. Ngo; R. Joven; L. Zhenggang; C. L. Gan; Y. M. Lam; A. A. Zinn","Kuprion Inc., San Jose, CA, USA; Kuprion Inc., San Jose, CA, USA; Kuprion Inc., San Jose, CA, USA; Kuprion Inc., San Jose, CA, USA; Kuprion Inc., San Jose, CA, USA; Nanyang Technological University, Singapore; Nanyang Technological University, Singapore; Nanyang Technological University, Singapore; Kuprion Inc., San Jose, CA, USA",2021 IEEE 21st International Conference on Nanotechnology (NANO),"26 Aug 2021","2021","","","295","298","Current and next-generation high power devices require a new set of materials with higher electrical and thermal conductivity to efficiently spread and remove increased waste heat. Kuprion's ActiveCopper technology enables the formation of bulk copper joints at typical soldering temperatures, yet the resulting interconnects are stable up to 500°C or more. This technology has been developed for a number of applications including die attach, thermal vias, and a replacement for WCu heat spreaders. Die attach materials can be dispensed, screened, or stenciled like traditional solder pastes followed by a solder-like thermal profile in a reflow oven under an inert atmosphere. Sintering can be achieved with or without pressure. Thermal vias are generated by stenciling an ActiveCopper paste directly into open circuit board cavities up to 4 mm in diameter followed by hot pressing under conditions similar to those used for traditional PCB manufacture. The resulting copper vias have thermal conductivity up to 330 W/mK, are solder compatible with or without further surface finish, and show excellent bonding to electroplated copper on the via sidewalls. Near net shape heat spreaders akin to WCu or AlSiC can also be generated via hot pressing or injection molding. The CTE of vias and spreaders can be tuned by adjusting the formulation of the original paste. ActiveCopper technology enables the design of all-Copper systems that can handle the increased thermal demands of next-generation electronics while avoiding failure modes attributed to intermetallic formation. Copper also presents an advantage over silver-based systems which show increased migration, dendritic growth, and voiding under higher thermal and electrical loads.","1944-9380","978-1-6654-4156-8","10.1109/NANO51122.2021.9514346","","https://ieeexplore.ieee.org/stamp/stamp.jsp?arnumber=9514346","","Temperature measurement;Temperature;Pressing;Packaging;Conductivity;Electronic packaging thermal management;Thermal conductivity","","","","16","IEEE","26 Aug 2021","28-30 July 2021","28-30 July 2021","IEEE","IEEE Conferences"
"Solar Induced CO2 Reduction Achieved by Halide Tuning in Cesium Titanium (IV) Mixed Perovskite","S. S. Joshi","Department of Mechanical Engineering, Functional Materials Laboratory, G S Mandal's Marathwada Institute of Technology, Aurangabad, Maharashtra, India",2021 IEEE 21st International Conference on Nanotechnology (NANO),"26 Aug 2021","2021","","","299","302","Atmospheric carbon dioxide (CO2) levels are rising dramatically owing to the unmonitored usage of fossil fuels, raising not only environmental hazards but also energy crises. Green energy that is, derived from renewable sources is the better exploitation of solar energy and hence, a promising idea for an efficient conversion of CO2 to hydrocarbon fuels (CxHyOz). Currently, the research activities in carbon-neutral technologies are focused on developing novel catalysts and designing highly effective conversion kinetics. In this context, for since past few years, zero lead all-inorganic halide perovskites have been trending as capable candidates due to their exceptional optoelectronic properties. Herein, we report on the facile synthesis of cesium titanium (IV) mixed halide perovskite ((CsTi(Brx.I1-x)3) with x value varying from 0 to 1) by tuning the bromide (Br) to iodide (I) ratio and its use for solar-induced CO2 reduction. Scanning electron micrographs revealed hierarchical morphology composed of several nanowires assembled into microspheres resembling the dandelions. In the presence of natural sunlight, pristine cesium titanium (IV) mixed halide perovskite (CsTi(Brx.I1-x)3) with x=0.5, yielded ~159 µmol/g of CO gas, ~94 µmol/g of CH4 and ~14 µmol/g of H2 under 6 h of experimental conditions. A lower conversion rate was observed in presence of artificial solar and UV light, which could be due to experimental conditions. The findings reported here are anticipated to contribute to the vast field of novel materials for solar fuel generation.","1944-9380","978-1-6654-4156-8","10.1109/NANO51122.2021.9514279","DST; ","https://ieeexplore.ieee.org/stamp/stamp.jsp?arnumber=9514279","","Technological innovation;Radiation effects;Iodine compounds;Three-dimensional displays;Bromine compounds;Solar energy;Titanium","","1","","8","IEEE","26 Aug 2021","28-30 July 2021","28-30 July 2021","IEEE","IEEE Conferences"
"Triboelectric nanogenerator based E-skin for wearable energy harvesting and pressure sensing","J. Park; D. Kim; Y. T. Kim","Department of IT Fusion Technology, IT Fusion Technology Research Center, Chosun University, Republic of Korea; Department of IT Fusion Technology, IT Fusion Technology Research Center, Chosun University, Republic of Korea; Department of IT Fusion Technology, IT Fusion Technology Research Center, Chosun University, Republic of Korea",2021 IEEE 21st International Conference on Nanotechnology (NANO),"26 Aug 2021","2021","","","306","309","The market for wearable sensors is growing rapidly as interest in personal health has recently increased, and the Internet of Things (IoT) has developed. However, supplying power to wearable sensors, such as body-attached flexible devices and E-skin, is still a matter of concern. Herein, we report a triboelectric nanogenerator (TENG)-based E-skin that can harvest bio-friendly energy and self-powered pressure sensing with its own power source. Au-coated Cu yarn and polytetrafluoroethylene-molded micro-patterned polydimethylsiloxane were used to fabricate E-skin with excellent stability, high sensitivity, elasticity, and flexibility. The TENG-based E-skin generates an output peak voltage and current of up to 200 V and 2.7 µA, respectively, and is stable with 4,500 cycles of pushing motion without any deterioration of the output signal. In addition, it is possible to operate an electronic watch by charging a capacitor and measuring the arterial pulse of the wrist as a pressure sensor. The results of this study present potential solutions for power source and signal monitoring within soft/wearable devices and human-machine interfaces.","1944-9380","978-1-6654-4156-8","10.1109/NANO51122.2021.9514293","","https://ieeexplore.ieee.org/stamp/stamp.jsp?arnumber=9514293","","Wrist;Pressure sensors;Sensitivity;Elasticity;Energy harvesting;Internet of Things;Biomedical monitoring","","2","","9","IEEE","26 Aug 2021","28-30 July 2021","28-30 July 2021","IEEE","IEEE Conferences"
"Self-Healed and Shape-Adaptive MXene Integrated Hydrogel for Wearable Electronic Applications","J. Wang; Z. Xie; E. Cheraghi; J. A. Liu; S. Chen; Y. Sun; J. T. W. Yeow",NA; NA; NA; NA; NA; NA; NA,2021 IEEE 21st International Conference on Nanotechnology (NANO),"26 Aug 2021","2021","","","310","313","Due to the excellent mechanical, electronic, and optical properties, hydrogels made from the composite play a key role in fabricating lots of devices and further applications in bioelectronics, energy storage, and even medical delivery. MXenes, as one type of advanced two-dimensional material, have been explored in wide ranges of fields. In this work, a novel fabrication method is proposed to fabricate MXene-based composite material hydrogel. We have demonstrated the excellent mechanical stretching ability of this hydrogel. By the addition of MXene, the conductivity enhancement of composite hydrogel has been realized. Furthermore, this hydrogel is promising in further micro-/nano- electronic devices like microelectrodes and supercapacitor.","1944-9380","978-1-6654-4156-8","10.1109/NANO51122.2021.9514315","","https://ieeexplore.ieee.org/stamp/stamp.jsp?arnumber=9514315","","Microelectrodes;Wearable computers;Nanocomposites;Optical device fabrication;Conductivity;Supercapacitors;Nanoscale devices","","","","5","IEEE","26 Aug 2021","28-30 July 2021","28-30 July 2021","IEEE","IEEE Conferences"
"Fuzzy-logic-inspired Multi-contrast-agent Strategy for Optimal Tumor Classification","Z. Gong; Y. Chen; Y. Sun; Y. Xiao; M. J. Cree","School of Engineering, the University of Waikato, Hamilton, New Zealand; School of Engineering, the University of Waikato, Hamilton, New Zealand; School of Life Science and Technology, University of Electronic Science and Technology of China, Chengdu, China; School of Information Science and Technology, Chengdu University of Technology, Chengdu, China; School of Engineering, the University of Waikato, Hamilton, New Zealand",2021 IEEE 21st International Conference on Nanotechnology (NANO),"26 Aug 2021","2021","","","314","317","This paper proposes a new fuzzy-logic-inspired multi-contrast-agent strategy (MCAS) for optimal tumor classification. The proposed strategy accounts for the competitive and symbiotic relationships among multiple contrast agents through a sequential logic circuit analysis. Furthermore, the strategy enables an intuitive yet systematic way to analyze the tumor classification vagueness and ambiguous uncertainties and optimize the utilization of multiple agents through a fuzzy comprehensive evaluation. A numerical example is used to demonstrate how the classification performance in terms of decision-making fuzziness is significantly improved with an optimal “cocktail recipe” methodology using the proposed MCAS.","1944-9380","978-1-6654-4156-8","10.1109/NANO51122.2021.9514336","","https://ieeexplore.ieee.org/stamp/stamp.jsp?arnumber=9514336","Fuzzy logic;fuzzy entropy;multi-contrast agents;tumor classification","Symbiosis;Uncertainty;Systematics;Conferences;Decision making;Sequential circuits;Nanotechnology","","7","","15","IEEE","26 Aug 2021","28-30 July 2021","28-30 July 2021","IEEE","IEEE Conferences"
"Ginsenoside Rg1 Nanophytosome synthesis and their characterization: An initiative towards the treatment of Amyotrophic Lateral Sclerosis","N. A. Merchant; T. Kavya; R. Srinivasa; P. Rao; P. Narayanan; S. Bhat","Syngene International Limited, India; Takeda Pharmaceutical Company, MA, USA; University of Bonn, Germany; Dept. of Biotechnology, B.M.S College of Engineering, Bangalore, India; Dept. of Biotechnology, B.M.S College of Engineering, Bangalore, India; Dept. of Biotechnology, B.M.S College of Engineering, Bangalore, India",2021 IEEE 21st International Conference on Nanotechnology (NANO),"26 Aug 2021","2021","","","319","322","Amyotrophic lateral sclerosis is a devastating neurodegenerative disease that affects the brain and spinal cord of healthy adults. The disease progresses rapidly and is fatal, leaving patients paralyzed and unable to breathe. The cause of the disease and its progression remains poorly understood. Currently, there are no known cure or effective treatment available for ALS. But with the advances in medicine and technology, there has been a huge rise in data produced. The present study is focused on synthesis and characterization of Nanophytosomes (NP) to improve the bioavailability and efficacy of Ginsenoside Rg1 compound. The nanoparticles were visualized by SEM and analyzed by Fourier Transform Infrared Spectroscopy for the type of interactions holding the components together in the NP. The size of the NP was in the range of 180 to 195nm. A comparative antimicrobial assay against strains of E.coli for NP and Ginsenoside Rg1 showed positive results for NP with increasing CFUs of E.coli while Ginsenoside Rg1 showed results only at lower CFUs of the Bacteria. Dispersion studies suggested that the NP had a maximum release rate of the drug at about 4 hours. This suggests the stability and sustained release property of the NP as compared to Ginsenoside Rgl which acts immediately on the target. Antioxidant's property of the NP was compared with Ginsenoside Rg1 by testing scavenging potential through assays such as SOD, NO and DPPH. The antioxidant activity was concentration dependent and the anti-oxidative properties of NP was found in the close range with that of Ginsenoside Rg1 compound. NP could possess antioxidative properties which could last longer than the compound alone when compared. The current technology thus could be a boon to the treatment of chronic diseases like ALS, Parkinson's Disease, AD as it improves the bioavailability and efficacy of the drug it encapsulates.","1944-9380","978-1-6654-4156-8","10.1109/NANO51122.2021.9514358","","https://ieeexplore.ieee.org/stamp/stamp.jsp?arnumber=9514358","ALS;ginsenosides;phytosomes;bioavailability;characterization","Drugs;Nanoparticles;Spinal cord;Microorganisms;Parkinson's disease;Stability analysis;Compounds","","4","","21","IEEE","26 Aug 2021","28-30 July 2021","28-30 July 2021","IEEE","IEEE Conferences"
"Electrothermal Parameters of Graphene Nanoplatelets Films","A. Maffucci; F. Bertocchi; S. Chiodini; F. Cristiano; L. Ferrigno; G. Giovinco; S. Sibilia; G. Trezza","Dept. of Electrical and Information Engineering, University of Cassino and Southern Lazio, Cassino, Italy; NANESA, Arezzo, Italy; NANESA, Arezzo, Italy; NANESA, Arezzo, Italy; Dept. of Electrical and Information Engineering, University of Cassino and Southern Lazio, Cassino, Italy; Dept. of Civil and Mechanical Engineering, University of Cassino and Southern Lazio, Cassino, Italy; Dept. of Electrical and Information Engineering, University of Cassino and Southern Lazio, Cassino, Italy; Dept. of Electrical and Information Engineering, University of Cassino and Southern Lazio, Cassino, Italy",2021 IEEE 21st International Conference on Nanotechnology (NANO),"26 Aug 2021","2021","","","323","326","This paper investigates the electrothermal behavior of industrial films made by graphene nanoplatelets (GNP) mixed to polymers, with the final goal of deriving their equivalent electrical resistivity and thermal emissivity. The two parameters are identified by means of suitable models and experimental characterization with ad-hoc test-fixture. The materials analyzed here are thin strips of the order of 1×10 cm, with a thickness of 75 µm, both made by pressed GNPs, mixed to a small quantity of polymeric binders. An analytical model to describe the temperature-dependence of the electrical resistivity is proposed. The impact of the binder percentage (5% or 20%) on the electrical resistivity and thermal emissivity is also studied.","1944-9380","978-1-6654-4156-8","10.1109/NANO51122.2021.9514274","","https://ieeexplore.ieee.org/stamp/stamp.jsp?arnumber=9514274","","Temperature distribution;Strips;Economic indicators;Thermal resistance;Films;Conferences;Graphene","","1","","18","IEEE","26 Aug 2021","28-30 July 2021","28-30 July 2021","IEEE","IEEE Conferences"
"Low-Impedance Graphene – PEDOT-PSS Electrodes for Neural Recording and Stimulation in Implantable Medical Devices","H. Nguyen; J. Montes; S. Soroushiani; S. Y. Been Sayeed; C. Moncion; J. R. Diaz; P. M. Raj","Department of Biomedical Engineering, Florida International University, Miami, FL; Department of Biomedical Engineering, Florida International University, Miami, FL; Department of Biomedical Engineering, Florida International University, Miami, FL; Department of Biomedical Engineering, Florida International University, Miami, FL; Department of Biomedical Engineering, Florida International University, Miami, FL; Department of Biomedical Engineering, Florida International University, Miami, FL; Department of Biomedical Engineering, Florida International University, Miami, FL",2021 IEEE 21st International Conference on Nanotechnology (NANO),"26 Aug 2021","2021","","","327","330","Flexible electrode arrays with low impedance are becoming critical to enhance single-neuron sensing with high sensitivity. Such electrodes should be scalable to micron dimensions and yet retain low impedance. The key to accomplish this is to achieve: a) higher effective surface area to obtain high capacitance, b) chemically stable and biocompatible materials with no adverse reactions and toxicity, and c) mechanically compliant structures for minimal scar tissue formation. Nanostructured electrode arrays with emerging materials such as graphene and PEDOT -PSS are projected to meet all these requirements. Graphene - PEDOT-PSS films were transferred onto flexible LCP (liquid crystal polymer) substrates to form neural electrode recording arrays. These electrodes were subsequently integrated with flexible passive wireless neural recording sensors to form low-impedance (<1 Ohms-cm2) neural recording units. Impedance enhancements were simulated and validated with an electrochemical analyzer in a phosphate buffered saline PBS solution. In addition, evoked potentials during pulse stimulation were recorded to show improved signal - noise ratio with low-impedance electrodes.","1944-9380","978-1-6654-4156-8","10.1109/NANO51122.2021.9514286","","https://ieeexplore.ieee.org/stamp/stamp.jsp?arnumber=9514286","","Electrodes;Wireless communication;Wireless sensor networks;Surface impedance;Electric potential;Sensitivity;Graphene","","","","7","IEEE","26 Aug 2021","28-30 July 2021","28-30 July 2021","IEEE","IEEE Conferences"
"The Hysteresis LOOP Studies Of Magnetic TunnelJunction-basedMolecular Spintronics Devices (mtjmsd) Employing Monte Carlo Simulations","Z. Waqar; B. R. Dahal; E. Mutunga; M. Savadkoohi; U. Amir; P. Suh; H. Brown; A. Grizzle; C. D'Angelo; P. Tyagi",NA; NA; NA; NA; NA; NA; NA; NA; NA; NA,2021 IEEE 21st International Conference on Nanotechnology (NANO),"26 Aug 2021","2021","","","337","340","The hysteresis loop investigations of different size magnetic tunnel junction molecular spintronics devices (MTJMSD) have been done by Monte Carlo simulation (MCS). We employed a continuous MCS algorithm to investigate single-molecule magnet SMM's spin state's impact as a function of molecular exchange coupling strength. The applied magnetic fields were ramped at a variety of ranges of increments, unfolding physics behind the magnetization nature of each MTJMSD. The magnetic moment changes with applied magnetic fields exhibit the characteristics of devices being studied. The MTJMSDs were studied for ferromagnetic and antiferromagnetic exchange couplings. The magnetic moment saturation, retentivity, coercivity, and permeability are studied.","1944-9380","978-1-6654-4156-8","10.1109/NANO51122.2021.9514333","","https://ieeexplore.ieee.org/stamp/stamp.jsp?arnumber=9514333","","Couplings;Electrodes;Magnetic flux;Monte Carlo methods;Coercive force;Magnetic hysteresis;Magnetic fields","","","","32","IEEE","26 Aug 2021","28-30 July 2021","28-30 July 2021","IEEE","IEEE Conferences"
"Ni-doped WS2@WO3 heterojunction for waste-water treatment with enhanced visible-light photocatalytic performance enriched with adsorption","F. Mousavi; A. Khodadadi; Y. Mortazavi; S. Didarataee","Chemical Engineering Department, University of Tehran, Tehran, Iran; Chemical Engineering Department, University of Tehran, Tehran, Iran; Chemical Engineering Department, University of Tehran, Tehran, Iran; Chemical Engineering Department, University of Tehran, Tehran, Iran",2021 IEEE 21st International Conference on Nanotechnology (NANO),"26 Aug 2021","2021","","","348","351","Ni-doped WS2@WO3 heterojunction bifunctional photocatalysts with enhanced adsorption of various WS2:WO3 ratios and Ni contents were synthesized and used for methylene blue removal. (Ni-doped) tungsten oxide was first synthesized by a hydrothermal method and the WS2: WO3 ratio was tuned by its sulfurization/partial oxidation at different temperatures and periods of times. The nanostructured samples were characterized by XRD, BET surface area measurement, FESEM, PL, FTIR spectroscopy, temperature programmed oxidation (TPO), and zeta potential measurement methods. TPO helped finding a mild oxidation temperature of 360°C for the partial oxidation process and also an estimation of sulfide percentage in samples. The optimum ratio of WS2:WO3 of 1: 1.72 was attained at 400°C sulfurization temperature. 8 mol%Ni-doped WS2@WO3 exhibited 99% of MB removal by an integrated photodegradation and adsorption.","1944-9380","978-1-6654-4156-8","10.1109/NANO51122.2021.9514335","","https://ieeexplore.ieee.org/stamp/stamp.jsp?arnumber=9514335","","Temperature measurement;X-ray scattering;Charge carriers;Adsorption;Area measurement;Tungsten;Heterojunctions","","2","","16","IEEE","26 Aug 2021","28-30 July 2021","28-30 July 2021","IEEE","IEEE Conferences"
"Undoped and Fe-doped core/shell ZnS@ZnO heterostructure for photocatalytic water splitting hydrogen evolution","S. Didarataee; A. Khodadadi; M. Mortazavi; F. Mousavi","Chemical Engineering Department, University of Tehran, Tehran, Iran; Chemical Engineering Department, University of Tehran, Tehran, Iran; Chemical Engineering Department, University of Tehran, Tehran, Iran; Chemical Engineering Department, University of Tehran, Tehran, Iran",2021 IEEE 21st International Conference on Nanotechnology (NANO),"26 Aug 2021","2021","","","352","355","This paper reports undoped and Fe-doped ZnS/ZnO heterostructure for photocatalytic water splitting to evolve hydrogen. Zn(1-x)FexS nanorods were first prepared by a hydrothermal method and then partially oxidized in air to incorporate ZnO in the structure. The heterostructures were characterized by XRD, BET surface area measurement, FESEM-EDS, UV-DRS, and temperature programmed oxidation (TPO). When 34wt% ZnO is incorporated into the heterostructure its bandgap decreases by 0.34 eV. It is demonstrated that by doping 3mol% Fe into the heterostructure, the hydrogen evolution increases by 41%.","1944-9380","978-1-6654-4156-8","10.1109/NANO51122.2021.9514347","","https://ieeexplore.ieee.org/stamp/stamp.jsp?arnumber=9514347","","Water splitting;X-ray scattering;II-VI semiconductor materials;Photonic band gap;Hydrogen;Area measurement;Doping","","","","15","IEEE","26 Aug 2021","28-30 July 2021","28-30 July 2021","IEEE","IEEE Conferences"
"Polymer Carbon Dots for Next Generation White Light Emitting Devices","M. Perikala; A. Bhardwaj","Indian Institute of Science, Bangalore, India; Indian Institute of Science, Bangalore, India",2021 IEEE 21st International Conference on Nanotechnology (NANO),"26 Aug 2021","2021","","","356","359","Fluorescent Carbon dots (CDs), a young member of Carbon nanomaterial family has gained a lot of research attention across the globe due to its highly luminescent emission properties, non-toxic behavior, stable emission properties and zero re-absorption losses. These dots have potential to replace the use of traditional semiconductor quantum dots in white light emitting devices. For successful application of these dots in White LEDs it is highly essential to synthesize luminescent CDs and CDphosphor with higher Quantum yields (QY). Immense research is going on across the globe in enhancing the optical properties of CDs and CD phosphor by proper surface functionalization and passivation of CD surface. In this paper we report successful fabrication of single system white light emitting CDs, CD phosphor and two different schemes to enhance the Quantum yield of fabricated CDs and CD phosphor by modifying the CD surface. The so fabricated CDs and CD phosphor emit white light under UV -illumination. Further the fabricated CDs and CD phosphor are characterized using UV-absorption emission spectroscopies and the quality of white light obtained from CDs and CD phosphor is characterized using CIE chromatic co-ordinates.","1944-9380","978-1-6654-4156-8","10.1109/NANO51122.2021.9514290","","https://ieeexplore.ieee.org/stamp/stamp.jsp?arnumber=9514290","carbon dots;white LEDs;quantum yield;lighting","Spectroscopy;Stimulated emission;Phosphors;Quantum dots;Optical device fabrication;Carbon dioxide;Nanoscale devices","","1","","18","IEEE","26 Aug 2021","28-30 July 2021","28-30 July 2021","IEEE","IEEE Conferences"
"Exploring the Holliday Junction in a DNA nanostructure for creating excitonic dimers","D. Mathur; Y. C. Kim; S. A. Díaz; G. A. Ellis; P. D. Cunningham; S. B. Rolczynski; M. G. Ancona; I. L. Medintz; J. S. Melinger","College of Science, George Mason University, Fairfax, VA, United States; U.S. Naval Research Laboratory, Washington, D.C., United States; U.S. Naval Research Laboratory, Washington, D.C., United States; U.S. Naval Research Laboratory, Washington, D.C., United States; U.S. Naval Research Laboratory, Washington, D.C., United States; ASEE, Washington, DC, United States; U.S. Naval Research Laboratory, Washington, D.C., United States; U.S. Naval Research Laboratory, Washington, D.C., United States; U.S. Naval Research Laboratory, Washington, D.C., United States",2021 IEEE 21st International Conference on Nanotechnology (NANO),"26 Aug 2021","2021","","","360","363","DNA nanostructures can perform as scaffolds to organize dye molecules into networks for a variety of applications. Such networks rely on having efficient energy-and/or electron-transport processes, and these in turn depend sensitively on the relative distance and orientation of the dye molecules. In using DNA as a scaffold, a crucial question is - to what extent can it control the dye position and orientation? The ability of DNA nanostructures to dictate the position is reasonably well addressed in the literature, but much less is known about the potential for controlling the orientation and its dependences on the local microenvironment of the DNA and on the dye attachment chemistry. Furthermore, can sites within a DNA nanostructure be used to place dyes in close proximity to create strong excitonic coupling, which, ultimately, could be useful in creating networks that use coherent energy transfer? To investigate these issues, we employ a Cy3 probe dye dimer and use both fluorescence measurements and numerical simulations to determine the degree to which a 30-helix DNA origami bundle can provide the desired excitonic coupling. Overall, the results of this work should be useful for creating DNA-scaffolded dye networks that use strong dye coupling.","1944-9380","978-1-6654-4156-8","10.1109/NANO51122.2021.9514330","","https://ieeexplore.ieee.org/stamp/stamp.jsp?arnumber=9514330","","Couplings;Geometry;Chemistry;Computational modeling;DNA;Fluorescence;Nanostructures","","1","","17","IEEE","26 Aug 2021","28-30 July 2021","28-30 July 2021","IEEE","IEEE Conferences"
"Implementation of sub-filamentary network-based variability model for Ta2O5/TaOx RRAM","J. A. Lekshmi; T. N. Kumar; A. F. Haider; K. B. Jinesh","Department of Electrical and Electronics, University of Nottingham Malaysia, Semenyih, Malaysia; Department of Electrical and Electronics, University of Nottingham Malaysia, Semenyih, Malaysia; Department of Electrical and Electronics, University of Nottingham Malaysia, Semenyih, Malaysia; department of Physics, Indian Institute of Space science and Technology (IIST), Trivandrum, Kerala, India",2021 IEEE 21st International Conference on Nanotechnology (NANO),"26 Aug 2021","2021","","","366","369","This paper presents an analytical model of the cycle to cycle (c2c) variability in Pt/Ta2O5/TaOx/Pt RRAM device. The model is developed by considering the dynamic randomness in physical parameters related to the conduction filament of the device by demonstrating the formation of a sub filamentary network. The reasons behind the variability of the device characteristics are categorized into three possible aspects such as the formation of unstable sub filaments with varying lengths, formation of conduction filament with different radius in multiple cycles, and the barrier height modulations due to change in the number of oxygen vacancies(Vos) present at the interface and bulk. The major observations from the model are; the multiple resistive levels seen in the RRAM device is due to the formation of multiple stable/unstable filaments, the radius of the conduction filament has an impact on the RESET voltage, and finally, the modulations in tunneling barrier height cause randomness in high resistance state (HRS) of the device.","1944-9380","978-1-6654-4156-8","10.1109/NANO51122.2021.9514298","","https://ieeexplore.ieee.org/stamp/stamp.jsp?arnumber=9514298","","Resistance;Analytical models;Conferences;Schottky barriers;Modulation;Tunneling;Data models","","","","15","IEEE","26 Aug 2021","28-30 July 2021","28-30 July 2021","IEEE","IEEE Conferences"
"Molecular Dynamics Study of Orientation-dependent Tensile Properties of Si Nanowires with Native Oxide: Surface Stress and Surface Energy Effects","S. Z. Pakzad; M. N. Esfahani; B. E. Alaca","Department of Mechanical Engineering, Koç University, Istanbul, Turkey; Department of Electronic Engineering, University of York, UK; Department of Mechanical Engineering and Surface Science and Technology Research Center (KUYTAM), Koç University, Istanbul, Turkey",2021 IEEE 21st International Conference on Nanotechnology (NANO),"26 Aug 2021","2021","","","370","373","Molecular dynamics (MD) simulations are employed to investigate the influence of native oxide layer on the mechanical properties of Si nanowires (NWs) through analyzing surface stress and surface energy effect. This work studies the tensile response of Si NWs along <100> and <110> crystal orientations. MD results are compared with the traditional core-shell model on the estimation of the modulus of elasticity of Si NWs with a native oxide layer. Density functional theory (DFT) methods are used to verify MD results on the surface energy calculations. Surface stress and surface elastic constants are studied for native oxide surface using MD simulations and compared with unreconstructed surfaces. In this work, the role of native oxide is addressed to understand the difference between experimental and computational findings on the modulus of elasticity of Si NWs.","1944-9380","978-1-6654-4156-8","10.1109/NANO51122.2021.9514301","","https://ieeexplore.ieee.org/stamp/stamp.jsp?arnumber=9514301","","Analytical models;Surface stress;Computational modeling;Estimation;Elasticity;Silicon;Nanowires","","7","","10","IEEE","26 Aug 2021","28-30 July 2021","28-30 July 2021","IEEE","IEEE Conferences"
"Investigation of the Thermal Conductivity of Materials in 2D/3D Heterostructures","O. Kaya; N. Donmezer","Department of Mechanical Engineering, Bogazici University, Istanbul, Turkey; Department of Mechanical Engineering, Bogazici University, Istanbul, Turkey",2021 IEEE 21st International Conference on Nanotechnology (NANO),"26 Aug 2021","2021","","","374","377","Recent developments in nanofabrication have been enabling us to build 2D material-based devices with superior electrical, optical, and thermal properties. Just as with many other semiconductor devices heat generated within the device during operation may cause device degradation and reliability problems. In these devices, 2D and GaN or SiO2 materials are in contact due to fabrication or/and device requirements. Around these interfaces, thermal properties are strongly affected by the phonon scattering mechanisms in materials. Although thermal boundary conductance has been investigated more; despite its importance, the change in individual material thermal conductivities are not investigated in detail. To observe the changes in material thermal conductivities around the interfaces, heterostructures of common 2D materials: Mos2, WSe2, and h-BN on GaN and SiO2 substrates are simulated through nonequilibrium molecular dynamics (NEMD). Obtained thermal conductivities are later compared with the thermal conductivities of the isolated materials. These results shed light on the thermal transport mechanisms in 2D/GaN and 2D/SiO2 heterostructures and help to build better thermal management strategies for devices involving such architectures.","1944-9380","978-1-6654-4156-8","10.1109/NANO51122.2021.9514284","BAP(grant numbers:14330); ","https://ieeexplore.ieee.org/stamp/stamp.jsp?arnumber=9514284","","Silicon compounds;Heating systems;Atomic layer deposition;Phonons;Conductivity;Thermal conductivity;Thermal management","","1","","35","IEEE","26 Aug 2021","28-30 July 2021","28-30 July 2021","IEEE","IEEE Conferences"
"Non-Linearity of Electrical Conductivity for Aligned Multi-Walled Carbon Nanotube Nanocomposites: Numerical Estimation of Significance of Influencing Factors","S. V. Lomov; I. S. Akhatov; J. Lee; B. L. Wardle; S. G. Abaimov","Skolkovo Institute of Science and Technology, Moscow, Russia; Skolkovo Institute of Science and Technology, Moscow, Russia; Massachusetts Institute of Technology, Cambridge, Mass., USA; Massachusetts Institute of Technology, Cambridge, Mass., USA; Skolkovo Institute of Science and Technology, Moscow, Russia",2021 IEEE 21st International Conference on Nanotechnology (NANO),"26 Aug 2021","2021","","","378","381","The non-linearity of the electrical conductivity with applied voltage is numerically simulated for aligned multi-walled carbon nanotube (A-CNT) nanocomposites. The geometry of the reinforcement is generated based on the morphology of the A-CNT forest experimentally observed by 3D transmission electron microscope computed tomography. The polymer matrix is assumed to be electrically insulative; therefore, DC electrical conductivity is estimated by the current-voltage characteristic of the conducting CNT morphology At different values of voltage, the influence of electrical fields and magnetic fields leads to conformational changes in the nanotube network being the significant factor of the conductivity change for soft materials. The change of the tunneling resistance with the applied voltage are taken into account. The influences of the mentioned factors are comparatively analyzed. Combination of the effects provides the cumulative non-linear dependence for the nanocomposite electrical conductivity. The non-linear effects appear only for very high applied voltage, 1 V/µm and higher; the conformational change effect is felt only if the matrix on the nanocomposite is very soft, such as in foams.","1944-9380","978-1-6654-4156-8","10.1109/NANO51122.2021.9514355","","https://ieeexplore.ieee.org/stamp/stamp.jsp?arnumber=9514355","","Resistance;Breakdown voltage;Three-dimensional displays;Transmission electron microscopy;Nanocomposites;Morphology;Conductivity","","4","","15","IEEE","26 Aug 2021","28-30 July 2021","28-30 July 2021","IEEE","IEEE Conferences"
"Impedance Based Biosensor for Agricultural Pathogen Detection","R. Patel; M. Vinchurkar; R. Patkar; G. Pranjale; M. S. Baghini","Centre for Research in Nanotechnology and Science, Indian Institute of Technology Bombay, Mumbai, India; Department of Electrical Engineering, Indian Institute of Technology Bombay, Mumbai, India; Department of Electrical Engineering, Indian Institute of Technology Bombay, Mumbai, India; Department of Electrical Engineering, Indian Institute of Technology Bombay, Mumbai, India; Department of Electrical Engineering, Indian Institute of Technology Bombay, Mumbai, India",2021 IEEE 21st International Conference on Nanotechnology (NANO),"26 Aug 2021","2021","","","385","388","One of the major limitations on food resources worldwide is the deterioration of plant products due to pathogenic infections. Early screening of plants for pathogenic infections can serve as a boon in the Agricultural sector. The standard microbiology techniques have not kept pace with the rapid enumeration and automated methods for bacteria detection. Electrochemical impedance spectroscopy (EIS) serves as a label free bio sensing technique to monitor pathogens in real time. The changes in the electrical impedance of a growing bacterial culture can be monitored to detect activity of microorganisms. In this study, we demonstrate development of a gold interdigitated electrode (gold IDE) based impedance biosensor to detect bacterial cell enrichment in a growth medium. To standardize the impedance measurement protocol, nutrient broth suspended E.coli cells were used as a model system. The changes in the magnitude of impedance is about 1.5MΩ per doubling of E.coli cells. We further extended this strategy to identify the pathogens in real samples using milk as cell growth medium. Distinct difference of about 5MΩ was seen in the impedance recorded for the healthy and infected potato samples. Our results support the potential application of this impedance based biosensor in agricultural pathogen detection","1944-9380","978-1-6654-4156-8","10.1109/NANO51122.2021.9514277","Department of Science and Technology; ","https://ieeexplore.ieee.org/stamp/stamp.jsp?arnumber=9514277","","Pathogens;Gold;Microorganisms;Impedance measurement;Protocols;Government;Impedance","","7","","21","IEEE","26 Aug 2021","28-30 July 2021","28-30 July 2021","IEEE","IEEE Conferences"
"Electronic Transport Through Organophosphonate-Grafted Bacteriorhodopsin Films on Titanium Nitride","D. Chryssikos; J. M. Dlugosch; J. A. Fereiro; T. Kamiyama; M. Sheves; D. Cahen; M. Tornow","Technical University of Munich, Munich, Germany; Technical University of Munich, Munich, Germany; Weizmann Institute of Science, Rehovot, Israel; Technical University of Munich, Munich, Germany; Weizmann Institute of Science, Rehovot, Israel; Weizmann Institute of Science, Rehovot, Israel; Technical University of Munich, Munich, Germany",2021 IEEE 21st International Conference on Nanotechnology (NANO),"26 Aug 2021","2021","","","389","392","Understanding the charge transport properties of proteins at the molecular scale is crucial for the development of novel bioelectronic devices. In this contribution, we report on the preparation and electrical characterization of thin films of bacteriorhodopsin grafted on the surface of titanium nitride via aminophosphonate linkers. Thickness analysis using atomic force microscopy revealed a protein film thickness of 8.2±1.5 nm, indicating the formation of a protein bilayer. Electrical measurements were carried out in the dry state, in a vertical arrangement with a eutectic gallium-indium (EGaIn) or an evaporated Ti/Au top contact. DC current-voltage measurements yielded comparable effective tunneling decay constants $\beta\sim 0.13\mathrm{A}^{-1}$ for the EGaIn top contact and $\sim 0.15\mathrm{A}^{-1}$ for the Ti/Au top contact. The results presented herein may establish a novel platform for studying charge transport via protein molecules in a solid-state device configuration.","1944-9380","978-1-6654-4156-8","10.1109/NANO51122.2021.9514351","Deutsche Forschungsgemeinschaft(grant numbers:TO266/10-1); ","https://ieeexplore.ieee.org/stamp/stamp.jsp?arnumber=9514351","","Proteins;Temperature measurement;Gold;Contacts;Current measurement;Tunneling;Titanium nitride","","4","","24","IEEE","26 Aug 2021","28-30 July 2021","28-30 July 2021","IEEE","IEEE Conferences"
"Gold nanoparticles capable of templating entire enzyme cascades and improving production yield through substrate channeling","S. A. Díaz; E. Oh; S. A. Walper; D. A. Hastman; I. L. Medintz","U.S. Naval Research Laboratory, Center for Bio/Molecular Science and Engineering, Code 6900, Washington D. C., United States; Optical Sciences Division, Code 5600, U.S. Naval Research Laboratory, Washington D. C., United States; U.S. Naval Research Laboratory, Center for Bio/Molecular Science and Engineering, Code 6900, Washington D. C., United States; U.S. Naval Research Laboratory, Center for Bio/Molecular Science and Engineering, Code 6900, Washington D. C., United States; U.S. Naval Research Laboratory, Center for Bio/Molecular Science and Engineering, Code 6900, Washington D. C., United States",2021 IEEE 21st International Conference on Nanotechnology (NANO),"26 Aug 2021","2021","","","393","396","We have demonstrated that multi-enzyme cascades can be templated on individual gold nanoparticles (NPs) with diameters below 100 nm. Utilizing a three enzyme cascade of amylase, maltase, and glucokinase we found a ~3-fold enhancement in product formation when all three enzymes were bound to the same NP as compared to controls. This strongly suggests that the increased kinetics was due to substrate channeling. Additional controls were realized to ensure that only when the enzymes were bound to the NPs was enhancement observed by modifying the ratio of enzyme to NP. Furthermore the experiments support a model where a single-layer of enzymes conjugate to the NPs independently of the enzyme to NP ratio. Being able to conjugate entire cascades on individual NPs should allow for optimized design of NPs and enzyme cascades for in vitro biocatalysis.","1944-9380","978-1-6654-4156-8","10.1109/NANO51122.2021.9514332","","https://ieeexplore.ieee.org/stamp/stamp.jsp?arnumber=9514332","","Nanoparticles;Gold;Conferences;Production;Nonhomogeneous media;Biochemistry;Kinetic theory","","","","18","USGov","26 Aug 2021","28-30 July 2021","28-30 July 2021","IEEE","IEEE Conferences"
"Detection of heart-fatty acid binding protein in human serum using gold nano/micro-islands and molecularly imprinted polymers","A. Sanati; R. S. Moakhar; K. Raeissi; F. Karimzadeh; H. Vali; S. Mahshid","Department of Bioengineering, McGill University, Montreal, QC, Canada; Department of Bioengineering, McGill University, Montreal, QC, Canada; Department of Materials Engineering, Isfahan University of Technology, Isfahan, Iran; Department of Materials Engineering, Isfahan University of Technology, Isfahan, Iran; Department of Anatomy and Cell Biology, McGill University, Montreal, Quebec, Canada; Department of Bioengineering, McGill University, Montreal, QC, Canada",2021 IEEE 21st International Conference on Nanotechnology (NANO),"26 Aug 2021","2021","","","397","399","Here, we have developed a biomimetic sensor using gold nano/micro-islands (NMIs) and molecularly imprinted polymers (MIPs) for electrochemical detection of H-FABP. The fabricated nanostructured electrode was characterized and its analytical performance was evaluated in human serum spiked with H-FABP in the clinical range (10 pg mL−1 to 100 ng mL−1). In this regard, an excellent linear performance (R2=0.99) and a low limit of detection (LOD) of 4.86 pg mL−1 were observed. Moreover, the selectivity performance of the proposed biosensor was investigated in the presence of troponin T (TnT), and myoglobin (Myo). The differential pulse voltammetry (DPV) results showed that the MIP current has altered approximately 16, 20, and 62% for TnT, Myo, and H-FABP, respectively, confirming the low interference of other cardiac biomarkers on the sensing performance. Ultimately, the developed biomimetic sensor fabricated by the integration of hierarchical structures of gold and MIP opens up future perspectives for sensitive, low-cost, and early detection of myocardial infarction in human serum.","1944-9380","978-1-6654-4156-8","10.1109/NANO51122.2021.9514337","","https://ieeexplore.ieee.org/stamp/stamp.jsp?arnumber=9514337","","Proteins;Gold;Sensitivity;Myocardium;Media;Stability analysis;Sensors","","","","10","IEEE","26 Aug 2021","28-30 July 2021","28-30 July 2021","IEEE","IEEE Conferences"
"Nanobowtie Embedded Microfluidic Device for SERS Identification of Extracellular Vesicles from Synthetic Liposomes","M. Jalali; S. I. Isaac Hosseini; T. AbdelFatah; L. Montermini; S. W. Hogiu; J. Rak; S. Mahshid","Department of Bioengineering, McGill University, Montreal, QC, Canada; Department of Bioengineering, McGill University, Montreal, QC, Canada; Department of Bioengineering, McGill University, Montreal, QC, Canada; Research Institute of the McGill University Health Centre (RIMUHC), Montreal, Quebec, Canada; Department of Bioengineering, McGill University, Montreal, QC, Canada; Research Institute of the McGill University Health Centre (RIMUHC), Montreal, Quebec, Canada; Department of Bioengineering, McGill University, Montreal, QC, Canada",2021 IEEE 21st International Conference on Nanotechnology (NANO),"26 Aug 2021","2021","","","400","402","The need for repeated molecular analyses in facilitating precision oncology, drive the efforts to amend liquid biopsy methods. Surface enhanced Raman spectroscopy (SERS) provides a facile platform for liquid biopsy applications. The plasmonic nanomaterials represents a paradigm shift in harnessing the distinguished merits of SERS platforms and therefore of remarkable potential to enhance the sensitivity of the identification. Here, we studied the fabrication, implementation, and application of nanobowtie structures embedded in a microfluidic device for sensitive SERS identification. As a proof of principle, we evaluated the competence of the device in SERS identification of the extracellular vesicles derived from NHA cells for sensitivity. Using the nanobowtie embedded microfluidic device, we were able to distinguish a set of peaks expressed in NHA EVs populations from the artificial homogenous vesicles.","1944-9380","978-1-6654-4156-8","10.1109/NANO51122.2021.9514348","","https://ieeexplore.ieee.org/stamp/stamp.jsp?arnumber=9514348","","Sensitivity;Liquids;Biopsy;Plasmons;Throughput;Nanoscale devices;Nanostructures","","2","","15","IEEE","26 Aug 2021","28-30 July 2021","28-30 July 2021","IEEE","IEEE Conferences"
"Molecular Beam Epitaxy of AlGaN Nanowires for Ultraviolet Light Emitting","S. Zhao; J. Lu; Y. Zhong","Department of Electrical and Computer Engineering, McGill University, Montreal, QC, Canada; Department of Electrical and Computer Engineering, McGill University, Montreal, QC, Canada; Department of Electrical and Computer Engineering, McGill University, Montreal, QC, Canada",2021 IEEE 21st International Conference on Nanotechnology (NANO),"26 Aug 2021","2021","","","403","404","In this work, we discuss the molecular beam epitaxial growth of AlGaN nanowires on Si for ultraviolet light emitting. It is found that, although using a relatively low substrate temperature, AlGaN nanowires with different Al contents can still have a reasonably good optical quality. The reduced substrate temperature could favor the development of electrically injected ultraviolet light emitting devices.","1944-9380","978-1-6654-4156-8","10.1109/NANO51122.2021.9514283","Natural Sciences and Engineering Research Council of Canada; ","https://ieeexplore.ieee.org/stamp/stamp.jsp?arnumber=9514283","","Stimulated emission;Molecular beam epitaxial growth;Light emitting diodes;Silicon;Wide band gap semiconductors;Nanowires;Aluminum gallium nitride","","","","13","IEEE","26 Aug 2021","28-30 July 2021","28-30 July 2021","IEEE","IEEE Conferences"
"Quantitative Investigation of New Templateless Growth Method for Highly Crystalline Ni, Co and Ni-Co Nanowires","G. Panda; H. Dong; V. M. Ayres; M. S. Hussain","Department of Electrical & Computer Engineering, Michigan State University, East Lansing, MI, USA; Michigan State University, East Lansing, MI, USA; Department of Electrical & Computer Engineering, Michigan State University, East Lansing, MI, USA; Faculty of Computing, Engineering and the Built Environment, Birmingham City University, Birmingham, UK",2021 IEEE 21st International Conference on Nanotechnology (NANO),"26 Aug 2021","2021","","","405","408","In this work, we report growth of highly crystalline Ni, Co and layered Ni-Co nanowires obtained by a novel combination of high-speed turbulent flow electrodeposition with a thin hydrocarbon layer on an oxidized titanium substrate. Our results indicate that a turbulent flow regime can be used to break a hydrocarbon surface film into an array of carbon catalyst particles while creating solute-substrate ion chemistries that are conducive for highly crystalline Ni, Co and layered Ni-Co nanowire growth.","1944-9380","978-1-6654-4156-8","10.1109/NANO51122.2021.9514356","NASA(grant numbers:NNX16AT85G); ","https://ieeexplore.ieee.org/stamp/stamp.jsp?arnumber=9514356","","Chemistry;Catalysts;Production;Hydrocarbons;Titanium;Nickel;Nanowires","","","","12","IEEE","26 Aug 2021","28-30 July 2021","28-30 July 2021","IEEE","IEEE Conferences"
"Coupled Spin-Orbit Interactions in Flying Qubit Architectures","G. Panda; R. S. Aridi; H. Dong; V. M. Ayres; H. C. Shaw","Department of Electrical & Computer Engineering, Michigan State University, East Lansing, MI, USA; Michigan State University, East Lansing, MI, USA; Michigan State University, East Lansing, MI, USA; Department of Electrical & Computer Engineering, Michigan State University, East Lansing, MI, USA; Code 5560, NASA Goddard Space Flight Center, Greenbelt, MD, USA",2021 IEEE 21st International Conference on Nanotechnology (NANO),"26 Aug 2021","2021","","","409","412","Vertical spin-orbit coupling to produce quantum entanglement between electrons confined in quantum dots is investigated for a split-gate double layer heterostructure design. The quantum dots in each active layer may result from quantum point contact fabrication or be generated dynamically using a surface acoustic wave flying qubit approach. Optimization of spin-spin coupling versus all other couplings can set up competing requirements for heterostructure and device fabrication choices. In the present work, a series of active layers: indium antimonide, indium arsenide, indium gallium arsenide, and gallium arsenide, and device architectures is investigated. We find that device architectures that support spin entanglement are within achievable fabrication ranges for the active layer materials investigated.","1944-9380","978-1-6654-4156-8","10.1109/NANO51122.2021.9514285","NASA(grant numbers:NNX16AT85G); ","https://ieeexplore.ieee.org/stamp/stamp.jsp?arnumber=9514285","","Couplings;Fabrication;Quantum entanglement;Quantum dots;Qubit;Surface acoustic wave devices;Split gate flash memory cells","","","","7","IEEE","26 Aug 2021","28-30 July 2021","28-30 July 2021","IEEE","IEEE Conferences"
"High Reliability Engineered Copper SMT Bonding Material","A. A. Zinn; R. M. Stoltenberg; R. Joven; N. Ngo; A. Capanzana","Kuprion Inc., San Jose, CA, USA; Kuprion Inc., San Jose, CA, USA; Kuprion Inc., San Jose, CA, USA; Kuprion Inc., San Jose, CA, USA; Kuprion Inc., San Jose, CA, USA",2021 IEEE 21st International Conference on Nanotechnology (NANO),"26 Aug 2021","2021","","","413","416","We set out to affirm the high reliability of a novel nanocopper-based highly conductive bond agent that allows the formulation of an entire suite of Tunable Engineered Copper (TEC) pastes and inks suited for a wide range of SMT die-bonding and packaging applications. In this paper, we present comprehensive thermal cycling and thermal shock data on 3×3 mm silicon carbide (SiC) dies bonded to patterned direct-bond copper (DBC) aluminum nitride (AlN) substrates. We found a 100% survival rate for over 100 devices tested across 3 different test series substantiating the high reliability provided by TEC. Some parts even survived repeated 100 kg shear loads (>110 MPa) after thermal treatment without failing. The pressure-less, fused-copper interfaces exhibit superior electrical (as high as 70% IACS) and thermal (as high as 330 W/m·K) conductivity compared to common tin-based solders and sintered silver. Therefore, TEC offers for the first time a viable all-copper SMT material completely decoupling process-temperature from operating temperature that enables all-copper packaging systems that eliminates brittle IMC formation. High-temperature stability has already been tested to over 500°C. With these properties, it is vastly superior to sintered silver and processable without the need for pressure during fusion with just a few minutes processing time. TEC has been under development for over 10 years and recently matured to the point that it can be integrated into commercial products.","1944-9380","978-1-6654-4156-8","10.1109/NANO51122.2021.9514296","","https://ieeexplore.ieee.org/stamp/stamp.jsp?arnumber=9514296","","Silver;Silicon carbide;Thermal shock;Conductivity;Thermal conductivity;Light emitting diodes;Copper","","","","10","IEEE","26 Aug 2021","28-30 July 2021","28-30 July 2021","IEEE","IEEE Conferences"
"CNT/Epoxy-Masterbatch Based Nanocomposites: Thermal and Electrical Properties","H. A. Butt; M. Owais; A. Sulimov; D. Ostrizhiniy; S. V. Lomov; I. S. Akhatov; S. G. Abaimov; Y. A. Popov","Skolkovo Institute of Science and Technology, Moscow, Russian Federation; Skolkovo Institute of Science and Technology, Moscow, Russian Federation; Skolkovo Institute of Science and Technology, Moscow, Russian Federation; Skolkovo Institute of Science and Technology, Moscow, Russian Federation; Skolkovo Institute of Science and Technology, Moscow, Russian Federation; Skolkovo Institute of Science and Technology, Moscow, Russian Federation; Skolkovo Institute of Science and Technology, Moscow, Russian Federation; Skolkovo Institute of Science and Technology, Moscow, Russian Federation",2021 IEEE 21st International Conference on Nanotechnology (NANO),"26 Aug 2021","2021","","","417","420","In this work, three masterbatches of carbon nanotubes (CNTs) were utilized to manufacture electrically and thermally conductive epoxy nanocomposites at three weight percentages using a scalable, economic processing route. Two masterbatches contained multi-wall carbon nanotubes (MWCNT) of similar aspect ratios while the third contained single-wall carbon nanotubes (SWCNTs) with a higher aspect ratio. Each masterbatch was produced industrially using a different processing technique. It was seen that the functional properties of the produced nanocomposites were directly tied to the particle dispersion and the masterbatch production route. For samples produced with better masterbatch production technology (SWCNTs), the dispersion degree was better compared to samples produced using less effective production techniques (MWCNTs). Electrical and thermal conductivity for SWCNT nanocomposites reached as high as 0.5 S/cm and 0.48 Wm−1 K−1 at 2.0% wt. respectively, whereas MWCNT samples showed values between 1.37×10−5 – 1.5×10−7 S/cm and 0.22 Wm−1 K−1 for electrical and thermal conductivity at the same weight percentage. SWCNT samples outperformed MWCNT samples by 4–6 orders of magnitude in terms of electrical conductivity and 4 times for thermal conductivity.","1944-9380","978-1-6654-4156-8","10.1109/NANO51122.2021.9514322","","https://ieeexplore.ieee.org/stamp/stamp.jsp?arnumber=9514322","","Temperature;Nanocomposites;Production;Conductivity;Carbon nanotubes;Thermal conductivity;Microstructure","","6","","32","IEEE","26 Aug 2021","28-30 July 2021","28-30 July 2021","IEEE","IEEE Conferences"
"Centimeter-Scale MoS2 on Solid Electrolyte Substrate by Sulfurization of Molybdenum Thin Film","M. H. Alam; M. I. S. V; S. S. T. Nibhanupudi; S. K. Banerjee; D. Akinwande","Microelectronics Research Center, The University of Texas at Austin, Austin, TX, USA; Microelectronics Research Center, The University of Texas at Austin, Austin, TX, USA; Microelectronics Research Center, The University of Texas at Austin, Austin, TX, USA; Microelectronics Research Center, The University of Texas at Austin, Austin, TX, USA; Microelectronics Research Center, The University of Texas at Austin, Austin, TX, USA",2021 IEEE 21st International Conference on Nanotechnology (NANO),"26 Aug 2021","2021","","","421","424","Solid-state electrolytes have attracted significant attention in rechargeable battery and solid-state device research due to the added benefits over the liquid electrolytic counterpart owing to their solid nature. Here, we demonstrated centimeter-scale growth of MoS2 thin film, a promising two-dimensional (2D) material for transistor and energy storage, on Li-ion solid electrolyte substrate by sulfurization of Molybdenum thin film. The sulfurized film was characterized using a combination of spectroscopic and microscopic analyses, including optical microscopy, X-ray photoelectron spectroscopy, X-ray diffraction, and Raman spectroscopy. The film was further characterized by electrical probing to measure the film quality and underlying transport mechanism.","1944-9380","978-1-6654-4156-8","10.1109/NANO51122.2021.9514349","Army Research Office(grant numbers:1720595); National Science Foundation(grant numbers:ECCS-1542159); ","https://ieeexplore.ieee.org/stamp/stamp.jsp?arnumber=9514349","","Optical microscopy;Optical diffraction;Photoelectron microscopy;Solids;Electrolytes;Optical imaging;Sulfur","","","","16","IEEE","26 Aug 2021","28-30 July 2021","28-30 July 2021","IEEE","IEEE Conferences"
"Towards CMOS-Compatible Negative-Index Metastructures","D. Bosomtwi; M. Osiński; V. E. Babicheva","Center for High Technology Materials, University of New Mexico, Albuquerque, NM, USA; Center for High Technology Materials, University of New Mexico, Albuquerque, NM, USA; Department of Electrical and Computer Engineering, University of New Mexico, Albuquerque, NM, USA",2021 IEEE 21st International Conference on Nanotechnology (NANO),"26 Aug 2021","2021","","","425","428","We design and analyze the optical properties of multilayered metal-dielectric fishnet metastructures using fullwave numerical simulations. We report negative refraction at the infrared spectral range with low loss. Most previous studies reported negative refraction in this range using stack fishnet design with either gold or silver metal. Our metastructure is made up of copper/SiO2/copper stack fishnet, which is CMOS-compatible and features losses comparable to those in metastructures utilizing noble metals.","1944-9380","978-1-6654-4156-8","10.1109/NANO51122.2021.9514282","","https://ieeexplore.ieee.org/stamp/stamp.jsp?arnumber=9514282","","Reflectivity;Optical losses;Silver;Optical design;Refractive index;Optical variables control;Numerical simulation","","2","","19","IEEE","26 Aug 2021","28-30 July 2021","28-30 July 2021","IEEE","IEEE Conferences"
"Collective Resonances of Lossy Material Nanoantennas","V. Karimi; V. Babicheva","Department of Electrical and Computer Engineering, University of New Mexico, Albuquerque, NM; Department of Electrical and Computer Engineering, University of New Mexico, Albuquerque, NM",2021 IEEE 21st International Conference on Nanotechnology (NANO),"26 Aug 2021","2021","","","429","432","We analyze the multipole lattice effects on the resonant properties of periodic nanostructures and nanophotonic components made of lossy materials. The periodic arrangement of nanoscatterers facilitates the excitation of additional multipoles and allows light localization in planar photonic components. We show that our design can improve localized resonances and enhance the efficiency of the nanophotonic devices and sensors by adjusting nanoantenna periodicity in in-plane directions.","1944-9380","978-1-6654-4156-8","10.1109/NANO51122.2021.9514325","","https://ieeexplore.ieee.org/stamp/stamp.jsp?arnumber=9514325","","Optical losses;Photonic band gap;Lattices;Titanium;Nanoscale devices;Reflection;Sensors","","1","","22","IEEE","26 Aug 2021","28-30 July 2021","28-30 July 2021","IEEE","IEEE Conferences"
"Plasmonic-assisted electrochemical detection of hydrogen peroxide","C. del Real Mata; R. S. Moakhar; I. I. Hosseini; M. Jalali; S. Mahshid","Department of Bioengineering, McGill University, Montreal, QC, Canada; Department of Bioengineering, McGill University, Montreal, QC, Canada; Department of Bioengineering, McGill University, Montreal, QC, Canada; Department of Bioengineering, McGill University, Montreal, QC, Canada; Department of Bioengineering, McGill University, Montreal, QC, Canada",2021 IEEE 21st International Conference on Nanotechnology (NANO),"26 Aug 2021","2021","","","441","443","Plasmonic nanostructures are widely studied in opto-electrical sensing and biosensing. Despite their enhanced optical and electromagnetic properties, the complexity of fabrication hinders their integration into cost-effective and scalable electrodes. Here, we focus on a fabless approach to develop a hybrid structure of gold (Au) plasmonic nanocavities and graphene nanosheets for the plasmonic assisted electrochemical detection of hydrogen peroxide (H2O2). The electrode is integrated into a portable microfluidic device and validated via the effective H2O2 detection released from cancer cells.","1944-9380","978-1-6654-4156-8","10.1109/NANO51122.2021.9514304","NSERC(grant numbers:G247765); Canada Foundation for Innovation(grant numbers:G248924); CONACYT(grant numbers:924317); ","https://ieeexplore.ieee.org/stamp/stamp.jsp?arnumber=9514304","","Electrodes;Gold;Hydrogen;Optical device fabrication;Plasmons;Nanobioscience;Optical sensors","","","","17","IEEE","26 Aug 2021","28-30 July 2021","28-30 July 2021","IEEE","IEEE Conferences"
"Field Dynamics in the Gap of a Semiconductor Nanodimer","Z. Wang; T. Wong","Illinois Institute of Technology, Chicago, IL, USA; Illinois Institute of Technology, Chicago, IL, USA",2021 IEEE 21st International Conference on Nanotechnology (NANO),"26 Aug 2021","2021","","","444","447","Semiconductor nanodimer provides substantial terahertz electric field intensification in the gap region as a result of geometric local field effect and surface plasmon resonance. In a dimer formed by two nanoparticles with unequal doping levels, the intrinsic resonances of the nanoparticles are carried over to the coupled configuration of the dimer, giving rise to two resonances, slightly shifted from those of the intrinsic particles. An important characteristic of the enhanced field in the gap is the intensity profile swaying when the frequency of the applied field is varied from one resonance to the other. In this work, the field distribution in an asymmetric semiconductor nanodimer is computed by numerical simulation of the charge-field interaction in the semiconductor, employing a transport formulation for charge dynamics. Charge distribution in the semiconductor, field intensity in the gap and the collective response in terms of the total dipole moment are obtained. Interpretation of the results is presented in light of polarization coupling and interference effects between the particles. Potential application of the dynamical response as a field scanning sensor in the terahertz range is explored.","1944-9380","978-1-6654-4156-8","10.1109/NANO51122.2021.9514306","","https://ieeexplore.ieee.org/stamp/stamp.jsp?arnumber=9514306","","Nanoparticles;Couplings;Conferences;Resonant frequency;Interference;Doping;Numerical simulation","","","","6","IEEE","26 Aug 2021","28-30 July 2021","28-30 July 2021","IEEE","IEEE Conferences"
"Parameters guiding the self-assembly of quantum dots and DNA origami by peptide-PNA","C. M. Green; D. A. Hastman; D. Mathur; K. Susumu; I. L. Medintz; S. A. Díaz","U.S. Naval Research Laboratory, Center for Bio/Molecular Science and Engineering, Code 6900, Washington, D.C., United States; U.S. Naval Research Laboratory, Center for Bio/Molecular Science and Engineering, Code 6900, Washington, D.C., United States; U.S. Naval Research Laboratory, Center for Bio/Molecular Science and Engineering, Code 6900, Washington, D.C., United States; Optical Sciences Division, Code 5600, U.S. Naval Research Laboratory, Washington, D.C., United States; U.S. Naval Research Laboratory, Center for Bio/Molecular Science and Engineering, Code 6900, Washington, D.C., United States; U.S. Naval Research Laboratory, Center for Bio/Molecular Science and Engineering, Code 6900, Washington, D.C., United States",2021 IEEE 21st International Conference on Nanotechnology (NANO),"26 Aug 2021","2021","","","448","450","Nanoparticle (NP)-binding peptides conjugated to peptide nucleic acids - peptide-PNA - enable efficient and programmable self-assembly of quantum dots (QDs) on DNA nanostructures. As an alternative to chemically modified DNA, peptide-PNA were designed with a poly-histidine peptide motif (Histag) to enable self-assembly to the surface of ZnS-shelled QDs, along with a PNA domain which could undergo hybridization to a complementary DNA sequence by Watson-Crick base pairing. We have demonstrated that QDs can be conjugated efficiently to DNA origami by peptide-PNA without requiring a large excess of the individual components. Here, optimization was performed to assess the effects of varied molar ratios of peptide-PNA:QDs and QDs:origami on the binding efficiency of QDs to DNA origami.","1944-9380","978-1-6654-4156-8","10.1109/NANO51122.2021.9514331","","https://ieeexplore.ieee.org/stamp/stamp.jsp?arnumber=9514331","","Self-assembly;Peptides;Conferences;Quantum dots;DNA;Presence network agents;Nanostructures","","","","14","IEEE","26 Aug 2021","28-30 July 2021","28-30 July 2021","IEEE","IEEE Conferences"
"High-performance VOx-based memristors with ultralow switching voltages prepared at room temperature","M. Y. Wang; D. Wang; X. D. Huang","Key Laboratory of MEMS of the Ministry of Education, School of Electronic Science and Engineering, Southeast University, Nanjing, China; Key Laboratory of MEMS of the Ministry of Education, School of Electronic Science and Engineering, Southeast University, Nanjing, China; Key Laboratory of MEMS of the Ministry of Education, School of Electronic Science and Engineering, Southeast University, Nanjing, China",2021 IEEE 21st International Conference on Nanotechnology (NANO),"26 Aug 2021","2021","","","468","469","In this work, the Ti/VOx/ITO memristors fabricated at room temperature with self-current compliance characteristics are demonstrated. The devices exhibited excellent resistive switching behavior with ultralow programming voltages (as low as 17 mV) and good retention time (>104 s). In addition, low-power characteristic with 36.72 nW set power (2.16 µA@17 mV) and 2.74 µW reset power (17.1 µA@0.16 V) were obtained in these memristive devices, which makes them promising in the next-generation information storage and computing applications.","1944-9380","978-1-6654-4156-8","10.1109/NANO51122.2021.9514359","","https://ieeexplore.ieee.org/stamp/stamp.jsp?arnumber=9514359","memristor;VOx;ultralow programming voltages;low-power","Temperature;Conferences;Memristors;Switches;Programming;Nanoscale devices;Flexible electronics","","","","9","IEEE","26 Aug 2021","28-30 July 2021","28-30 July 2021","IEEE","IEEE Conferences"
"Hybridization of Spin Decision Logics for Ising Machine with Logic Circuits","T. Miki; A. Yoshida; M. Shimada; J. Shirakashi","Department of Electrical and Electronic Engineering, Tokyo University of Agriculture & Technology, Koganei, Tokyo, Japan; Department of Electrical and Electronic Engineering, Tokyo University of Agriculture & Technology, Koganei, Tokyo, Japan; Department of Electrical and Electronic Engineering, Tokyo University of Agriculture & Technology, Koganei, Tokyo, Japan; Department of Electrical and Electronic Engineering, Tokyo University of Agriculture & Technology, Koganei, Tokyo, Japan",2021 IEEE 21st International Conference on Nanotechnology (NANO),"26 Aug 2021","2021","","","470","473","Recent advances in the field of natural computing have boosted the hope that complicated problems can be solved efficiently on the heuristics applying natural phenomena. In particular, it is expected that Ising spin model implemented with CMOS circuits solves combinatorial optimization problems more effectively and conveniently at room temperature, and thus, it is potentially achievable for practical use. So far, we have developed Ising machine that can be implemented with simple logic circuits consisting of XNOR gate utilized as spin decision logics for finding the ground state. In this study, we propose the hybrid-type spin decision logic (HDL), a combination of two conventional methods. HDL can find the global optimal solution of combinatorial optimization problems, that is impossible to solve with conventional spin decision logics.","1944-9380","978-1-6654-4156-8","10.1109/NANO51122.2021.9514319","","https://ieeexplore.ieee.org/stamp/stamp.jsp?arnumber=9514319","","Semiconductor device modeling;Logic circuits;Stationary state;Logic gates;Search problems;Land surface temperature;Hardware design languages","","4","","50","IEEE","26 Aug 2021","28-30 July 2021","28-30 July 2021","IEEE","IEEE Conferences"
"Structural and optical study of sputtered grown Sb doped ZnO thin film","R. Singh; G. Siddharth; R. Bhardwaj; S. Mukherjee","Electrical Engineering Department, Hybrid Nanodevice Research Group (HNRG), IIT Indore, Indore, India; Electrical Engineering Department, Hybrid Nanodevice Research Group (HNRG), IIT Indore, Indore, India; IIT Delhi, New Delhi, India; Centre for Advanced Electronics (CAE), IIT Indore, Indore, India",2021 IEEE 21st International Conference on Nanotechnology (NANO),"26 Aug 2021","2021","","","474","477","Sb-ZnO (SZO) thin films were formed on n-Si semiconductor and sapphire by dual ion beam sputtering (DIBS) technique. Structural and optical parameters of SZO sputtered grown film were determined by ellipsometry and field emission scanning electron microscopy (FE-SEM), and I-V analysis of the SZO/n-Si heterojunction device in dark. A smooth film without any grain boundaries is observed in SEM analysis. The bandgap (Eg) of the grown SZO film is obtained and the value of Eg obtained is 3.92 eV. A high refractive index in the range of n=1.85-2.08 is shown by the deposited SZO film in the ultraviolet (UV)-visible region, moreover, it can be seen from the ellipsometry analysis that the fundamental absorption edge is obtained near the UV region. A rectification ratio of ~ 16 times is observed at ±4 V for SZO/n-Si heterojunction. The Study concludes that SZO material has the potential to be used in the application dealing with the UV region of the light spectra.","1944-9380","978-1-6654-4156-8","10.1109/NANO51122.2021.9514339","","https://ieeexplore.ieee.org/stamp/stamp.jsp?arnumber=9514339","DIBS;SZO;FE-SEM;ellipsometry;ultraviolet;heterojunction","Scanning electron microscopy;Photonic band gap;Absorption;Refractive index;Heterojunctions;Optical variables control;Zinc oxide","","1","","21","IEEE","26 Aug 2021","28-30 July 2021","28-30 July 2021","IEEE","IEEE Conferences"
"A Photoinduced Electrostatic Doping Effect in Carbon Nanotube Field-Effect Transistors","D. Liu; W. Huang; Q. Ren; M. Zhang","School of Electronic and Computer Engineering, Peking University, Shenzhen, China; School of Electronic and Computer Engineering, Peking University, Shenzhen, China; School of Electronic and Computer Engineering, Peking University, Shenzhen, China; School of Electronic and Computer Engineering, Peking University, Shenzhen, China",2021 IEEE 21st International Conference on Nanotechnology (NANO),"26 Aug 2021","2021","","","478","481","A photoinduced electrostatic doping effect based on bottom-gate carbon nanotube field-effect transistors (CNT-FETs) with poly (urea-urethane) as dielectric is reported for the first time. The transistors exhibit significant changes in their transfer characteristics as a result of low-intensity visible light illumination (~6.2 m W cm−2), mainly including the increase in the order of magnitude of the on-current and a shift in threshold voltage. The photoinduced phenomenon can be explained by a photoinduced electron trapping model, in which the photogenerated electrons in the Si-gate are trapped by the polymer dielectric layer at a negative gate voltage and induces more hole carriers in the semiconducting carbon nanotubes (S-CNTs) channel.","1944-9380","978-1-6654-4156-8","10.1109/NANO51122.2021.9514302","","https://ieeexplore.ieee.org/stamp/stamp.jsp?arnumber=9514302","","Semiconductor device modeling;Semiconductor materials;Lighting;Doping;Threshold voltage;Semiconductor process modeling;Dielectrics","","","","23","IEEE","26 Aug 2021","28-30 July 2021","28-30 July 2021","IEEE","IEEE Conferences"
